Organization,City,Country,Category,Type,lat,lon
Atawhai Interactive,Dunedin,New Zealand,Developer,Developer,-45.87416,170.50361
Balancing Monkey Games,Dunedin,New Zealand,Developer,Developer,-45.8404,170.4507
CODE,Dunedin,New Zealand,Incubator/Accelerator,Other,-45.9446,170.5125
Deep Field Games,Dunedin,New Zealand,Developer,Developer,-45.8054,170.5793
Hyporeal Games,Dunedin,New Zealand,Developer,Developer,-45.8916,170.3622
Lesser Key Studios,Dunedin,New Zealand,Developer,Developer,-45.9342,170.6391
Mune Studio,Dunedin,New Zealand,Developer,Developer,-45.7559,170.4579
RocketWerkz,Dunedin,New Zealand,Developer,Developer,-45.9916,170.416
Runawayplay,Dunedin,New Zealand,Developer,Developer,-45.8256,170.6944
Shaun Hammond Business Solutions Limited,Dunedin,New Zealand,Microstudio,Developer,-45.8169,170.3045
Catobyte,Frankton,New Zealand,Developer,Developer,-45.02125,168.73361
Black Salt Games,Christchurch,New Zealand,Developer,Developer,-43.53333,172.63333
CerebralFix,Christchurch,New Zealand,Developer,Developer,-43.4996,172.5825
Cloudfire Studios,Christchurch,New Zealand,Developer,Developer,-43.6038,172.6419
Crayonix Games,Christchurch,New Zealand,Developer,Developer,-43.4646,172.706
Digital Confectioners,Christchurch,New Zealand,Developer,Developer,-43.5507,172.4975
Fnife Games,Christchurch,New Zealand,Developer,Developer,-43.5933,172.7635
Foony Limited,Christchurch,New Zealand,Online,Other,-43.4151,172.5895
It's Anecdotal,Christchurch,New Zealand,Developer,Developer,-43.6507,172.5492
KraiSoft Entertainment,Christchurch,New Zealand,Developer,Developer,-43.4848,172.8166
Whistling Wizard,Christchurch,New Zealand,Developer,Developer,-43.4761,172.4421
XR Games,Christchurch,New Zealand,Extended Reality (XR),XR (VR/AR),-43.6765,172.7258
DoricDream,Hobart,Australia,Developer,Developer,-42.87936,147.32941
Little Big Byte,Hobart,Australia,Developer,Developer,-42.8456,147.2791
Secret Lab,Hobart,Australia,Mobile,Mobile,-42.9498,147.3378
Two and a Half Studios,Hobart,Australia,Developer,Developer,-42.8106,147.4013
Gaugepunk Games,Blenheim,New Zealand,Extended Reality (XR),XR (VR/AR),-41.51603,173.9528
Smash Attack Studios,Launceston,Australia,Mobile,Mobile,-41.43876,147.13467
8i,Wellington,New Zealand,Extended Reality (XR),XR (VR/AR),-41.28664,174.77557
A44 Games (Kepler Interactive),Wellington,New Zealand,Developer,Developer,-41.2529,174.7265
Albedo Games,Wellington,New Zealand,Developer,Developer,-41.3571,174.7838
Camshaft Software,Wellington,New Zealand,Developer,Developer,-41.2179,174.8457
Dead Teapot,Wellington,New Zealand,Developer,Developer,-41.3041,174.6445
Dinosaur Polo Club,Wellington,New Zealand,Developer,Developer,-41.3466,174.9011
Dry Cactus Games,Wellington,New Zealand,Developer,Developer,-41.1684,174.7333
Eat Pant Games,Wellington,New Zealand,Developer,Developer,-41.404,174.6944
Indefatigable,Wellington,New Zealand,Developer,Developer,-41.2381,174.9524
Liquid Static Studios,Wellington,New Zealand,Developer,Developer,-41.2294,174.591
Little Lost Fox,Wellington,New Zealand,Mobile,Mobile,-41.4298,174.8648
Pikpok,Wellington,New Zealand,Developer,Developer,-41.1284,174.8416
RiffRaff Games,Wellington,New Zealand,Developer,Developer,-41.3735,174.5761
Sidhe Interactive,Wellington,New Zealand,Developer,Developer,-41.3253,175.0099
Stormcloak Games,Wellington,New Zealand,Developer,Developer,-41.1336,174.6324
Thomas K. Young,Wellington,New Zealand,Developer,Developer,-41.4787,174.7425
Unclear Games,Central Wellington,New Zealand,Developer,Developer,-41.1578,174.9791
WETA Gameshop,Miramar,New Zealand,Extended Reality (XR),XR (VR/AR),-41.2781,174.5014
Weta Digital,Wellington,New Zealand,Developer,Developer,-41.4363,174.9757
Dry Cactus,Paekakariki,New Zealand,Extended Reality (XR),XR (VR/AR),-40.98544,174.95449
Drop Bear Bytes,Torquay,Australia,Developer,Developer,-38.33085,144.32638
Mascoteers,South Yarra,Australia,Mobile,Mobile,-37.83834,144.99149
Firemonkeys (Electronic Arts),Richmond,Australia,Mobile,Mobile,-37.81819,145.00176
100 Stones Interactive,Melbourne,Australia,Developer,Developer,-37.814,144.96332
2pt Interactive,Melbourne,Australia,Developer,Developer,-37.7802,144.9167
3 Sprockets,Melbourne,Australia,Mobile,Mobile,-37.8844,144.9711
Art of Play,Melbourne,Australia,Developer,Developer,-37.7453,145.03
Barrel Smash Studios,Melbourne,Australia,Developer,Developer,-37.8314,144.8387
Bee Braun,Melbourne,Australia,Microstudio,Developer,-37.874,145.0827
Beethoven & Dinosaur,Melbourne,Australia,Developer,Developer,-37.6957,144.9231
Big Ant Studios (NACON),Melbourne,Australia,Developer,Developer,-37.9314,144.8861
Bin Chicken Studios,Melbourne,Australia,Mobile,Mobile,-37.7655,145.1315
Bone Assembly,Melbourne,Australia,Developer,Developer,-37.7568,144.7878
Bun Muen,Melbourne,Australia,Developer,Developer,-37.9572,145.0481
Catch Weight Studios,Melbourne,Australia,Developer,Developer,-37.6558,145.0261
Con Artist Games,Melbourne,Australia,Developer,Developer,-37.9008,144.7736
Convict Games,Melbourne,Australia,Developer,Developer,-37.8527,145.1862
Dave Lloyd,Melbourne,Australia,Developer,Developer,-37.661,144.8271
Demruth,Melbourne,Australia,Developer,Developer,-38.006,144.9318
Digital Lode,Melbourne,Australia,Extended Reality (XR),XR (VR/AR),-37.6851,145.1569
DragonBear Studios,Melbourne,Australia,Developer,Developer,-37.8055,144.7026
Effort Star Games,Melbourne,Australia,Developer,Developer,-37.9636,145.1537
Espire,Melbourne,Australia,Extended Reality (XR),XR (VR/AR),-37.5963,144.9506
Fellow Traveller,Melbourne,Australia,Publisher,Publisher,-37.9857,144.782
Floor Chicken,Melbourne,Australia,Developer,Developer,-37.7834,145.2508
GOATi Entertainment,Melbourne,Australia,Developer,Developer,-37.6801,144.7196
Gameclaw Studio,Melbourne,Australia,Microstudio,Developer,-38.0479,145.0299
Ghost Pattern,Melbourne,Australia,Developer,Developer,-37.6015,145.1175
Ghoulish,Melbourne,Australia,Developer,Developer,-37.89,144.6618
Glinda Games,Melbourne,Australia,Developer,Developer,-37.9209,145.2563
Grace Bruxner,Melbourne,Australia,Developer,Developer,-37.5743,144.8364
Grease Monkey Games,Melbourne,Australia,Developer,Developer,-38.063,144.85
Grinning Pickle,Melbourne,Australia,Developer,Developer,-37.6887,145.265
Henry's House,Melbourne,Australia,Microstudio,Developer,-37.7442,144.6281
Hipster Whale,Melbourne,Australia,Mobile,Mobile,-38.0482,145.1539
House House,Melbourne,Australia,Developer,Developer,-37.5352,145.024
IGDA Australia - Melbourne,Melbourne,Australia,Organization,Other,-37.9899,144.6759
Impromptu Games,Melbourne,Australia,Developer,Developer,-37.8381,145.3311
Infinity Plus Two,Melbourne,Australia,Developer,Developer,-37.5969,144.7091
Intarsia Interactive,Melbourne,Australia,Developer,Developer,-38.114,144.9652
Ironworks Games,Melbourne,Australia,Developer,Developer,-37.5887,145.222
League of Geeks,Melbourne,Australia,Developer,Developer,-37.8424,144.5748
Little Pink Clouds,Melbourne,Australia,Developer,Developer,-38.0028,145.2782
Loveshack,Melbourne,Australia,Developer,Developer,-37.5029,144.8917
Lucernal,Melbourne,Australia,Developer,Developer,-38.085,144.7475
MASS,Melbourne,Australia,Incubator/Accelerator,Other,-37.7284,145.3589
Massive Monster,Melbourne,Australia,Developer,Developer,-37.6643,144.5941
Mental Jam,Melbourne,Australia,Developer,Developer,-38.125,145.1093
Midnighters,Melbourne,Australia,Publisher,Publisher,-37.5033,145.1234
Mighty Games,Melbourne,Australia,Developer,Developer,-37.9592,144.5754
Missing Mountain,Melbourne,Australia,Developer,Developer,-37.915,145.378
Modern Storyteller,Melbourne,Australia,Developer,Developer,-37.5151,144.7416
Normal Wholesome Games,Melbourne,Australia,Developer,Developer,-38.1562,144.8703
Not Dead Designer,Melbourne,Australia,Developer,Developer,-37.6093,145.3282
Onerat Games,Melbourne,Australia,Developer,Developer,-37.7698,144.5148
Opaque Media Group,Melbourne,Australia,Extended Reality (XR),XR (VR/AR),-38.0886,145.2591
Panda Arcade,Melbourne,Australia,Mobile,Mobile,-37.4502,144.9801
Paper House,Melbourne,Australia,Developer,Developer,-38.0757,144.6369
Parasol Corp,Melbourne,Australia,Developer,Developer,-37.7951,145.4321
Playside Studios,Melbourne,Australia,Developer,Developer,-37.5757,144.5982
Powerhoof,Melbourne,Australia,Developer,Developer,-38.1879,145.0293
Prey Tell Stories,Melbourne,Australia,Developer,Developer,-37.5004,145.2367
Revolutionary Concepts,Melbourne,Australia,Mobile,Mobile,-37.9001,144.4896
Robot Circus,Melbourne,Australia,Developer,Developer,-38.0049,145.3899
SMG Studio,Melbourne,Australia,Developer,Developer,-37.4425,144.8108
Samurai Punk,Melbourne,Australia,Developer,Developer,-38.1722,144.7565
Seabank Digital Productions,Melbourne,Australia,Developer,Developer,-37.659,145.4258
Searching Interactive,Melbourne,Australia,Developer,Developer,-37.6805,144.486
Sledgehammer Games (Activision),Melbourne,Australia,Developer,Developer,-38.1699,145.2029
Sorath Dev,Melbourne,Australia,Microstudio,Developer,-37.4207,145.092
Split Atom Labs,Melbourne,Australia,Mobile,Mobile,-38.037,144.5289
Studio Drydock,Melbourne,Australia,Developer,Developer,-37.8819,145.4781
Studio Folly,Melbourne,Australia,Developer,Developer,-37.4869,144.6394
Stutter Fox Studios,Melbourne,Australia,Developer,Developer,-38.2311,144.9222
Summerfall Studios,Melbourne,Australia,Developer,Developer,-37.5264,145.353
Super Spin Digital,Melbourne,Australia,Developer,Developer,-37.8181,144.4263
Tantalus,Melbourne,Australia,Developer,Developer,-38.0995,145.3656
The Voxel Agents,Melbourne,Australia,Developer,Developer,-37.3859,144.9104
Three Phase Interactive,Melbourne,Australia,Developer,Developer,-38.1602,144.6341
Tin Man Games,Melbourne,Australia,Mobile,Mobile,-37.7339,145.5057
Toot Games,Melbourne,Australia,Developer,Developer,-37.5821,144.4918
Toybox Games Studio,Melbourne,Australia,Developer,Developer,-38.2393,145.1137
True Axis,Melbourne,Australia,Mobile,Mobile,-37.4176,145.2177
VicScreen,Melbourne,Australia,Organization,Other,-37.9715,144.4335
Wicked Witch Software,Melbourne,Australia,Developer,Developer,-37.9816,145.4919
Wombat Brawler,Melbourne,Australia,Developer,Developer,-37.4058,144.7154
XRHealth,Melbourne,Australia,Health,Other,-38.25,144.7961
Yak & Co,Melbourne,Australia,Developer,Developer,-37.5804,145.4623
aFewBitsShort,Melbourne,Australia,Microstudio,Developer,-37.7194,144.3922
iCandy Interactive,Melbourne,Australia,Developer,Developer,-38.1907,145.3056
Liminal VR,Abbotsford,Australia,Health,Other,-37.8,145.0
Zero Latency VR,Abbotsford,Australia,Extended Reality (XR),XR (VR/AR),-37.7662,144.9533
Infinite Interactive,Essendon,Australia,Developer,Developer,-37.74981,144.9109
Mirari + Co Games,Epping,Australia,Developer,Developer,-37.65,145.03333
Alderon Games,Bakery Hill,Australia,Developer,Developer,-37.5622,143.8656
Bandai Namco Entertainment NZ,Auckland,New Zealand,Publisher,Publisher,-36.84853,174.76349
Ben Pram,Auckland,New Zealand,Social,Other,-36.8148,174.7174
Blind Squirrel Games,Auckland,New Zealand,Developer,Developer,-36.919,174.7712
Chris Cullen,Auckland,New Zealand,Developer,Developer,-36.7798,174.8293
Code Force,Auckland,New Zealand,Developer,Developer,-36.8659,174.6404
DOTDOT,Auckland,New Zealand,Developer,Developer,-36.9085,174.8814
Flightless,Auckland,New Zealand,Developer,Developer,-36.7303,174.7238
Grinding Gear Games,Auckland,New Zealand,Online,Other,-36.9659,174.6873
Hellforge Studios,Auckland,New Zealand,Developer,Developer,-36.8,174.9295
Kiwi Brothers Studio,Auckland,New Zealand,Developer,Developer,-36.7913,174.5902
Lighstromo Studios,Auckland,New Zealand,Microstudio,Developer,-36.9917,174.8472
Liquid Static Studios,Auckland,New Zealand,Developer,Developer,-36.6903,174.8255
Maple Whispering,Auckland,New Zealand,Publisher,Publisher,-36.9354,174.5762
Mecha Weka,Auckland,New Zealand,Developer,Developer,-36.8872,174.9835
Mental Drink Games,Auckland,New Zealand,Developer,Developer,-36.6955,174.629
Metia Interactive,Auckland,New Zealand,Developer,Developer,-37.0406,174.7324
Michael Brough,Auckland,New Zealand,Microstudio,Developer,-36.7196,174.9546
Mighty Eyes,Auckland,New Zealand,Extended Reality (XR),XR (VR/AR),-36.84,174.5061
Mytona,Auckland,New Zealand,Mobile,Mobile,-36.9982,174.9514
New Zealand Game Developers Association (NZGDA),Auckland,New Zealand,Organization,Other,-36.6308,174.7509
Ninja Kiwi,Auckland,New Zealand,Developer and Publisher,Publisher,-37.0202,174.5845
Outerdawn,Auckland,New Zealand,Developer,Developer,-36.818,175.0473
PLECTRUM XR,Auckland,New Zealand,Extended Reality (XR),XR (VR/AR),-36.7146,174.5229
Rainbite,Auckland,New Zealand,Developer,Developer,-37.0825,174.8293
Rare Parrot Games,Auckland,New Zealand,Developer,Developer,-36.636,174.9157
Rocket Jump Games,Auckland,New Zealand,Developer,Developer,-36.9245,174.4659
Scarlet City Studios,Auckland,New Zealand,Developer,Developer,-36.9555,175.0527
Snickerdoodle Games,Auckland,New Zealand,Developer,Developer,-36.6089,174.6381
Soul Machines,Auckland,New Zealand,Developer,Developer,-37.0975,174.6516
Space Rock Games,Auckland,New Zealand,Developer,Developer,-36.7233,175.0613
inGame,Auckland,New Zealand,Serious Games,Other,-36.7787,174.4326
Micropsia Games,Talca,Chile,Developer,Developer,-35.4232,-71.64974
Colestia,Canberra,Australia,Microstudio,Developer,-35.28346,149.12807
Gameplus,Canberra,Australia,Incubator/Accelerator,Other,-35.2497,149.0829
Lightning Rock,Canberra,Australia,Mobile,Mobile,-35.3539,149.1356
Panther Games,Canberra,Australia,Developer,Developer,-35.2147,149.1926
Space Dragon Games,Canberra,Australia,Developer,Developer,-35.3009,149.0074
Uppercut Games,Canberra,Australia,Developer and Publisher,Publisher,-35.3435,149.2436
Katana AI,Hallett Cove,Australia,Serious Games,Other,-35.07923,138.5146
Pincer Games,Punta del Este,Uruguay,Developer,Developer,-34.94747,-54.93382
Bad Plan Studios,Adelaide,Australia,Microstudio,Developer,-34.92866,138.59863
Catalyst Launch Pad,Adelaide,Australia,Incubator/Accelerator,Other,-34.8949,138.5537
Dale Turner,Adelaide,Australia,Developer,Developer,-34.9991,138.6062
Exbleative,Adelaide,Australia,Developer,Developer,-34.8599,138.6629
Foxie Ventures,Adelaide,Australia,Mobile,Mobile,-34.9461,138.4785
Gameplus,Adelaide,Australia,Incubator/Accelerator,Other,-34.9887,138.7137
GigXR,Adelaide,Australia,Serious Games,Other,-34.8104,138.5598
Mighty Kingdom,Adelaide,Australia,Developer,Developer,-35.0461,138.5243
ODD Games,Adelaide,Australia,Developer,Developer,-34.8801,138.7607
Paper Cactus Games,Adelaide,Australia,Developer,Developer,-34.8714,138.4295
Pixel Drip Games,Adelaide,Australia,Developer,Developer,-35.0719,138.6804
Pond Games,Adelaide,Australia,Developer,Developer,-34.7704,138.6592
Shark Jump,Adelaide,Australia,Developer,Developer,-35.0155,138.4158
Team Cherry,Adelaide,Australia,Developer,Developer,-34.9674,138.8134
Team Fractal Alligator,Adelaide,Australia,Developer,Developer,-34.7756,138.4674
Top Chop Games,Adelaide,Australia,Mobile,Mobile,-35.1207,138.5683
We Have Always Lived in the Forest,Adelaide,Australia,Developer,Developer,-34.7998,138.7852
Matías Schmied,La Plata,Argentina,Developer,Developer,-34.92126,-57.95442
Team Güazú,La Plata,Argentina,Developer,Developer,-34.8875,-57.9994
Aender Lara,Montevideo,Uruguay,Microstudio,Developer,-34.90328,-56.18816
Batovi Games Studio,Montevideo,Uruguay,Developer,Developer,-34.8695,-56.2331
Camara Uruguay de Desarrolladores De Videojuegos,Montevideo,Uruguay,Organization,Other,-34.9737,-56.1806
Etermax,Montevideo,Uruguay,Mobile,Mobile,-34.8346,-56.1239
Ironhide Game Studio,Montevideo,Uruguay,Mobile,Mobile,-34.9207,-56.3082
Isoca Games,Montevideo,Uruguay,Microstudio,Developer,-34.9633,-56.0731
Jam CIty,Montevideo,Uruguay,Mobile,Mobile,-34.785,-56.2269
KYNTH,Montevideo,Uruguay,Developer,Developer,-35.0207,-56.2625
KefSensei Studios,Montevideo,Uruguay,Developer,Developer,-34.8548,-56.0262
Pomelo Games,Montevideo,Uruguay,Mobile,Mobile,-34.846,-56.3572
Rubber Duck Games,Montevideo,Uruguay,Developer,Developer,-35.0465,-56.1064
Sarnayer,Montevideo,Uruguay,Developer,Developer,-34.745,-56.1276
Treeview Studio,Montevideo,Uruguay,Serious Games,Other,-34.9901,-56.3709
Uruguayan Chamber of Video Game Developers (CAVI),Montevideo,Uruguay,Organization,Other,-34.942,-55.9735
Gameolic,Maldonado,Uruguay,Developer,Developer,-34.89791,-54.95021
ALLWARE,Buenos Aires,Argentina,Extended Reality (XR),XR (VR/AR),-34.61315,-58.37723
Agonalea Games,Buenos Aires,Argentina,Developer,Developer,-34.5794,-58.422
Asociacion de Desarrolladores de Videojuegos Argentinos (ADVA),Buenos Aires,Argentina,Organization,Other,-34.6836,-58.3697
Blyts,Buenos Aires,Argentina,Developer,Developer,-34.5444,-58.3132
Cosmic Brew Studios,Buenos Aires,Argentina,Developer,Developer,-34.6306,-58.4969
Eggscape Entertainment,Buenos Aires,Argentina,Extended Reality (XR),XR (VR/AR),-34.6732,-58.2626
Etermax,Buenos Aires,Argentina,Mobile,Mobile,-34.4949,-58.4159
Fanny Pack Studios,Buenos Aires,Argentina,Developer,Developer,-34.7305,-58.4513
Flatline Studios,Buenos Aires,Argentina,Developer,Developer,-34.5646,-58.2158
Game Ever Studio,Buenos Aires,Argentina,Developer,Developer,-34.5559,-58.5457
Gameloft,Buenos Aires,Argentina,Mobile,Mobile,-34.7564,-58.2958
IGDA Argentina,Buenos Aires,Argentina,Organization,Other,-34.4549,-58.3169
Image Campus IC-Cube,Buenos Aires,Argentina,Incubator/Accelerator,Other,-34.7,-58.5593
Indiesruption,Buenos Aires,Argentina,Developer,Developer,-34.6519,-58.1633
Jam City,Buenos Aires,Argentina,Mobile,Mobile,-34.4601,-58.508
Jungle Robots,Buenos Aires,Argentina,Publisher,Publisher,-34.8052,-58.4075
Jupitron,Buenos Aires,Argentina,Developer,Developer,-34.4843,-58.1914
LCB Game Studio,Buenos Aires,Argentina,Developer,Developer,-34.6046,-58.6275
LemonChili Games,Buenos Aires,Argentina,Mobile,Mobile,-34.7628,-58.1945
Matajuegos,Buenos Aires,Argentina,Developer,Developer,-34.3954,-58.3895
Mi Primer Videojuego Profesional,Buenos Aires,Argentina,Incubator/Accelerator,Other,-34.7848,-58.5513
Moonsaurus Games,Buenos Aires,Argentina,Developer,Developer,-34.5826,-58.1013
Nimble Giant Entertainment,Buenos Aires,Argentina,Developer,Developer,-34.4792,-58.6111
Papumba,Buenos Aires,Argentina,Mobile,Mobile,-34.8471,-58.3133
Purple Tree,Buenos Aires,Argentina,Developer,Developer,-34.4006,-58.2293
Saibot Studios,Buenos Aires,Argentina,Developer,Developer,-34.6891,-58.6666
Sandstorm Interactive,Buenos Aires,Argentina,Mobile,Mobile,-34.7201,-58.096
Trick Gaming Studios,Buenos Aires,Argentina,Developer,Developer,-34.3735,-58.4991
Whiteboard Games,Buenos Aires,Argentina,Developer,Developer,-34.8621,-58.486
Wildlife Studios,Buenos Aires,Argentina,Mobile,Mobile,-34.4879,-58.0876
Dreams of Heaven Games,Quinta de Tilcoco,Chile,Developer,Developer,-34.3555,-70.96527
Dragon Dropper,Nueva Helvecia,Uruguay,Microstudio,Developer,-34.3,-57.23333
Broken Arms Games,Miranda,Australia,Mobile,Mobile,-34.03857,151.10005
Arludo Games,Botany,Australia,Serious Games,Other,-33.94599,151.19591
Sozo Labs,Stellenbosch,South Africa,Developer,Developer,-33.93462,18.86676
Carry1st,Cape Town,South Africa,Developer and Publisher,Publisher,-33.92584,18.42322
Clockwork Acorn,Cape Town,South Africa,Developer,Developer,-33.8921,18.3788
CrazyLabs (Embracer Group),Cape Town,South Africa,Mobile,Mobile,-33.9963,18.4307
Disputed People Games,Cape Town,South Africa,Developer,Developer,-33.8571,18.4867
Free Lives,Cape Town,South Africa,Developer,Developer,-33.9433,18.3045
Interactive Entertainment Industry in South Africa (IESA),Cape Town,South Africa,Organization,Other,-33.9858,18.5369
Nifty Llama Games,Cape Town,South Africa,Developer,Developer,-33.8076,18.3849
Pressure Cooker Studios,Cape Town,South Africa,Developer,Developer,-34.0432,18.3497
QCF Design,Cape Town,South Africa,Developer,Developer,-33.8773,18.5833
Sea Monster,Cape Town,South Africa,Developer,Developer,-33.8686,18.2561
Sea Monster Entertainment,Cape Town,South Africa,Serious Games,Other,-34.069,18.504
Spectrum One Crew,Cape Town,South Africa,Online,Other,-33.7676,18.483
Team Lazerbeam,Cape Town,South Africa,Mobile,Mobile,-34.0127,18.2426
The Brotherhood,Cape Town,South Africa,Developer,Developer,-33.9645,18.6354
Unsigned Double Collective,Cape Town,South Africa,Developer,Developer,-33.7728,18.2935
Yellow Lab Games (Reforged Studios),Cape Town,South Africa,Developer,Developer,-34.1179,18.3932
Interactive Games & Entertainment Association (IGEA),Eveleigh,Australia,Organization,Other,-33.89559,151.19235
Chaos Theory,Chippendale,Australia,Developer,Developer,-33.88673,151.19745
Blue Manchu,Surry Hills,Australia,Mobile,Mobile,-33.88374,151.21282
Noble Steed Games,Surry Hills,Australia,Developer,Developer,-33.85,151.1684
SMG Studio,Ultimo,Australia,Developer,Developer,-33.87722,151.1972
Video Games Deluxe (Rockstar Australia),Pyrmont,Australia,Online,Other,-33.86985,151.19402
Activision Sydney,Sydney,Australia,Developer and Publisher,Publisher,-33.86785,151.20732
Alta,Sydney,Australia,Extended Reality (XR),XR (VR/AR),-33.8341,151.1629
Bandai Namco Entertainment Australia,Sydney,Australia,Publisher,Publisher,-33.9383,151.2148
Blizzard Entertainment,Sydney,Australia,Developer,Developer,-33.7991,151.2708
Bubble Gum Interactive,Sydney,Australia,Mobile,Mobile,-33.8853,151.0887
Bulbware,Sydney,Australia,Microstudio,Developer,-33.9279,151.3209
DPS Games (Wargaming),Sydney,Australia,Online,Other,-33.7496,151.169
Daniel Linssen,Sydney,Australia,Microstudio,Developer,-33.9852,151.1339
Digs,Sydney,Australia,Microstudio,Developer,-33.8193,151.3673
Electronic Arts,Sydney,Australia,Publisher,Publisher,-33.8106,151.0403
Epiphany Games,Sydney,Australia,Developer,Developer,-34.0111,151.288
Featherweight Games,Sydney,Australia,Mobile,Mobile,-33.7096,151.2671
Flux,Sydney,Australia,Developer,Developer,-33.9547,151.0268
Gameloft,Sydney,Australia,Mobile,Mobile,-33.9066,151.4194
Gameplus,Sydney,Australia,Incubator/Accelerator,Other,-33.7148,151.0777
Hojo Studio,Sydney,Australia,Mobile,Mobile,-34.0599,151.1773
IGDA Australia - Sydney,Sydney,Australia,Organization,Other,-33.739,151.3915
Lemonade Games,Sydney,Australia,Developer,Developer,-33.8593,150.9592
Mark R. Johnson Games,Sydney,Australia,Microstudio,Developer,-34.0175,151.3884
Mode Games,Sydney,Australia,Developer,Developer,-33.6501,151.1952
Monte Boyd,Sydney,Australia,Microstudio,Developer,-34.0395,151.0348
Nnooo,Sydney,Australia,Developer,Developer,-33.8373,151.4808
One Up Plus Entertainment,Sydney,Australia,Developer,Developer,-33.7339,150.9755
QLoud Games,Sydney,Australia,Developer,Developer,-34.1018,151.2707
Riot Games,Sydney,Australia,Online,Other,-33.6553,151.354
Rockstar Australia,Sydney,Australia,Developer,Developer,-33.9438,150.9205
Rotub Games,Sydney,Australia,Developer,Developer,-33.9748,151.4861
Sega Australia,Sydney,Australia,Publisher,Publisher,-33.6282,151.0865
Stick Sports,Sydney,Australia,Mobile,Mobile,-34.1168,151.0995
Subversive Games,Sydney,Australia,Developer,Developer,-33.7426,151.4944
Sweaty Chair Studio,Sydney,Australia,Developer,Developer,-33.798,150.8884
Tempo Lab Games,Sydney,Australia,Developer and Publisher,Publisher,-34.102,151.3887
WeForge Studio,Sydney,Australia,Developer,Developer,-33.5891,151.265
Blowfish Studios,North Sydney,Australia,Developer and Publisher,Publisher,-33.839,151.2072
Sweaty Chair,Parramatta,Australia,Mobile,Mobile,-33.8178,151.00348
See More Games,Lane Cove North,Australia,Microstudio,Developer,-33.80543,151.16638
Aristocrat Leisure Limited,North Ryde,Australia,Developer,Developer,-33.79677,151.12436
Aristocrat Leisure Limited,Brookvale,Australia,Developer,Developer,-33.76108,151.27446
Take 2 Interactive Australia,Hornsby,Australia,Publisher,Publisher,-33.70244,151.09931
Noisy Nit Games,Umina Beach,Australia,Mobile,Mobile,-33.52314,151.31325
ACE Team,Santiago,Chile,Developer,Developer,-33.45694,-70.64827
Drakkar Game Studio,Santiago,Chile,Developer,Developer,-33.4232,-70.6925
Gameloft,Santiago,Chile,Mobile,Mobile,-33.5274,-70.6409
IGDA Chile,Santiago,Chile,Organization,Other,-33.3882,-70.5851
IguanaBee,Santiago,Chile,Mobile,Mobile,-33.4744,-70.7663
Kemono Games,Santiago,Chile,Developer,Developer,-33.5169,-70.5352
Klonoz,Santiago,Chile,Organization,Other,-33.3387,-70.6864
Micromoon Bugs,Santiago,Chile,Developer,Developer,-33.5743,-70.7214
Octeto Studios,Santiago,Chile,Developer,Developer,-33.4084,-70.489
Playmestudio,Santiago,Chile,Developer,Developer,-33.3997,-70.8145
Smarto Club,Santiago,Chile,Developer,Developer,-33.6001,-70.5679
Spoonman Games,Santiago,Chile,Organization,Other,-33.2987,-70.5888
Sudaka Games,Santiago,Chile,Developer,Developer,-33.5438,-70.8279
Tinybytes Games,Santiago,Chile,Mobile,Mobile,-33.4956,-70.4372
Video Games Chile Videojuegos,Santiago,Chile,Organization,Other,-33.3039,-70.7772
AOne Games,Providencia,Chile,Developer,Developer,-33.43107,-70.60454
Abstract Digital,Quilpue,Chile,Developer,Developer,-33.04752,-71.44249
Dual Effect,Quilpue,Chile,Developer,Developer,-33.0137,-71.4865
Jungle Robots,Valparaiso,Chile,Publisher,Publisher,-33.036,-71.62963
Niebla Games,Valparaiso,Chile,Developer,Developer,-33.0022,-71.6736
RAM CANDY,Limache,Chile,Developer,Developer,-33.01327,-71.26084
Raincup Games,Concon,Chile,Developer,Developer,-32.92203,-71.51619
Etermax,Mendoza,Argentina,Mobile,Mobile,-32.88946,-68.84582
MicroProse,Taylors Beach,Australia,Publisher,Publisher,-32.749,152.06
Altitude Games,Perth,Australia,Mobile,Mobile,-31.95224,115.8614
Games by Malcs,Perth,Australia,Microstudio,Developer,-31.9185,115.8179
Haven Software,Perth,Australia,Developer,Developer,-32.0227,115.8687
UNIKAT Label,Perth,Australia,Publisher,Publisher,-31.8835,115.9235
Unikat,Perth,Australia,Publisher,Publisher,-31.9697,115.7453
WeatherFell,Perth,Australia,Developer,Developer,-32.0122,115.9726
Black Lab Games,Leederville,Australia,Developer,Developer,-31.93628,115.8419
Tinyware Games,City Beach,Australia,Developer,Developer,-31.9344,115.76174
Moss Wolf Games,Tuart Hill,Australia,Microstudio,Developer,-31.89808,115.83495
Izyplay Game Studio,Pelotas,Brazil,Developer,Developer,-31.76997,-52.34101
Ghost Creative Studio,Parana,Argentina,Developer,Developer,-31.73271,-60.52897
MeNic Games,Cordoba,Argentina,Developer,Developer,-31.40648,-64.18853
Pizia Studios,Cordoba,Argentina,Developer,Developer,-31.3727,-64.2317
ROBI Studios,Cordoba,Argentina,Developer,Developer,-31.4769,-64.1813
Ravegan,Cordoba,Argentina,Developer,Developer,-31.3378,-64.1268
SISMO Games,Rafaela,Argentina,Developer,Developer,-31.25285,-61.49078
HopFrog,Sunchales,Argentina,Developer,Developer,-30.94478,-61.5597
Minimega,Raleigh,Australia,Mobile,Mobile,-30.43957,152.97115
Aquiris Game Studio,Porto Alegre,Brazil,Developer,Developer,-30.03283,-51.23019
Druzina Content,Porto Alegre,Brazil,Developer,Developer,-29.9991,-51.2728
Hermit Crab,Porto Alegre,Brazil,Mobile,Mobile,-30.1033,-51.223
Mateusk2m,Porto Alegre,Brazil,Microstudio,Developer,-29.9641,-51.1693
MiniGoof Studio,Porto Alegre,Brazil,Developer,Developer,-30.0502,-51.3439
Minimol Games,Porto Alegre,Brazil,Developer,Developer,-30.0928,-51.1212
Rockhead Games,Porto Alegre,Brazil,Developer,Developer,-29.9146,-51.2669
Rogue Moon Studio,Durban,South Africa,Developer,Developer,-29.8579,31.0292
IMGNATION Studios,Santa Maria,Brazil,Extended Reality (XR),XR (VR/AR),-29.68417,-53.80694
Omnivorian,Ballito,South Africa,Microstudio,Developer,-29.539,31.214
Devcats,Caxias do Sul,Brazil,Developer,Developer,-29.16806,-51.17944
Coffee Addict Studio,Ararangua,Brazil,Developer,Developer,-28.93575,-49.49538
ORIGAME DIGITAL,Lismore,Australia,Developer,Developer,-28.81354,153.2773
Pixel Heart Studio,Gold Coast,Australia,Developer,Developer,-28.00029,153.43088
The Binary Mill,Gold Coast,Australia,Mobile,Mobile,-27.9665,153.3891
N3V Games,Helensvale,Australia,Developer,Developer,-27.91828,153.33275
9heads Game Studios,Palhoca,Brazil,Developer,Developer,-27.64528,-48.66778
Cafundo Creative Studio,Florianopolis,Brazil,Developer,Developer,-27.59667,-48.54917
Cyber Rhino Studios,Florianópolis,Brazil,Developer,Developer,-27.5629,-48.5908
Flipstar Studios,Florianopolis,Brazil,Developer,Developer,-27.6671,-48.5422
Hoplon,Florianopolis,Brazil,Online,Other,-27.5279,-48.4897
Maqna Interactive,Florianopolis,Brazil,Developer,Developer,-27.6141,-48.6603
Plot Kids,Florianopolis,Brazil,Developer,Developer,-27.6567,-48.4427
SkyFox Games,Florianopolis,Brazil,Developer,Developer,-27.4784,-48.585
5 Lives Studios,Brisbane,Australia,Developer,Developer,-27.46794,153.02809
Abandoned Sheep,Brisbane,Australia,Developer,Developer,-27.4342,152.9865
BeamTeam Games,Brisbane,Australia,Developer,Developer,-27.5384,153.0351
Broadside Games,Brisbane,Australia,Developer,Developer,-27.3992,153.0875
Defiant Development,Brisbane,Australia,Developer,Developer,-27.4854,152.9171
Earthwork Games,Brisbane,Australia,Developer,Developer,-27.5279,153.1344
Eyecon,Brisbane,Australia,Developer,Developer,-27.3497,152.9923
Flow Studio,Brisbane,Australia,Developer,Developer,-27.5853,152.9594
Gameloft,Brisbane,Australia,Mobile,Mobile,-27.4194,153.1778
Greenheart Games,Brisbane,Australia,Developer,Developer,-27.4107,152.8718
James Swiney,Brisbane,Australia,Microstudio,Developer,-27.6111,153.1036
Krome Studios,Brisbane,Australia,Developer,Developer,-27.3097,153.084
Midnighters,Brisbane,Australia,Publisher,Publisher,-27.5548,152.8592
Prideful Sloth,Brisbane,Australia,Developer,Developer,-27.5066,153.2265
Protostar,Brisbane,Australia,Developer,Developer,-27.3149,152.9068
Red Sprite Studios,Brisbane,Australia,Developer,Developer,-27.66,153.0
Sbug Games,Brisbane,Australia,Developer,Developer,-27.3391,153.2005
Screwtape Studios,Brisbane,Australia,Developer,Developer,-27.4594,152.7959
Sidebar Games,Brisbane,Australia,Developer,Developer,-27.6176,153.1976
Spunge Games,Brisbane,Australia,Mobile,Mobile,-27.2502,153.0167
Starburnt Studios,Brisbane,Australia,Developer,Developer,-27.6396,152.8666
Story City,Brisbane,Australia,Mobile,Mobile,-27.4374,153.284
Tantalus,Brisbane,Australia,Developer,Developer,-27.334,152.8111
Team Shifty,Brisbane,Australia,Developer,Developer,-27.7019,153.0874
Team WIBY,Brisbane,Australia,Developer,Developer,-27.2554,153.1653
Toast Interactive,Brisbane,Australia,Developer and Publisher,Publisher,-27.5439,152.7597
Tower Storm,Brisbane,Australia,Developer,Developer,-27.5749,153.2889
Witch Beam,Brisbane,Australia,Developer,Developer,-27.2283,152.915
Wombat Brawler,Brisbane,Australia,Developer,Developer,-27.7169,152.9272
emergeWorlds,Brisbane,Australia,Extended Reality (XR),XR (VR/AR),-27.3427,153.2967
Real Serious Games,Fortitude Valley,Australia,Serious Games,Other,-27.45706,153.03178
Halfbrick Studios,Kelvin Grove,Australia,Mobile,Mobile,-27.44819,153.01337
Nukearts Studio,Joinville,Brazil,Developer,Developer,-26.30444,-48.84556
ZTR COMPANY,Joinville,Brazil,Developer,Developer,-26.2707,-48.8867
24 Bit Games (Annapurna Interactive),Johannesburg,South Africa,Developer,Developer,-26.20227,28.04363
Alkemaiz,Johannesburg,South Africa,Developer,Developer,-26.1685,28.0025
Animation SA,Johannesburg,South Africa,Incubator/Accelerator,Other,-26.2727,28.0505
Atrybute,Johannesburg,South Africa,Developer,Developer,-26.1335,28.1024
Design Imps,Johannesburg,South Africa,Mobile,Mobile,-26.2197,27.9339
Four Old Men,Johannesburg,South Africa,Microstudio,Developer,-26.2623,28.1488
Gameloft,Johannesburg,South Africa,Mobile,Mobile,-26.084,28.0082
Glitch Portal,Johannesburg,South Africa,Microstudio,Developer,-26.3197,27.9757
HyperForJ Games,Johannesburg,South Africa,Online,Other,-26.1538,28.1917
ITTHYNK,Ferndale,South Africa,Incubator/Accelerator,Other,-26.145,27.8891
Last Minute Digital,Johannesburg,South Africa,Microstudio,Developer,-26.3455,28.1183
Nyamakop,Johannesburg,South Africa,Developer,Developer,-26.044,28.0989
Nyanakop,Johannesburg,South Africa,Developer,Developer,-26.2891,27.8766
Pineapple on Pizza Studio,Johannesburg,South Africa,Developer,Developer,-26.241,28.2399
South Games Studio,Johannesburg,South Africa,Developer,Developer,-26.0492,27.9237
Spectrum One Crew,Johannesburg,South Africa,Online,Other,-26.3943,28.0159
Talent Digital Arts,Johannesburg,South Africa,Developer,Developer,-26.0734,28.2141
Third Eye Games,Johannesburg,South Africa,Developer,Developer,-26.1938,27.8141
Tshimologong Gaming Hub,Johannesburg,South Africa,Incubator/Accelerator,Other,-26.3519,28.2112
Two Name Games,Johannesburg,South Africa,Developer,Developer,-25.9846,28.0324
Vetkoek Studios,Johannesburg,South Africa,Developer,Developer,-26.374,27.884
Zainlitha Studios,Johannesburg,South Africa,Publisher,Publisher,-26.1717,28.2967
Space Salad Studios,Randburg,South Africa,Developer,Developer,-26.0941,28.00123
AB4IR,Pretoria,South Africa,Incubator/Accelerator,Other,-25.74486,28.18783
Tiny Baby Crown,Pretoria,South Africa,Microstudio,Developer,-25.7111,28.1469
JoyMasher,Curitiba,Brazil,Developer,Developer,-25.42778,-49.27306
Nana Moon,Curitiba,Brazil,Developer,Developer,-25.394,-49.3139
Sukafu Team,Curitiba,Brazil,Developer,Developer,-25.4982,-49.2662
Wingeon Game Studios,Curitiba,Brazil,Developer,Developer,-25.3591,-49.2147
IGDA Paraguay,Asuncion,Paraguay,Organization,Other,-25.28646,-57.647
Posibillian Tech,Asuncion,Paraguay,Online,Other,-25.2527,-57.6878
Roshka Studios,Asuncion,Paraguay,Mobile,Mobile,-25.3569,-57.6402
Warani Studios,Asuncion,Paraguay,Developer,Developer,-25.2177,-57.5887
Lunic Games,Santos,Brazil,Developer,Developer,-23.96083,-46.33361
Ingozi Game Studio,Polokwane,South Africa,Developer,Developer,-23.90449,29.46885
Studio Pixel Punk,Santo Andre,Brazil,Developer,Developer,-23.66389,-46.53833
Pulsatrix Studios,Bela Vista,Brazil,Developer,Developer,-23.56086,-46.64758
1M Bits Horde,Sao Paulo,Brazil,Developer,Developer,-23.5475,-46.63611
Among Giants,Sao Paulo,Brazil,Developer,Developer,-23.5137,-46.6763
Arvore,Sao Paulo,Brazil,Extended Reality (XR),XR (VR/AR),-23.6179,-46.6294
Aurecas,Sao Paulo,Brazil,Developer,Developer,-23.4788,-46.5786
Bandai Namco Entertainment Brazil,Sao Paulo,Brazil,Publisher,Publisher,-23.5649,-46.7435
Behemutt,Sao Paulo,Brazil,Developer,Developer,-23.6075,-46.5332
Big Green Pillow,Sao Paulo,Brazil,Developer,Developer,-23.4292,-46.6708
Cavylabs,Sao Paulo,Brazil,Developer,Developer,-23.6649,-46.7026
Coffeenauts,Sao Paulo,Brazil,Developer,Developer,-23.499,-46.4912
Combo Game Studio,Sao Paulo,Brazil,Mobile,Mobile,-23.4903,-46.7874
Cruel Byte,Sao Paulo,Brazil,Developer,Developer,-23.6907,-46.563
Electronic Arts Brazil,Sao Paulo,Brazil,Publisher,Publisher,-23.3893,-46.582
Eludica,Sao Paulo,Brazil,Developer,Developer,-23.6343,-46.7996
Etermax,Sao Paulo,Brazil,Mobile,Mobile,-23.5862,-46.444
Fanatee Games,Sao Paulo,Brazil,Mobile,Mobile,-23.3945,-46.7535
Fofuuu,Sao Paulo,Brazil,Developer,Developer,-23.7395,-46.6633
Fogo Games,Sao Paulo,Brazil,Developer,Developer,-23.4186,-46.4693
GameBlox Interactive,Sao Paulo,Brazil,Developer,Developer,-23.539,-46.8608
Gameloft,Sao Paulo,Brazil,Mobile,Mobile,-23.6971,-46.4721
GigXR,Sao Paulo,Brazil,Serious Games,Other,-23.3298,-46.6471
Gixer Entertainment,Sao Paulo,Brazil,Developer,Developer,-23.7192,-46.7924
IGDA Brazil - São Paulo,São Paulo,Brazil,Organization,Other,-23.5169,-46.3884
Insane Media,Sao Paulo,Brazil,Developer,Developer,-23.4136,-46.8461
Latam Video Games Federation,Sao Paulo,Brazil,Organization,Other,-23.7814,-46.5787
Lightmancer Studios,Sao Paulo,Brazil,Developer,Developer,-23.335,-46.5033
Little Leo Games,Sao Paulo,Brazil,Developer,Developer,-23.6235,-46.8959
MNSTR Studio,Sao Paulo,Brazil,Developer,Developer,-23.6544,-46.3836
Mad Mimic Interactive,Sao Paulo,Brazil,Developer,Developer,-23.3078,-46.7455
Manifesto Games,Sao Paulo,Brazil,Developer,Developer,-23.7965,-46.7338
Megajogos (United JOY),Sao Paulo,Brazil,Social,Other,-23.4222,-46.3761
Metacorp / Vaporware,Sao Paulo,Brazil,Microstudio,Developer,-23.4777,-46.925
Muriki Studio,Sao Paulo,Brazil,Developer,Developer,-23.7817,-46.4719
Orbit Studio,Sao Paulo,Brazil,Developer,Developer,-23.2687,-46.5839
PetitFabrik,Sao Paulo,Brazil,Developer,Developer,-23.7234,-46.8838
Pipa Studios,Sao Paulo,Brazil,Social,Other,-23.5716,-46.3192
Pocket Trap,Sao Paulo,Brazil,Developer,Developer,-23.3304,-46.8552
PushStart,Sao Paulo,Brazil,Developer,Developer,-23.8475,-46.6345
QUByte Interactive,Sao Paulo,Brazil,Developer,Developer,-23.3222,-46.4132
Red Cerberus,Sao Paulo,Brazil,Developer,Developer,-23.5759,-46.9709
Riot Games,Sao Paulo,Brazil,Online,Other,-23.7363,-46.3648
Sad Socket,Sao Paulo,Brazil,Developer,Developer,-23.2364,-46.6979
Soundgrass Studio,Sao Paulo,Brazil,Microstudio,Developer,-23.8185,-46.8221
Spcine,Sao Paulo,Brazil,Incubator/Accelerator,Other,-23.4619,-46.2952
Statera Studio,Sao Paulo,Brazil,Developer,Developer,-23.3978,-46.9543
Sunblack Game Studio,Sao Paulo,Brazil,Developer,Developer,-23.8585,-46.5103
Tapps Games,Sao Paulo,Brazil,Developer,Developer,-23.2368,-46.4982
Too Dark Studios,Sao Paulo,Brazil,Developer,Developer,-23.6927,-46.9704
Ubisoft Sao Paulo,Sao Paulo,Brazil,Developer and Publisher,Publisher,-23.6485,-46.2788
VRMonkey,Sao Paulo,Brazil,Extended Reality (XR),XR (VR/AR),-23.2486,-46.8272
Vertice Games,Sao Paulo,Brazil,Developer,Developer,-23.8897,-46.7163
Webcore Games,Sao Paulo,Brazil,Developer,Developer,-23.3428,-46.3217
Wildlife Studios,Sao Paulo,Brazil,Mobile,Mobile,-23.5033,-47.0226
Z3 Studio,Sao Paulo,Brazil,Developer and Publisher,Publisher,-23.8221,-46.3812
ZNT Productions,Sao Paulo,Brazil,Developer and Publisher,Publisher,-23.1837,-46.6216
Green Sauce Games,Londrina,Brazil,Developer,Developer,-23.31028,-51.16278
Oniria,Londrina,Brazil,Developer,Developer,-23.2765,-51.2029
aQuadiun,Londrina,Brazil,Developer,Developer,-23.3807,-51.156
Digital Synapsis,Sao Jose dos Campos,Brazil,Microstudio,Developer,-23.17944,-45.88694
Sawce Games,Atibaia,Brasil,Microstudio,Developer,-23.11694,-46.55028
Aiyra,Rio de Janeiro,Brazil,Developer,Developer,-22.90642,-43.18223
BitCake Studio,Rio de Janeiro,Brazil,Developer,Developer,-22.8726,-43.2223
CriticalLeap,Rio de Janeiro,Brazil,Publisher,Publisher,-22.9769,-43.1755
Double Dash Studios,Rio de Janeiro,Brazil,Developer,Developer,-22.8377,-43.125
Final Boss,Rio de Janeiro,Brazil,Developer,Developer,-22.9238,-43.2891
Fire Game Studios,Rio de Janeiro,Brazil,Developer,Developer,-22.9664,-43.0798
Firecast Studio,Rio de Janeiro,Brazil,Microstudio,Developer,-22.7881,-43.2167
GameJamPlus,Rio de Janeiro,Brazil,Incubator/Accelerator,Other,-23.0238,-43.2484
Gazeus Games,Rio de Janeiro,Brazil,Online,Other,-22.8579,-43.038
Indie Hero,Rio de Janeiro,Brazil,Incubator/Accelerator,Other,-22.8492,-43.3328
Nuntius Games (Statera Studio),Rio de Janeiro,Brazil,Publisher,Publisher,-23.0496,-43.1095
Nuuvem Jogos Digitais,Rio de Janeiro,Brazil,Publisher,Publisher,-22.7482,-43.1284
Overlord Game Studio,Rio de Janeiro,Brazil,Serious Games,Other,-22.9933,-43.3449
Smash Mountain Studio,Rio de Janeiro,Brazil,Developer,Developer,-22.9451,-42.9911
Trialforge Studio,Rio de Janeiro,Brazil,Developer,Developer,-22.7534,-43.299
XP Sponge,Rio de Janeiro,Brazil,Developer,Developer,-23.0985,-43.2092
Ylun Games,Rio de Janeiro,Brazil,Developer,Developer,-22.7775,-43.0162
Zwift,Rio de Janeiro,Brazil,Developer,Developer,-22.8979,-43.4058
Afterverse,Campinas,Brazil,Online,Other,-22.90556,-47.06083
Ilex Games,Campinas,Brazil,Developer,Developer,-22.8718,-47.1009
Roborar Digital,Piracicabap,Brazil,Developer,Developer,-22.72528,-47.64917
OTA IMON,Piraí,Brazil,Developer,Developer,-22.62917,-43.89806
Mother Gaia Studio,Bauru,Brazil,Developer,Developer,-22.31472,-49.06056
Awaceb (Kepler Interactive),Noumea,France,Developer,Developer,-22.2758,166.458
Muve Digital,Sao Carlos,Brazil,Developer,Developer,-22.0175,-47.89083
Uzinah Game Studio,Ribeirao Preto,Brazil,Microstudio,Developer,-21.1775,-47.81028
Blue Ramen Studios,Sainte Clotilde,France,Developer,Developer,-20.895,55.49
Red Dog Studios,Karratha,Australia,Developer and Publisher,Publisher,-20.73765,116.84629
Generative Arts,Creve Coeur,Mauritius,Extended Reality (XR),XR (VR/AR),-20.19346,57.56328
Playtouch,Port Louis,Mauritius,Developer,Developer,-20.16194,57.49889
Ishiftspace,Bulawayo,Zimbabwe,Organization,Other,-20.15,28.58333
Playtouch,Grand-Baie,Mauritius,Developer,Developer,-20.01816,57.58015
Ngami Game Studio,Ngamiland,Botswana,Developer,Developer,-19.9833,23.4167
Long Hat House,Belo Horizonte,Brazil,Mobile,Mobile,-19.92083,-43.93778
Onrizon,Belo Horizonte,Brazil,Online,Other,-19.8871,-43.977
Umbu Games,Belo Horizonte,Brazil,Developer,Developer,-19.9913,-43.9312
Ansdor,Ipatinga,Brazil,Developer,Developer,-19.46833,-42.53667
Red Raketa Studio,Antananarivo,Madagascar,Developer,Developer,-18.91368,47.53613
RefresherTowel Games,Innisfall,Australia,Developer,Developer,-17.5236,146.029
Paramo Games,Cochabamba,Bolivia,Developer,Developer,-17.38195,-66.15995
Pequi Hills Studios,Montes Claros,Brazil,Developer,Developer,-16.735,-43.86167
Bad Minions,Brasilia,Brazil,Developer,Developer,-15.77972,-47.92972
Fira Soft,Brasília,Brazil,Developer,Developer,-15.7459,-47.968
Glitch Factory,Brasilia,Brazil,Developer,Developer,-15.8502,-47.9233
IGDA Brazil - Brasilia,Brasilia,Brazil,Organization,Other,-15.711,-47.875
Modus Studios (Maximum Games),Brasilia,Brazil,Developer,Developer,-15.7971,-48.032
Modus Studios Brazil (Modus Games),Brasilia,Brazil,Developer,Developer,-15.8397,-47.8317
Seize Studios,Brasilia,Brazil,Developer,Developer,-15.6614,-47.9628
Zanardi & Liza,Brasilia,Brazil,Developer,Developer,-15.8971,-47.9931
Chroma Pixel Games,Lusaka,Zambia,Developer,Developer,-15.40669,28.28713
Nativity Game Box Studio,Lusaka,Zambia,Developer,Developer,-15.3729,28.2489
Musickool,Benguela,Angola,Mobile,Mobile,-12.57674,13.40268
Dan Ferguson,Darwin,Australia,Microstudio,Developer,-12.46113,130.84185
Salty Games,Darwin,Australia,Developer,Developer,-12.4274,130.8041
dobdob collective,Darwin,Australia,Developer,Developer,-12.5316,130.8482
Artes Digitais Studios,Kuito,Angola,Developer,Developer,-12.38333,16.93333
Dazard Studio,Surquillo,Peru,Developer,Developer,-12.113,-77.02
Asociacion Peruana de Deportes Electronicos y Videojuegos (APDEV),San Miguel,Peru,Organization,Other,-12.0775,-77.0859
2nd Player Games,Lima,Peru,Developer,Developer,-12.04318,-77.02824
Artigames,Lima,Peru,Developer,Developer,-12.0094,-77.0659
Bamtang Games,Lima,Peru,Developer,Developer,-12.1136,-77.0219
Boomware Studio,Lima,Peru,Mobile,Mobile,-11.9745,-76.9744
Dream Potion Games,Lima,Peru,Developer,Developer,-12.0606,-77.1289
FemDevsPeru,Lima,Peru,Organization,Other,-12.1032,-76.9318
IGDA Peru,Lima,Peru,Organization,Other,-11.9249,-77.0608
Leap Game Studios,Lima,Peru,Developer,Developer,-12.1606,-77.0906
Mr. iO Games,Lima,Peru,Developer,Developer,-11.9947,-76.8924
Unforgiven,Lima,Peru,Developer,Developer,-11.9859,-77.17
Lumen Games,Aracaju,Brazil,Mobile,Mobile,-10.91111,-37.07167
Redhood Games,Aracaju,Brazil,Mobile,Mobile,-10.8773,-37.1092
Angola Indie Game Hub,Luanda,Angola,Organization,Other,-8.83682,13.23432
Comunidade Game Dev Angola,Luanda,Angola,Organization,Other,-8.803,13.197
Voids Within,Badung Regency,Indonesia,Developer,Developer,-8.5819,115.177
ABRAGAMES,Recife,Brazil,Organization,Other,-8.05389,-34.88111
Brazil Games,Recife,Brazil,Organization,Other,-8.0201,-34.9183
IGDA Brazil - Recife,Recife,Brazil,Organization,Other,-8.1243,-34.8749
Manifesto Games,Recife,Brazil,Developer,Developer,-7.9852,-34.8279
Point N’ Sheep,Recife,Brazil,Developer,Developer,-8.0713,-34.9806
Tahoe Games,Kediri,Indonesia,Developer,Developer,-7.81667,112.01667
Gameloft,Yogyakarta,Indonesia,Mobile,Mobile,-7.80139,110.36472
Stairway Games,Yogyakarta,Indonesia,Developer,Developer,-7.7676,110.3275
Twin Hearts,Yogyakarta,Indonesia,Developer,Developer,-7.8718,110.371
Educa Studio,Salatiga,Indonesia,Developer,Developer,-7.33194,110.49278
Mojiken Studio,Surabaya,Indonesia,Developer,Developer,-7.24917,112.75083
Bombservice,João Pessoa,Brazil,Developer,Developer,-7.115,-34.86306
Agate,Bandung,Indonesia,Developer,Developer,-6.92222,107.60694
Akal Interaktif,Bandung,Indonesia,Developer,Developer,-6.8884,107.5698
Arsanesia,Bandung,Indonesia,Developer,Developer,-6.9927,107.6132
Arsanesia Games,Bandung,Indonesia,Developer,Developer,-6.8535,107.66
Digital Happiness,Bandung,Indonesia,Developer,Developer,-6.9396,107.5077
Ekuator Games (Agate),Bandung,Indonesia,Developer,Developer,-6.9822,107.702
Indigo Game Startup Incubation,Bandung,Indonesia,Incubator/Accelerator,Other,-6.8039,107.5749
Lentera Nusantara Studio,Bandung,Indonesia,Developer,Developer,-7.0396,107.5455
MassHive Media,Bandung,Indonesia,Developer,Developer,-6.8737,107.7408
Menara Games,Bandung,Indonesia,Mobile,Mobile,-6.865,107.4673
Nightspade,Bandung,Indonesia,Mobile,Mobile,-7.0654,107.6744
Own Games,Bandung,Indonesia,Developer,Developer,-6.764,107.6569
Separuh Interactive,Bandung,Indonesia,Developer,Developer,-7.0091,107.456
Toge Game Fund Initiative,Karawaci,Indonesia,Investment,Other,-6.229,106.609
Toge Productions,Karawaci,Indonesia,Developer and Publisher,Publisher,-6.1952,106.5719
Agate,Jakarta,Indonesia,Developer,Developer,-6.21462,106.84513
Altermyth,Jakarta,Indonesia,Developer,Developer,-6.1808,106.808
Asociasi Games Indonesia (AGI),Jakarta,Indonesia,Organization,Other,-6.2851,106.8513
Fat Raccoon,Jakarta,Indonesia,Developer,Developer,-6.1459,106.8981
Freemergency,Jakarta,Indonesia,Developer,Developer,-6.232,106.7461
GRAVITY GAME LINK,Jakarta,Indonesia,Online,Other,-6.2746,106.94
Gamecom Team,Jakarta,Indonesia,Developer,Developer,-6.0963,106.8131
Gameloft,Jakarta,Indonesia,Mobile,Mobile,-6.332,106.7838
Khayalan Arts,Jakarta,Indonesia,Developer,Developer,-6.1661,106.9788
Niji Games,Jakarta,Indonesia,Organization,Other,-6.1574,106.7057
Sanditio Bayu,Jakarta,Indonesia,Developer,Developer,-6.3578,106.9125
Touchten Games,Jakarta,Indonesia,Online,Other,-6.0564,106.8951
Wawa Games,Jakarta,Indonesia,Mobile,Mobile,-6.3015,106.6944
Zepetto,Jakarta,Indonesia,Online,Other,-6.2533,107.0222
iCandy Interactive,Jakarta,Indonesia,Developer,Developer,-6.0616,106.7369
GameChanger Studio,Tangerang,Indonesia,Microstudio,Developer,-6.17806,106.63
Pippin Games,Natal,Brazil,Developer,Developer,-5.795,-35.20944
Eternal Dream Studio,Bandar Lampung,Indonesia,Developer,Developer,-5.42917,105.26111
Bonobo,Kinshasa,Congo (DRC),Developer,Developer,-4.32758,15.31357
BaltaRed Studio,Fortaleza,Brazil,Developer,Developer,-3.71722,-38.54306
Deep One Games,Fortaleza,Brazil,Developer,Developer,-3.6834,-38.58
IGDA Brazil - Fortaleza,Fortaleza,Brazil,Organization,Other,-3.7877,-38.5369
PetitFabrik,Manaus,Brazil,Developer,Developer,-3.10194,-60.025
Wired Dreams Studio,Sao Luís,Brazil,Developer,Developer,-2.52972,-44.30278
Aquila Studio,Kicukiro,Rwanda,Developer,Developer,-1.97,30.104
Digital Realm,Kicukiro,Rwanda,Extended Reality (XR),XR (VR/AR),-1.9362,30.0671
ARGO,Nairobi,Kenya,Developer,Developer,-1.28333,36.81667
Adala Studios,Nairobi,Kenya,Developer,Developer,-1.2496,36.7798
Arkitech,Nairobi,Kenya,Microstudio,Developer,-1.3538,36.8229
Asili Entertainment,Nairobi,Kenya,Developer,Developer,-1.2146,36.8694
BlackRhinoVR,Nairobi,Kenya,Extended Reality (XR),XR (VR/AR),-1.3007,36.7182
Carry1st,Nairobi,Kenya,Developer and Publisher,Publisher,-1.3433,36.911
Dung Beetle,Nairobi,Kenya,Developer,Developer,-1.1651,36.7849
Heva Fund,Nairobi,Kenya,Investment,Other,-1.4007,36.7557
Jiwe Studio,Nairobi,Kenya,Developer and Publisher,Publisher,-1.2348,36.9495
Kunta Content,Nairobi,Kenya,Developer,Developer,-1.2261,36.678
Marching Studio,Nairobi,Kenya,Developer,Developer,-1.4265,36.8837
Mekan Games,Nairobi,Kenya,Online,Other,-1.1251,36.8663
O. Kaya,Nairobi,Kenya,Microstudio,Developer,-1.3702,36.6668
Pan Africa Gaming Group (PAGG),Nairobi,Kenya,Organization,Other,-1.322,36.9928
Playing for the Planet,Nairobi,Kenya,Organization,Other,-1.1303,36.709
Raytech Games,Nairobi,Kenya,Developer,Developer,-1.4754,36.7918
Usiku Games,Nairobi,Kenya,Developer,Developer,-1.1544,36.9696
Virdane Labs,Nairobi,Kenya,Developer,Developer,-1.2748,36.6106
Weza Interactive Entertainent,Nairobi,Kenya,Developer,Developer,-1.433,36.9671
Zawadi Games,Nairobi,Kenya,Developer,Developer,-1.0656,36.8066
Alhajillo Interactive,Quito,Ecuador,Developer,Developer,-0.22985,-78.52495
Blue Lizard Games,Quito,Ecuador,Developer,Developer,-0.1961,-78.5618
Diablo Huma Studio,Quito,Ecuador,Developer,Developer,-0.3003,-78.5188
Studio High Ground,Quito,Ecuador,Developer,Developer,-0.1611,-78.4723
Weveana,Quito,Ecuador,Developer,Developer,-0.2473,-78.6234
Yakuza Pixel,Quito,Ecuador,Developer,Developer,-0.2899,-78.4306
Hiscory,Batam,Indonesia,Developer,Developer,1.14937,104.02491
AeonSparx Interactive,Singapore,Singapore,Developer,Developer,1.28967,103.85007
Amanotes,Singapore,Singapore,Mobile,Mobile,1.3234,103.8132
AtomicTorch Studio,Singapore,Singapore,Microstudio,Developer,1.2192,103.8563
Bandai Namco Entertainment Asia,Singapore,Singapore,Publisher,Publisher,1.3584,103.9028
BattleBrew Productions,Singapore,Singapore,Developer,Developer,1.2723,103.7516
Boltray Games,Singapore,Singapore,Publisher,Publisher,1.2297,103.9444
Boomzap,Singapore,Singapore,Publisher,Publisher,1.4079,103.8183
Bushiroad Games,Singapore,Singapore,Developer,Developer,1.1723,103.7891
Capcom Singapore,Singapore,Singapore,Developer,Developer,1.3382,103.9829
Century Games,Singapore,Singapore,Developer,Developer,1.3469,103.7114
Daylight Studios,Singapore,Singapore,Developer,Developer,1.1465,103.9171
Divine Studios,Singapore,Singapore,Developer,Developer,1.4479,103.8997
EMK Capital,Singapore,Singapore,Investment,Other,1.2028,103.7002
Electric Square (Keywords),Singapore,Singapore,Developer,Developer,1.251,104.0262
Electronic Arts,Singapore,Singapore,Publisher,Publisher,1.4427,103.7424
Epic Games,Singapore,Singapore,Developer and Publisher,Publisher,1.0976,103.8252
Erabit Studios,Singapore,Singapore,Developer and Publisher,Publisher,1.4186,104.003
Eyeball Games,Singapore,Singapore,Mobile,Mobile,1.2982,103.644
Farlight Games,Singapore,Singapore,Publisher,Publisher,1.14,104.0005
GRAVITY GAME HUB,Singapore,Singapore,Online,Other,1.5074,103.84
Gameloft,Singapore,Singapore,Mobile,Mobile,1.118,103.7068
Garena,Singapore,Singapore,Publisher,Publisher,1.3202,104.0772
Gattai Games,Singapore,Singapore,Developer,Developer,1.4236,103.6575
General Interactive,Singapore,Singapore,Developer,Developer,1.0557,103.9027
Genki Singapore,Singapore,Singapore,Developer,Developer,1.5022,103.9719
Habby,Singapore,Singapore,Developer and Publisher,Publisher,1.2137,103.6118
IGDA Singapore,Singapore,Singapore,Organization,Other,1.1827,104.0816
IGG,Singapore,Singapore,Online,Other,1.5293,103.7497
IGG Singapore,Singapore,Singapore,Mobile,Mobile,1.0407,103.7605
KLab,Singapore,Singapore,Publisher,Publisher,1.4149,104.0885
KOEX Studios,Singapore,Singapore,Microstudio,Developer,1.3595,103.5852
Kemomic,Singapore,Singapore,Developer,Developer,1.0555,104.0007
Kepler Interactive,Singapore,Singapore,Publisher,Publisher,1.5684,103.898
King.com (Activision),Singapore,Singapore,Mobile,Mobile,1.1138,103.6229
Koei Tecmo Singapore,Singapore,Singapore,Developer and Publisher,Publisher,1.2656,104.1407
LAI Games,Singapore,Singapore,Developer,Developer,1.5068,103.6491
Level Infinite,Singapore,Singapore,Developer,Developer,0.9897,103.8515
Little Prince Game Studio,Singapore,Singapore,Mobile,Mobile,1.5149,104.0545
Marvelous APAC,Singapore,Singapore,Developer and Publisher,Publisher,1.2612,103.5431
Minibunnies,Singapore,Singapore,Developer,Developer,1.1009,104.0989
Mino Games,Singapore,Singapore,Mobile,Mobile,1.6008,103.7935
Mixed Realms,Singapore,Singapore,Developer,Developer,1.0187,103.6795
Mytona,Singapore,Singapore,Mobile,Mobile,1.3753,104.1627
Nabi Studios,Singapore,Singapore,Developer,Developer,1.4394,103.5583
Namco Bandai Singapore Studio,Singapore,Singapore,Developer,Developer,0.9787,103.9654
Nazara,Singapore,Singapore,Mobile,Mobile,1.6003,103.9766
Neo Tegoel Games,Singapore,Singapore,Developer,Developer,1.1444,103.5435
NetEase Games,Singapore,Singapore,Mobile,Mobile,1.1887,104.1777
Nintendo Singapore,Singapore,Singapore,Developer,Developer,1.5885,103.6749
Papergames,Singapore,Singapore,Developer,Developer,0.9475,103.7766
PixOn Games,Singapore,Singapore,Mobile,Mobile,1.4944,104.1384
Playware Studios,Singapore,Singapore,Developer,Developer,1.3338,103.4956
Qooland Games,Singapore,Singapore,Developer and Publisher,Publisher,1.0151,104.0838
Ratloop Asia,Singapore,Singapore,Developer,Developer,1.6534,103.8633
Reckoner Industries,Singapore,Singapore,Developer,Developer,1.028,103.5921
Rotten Mage,Singapore,Singapore,Developer,Developer,1.3086,104.2205
Rusted Moss,Singapore,Singapore,Microstudio,Developer,1.528,103.5616
SNK Games Singapore,Singapore,Singapore,Developer and Publisher,Publisher,0.9158,103.9022
Scopely,Singapore,Singapore,Publisher,Publisher,1.6033,104.0661
Secret Base,Singapore,Singapore,Developer,Developer,1.2035,103.4757
Singapore Games Association (SGGA),Singapore,Singapore,Organization,Other,1.0988,104.1871
Soft Source,Singapore,Singapore,Publisher,Publisher,1.6611,103.7295
Sourena Game Studio,Singapore,Singapore,Developer and Publisher,Publisher,0.9315,103.6866
Spiral Up Games,Singapore,Singapore,Publisher,Publisher,1.4447,104.2155
Springloaded,Singapore,Singapore,Developer,Developer,1.4232,103.4729
Storms (iCandy Interactive),Singapore,Singapore,Mobile,Mobile,0.9338,104.0394
Super Lucky Casino,Singapore,Singapore,Mobile,Mobile,1.683,103.9517
SuperGaming,Singapore,Singapore,Mobile,Mobile,1.0666,103.5068
Suplife Games,Singapore,Singapore,Extended Reality (XR),XR (VR/AR),1.2218,104.2569
Tatsu Works,Singapore,Singapore,Mobile,Mobile,1.6168,103.5941
Team Junkfish,Singapore,Singapore,Mobile,Mobile,0.8726,103.8176
Team Project Lunch,Singapore,Singapore,Developer,Developer,1.5773,104.158
The Gentlebros,Singapore,Singapore,Developer,Developer,1.2855,103.4257
TiMi Studios (Tencent),Singapore,Singapore,Developer,Developer,1.0042,104.168
Touch Dimensions,Singapore,Singapore,Mobile,Mobile,1.7178,103.8083
TrueWorld Studios,Singapore,Singapore,Extended Reality (XR),XR (VR/AR),0.9435,103.5899
Ubisoft Singapore,Singapore,Singapore,Developer and Publisher,Publisher,1.3698,104.2786
Virtually Live,Singapore,Singapore,Extended Reality (XR),XR (VR/AR),1.5215,103.4775
Voodoo,Singapore,Singapore,Mobile,Mobile,0.8644,103.9689
WRKS Games,Singapore,Singapore,Developer,Developer,1.686,104.0511
Wargaming Asia,Singapore,Singapore,Online,Other,1.1322,103.4314
White Star Capital,Singapore,Singapore,Investment,Other,1.122,104.2678
Yongjustyong,Singapore,Singapore,Developer,Developer,1.6979,103.6541
Ysbryd Games,Singapore,Singapore,Publisher,Publisher,0.8537,103.718
goGame,Singapore,Singapore,Mobile,Mobile,1.5233,104.2444
gumi Asia,Singapore,Singapore,Online,Other,1.3843,103.3988
iCandy Interactive,Singapore,Singapore,Developer,Developer,0.913,104.1205
iterco,Singapore,Singapore,Developer and Publisher,Publisher,1.7527,103.9055
kopiforge,Singapore,Singapore,Developer,Developer,0.9839,103.4943
the Iterative Collective,Singapore,Singapore,Developer and Publisher,Publisher,1.2748,104.3217
Nerdook Productions,Kuching,Malaysia,Developer,Developer,1.55,110.33333
MDeC,Cyberjaya,Malaysia,Organization,Other,2.92281,101.65718
Malaysia Digital Economy Corporation (MDEC),Cyberjaya,Malaysia,Organization,Other,2.9566,101.6203
OpNeon Games,Kajang,Malaysia,Developer,Developer,2.99424,101.78875
Kurechii,Puchong,Malaysia,Developer,Developer,3.0,101.61667
Ammobox Studios,Subang Jaya,Malaysia,Developer,Developer,3.04384,101.58062
Bandai Namco Studios Malaysia,Petaling Jaya,Malaysia,Developer,Developer,3.10726,101.60671
Big Frost Games,Petaling Jaya,Malaysia,Mobile,Mobile,3.141,101.5698
Hezmedia Interactive,Petaling Jaya,Malaysia,Developer,Developer,3.0368,101.6129
Make With Friends,Petaling Jaya,Malaysia,Microstudio,Developer,3.176,101.6595
Passion Republic,Petaling Jaya,Malaysia,Developer,Developer,3.0898,101.5081
Persona Theory Games,Petaling Jaya,Malaysia,Developer,Developer,3.0473,101.7012
Sherman3D Sdn Bhd,Petaling Jaya,Malaysia,Developer,Developer,3.2255,101.5749
1+1 Game Studios,Kuala Lumpur,Malaysia,Developer,Developer,3.1412,101.68653
AeonSparx Interactive,Kuala Lumpur,Malaysia,Developer,Developer,3.175,101.6496
Albrite Studios,N/A,Malaysia,Developer,Developer,3.0708,101.6927
Bandai Namco Entertainment Malaysia,Kuala Lumpur,Malaysia,Publisher,Publisher,3.2099,101.7393
Cellar Vault Games,Kuala Lumpur,Malaysia,Developer,Developer,3.1238,101.5879
Codemasters (Electronic Arts),Kuala Lumpur,Malaysia,Developer,Developer,3.0812,101.781
Double Eleven (Pneuma Games Group),Kuala Lumpur,Malaysia,Developer and Publisher,Publisher,3.2595,101.6547
Game Founders,Kuala Lumpur,Malaysia,Incubator/Accelerator,Other,3.0238,101.6255
Gameloft,Kuala Lumpur,Malaysia,Mobile,Mobile,3.1897,101.8196
IGDA Malaysia,Kuala Lumpur,Malaysia,Organization,Other,3.1984,101.5477
Kaigan Games,Kuala Lumpur,Malaysia,Mobile,Mobile,2.998,101.7536
Larian Studios,Kuala Lumpur,Malaysia,Developer,Developer,3.2994,101.7362
Long Tale Games,Kuala Lumpur,Malaysia,Developer,Developer,3.0544,101.5364
Magnus Games Studio,Kuala Lumpur,Malaysia,Developer,Developer,3.1025,101.8629
Metronomik,Kuala Lumpur,Malaysia,Developer,Developer,3.2942,101.5788
Streamline Games,Kuala Lumpur,Malaysia,Developer,Developer,2.9492,101.6616
Tencent,Kuala Lumpur,Malaysia,Developer and Publisher,Publisher,3.2701,101.8397
iCandy Interactive,Kuala Lumpur,Malaysia,Developer,Developer,3.1497,101.4802
Metablade Studios,Cali,Colombia,Developer,Developer,3.43054,-76.5199
Dawn of Game Studio,Yaounde,Cameroon,Mobile,Mobile,3.86667,11.51667
Kiro'o Games,Yaounde,Cameroon,Developer,Developer,3.9004,11.4797
Noohkema Interactive,Douala,Cameroon,Developer,Developer,4.04827,9.70428
SDK Games,Douala,Cameroon,Extended Reality (XR),XR (VR/AR),4.082,9.6673
Tubanar Games,Kuala Belait,Brunei Darussalam,Developer,Developer,4.58361,114.2312
Amber,Bogota,Colombia,Developer,Developer,4.60971,-74.08175
Colombian Videogames Association (COVA),Bogota,Colombia,Organization,Other,4.6435,-74.1187
Efecto Studios,Bogota,Colombia,Developer,Developer,4.5393,-74.0755
Gameloft,Bogota,Colombia,Mobile,Mobile,4.6784,-74.0289
IGDA Colombia,Bogotá,Colombia,Organization,Other,4.5923,-74.1805
Jam City,Bogota,Colombia,Mobile,Mobile,4.5497,-73.9871
ON3D Studios,Bogotá,Colombia,Developer,Developer,4.728,-74.1136
R-Next,Bogota,Colombia,Developer,Developer,4.4923,-74.1429
Tamarillo Games,Bogota,Colombia,Developer,Developer,4.6582,-73.9485
Teravision Games,Bogota,Colombia,Developer,Developer,4.6669,-74.2209
Logic Dev,Rivers,Nigeria,Developer,Developer,4.8156,7.0498
Six Path Studios,Rivers,Nigeria,Mobile,Mobile,4.8494,7.0128
Blind Squirrel Games Colombia,Manizales,Colombia,Developer,Developer,5.0668,-75.50684
Nganin Games,Abidjan,Côte d'Ivoire,Developer,Developer,5.35444,-4.00167
Voidrift Studios,Georgetown,Malaysia,Developer,Developer,5.41123,100.33543
Bawala Studios,Accra,Ghana,Developer,Developer,5.55602,-0.1969
Dumsor Games,Accra,Ghana,Microstudio,Developer,5.5898,-0.2339
Illaza Gaming,Accra,Ghana,Microstudio,Developer,5.4856,-0.1907
Kofiro,Accra,Ghana,Microstudio,Developer,5.6247,-0.144
Leti Arts,Accra,Ghana,Mobile,Mobile,5.5386,-0.2958
Millsmedia,Haatso,Ghana,Developer,Developer,5.496,-0.1021
Organized Khaos,Accra,Ghana,Serious Games,Other,5.6743,-0.2288
Unchained Universe,Accra,Ghana,Serious Games,Other,5.4386,-0.2582
BWstudios,Medellin,Colombia,Mobile,Mobile,6.245,-75.57151
C2 Game Studio,Medellin,Colombia,Developer,Developer,6.2788,-75.6086
Kairos Game Studio,Cotonou,Benin,Developer,Developer,6.36536,2.41833
Malaika Games,Cotonou,Benin,Developer and Publisher,Publisher,6.3991,2.3812
Blackhards,Enugu,Nigeria,Incubator/Accelerator,Other,6.44132,7.49883
Goondu Games,Enugu,Nigeria,Developer,Developer,6.4751,7.4617
Raven Illusion,Lekki,Nigeria,Developer,Developer,6.44632,3.47717
Zannoza Entertainment,Lekki,Nigeria,Serious Games,Other,6.4801,3.4401
Africacomicade,Lagos,Nigeria,Organization,Other,6.45407,3.39467
Blue Portal,Lagos,Nigeria,Developer,Developer,6.4878,3.3576
Carry1st,Lagos,Nigeria,Developer and Publisher,Publisher,6.3836,3.4009
Code Red,Lagos,Nigeria,Health,Other,6.5228,3.4477
Dash Studios,Lagos,Nigeria,Developer and Publisher,Publisher,6.4367,3.2956
Fer Factor,Lagos,Nigeria,Microstudio,Developer,6.3941,3.4896
Gbrossoft,Lagos,Nigeria,Developer,Developer,6.5723,3.3627
Imisi3D,Lagos,Nigeria,Extended Reality (XR),XR (VR/AR),6.3367,3.3333
Kucheza Gaming,Lagos,Nigeria,Organization,Other,6.5026,3.5284
Maliyo Games,Lagos,Nigeria,Developer,Developer,6.5113,3.2551
Revival Games Studio,Lagos,Nigeria,Microstudio,Developer,6.3109,3.4621
VCD Studios,Lagos,Nigeria,Microstudio,Developer,6.6123,3.4446
Ese Games,Ajah,Nigeria,Developer,Developer,6.467,3.57
Deluxe Creation Studios,Yaba,Nigeria,Developer,Developer,6.5095,3.3711
Green Quest Games,Ikeja,Nigeria,Serious Games,Other,6.59651,3.34205
Hfrogames,Ikeja,Nigeria,Mobile,Mobile,6.6303,3.3049
Juju Games,Ikeja,Nigeria,Developer,Developer,6.5261,3.3483
Tepida Studios,Ikeja,Nigeria,Mobile,Mobile,6.6652,3.3951
Ogames,Kumasi,Ghana,Developer,Developer,6.68848,-1.62443
Arimac Digital,Colombo,Sri Lanka,Developer,Developer,6.93548,79.84868
Motion Miracles,Colombo,Sri Lanka,Mobile,Mobile,6.9693,79.8115
Firestorm Studios,Floridablanca,Colombia,Developer,Developer,7.06222,-73.08644
Dreams Uncorporated,Bucaramanga,Colombia,Developer,Developer,7.125,-73.11895
Oshoma,Akure,Nigeria,Microstudio,Developer,7.25256,5.19312
Dimension11 Studios,Ile-Ilfe,Nigeria,Developer,Developer,7.4824,4.56032
Inuv8 Games,ile-ife,Nigeria,Developer,Developer,7.5162,4.5231
7 Raven Studios,Phuket,Thailand,Developer and Publisher,Publisher,7.89059,98.3981
GameCrafterTeam,Phuket,Thailand,Developer,Developer,7.9244,98.3609
Cookie Cutter Studios,Iligan City,Philippines,Developer,Developer,8.25,124.4
The Dwarven Brothers,Tenkasi,India,Developer,Developer,8.96003,77.31525
Red Devil Studios,Panama City,Panama,Developer,Developer,8.9936,-79.51973
World Eater Games,Panama City,Panama,Developer,Developer,9.0274,-79.5571
fivebits,Panama City,Panama,Mobile,Mobile,8.9232,-79.5135
Elder Studios,Addis Ababa,Ethiopia,Serious Games,Other,9.02497,38.74689
Enechawet Games,Addis Ababa,Ethiopia,Mobile,Mobile,9.0587,38.7096
Ethiopian Games Association (EGA),Addis Ababa,Ethiopia,Organization,Other,8.9545,38.7531
Gomida Solutions,Addis Ababa,Ethiopia,Developer,Developer,9.0937,38.8002
Qene Games,Addis Ababa,Ethiopia,Mobile,Mobile,9.0076,38.6472
Rise of Fearless,Addis Ababa,Ethiopia,Mobile,Mobile,8.965,38.8424
Docile Fern,Abuja,Nigeria,Developer,Developer,9.05785,7.49508
Griot Studios,Abuja,Nigeria,Developer,Developer,9.0916,7.4577
eMEDIA Interactive,Abuja,Nigeria,Extended Reality (XR),XR (VR/AR),8.9874,7.5013
eMedia Interactive,Abuja,Nigeria,Extended Reality (XR),XR (VR/AR),9.1266,7.5484
Norian Games,Mavelikara,India,Developer,Developer,9.25929,76.55642
TuanisApps,Cartago,Costa Rica,Developer,Developer,9.86371,-83.9195
Kleanup Games,Madurai,India,Developer,Developer,9.919,78.11953
CanuArts,San Rafael,Costa Rica,Developer,Developer,9.92826,-84.13537
Asociacion de Desarrolladores de Videojuegos de Costa Rica (ASODEV Costa Rica),San Jose,Costa Rica,Organization,Other,9.93388,-84.08489
Ceiba Software & Arts,San Jose,Costa Rica,Developer,Developer,9.9677,-84.1223
Fair Play Labs,Zapote,Costa Rica,Mobile,Mobile,9.8634,-84.0786
Frogbyte Studio,San Jose,Costa Rica,Microstudio,Developer,10.0026,-84.0314
Green Lava Studios,Moravia,Costa Rica,Developer,Developer,9.9165,-84.1849
Headless Chicken Games,San Jose,Costa Rica,Developer,Developer,9.8739,-83.9891
IGDA Costa Rica,San José,Costa Rica,Organization,Other,10.0522,-84.1172
JGG Log Studio,San Jose,Costa Rica,Microstudio,Developer,9.8165,-84.1468
Scout Game Studios,San Jose,Costa Rica,Developer,Developer,9.9824,-83.95
Sunna Entertainment,San Jose,Costa Rica,Mobile,Mobile,9.9911,-84.2257
T3AMPO Studio,San Jose,Costa Rica,Developer,Developer,9.7907,-84.0169
WOW Emotions,San Jose,Costa Rica,Extended Reality (XR),XR (VR/AR),10.0921,-84.0345
Banzan Studios,Kochi,India,Developer,Developer,9.93988,76.26022
Csharks Games,Ernakulam,India,Developer,Developer,9.9737,76.2228
Dynamic Next,Kochi,India,Mobile,Mobile,9.8694,76.2665
JV Interactive,Heredia,Costa Rica,Mobile,Mobile,9.99872,-84.11587
Tuttifrutti Games,Kakkanad,India,Developer,Developer,10.01636,76.34168
Ludumify,Alajuela,Costa Rica,Developer,Developer,10.01723,-84.21275
Vision Expresiva,Barquisimeto,Venezuela,Developer,Developer,10.0647,-69.35703
Frozen Lake Software,Cebu City,Philippines,Developer,Developer,10.31672,123.89071
Gear Worx Productions,Cebu City,Philippines,Developer,Developer,10.3505,123.8532
Sukeban Games,Caracas,Venezuela,Developer,Developer,10.48801,-66.87919
Nalloru Studio,Thrissur,India,Developer,Developer,10.51667,76.21667
Honest Chronicle,Kaduna,Nigeria,Mobile,Mobile,10.52641,7.43879
Freakout Games,Palakkadu,India,Developer,Developer,10.77319,76.65366
Amanotes,Ho Chi Minh City,Viet Nam,Mobile,Mobile,10.82302,106.62965
CrazyLabs (Embracer Group),Ho Chi Minh City,Viet Nam,Mobile,Mobile,10.8568,106.5921
DivMob,Ho Chi Minh City,Viet Nam,Mobile,Mobile,10.7526,106.6359
Gameloft,Ho Chi Minh City,Viet Nam,Mobile,Mobile,10.8917,106.6833
Glass Egg,Ho Chi Minh City,Viet Nam,Developer,Developer,10.8056,106.5294
KIXEYE (Stillfront Group),Ho Chi Minh City,Viet Nam,Developer,Developer,10.763,106.7257
NOGAME STUDIO,Ho Chi Minh City,Viet Nam,Mobile,Mobile,10.9413,106.5973
Sky Mavis,Ho Chi Minh City,Viet Nam,Online,Other,10.7056,106.5676
SkyVu,Ho Chi Minh City,Viet Nam,Mobile,Mobile,10.8715,106.7649
TopeBox,Ho Chi Minh City,Viet Nam,Mobile,Mobile,10.8803,106.4885
VNG Game Studios,Ho Chi Minh City,Viet Nam,Mobile,Mobile,10.6798,106.6979
Yield Guild Games,Ho Chi Minh City,Viet Nam,Online,Other,10.9813,106.6802
Creative Monkey Games,Coimbatore,India,Developer and Publisher,Publisher,11.00555,76.96612
Solozard Games,Namakkal,India,Developer,Developer,11.22126,78.16524
Garay Games,Managua,Nicaragua,Microstudio,Developer,12.13282,-86.2504
IngramGames Studio,Managua,Nicaragua,Developer,Developer,12.1666,-86.2881
Gameberry Labs,Bellandur,India,Mobile,Mobile,12.926,77.676
Bohemia Interactive,Pattaya,Thailand,Developer and Publisher,Publisher,12.93333,100.88333
Aeos Games,Bengaluru,India,Developer,Developer,12.97194,77.59369
Appy Monkeys,Bengaluru,India,Serious Games,Other,13.0057,77.5559
Arcadon Games,Bengaluru,India,Mobile,Mobile,12.9015,77.6
Atlas Mission,Bengaluru,India,Serious Games,Other,13.0407,77.6478
Atman Software,Bengaluru,India,Microstudio,Developer,12.9545,77.4926
Bablabo Games,Bengaluru,India,Developer,Developer,12.9119,77.6905
Bare Metal Games,Bengaluru,India,Developer,Developer,13.0902,77.5611
Bombay Play,Bengaluru,India,Social,Other,12.8545,77.5311
Brewed Games,Bengaluru,India,Developer,Developer,13.0205,77.73
Chapli Boy,Bengaluru,India,Developer,Developer,13.0292,77.4514
Dastan Games,Bengaluru,India,Mobile,Mobile,12.8287,77.6625
Deftouch,Bengaluru,India,Mobile,Mobile,13.1302,77.6446
Dumadu Games,Bengaluru,India,Mobile,Mobile,12.8851,77.4399
Elevation Capital,Bengaluru,India,Investment,Other,12.9332,77.7744
Fields of View,Bengaluru,India,Serious Games,Other,13.125,77.4833
Gamti Games,Bengaluru,India,Mobile,Mobile,12.7799,77.5682
Glass Jar Interactive,Bengaluru,India,Microstudio,Developer,13.1008,77.7506
Holy Cow Productions,Bengaluru,India,Developer,Developer,12.9805,77.3823
Hypernova Interactive,Bengaluru,India,Developer,Developer,12.8223,77.748
Joyride Games,Bengaluru,India,Mobile,Mobile,13.1897,77.5834
KRAFTON India Gaming Incubator,Bengaluru,India,Incubator/Accelerator,Other,12.8003,77.4467
Kalaari Capital,Bengaluru,India,Investment,Other,13.0025,77.8267
Kalp,Bengaluru,India,Incubator/Accelerator,Other,13.1059,77.3961
Kwalee,Bengaluru,India,Developer and Publisher,Publisher,12.738,77.6477
LILA Games,Bengaluru,India,Mobile,Mobile,13.1845,77.7187
LightFury Games,Bengaluru,India,Mobile,Mobile,12.896,77.3493
Mayhem Studios,Bengaluru,India,Developer,Developer,12.865,77.8312
Meru Patel,Bengaluru,India,Microstudio,Developer,13.2116,77.4908
Mighty Tide Games,Bengaluru,India,Developer,Developer,12.723,77.5018
Moonfrog Labs,Bengaluru,India,Mobile,Mobile,13.0972,77.8383
Neved Tech,Bengaluru,India,Mobile,Mobile,13.0417,77.3219
Nexus Venture Partners,Bengaluru,India,Investment,Other,12.7378,77.7482
Nuke Box Games,Bengaluru,India,Mobile,Mobile,13.2507,77.6429
Nukebox Studios,Bengaluru,India,Mobile,Mobile,12.7961,77.3607
PlayShifu,Bengaluru,India,Serious Games,Other,12.9479,77.8919
PlaySimple Games,Bengaluru,India,Mobile,Mobile,13.1891,77.3876
Playgig,Bengaluru,India,Developer,Developer,12.6719,77.5952
Psypher Interactive,Bengaluru,India,Mobile,Mobile,13.1972,77.8034
Rockstar India,Bengaluru,India,Developer,Developer,12.9435,77.2787
Scopely,Bengaluru,India,Mobile,Mobile,12.7832,77.8489
Second Quest,Bengaluru,India,Developer,Developer,13.2831,77.5356
Smash Head Studio,Bengaluru,India,Mobile,Mobile,12.701,77.4187
Spill Games,Bengaluru,India,Microstudio,Developer,13.0576,77.9144
Studio Sirah,Bengaluru,India,Developer,Developer,13.1216,77.2943
Supantha Paul,Bengaluru,India,Developer,Developer,12.661,77.712
TLC STUDIO,Bengaluru,India,Mobile,Mobile,13.2826,77.7235
Tencent Games,Bengaluru,India,Developer and Publisher,Publisher,12.8267,77.2792
Tentworks Interactive,Bengaluru,India,Developer,Developer,12.8709,77.9298
Thatvamasi Studios,Bengaluru,India,Developer,Developer,13.2708,77.414
Ultimate Games,Bengaluru,India,Mobile,Mobile,12.6297,77.5183
Wala Interactive,Bengaluru,India,Developer,Developer,13.1767,77.8895
Why Not Games,Bengaluru,India,Microstudio,Developer,13.0161,77.2301
WickedCube,Bengaluru,India,Developer,Developer,12.6974,77.8335
Xigma Games,Bengaluru,India,Mobile,Mobile,13.3357,77.6073
Zynga,Bengaluru,India,Online,Other,12.7102,77.329
amnesea,Bengaluru,India,Extended Reality (XR),XR (VR/AR),12.9909,77.9737
com2us,Bengaluru,India,Mobile,Mobile,13.2103,77.2977
hashcube,Bengaluru,India,Mobile,Mobile,12.5981,77.6472
Arckon Arts,Chennai,India,Mobile,Mobile,13.08784,80.27847
Ayelet Studio,Chennai,India,Developer,Developer,13.1216,80.2406
Fabbox Studios,Chennai,India,Developer and Publisher,Publisher,13.0174,80.2848
Hammerplay,Chennai,India,Developer,Developer,13.1566,80.3326
Highbrow Interactive,Chennai,India,Microstudio,Developer,13.0704,80.1774
Kodari Games,Chennai,India,Developer,Developer,13.0278,80.3753
LVL Zero,Chennai,India,Incubator/Accelerator,Other,13.2061,80.2458
Love Handle Developers,Chennai,India,Mobile,Mobile,12.9704,80.2159
Next Wave Multi Media,Chennai,India,Developer,Developer,13.1364,80.4149
Prescription Studios,Chennai,India,Developer,Developer,13.1451,80.1361
Weloadin,Chennai,India,Developer,Developer,12.9446,80.3473
Polysplit Games,Bicol,Philippines,Developer,Developer,13.1391,123.7438
99 Games,Udipi,India,Mobile,Mobile,13.33467,74.74617
Ironjaw Studios,Manipal,India,Developer,Developer,13.35,74.78333
LAME Dimension,Dededo,United States,Developer,Developer,13.518,144.839
Earthquack Games,Samut Prakan,Thailand,Developer,Developer,13.5976,100.5972
Ludus Games,San Salvador,El Salvador,Developer,Developer,13.68935,-89.18718
Stardust Knights Studios,San Salvador,El Salvador,Microstudio,Developer,13.7231,-89.2251
Stone Bot Studios,San Salvador,El Salvador,Developer,Developer,13.6189,-89.1808
The Domaginarium,San Salvador,El Salvador,Developer,Developer,13.7581,-89.1329
The Stonebot Studio,San Salvador,El Salvador,Developer,Developer,13.6719,-89.2885
Agora Gaming Partners,Bangkok,Thailand,Investment,Other,13.75398,100.50144
Bit Egg,Bangkok,Thailand,Developer,Developer,13.7878,100.4635
Bohemia Interactive,Bangkok,Thailand,Developer and Publisher,Publisher,13.6835,100.5078
Corecell Technology,Bangkok,Thailand,Mobile,Mobile,13.8227,100.5557
Cyber Ice Studios,Bangkok,Thailand,Developer,Developer,13.7366,100.4001
Digital Economy Promotion Agency (DEPA),Bangkok,Thailand,Organization,Other,13.694,100.5986
FairPlay Studios,Bangkok,Thailand,Mobile,Mobile,13.8723,100.4687
Gameloft,Bangkok,Thailand,Mobile,Mobile,13.6366,100.4387
Kylyk Games,Bangkok,Thailand,Developer,Developer,13.8025,100.6382
Lykke Studios,Bangkok,Thailand,Developer,Developer,13.8112,100.3587
Mewsturbo,Bangkok,Thailand,Microstudio,Developer,13.6108,100.5704
Moon Active,Bangkok,Thailand,Mobile,Mobile,13.9122,100.5525
NC True,Bangkok,Thailand,Online,Other,13.6671,100.3472
NOMADIC Games,Bangkok,Thailand,Developer,Developer,13.7153,100.6827
PIGSSS GAMES,Bangkok,Thailand,Developer,Developer,13.907,100.3907
Peakware Studio,Bangkok,Thailand,Developer,Developer,13.5619,100.4758
RingZero Game Studio,Bangkok,Thailand,Developer,Developer,13.8829,100.6589
Rocketlion Studios,Bangkok,Thailand,Developer,Developer,13.7625,100.2894
Tencent,Bangkok,Thailand,Developer and Publisher,Publisher,13.6043,100.6562
VALOFE Thailand,Bangkok,Thailand,Online,Other,13.9717,100.4911
ViquaSoft,Bangkok,Thailand,Developer,Developer,13.5823,100.3539
Zepetto,Bangkok,Thailand,Online,Other,13.7845,100.7352
Sanuk Games,Pak Kret,Thailand,Developer,Developer,13.91179,100.49774
MediaCity Games,Tegucigalpa,Honduras,Developer,Developer,14.0818,-87.20681
NerdyPunkDev,Tegucigalpa,Honduras,Developer,Developer,14.1156,-87.2448
ShaggyBearGames,Luisiana ,Philippines,Developer,Developer,14.185,121.5109
Ranida Games,San Pedro Laguna,Philippines,Developer,Developer,14.3595,121.0473
Breadwork Games,Paranaque City,Philippines,Developer,Developer,14.48156,121.01749
Game Developer Association of the Philippines,Taguig,Philippines,Organization,Other,14.5243,121.0792
The Game Developers Association of the Philippines (GDAP),Taguig,Philippines,Organization,Other,14.5581,121.0411
Altitude Games,Makati City,Philippines,Mobile,Mobile,14.55027,121.03269
Gameloft,Makati City,Philippines,Mobile,Mobile,14.584,120.9946
Kooapps,Makati City,Philippines,Mobile,Mobile,14.4798,121.0391
Overdrive Creative Studios,Makati,Philippines,Developer,Developer,14.619,121.0871
Senshi Labs,Makati City,Philippines,Organization,Other,14.5329,120.931
Quality Level Entertainment,Mandaluyong City,Philippines,Serious Games,Other,14.5832,121.0409
VALOFE Philippines,Pasig City,Philippines,Online,Other,14.58691,121.0614
gumi Asia,Pasig City,Philippines,Online,Other,14.6207,121.0233
Amber,Manila,Philippines,Developer,Developer,14.6042,120.9822
Anino,Manila,Philippines,Mobile,Mobile,14.638,120.9441
Chikon Club,Manila,Philippines,Developer,Developer,14.5338,120.9886
IGDA Guild - De La Salle College of Saint Benilde,Manila,Philippines,Organization,Other,14.6729,121.0367
IGDA Philippines - Manila,Manila,Philippines,Organization,Other,14.5868,120.8804
MEE Games,Manila,Philippines,Incubator/Accelerator,Other,14.5442,121.0797
OnionBlaze,Manila,Philippines,Developer,Developer,14.7225,120.9493
Polychroma Games,Manila,Philippines,Developer,Developer,14.4868,120.9192
Secret 6,Manila,Philippines,Developer,Developer,14.6527,121.1195
Squeaky Wheel,Manila,Philippines,Mobile,Mobile,14.6614,120.8389
Yield Guild Games,Manila,Philippines,Online,Other,14.461,121.0515
Yingyang Mobile,Manila,Philippines,Developer,Developer,14.7624,121.0335
Selva Interactive,Guatemala City,Guatemala,Developer,Developer,14.64072,-90.51327
Monstronauts,Quezon City,Philippines,Developer,Developer,14.6488,121.0509
Game Hub Senegal,Dakar,Senegal,Organization,Other,14.6937,-17.44406
Kayfo Game Studio,Dakar,Senegal,Mobile,Mobile,14.7275,-17.4822
Kayfo Games,Dakar,Senegal,Mobile,Mobile,14.6233,-17.4377
Teranga Game Studio,Dakar,Senegal,Developer,Developer,14.7624,-17.3896
Kiragames,Nakhon Ratchasima,Thailand,Developer,Developer,14.97066,102.10196
Frostwood Interactive,Panaji,India,Developer,Developer,15.49574,73.82624
imissmyfriends.studio,North Goa,India,Developer,Developer,15.55,73.83
FunTap Games,Da Nang,Viet Nam,Developer,Developer,16.06778,108.22083
Gameloft,Da Nang,Viet Nam,Mobile,Mobile,16.1016,108.1825
Ubisoft Da Nang,Da Nang,Viet Nam,Mobile,Mobile,15.9973,108.2273
Kodots Games,Yangon,Myanmar,Developer,Developer,16.80528,96.15611
Studio AMK,Yangon,Myanmar,Mobile,Mobile,16.8391,96.1176
IGDA México - México Sur (Southern),Oaxaca,Mexico,Organization,Other,17.06025,-96.72544
1312 Interactive,Hyderabad,India,Publisher,Publisher,17.38405,78.45636
2Pi Interactive,Hyderabad,India,Developer,Developer,17.4178,78.4177
5th Ocean Studios,Hyderabad,India,Developer,Developer,17.3136,78.4628
AbhiTechGames,Hyderabad,India,Developer,Developer,17.4528,78.5116
BornMonkie,Hyderabad,India,Developer,Developer,17.3666,78.3532
CrazyLabs (Embracer Group),Hyderabad,India,Mobile,Mobile,17.324,78.5552
Destroyer Doggo,Hyderabad,India,Microstudio,Developer,17.5023,78.423
EA Hyderabad (Electronic Arts),Hyderabad,India,Developer,Developer,17.2667,78.3925
Game Developer Association of India (GDAI),Hyderabad,India,Organization,Other,17.4326,78.5956
Gamitronics,Hyderabad,India,Developer,Developer,17.4413,78.3111
Glu Hyderabad (Electronic Arts),Hyderabad,India,Mobile,Mobile,17.2408,78.5266
GoLive Games,Hyderabad,India,Developer,Developer,17.5423,78.5084
Hitwicket,Hyderabad,India,Mobile,Mobile,17.2972,78.2993
IMAGE COE,Hyderabad,India,Incubator/Accelerator,Other,17.3453,78.6409
Kyodai Gameworks,Hyderabad,India,Developer,Developer,17.5371,78.3436
Microsoft Casual Games,Hyderabad,India,Developer and Publisher,Publisher,17.192,78.4303
Nautilus Mobile (Krafton),Hyderabad,India,Mobile,Mobile,17.5129,78.6166
Ogre Head Studio,Hyderabad,India,Mobile,Mobile,17.3926,78.2405
Playin Games,Hyderabad,India,Extended Reality (XR),XR (VR/AR),17.2344,78.6139
Popcap (Electronic Arts),Hyderabad,India,Developer,Developer,17.6018,78.4458
Red Devil Studio,Hyderabad,India,Developer,Developer,17.2124,78.3062
Roach Interactive,Hyderabad,India,Developer,Developer,17.4146,78.6943
Slingshot Games (Electronic Arts),Hyderabad,India,Mobile,Mobile,17.518,78.2546
Street Lamp Games,Hyderabad,India,Developer,Developer,17.1501,78.5115
Studio Noori,Hyderabad,India,Mobile,Mobile,17.5966,78.584
Supercode Games,Hyderabad,India,Mobile,Mobile,17.3081,78.2068
TechnoSkulls,Hyderabad,India,Mobile,Mobile,17.2771,78.6989
YesGnome,Hyderabad,India,Mobile,Mobile,17.6237,78.3513
Zombiefox Studios,Hyderabad,India,Developer,Developer,17.1351,78.3625
Mono Tusk Studios,Visakhapatnam,India,Developer,Developer,17.68009,83.20161
Jamaica Game Developer Society (JGDS),Kingston,Jamaica,Organization,Other,17.99702,-76.79358
Spritewrench,Kingston,Jamaica,Mobile,Mobile,18.0308,-76.8323
PlatanoTeam,Caguas,United States,Developer,Developer,18.2341,-66.0485
Kraniumtivity Games,Aguadilla,United States,Mobile,Mobile,18.4274,-67.1541
Yodo1,Tortola,England,Developer and Publisher,Publisher,18.4286,-64.6185
LED Development Studios,Toa Baja,United States,Developer,Developer,18.444,-66.254
8bit Bosses Studios,San Juan,United States,Developer,Developer,18.46633,-66.10572
Gladius Studios,San Juan,United States,Mobile,Mobile,18.5001,-66.1446
Living Popups,San Juan,United States,Mobile,Mobile,18.3959,-66.0992
Puerto Rico Game Developers Association (PRDGA),San Juan,United States,Organization,Other,18.5351,-66.0502
SRG Studios,San Juan,United States,Developer,Developer,18.4489,-66.2095
VYERSOFT,San Juan,United States,Extended Reality (XR),XR (VR/AR),18.4063,-66.0063
Avian Hearts,Pune,India,Online,Other,18.51957,73.85535
Codemasters QA (Electronic Arts),Pune,India,Developer,Developer,18.5533,73.8165
DopaMind Games,Pune,India,Extended Reality (XR),XR (VR/AR),18.4491,73.8619
EivaaGames,Pune,India,Developer,Developer,18.5883,73.9109
GodSpeed Games,Pune,India,Developer,Developer,18.5022,73.7515
Karma Quest Studio,Pune,India,Developer,Developer,18.4596,73.9548
MadMantra,Pune,India,Mobile,Mobile,18.6378,73.8218
Nautilus Mobile (Krafton),Pune,India,Mobile,Mobile,18.4022,73.791
Nodding Heads Games,Pune,India,Developer,Developer,18.5681,73.9954
Reliance Games,Pune,India,Developer,Developer,18.5768,73.7091
Rolocule Games,Pune,India,Developer,Developer,18.3764,73.926
Sumo Digital,Pune,India,Developer,Developer,18.6778,73.9077
SuperGaming,Pune,India,Mobile,Mobile,18.4327,73.6973
Ubisoft Pune,Pune,India,Developer and Publisher,Publisher,18.4809,74.041
Bit Egg,Chiang Mai,Thailand,Developer,Developer,18.79038,98.98468
Squid Shock Studios,Chiang Mai,Thailand,Developer,Developer,18.8242,98.9457
Rudrac Games,Lukshettipet,India,Developer,Developer,18.86667,79.21667
Amano,Tepoztlan,Mexico,Developer,Developer,18.98622,-99.10051
2think design studio,Puebla,Mexico,Developer,Developer,19.04778,-98.20723
Bromio,Puebla,Mexico,Mobile,Mobile,19.0816,-98.2462
Hammerbyte Games,Puebla,Mexico,Developer,Developer,18.9773,-98.2007
Man-Eater Games,Puebla,Mexico,Developer,Developer,19.1165,-98.1515
Apar Games,Mumbai,India,Mobile,Mobile,19.07283,72.88261
Big Boot Games,Mumbai,India,Developer,Developer,19.1066,72.8436
Centre Court Capital,Mumbai,India,Investment,Other,19.0024,72.8892
CrazyLabs (Embracer Group),Mumbai,India,Mobile,Mobile,19.1416,72.9384
Dot9 Games,Mumbai,India,Developer,Developer,19.0554,72.7784
Drifting Signal Games,Mumbai,India,Developer,Developer,19.0128,72.9824
EMK Capital,Mumbai,India,Investment,Other,19.1911,72.849
Frostwood Interactive,Mumbai,India,Developer,Developer,18.9554,72.8181
Frozen Fire Studio,Mumbai,India,Microstudio,Developer,19.1213,73.0232
FunWave Studio,Mumbai,India,Developer,Developer,19.1301,72.7359
GameEON Studios,Mumbai,India,Developer,Developer,18.9296,72.9535
Games2win,Mumbai,India,Online,Other,19.2311,72.9351
Hobo Interactive,Mumbai,India,Developer,Developer,18.986,72.724
Holy Cow Studio,Mumbai,India,Mobile,Mobile,19.0341,73.0689
Lost Ferry Interactive,Mumbai,India,Developer,Developer,19.2259,72.7688
Macondo Games,Mumbai,India,Developer,Developer,18.8808,72.8563
Mangobits Studio,Mumbai,India,Microstudio,Developer,19.2017,73.0444
Nazara,Mumbai,India,Mobile,Mobile,19.0813,72.6647
Neosphere Interactive,Mumbai,India,Developer,Developer,18.9232,73.0417
Nexus Venture Partners,Mumbai,India,Investment,Other,19.2905,72.872
NileeGames,Mumbai,India,Online,Other,18.9011,72.731
Photon Tadpole Studios,Mumbai,India,Mobile,Mobile,19.1034,73.1229
Play Games 24x7,Mumbai,India,Mobile,Mobile,19.2068,72.6789
Pravin Nikam,Mumbai,India,Developer,Developer,18.8389,72.9383
ProYuga (iB Cricket),Mumbai,India,Extended Reality (XR),XR (VR/AR),19.2854,73.0115
Rendered Ideas,Mumbai,India,Mobile,Mobile,18.9968,72.6306
Shortgun Games,Mumbai,India,Developer,Developer,18.9659,73.1275
Smash Game Studio,Mumbai,India,Mobile,Mobile,19.3125,72.7765
Spiel Studios,Mumbai,India,Mobile,Mobile,18.8239,72.7879
Tara Gaming,Mumbai,India,Developer,Developer,19.1981,73.1348
Team Ocean Games,Mumbai,India,Developer,Developer,19.1426,72.6024
Triple Tap Games (Crazy Labs),Mumbai,India,Mobile,Mobile,18.8387,73.0419
Ubisoft Mumbai,Mumbai,India,Developer and Publisher,Publisher,19.3516,72.9333
Uniplay Digital Games,Mumbai,India,Developer,Developer,18.897,72.6423
underDOGS Studio,Mumbai,India,Developer,Developer,19.0488,73.19
ChuChu Games,Thane,India,Serious Games,Other,19.19704,72.96355
Redline Games,Thane,India,Mobile,Mobile,19.2308,72.9245
Code 91,Toluca,Mexico,Mobile,Mobile,19.28786,-99.65324
Gamebee Studio,Bhayandar West,India,Developer,Developer,19.30157,72.85107
Squad,Condesa,Mexico,Developer,Developer,19.412,-99.174
Ackosmic Games,Mexico City,Mexico,Developer,Developer,19.42847,-99.12766
Bit All Force,Mexico City,Mexico,Developer,Developer,19.4622,-99.1668
Chundos Studio,Mexico City,Mexico,Developer,Developer,19.358,-99.1211
Etermax,Mexico City,Mexico,Mobile,Mobile,19.4972,-99.0718
Fayer Dev,Mexico City,Mexico,Developer,Developer,19.4111,-99.2321
Fuxcorp,Mexico City,Mexico,Developer,Developer,19.3685,-99.0276
Gameloft,Mexico City,Mexico,Mobile,Mobile,19.5467,-99.1614
Hyperbeard Games,Mexico City,Mexico,Mobile,Mobile,19.3111,-99.1923
IGDA Mexico - UP (Universidad Panamericana),Mexico City,Mexico,Organization,Other,19.477,-98.9868
Infinity Ward (Activision),Mexico City,Mexico,Developer,Developer,19.4857,-99.2747
Inmersys,Mexico City,Mexico,Developer,Developer,19.2853,-99.0566
Ivan Aco,Mexico City,Mexico,Developer,Developer,19.5867,-99.075
Kokonut Studio,Mexico City,Mexico,Developer,Developer,19.3416,-99.2866
La Asociacion Mexicana de Videojuegos (AMEXVID),Mexico City,Mexico,Organization,Other,19.3898,-98.941
Mácula Interactive,Mexico City,Mexico,Developer,Developer,19.5815,-99.2418
Navegante,Mexico City,Mexico,Developer,Developer,19.2364,-99.154
Riot Games,Mexico City,Mexico,Online,Other,19.5574,-98.9655
SDPlay,Mexico City,Mexico,Mobile,Mobile,19.437,-99.3461
Scopely,Mexico City,Mexico,Publisher,Publisher,19.2788,-98.9682
Slang,Mexico City,Mexico,Publisher,Publisher,19.6462,-99.1383
The Dreamerians,Tetenco,Mexico,Developer,Developer,19.2568,-99.2796
WASD Estudio,Mexico City,Mexico,Extended Reality (XR),XR (VR/AR),19.459,-98.8869
Wabisabi Games,Mexico City,Mexico,Developer,Developer,19.5624,-99.3318
WashaWasha,Mexico City,Mexico,Serious Games,Other,19.1945,-99.0719
Fifth Mountain Studios,Xalapa,Mexico,Mobile,Mobile,19.53124,-96.91589
Mecha Studios,Xalapa,Mexico,Developer,Developer,19.565,-96.955
Ectoplasma Game Studio,Morelia,Mexico,Developer,Developer,19.70078,-101.18443
Evil Geometry,Morelia,Mexico,Developer,Developer,19.7346,-101.2236
GauravGo Games Technologies,Puri,India,Developer,Developer,19.79825,85.82494
Studio Oleomingus,Chala,India,Developer,Developer,20.39,72.91
Dahlia Academia,Queretaro,Mexico,Microstudio,Developer,20.58806,-100.38806
Nel Pastel,Queretaro,Mexico,Developer,Developer,20.6218,-100.4274
Seashell Studio,Queretaro,Mexico,Developer,Developer,20.5176,-100.3815
Pink Bear Games,Playa del Carmen,Mexico,Developer,Developer,20.6274,-87.07987
2D Nutz,Guadalajara,Mexico,Developer,Developer,20.67738,-103.34749
Age of Learning,Guadalajara,Mexico,Serious Games,Other,20.7112,-103.3869
Amber,Guadalajara,Mexico,Developer,Developer,20.6069,-103.3409
Ansimuz Games,Guadalajara,Mexico,Developer,Developer,20.7461,-103.2912
Carbon Machina,Guadalajara,Mexico,Developer,Developer,20.66,-103.4527
Feline Arts,Guadalajara,Mexico,Developer,Developer,20.6174,-103.2467
Focka Games,Guadalajara,Mexico,Developer,Developer,20.7957,-103.3815
Gameloft,Guadalajara,Mexico,Mobile,Mobile,20.56,-103.4127
Larva Game Studios,Guadalajara,Mexico,Developer,Developer,20.7259,-103.2055
Magic Leap,Guadalajara,Mexico,Extended Reality (XR),XR (VR/AR),20.7346,-103.4957
Merlino Games,Guadalajara,Mexico,Developer,Developer,20.5342,-103.2759
Novemtails,Guadalajara,Mexico,Developer,Developer,20.8356,-103.2944
1 Simple Game,Zapopan,Mexico,Developer,Developer,20.72111,-103.38742
Halberd Studios,Zapopan,Mexico,Developer,Developer,20.7549,-103.4268
Neverending Games,Zapopan,Mexico,Mobile,Mobile,20.6507,-103.3808
HumaNature Studios,Lahaina,United States,Developer,Developer,20.87526,-156.67982
Cometa Games,Merida,Mexico,Developer,Developer,20.967,-89.62318
Mismatch Studio,Merida,Mexico,Developer,Developer,21.0008,-89.6627
Mum Not Proud,Merida,Mexico,Mobile,Mobile,20.8966,-89.6166
RCK Games,Merida,Mexico,Developer,Developer,21.0357,-89.5668
Game Coder Studios,Guanajuato,Mexico,Developer,Developer,21.01858,-101.2591
ABI Game Studio,Hanoi,Viet Nam,Developer and Publisher,Publisher,21.0245,105.84117
Bagelcode,Hanoi,Viet Nam,Mobile,Mobile,21.0583,105.8017
CrazyLabs (Embracer Group),Hanoi,Viet Nam,Mobile,Mobile,20.9541,105.8478
DeNA Hanoi,Hanoi,Viet Nam,Online,Other,21.0932,105.8976
FunTap Games,Hanoi,Viet Nam,Online,Other,21.0071,105.7357
Gameloft,Hanoi,Viet Nam,Mobile,Mobile,20.9645,105.9422
Koei Tecmo Vietnam,Hanoi,Viet Nam,Developer and Publisher,Publisher,21.1428,105.8071
Vietnam Game Developers Association (VGDA),Hanoi,Viet Nam,Organization,Other,20.9071,105.7758
GameCoder Studios,Leon,Mexico,Developer,Developer,21.12183,-101.68253
Borland Games,Cancun,Mexico,Developer,Developer,21.17429,-86.84656
Cipherhex Technology,Surat,India,Developer,Developer,21.19594,72.83023
Keshava Games,Surat,India,Mobile,Mobile,21.2297,72.7907
Interstel Technologies,Honolulu,United States,Developer,Developer,21.30694,-157.85833
KOMODO Hawai’i,Honolulu,United States,Developer and Publisher,Publisher,21.3407,-157.8979
Silver Spook Games,Honolulu,United States,Developer,Developer,21.2365,-157.8517
Tetris Holding,Honolulu,United States,Developer,Developer,21.3757,-157.8018
Studio Furukawa,Mililani,United States,Mobile,Mobile,21.4504,-158.01503
Evolite Studio,Jeddah,Saudi Arabia,Developer,Developer,21.49012,39.18624
GameIT,Jeddah,Saudi Arabia,Serious Games,Other,21.5239,39.1466
Majestic Mind Games,Jeddah,Saudi Arabia,Developer,Developer,21.4197,39.1929
Bearboy Studios,Tepic,Mexico,Developer,Developer,21.50733,-104.89332
Ogre Pixel,Aguascalientes,Mexico,Developer,Developer,21.88262,-102.2843
Conifer Games,Macau,China,Mobile,Mobile,22.1987,113.5439
MINDFIG,Rajkot,India,Mobile,Mobile,22.29161,70.79322
TheAppGuruz,Rajkot,India,Mobile,Mobile,22.3254,70.7534
Faelight Games,Vadodara,India,Mobile,Mobile,22.29941,73.20812
37 Games,Hong Kong,China,Online,Other,22.3193,114.1694
6waves,Hong Kong,China,Mobile,Mobile,22.3531,114.1295
Animoca Brands,Hong Kong,China,Investment,Other,22.2489,114.1761
Another Indie,Hong Kong,China,Publisher,Publisher,22.388,114.2264
Aquila Interactive,Hong Kong,China,Developer and Publisher,Publisher,22.3019,114.063
Arrowiz,Hong Kong,China,Developer and Publisher,Publisher,22.2593,114.2714
Bandai Namco Entertainment HK,Hong Kong,China,Publisher,Publisher,22.4376,114.135
BeingAI,Hong Kong,China,Mobile,Mobile,22.2019,114.1035
Big Bang Accelerator,Hong Kong,China,Incubator/Accelerator,Other,22.3678,114.313
Billionsoft,Hong Kong,China,Investment,Other,22.3765,114.0195
CE-Asia,Hong Kong,China,Publisher,Publisher,22.1761,114.2418
Capcom Asia,Hong Kong,China,Publisher,Publisher,22.4775,114.223
Circle Entertainment,Hong Kong,China,Publisher,Publisher,22.2325,114.0074
Cyberport,Hong Kong,China,Incubator/Accelerator,Other,22.2806,114.3597
Delta Vision Games,Hong Kong,China,Mobile,Mobile,22.4723,114.0531
Eastasiasoft,Hong Kong,China,Developer and Publisher,Publisher,22.1273,114.1425
Fight4Dream,Hong Kong,China,Mobile,Mobile,22.4482,114.3347
GRAVITY GAME VISION,Hong Kong,China,Publisher,Publisher,22.3278,113.9467
Gameloft,Hong Kong,China,Mobile,Mobile,22.1697,114.3319
GigaMedia,Hong Kong,China,Developer and Publisher,Publisher,22.537,114.1585
HK Ten Tree,Hong Kong,China,Mobile,Mobile,22.1476,114.0145
Koch Media,Hong Kong,China,Publisher,Publisher,22.3499,114.4149
Konami Digital Entertainment,Hong Kong,China,Publisher,Publisher,22.4532,113.9613
Magic Leap,Hong Kong,China,Extended Reality (XR),XR (VR/AR),22.0854,114.2263
Mechanist Games,Hong Kong,China,Publisher,Publisher,22.5318,114.301
NEX Team,Hong Kong,China,Mobile,Mobile,22.2433,113.9119
Nuverse (ByteDance),Hong Kong,China,Mobile,Mobile,22.2124,114.4196
PLAYSTUDIOS,Hong Kong,China,Developer,Developer,22.559,114.061
Puzzle Loft,Hong Kong,China,Developer,Developer,22.0703,114.0726
Regal Pigeon,Hong Kong,China,Microstudio,Developer,22.4446,114.427
Riot Games,Hong Kong,China,Online,Other,22.3891,113.8831
S-GAME,Hong Kong,China,Developer,Developer,22.0851,114.3322
Sandbox VR,Hong Kong,China,Extended Reality (XR),XR (VR/AR),22.5981,114.2212
SoonLab,Hong Kong,China,Developer,Developer,22.1434,113.9239
Surefire Games,Hong Kong,China,Publisher,Publisher,22.2952,114.4835
Tencent,Hong Kong,China,Developer and Publisher,Publisher,22.5364,113.9523
The Hong Kong Digital Entertainment Association (HKDEA),Hong Kong,China,Organization,Other,22.0193,114.171
Ujoy Games,Hong Kong,China,Mobile,Mobile,22.5446,114.3903
VALOFE Hong Kong,Hong Kong,China,Online,Other,22.2909,113.8376
Yodo1,Hong Kong,China,Mobile,Mobile,22.1305,114.4383
Digital Bros China,Shenzhen,China,Publisher,Publisher,22.54554,114.0683
Game Science Studio,Shenzen,China,Developer,Developer,22.5793,114.0284
Gameloft,Shenzhen,China,Online,Other,22.4751,114.075
Han-Squirrel Studio,Shenzhen,China,Developer,Developer,22.6143,114.1254
Hi-Rez Studios,Shenzhen,China,Online,Other,22.5281,113.9617
IGDA China - Shenzhen,Shenzhen,China,Organization,Other,22.4855,114.1704
Indie Ark (Yaozuo Games),Shenzhen,China,Publisher,Publisher,22.6638,114.0339
IndieArk,Shenzhen,China,Developer,Developer,22.4281,114.0023
Lightning Games,Shenzhen,China,Publisher,Publisher,22.5941,114.2121
Morefun Studio (Tencent),Shenzen,China,Developer and Publisher,Publisher,22.6028,113.9182
Tencent,Shenzhen,China,Developer and Publisher,Publisher,22.4023,114.1409
TiMi Studios (Tencent),Shenzen,China,Developer,Developer,22.7038,114.122
vDesign,Shenzhen,China,Extended Reality (XR),XR (VR/AR),22.4587,113.906
Advaita Interactive,Kolkata,India,Developer,Developer,22.56263,88.36304
Flying Robot Studios,Kolkata,India,Developer,Developer,22.5964,88.3231
Funcell Games,Kolkata,India,Developer,Developer,22.4922,88.3697
ReVR Games,Kolkata,India,Developer,Developer,22.6314,88.4201
Stupidly Good Studios,Kolkata,India,Developer,Developer,22.5452,88.2564
Unquittable Studios,Kolkata,India,Developer,Developer,22.5026,88.4652
FTFS Studio,Indore,India,Developer,Developer,22.71792,75.8333
ZherBlast,Indore,India,Microstudio,Developer,22.7517,75.7933
Flying Ants Studios,Jamshedpur,India,Mobile,Mobile,22.80278,86.18545
ClusterFame Games,Ahmedabad,India,Developer,Developer,23.02579,72.58727
Coffee For Two,Ahmedabad,India,Online,Other,23.0596,72.5472
Masala Games,Ahmedabad,India,Developer,Developer,22.9554,72.594
NikSan Tech,Ahmedabad,India,Mobile,Mobile,23.0945,72.6445
Omnaya Studios,Ahmedabad,India,Microstudio,Developer,23.0084,72.4803
Zatun,Ahmedabad,India,Developer,Developer,22.9658,72.6898
ZudoLabs,Ahmedabad,India,Publisher,Publisher,23.1441,72.5527
37 Games,Guangzhou,China,Online,Other,23.11667,113.25
Forgame Tech,Guangzhou,China,Online,Other,23.1504,113.2099
Kuro Games,Guangzhou,China,Developer,Developer,23.0462,113.2567
NetEase Games,Guangzhou,China,Mobile,Mobile,23.1854,113.3073
RaStar Studio,Guangzhou,China,Mobile,Mobile,23.0993,113.1429
Vsoo Games,Guangzhou,China,Publisher,Publisher,23.0567,113.3526
EnsenaSoft,Mazatlan,Mexico,Developer and Publisher,Publisher,23.22163,-106.41885
Thunder Game Studios,Bhuj Kutch,India,Developer,Developer,23.242,69.6669
Inventix Games,Muscat,Oman,Mobile,Mobile,23.58413,58.40778
B-Deshi Interactive,Dhaka,Bangladesh,Developer,Developer,23.7104,90.40744
Battery Low Interactive,Dhaka,Bangladesh,Developer,Developer,23.7442,90.3672
IGDA Bangladesh,Dhaka,Bangladesh,Organization,Other,23.64,90.4142
M7 Productions,Dhaka,Bangladesh,Developer,Developer,23.7791,90.465
One Thumb Games,Dhaka,Bangladesh,Mobile,Mobile,23.693,90.2999
Runewalker,Taichung,Taiwan,Online,Other,24.1469,120.6839
WANIN International,Taichung,Taiwan,Developer and Publisher,Publisher,24.1807,120.6435
Abu Dhabi Gaming,Abu Dhabi,United Arab Emirates,Organization,Other,24.45118,54.39696
After Work Games,Abu Dhabi,United Arab Emirates,Mobile,Mobile,24.485,54.3565
Dizzaract Studio,Abu Dhabi,United Arab Emirates,Online,Other,24.3807,54.4038
Falafel Games,Abu Dhabi,United Arab Emirates,Developer and Publisher,Publisher,24.5199,54.4548
Hypemasters,Abu Dhabi,United Arab Emirates,Developer,Developer,24.4338,54.2888
Jawaker,Abu Dhabi,United Arab Emirates,Online,Other,24.3912,54.5006
Mamboo,Abu Dhabi,United Arab Emirates,Publisher,Publisher,24.5695,54.362
Mamboo Entertainment,Abu Dhabi,United Arab Emirates,Mobile,Mobile,24.3338,54.33
Red Dunes Games,Abu Dhabi,United Arab Emirates,Developer,Developer,24.4997,54.5429
Ubisoft Abu Dhabi,Abu Dhabi,United Arab Emirates,Developer and Publisher,Publisher,24.5084,54.2446
YallaPlay,Abu Dhabi,United Arab Emirates,Mobile,Mobile,24.308,54.4706
Mechanist Games,Xiamen,China,Publisher,Publisher,24.47979,118.08187
Outact,Xiamen,China,Developer,Developer,24.5136,118.0414
Veewo Games,Xiamen,China,Developer,Developer,24.4094,118.0887
Whispergames,Xiamen,China,Publisher,Publisher,24.5485,118.1398
Ash Games Studio,Riyadh,Saudi Arabia,Developer,Developer,24.68773,46.72185
BrandXR,Riyadh,Saudi Arabia,Extended Reality (XR),XR (VR/AR),24.7215,46.6813
Classy Games,Riyadh,Saudi Arabia,Developer,Developer,24.6173,46.7287
Edge of the World Studios,Riyadh,Saudi Arabia,Developer,Developer,24.7565,46.7798
Exel by Merak,Riyadh,Saudi Arabia,Incubator/Accelerator,Other,24.6703,46.6135
FLOATY,Riyadh,Saudi Arabia,Developer,Developer,24.6277,46.8257
Game Founders,Riyadh,Saudi Arabia,Incubator/Accelerator,Other,24.806,46.6869
IGDA Kingdom of Saudi Arabia Chapter,Riyadh,Saudi Arabia,Organization,Other,24.5703,46.6547
Lunacy Studios,Riyadh,Saudi Arabia,Developer,Developer,24.7362,46.8681
Nomadroid,Riyadh,Saudi Arabia,Developer,Developer,24.745,46.5693
Sandsoft Games,Riyadh,Saudi Arabia,Developer and Publisher,Publisher,24.5445,46.7956
Savvy Games Group,Riyadh,Saudi Arabia,Investment,Other,24.846,46.7765
Semaphore,Riyadh,Saudi Arabia,Developer,Developer,24.6009,46.5569
Spoilz,Riyadh,Saudi Arabia,Mobile,Mobile,24.649,46.9156
Starvania Studio,Riyadh,Saudi Arabia,Developer,Developer,24.8408,46.6034
Steer Studios (Savvy),Riyadh,Saudi Arabia,Developer,Developer,24.4957,46.6945
Stellar Gate Games (NetEase and Sandsoft),Riyadh,Saudi Arabia,Publisher,Publisher,24.8166,46.8902
Symmetric Studio,Riyadh,Saudi Arabia,Extended Reality (XR),XR (VR/AR),24.6962,46.4951
Table Knight Games,Riyadh,Saudi Arabia,Mobile,Mobile,24.5381,46.8873
TakaHouse Games Studio,Riyadh,Saudi Arabia,Mobile,Mobile,24.9054,46.7108
TeKore Studio,Riyadh,Saudi Arabia,Developer,Developer,24.516,46.5642
Twenty Ninety Creative,Riyadh,Saudi Arabia,Microstudio,Developer,24.7183,46.9718
UMX Studio,Riyadh,Saudi Arabia,Mobile,Mobile,24.8217,46.51
Up One Games,Riyadh,Saudi Arabia,Developer,Developer,24.4538,46.7798
UpOne Games,Riyadh,Saudi Arabia,Developer,Developer,24.9003,46.8559
Weirdbunch Entertainment,Riyadh,Saudi Arabia,Developer,Developer,24.6117,46.4597
CreSpirit,Zhubei City,Taiwan,Developer,Developer,24.83833,121.00778
Big Wolf Games,Karachi,Pakistan,Developer and Publisher,Publisher,24.8608,67.0104
Elomelo Games,Khadimnagar,Bangladesh,Developer,Developer,24.95,91.95
Killpixel,Tavernier,United States,Developer,Developer,25.01152,-80.51506
37 Games,Taipei,Taiwan,Online,Other,25.05306,121.52639
Amber,Taipei,Taiwan,Developer,Developer,25.0868,121.4857
Auer New Media,Taipei,Taiwan,Mobile,Mobile,24.9826,121.5332
Bandai Namco Entertainment Taiwan,Taipei,Taiwan,Publisher,Publisher,25.1218,121.5846
Bearbone Studio,Taipei,Taiwan,Online,Other,25.0356,121.4177
Blizzard Entertainment,Taipei,Taiwan,Developer,Developer,24.9931,121.6305
Capcom Taiwan,Taipei,Taiwan,Publisher,Publisher,25.1713,121.4913
DIT Startup,Taipei,Taiwan,Incubator/Accelerator,Other,24.9357,121.4591
Dusklight Games (Dusklight CO. LTD.),Taipei,Taiwan,Developer,Developer,25.1016,121.673
FUnique VR Studio,Taipei,Taiwan,Extended Reality (XR),XR (VR/AR),25.1103,121.3733
GRAVITY COMMUNICATIONS,Taipei,Taiwan,Online,Other,24.9099,121.6004
Gameloft,Taipei,Taiwan,Mobile,Mobile,25.2113,121.5812
GigaMedia,Taipei,Taiwan,Developer and Publisher,Publisher,24.9662,121.361
Grid Sage Games,Taipei,Taiwan,Developer,Developer,25.0144,121.7207
HyperBot Studio,Taipei,Taiwan,Extended Reality (XR),XR (VR/AR),25.2061,121.4076
IGDA Taiwan,Taipei,Taiwan,Organization,Other,24.861,121.4989
Lager Interactive,Taipei,Taiwan,Online,Other,25.1819,121.6952
NC Taiwan,Taipei,Taiwan,Online,Other,25.0616,121.299
Neon Doctrine,Taipei,Taiwan,Publisher,Publisher,24.9034,121.6924
Papergames,Taipei,Taiwan,Developer,Developer,25.2708,121.5153
Psychoflow Studios,Taipei,Taiwan,Developer,Developer,24.8814,121.3682
Rayark,Taipei,Taiwan,Mobile,Mobile,25.0836,121.7771
Red Candle Games,Taipei,Taiwan,Developer,Developer,25.187,121.3139
RefiCHL,Taipei,Taiwan,Microstudio,Developer,24.8191,121.5845
Riot Games,Taipei,Taiwan,Online,Other,25.2656,121.6608
SIGONO,Taipei,Taiwan,Developer,Developer,24.9771,121.2635
Seed Studio,Taipei,Taiwan,Developer,Developer,24.9461,121.7819
Silver Lining Studio,Taipei,Taiwan,Developer,Developer,25.2927,121.4157
Softstar Entertainment,Taipei,Taiwan,Developer and Publisher,Publisher,24.8041,121.4275
Starry Seaweed Game Studio,Taipei,Taiwan,Microstudio,Developer,25.1783,121.7895
Sunhead Games,Taipei,Taiwan,Developer,Developer,25.1229,121.2341
Tencent Taipei,Taipei,Taiwan,Developer and Publisher,Publisher,24.8189,121.6926
Toii,Taipei,Taiwan,Developer,Developer,25.3318,121.5793
WANIN International,Taipei,Taiwan,Developer and Publisher,Publisher,24.8772,121.2757
WEBZEN Taiwan,Taipei,Taiwan,Online,Other,25.029,121.8471
Wargaming Taipei,Taipei,Taiwan,Online,Other,25.2702,121.3047
maJAJa,Taipei,Taiwan,Developer,Developer,24.7531,121.528
Kooapps,New Taipei City,Taiwan,Mobile,Mobile,25.06199,121.45703
USERJOY Games,New Taipei City,Taiwan,Developer,Developer,25.0958,121.4163
WINKING ENTERTAINMENT,New Taipei City,Taiwan,Developer,Developer,24.9916,121.4639
Azur Games,Dubai,United Arab Emirates,Developer,Developer,25.07725,55.30927
Babil Games (Stillfront Group),Dubai,United Arab Emirates,Developer and Publisher,Publisher,25.111,55.2686
Bedaoius,Dubai,United Arab Emirates,Mobile,Mobile,25.0068,55.3161
Brightika,Dubai,United Arab Emirates,Publisher,Publisher,25.146,55.3674
Classy Games,Dubai,United Arab Emirates,Developer,Developer,25.0598,55.2006
Dimension11 Studios,Dubai,United Arab Emirates,Developer,Developer,25.0172,55.4134
Drake Star Partners,Dubai,United Arab Emirates,Investment,Other,25.1955,55.2742
Dubai Multi Commodities Centre (DMCC) Gaming Centre,Dubai,United Arab Emirates,Organization,Other,24.9599,55.242
FitNot Games,Dubai,United Arab Emirates,Developer,Developer,25.1258,55.4559
GDev.ae,Dubai,United Arab Emirates,Organization,Other,25.1345,55.1562
Galactic Entertainment,Dubai,United Arab Emirates,Developer and Publisher,Publisher,24.934,55.3833
Game Power 7,Dubai,United Arab Emirates,Online,Other,25.2355,55.3641
Gameloft,Dubai,United Arab Emirates,Mobile,Mobile,24.9904,55.1438
Gem Capital,Dubai,United Arab Emirates,Investment,Other,25.0385,55.5037
Good Morning Games,Dubai,United Arab Emirates,Mobile,Mobile,25.2303,55.1905
Jet Games,Dubai,United Arab Emirates,Mobile,Mobile,24.8852,55.2818
Kashkool Games,Dubai,United Arab Emirates,Developer,Developer,25.2061,55.4781
Kedoo Entertainment,Dubai,United Arab Emirates,Publisher,Publisher,25.0858,55.0819
Lilyxgame,Dubai,United Arab Emirates,Mobile,Mobile,24.9276,55.4753
Medrick FZE,Dubai,United Arab Emirates,Publisher,Publisher,25.295,55.2982
Nazara,Dubai,United Arab Emirates,Mobile,Mobile,24.9056,55.1511
ONEMT,Dubai,United Arab Emirates,Publisher,Publisher,25.1078,55.56
Playgama,Dubai,United Arab Emirates,Online,Other,25.2112,55.0967
TAPCLAP,Dubai,United Arab Emirates,Online,Other,24.8433,55.3674
Tarboosh Games,Dubai,United Arab Emirates,Developer and Publisher,Publisher,25.2898,55.4437
Zerofour,Dubai,United Arab Emirates,Mobile,Mobile,25.0013,55.0463
Space Crescent,Doha,Qatar,Developer and Publisher,Publisher,25.28545,51.53096
We the Force,Saltillo,Mexico,Developer,Developer,25.42595,-100.97963
Alice Games FZE,Umm Al Quwain,United Arab Emirates,Mobile,Mobile,25.56473,55.55517
Gear Games,Umm Al Quwain,United Arab Emirates,Mobile,Mobile,25.5985,55.5143
Code/Art,Pinecrest,United States,Organization,Other,25.66705,-80.30811
ReDimension,Nagaland,India,Developer,Developer,25.6751,94.1086
Alebrije Estudios,Monterrey,Mexico,Developer,Developer,25.68435,-100.31721
IGDA México - México Norte (Northern),Monterrey,Mexico,Organization,Other,25.7181,-100.3581
Kinali Works,Monterrey,Mexico,Developer,Developer,25.6139,-100.3104
Salem Electronica,Monterrey,Mexico,Developer,Developer,25.7531,-100.2587
baKno,Key Biscayne,United States,Developer,Developer,25.69371,-80.16282
AEXLAB,Miami,United States,Extended Reality (XR),XR (VR/AR),25.77427,-80.19366
Big Duck Games,Miami,United States,Mobile,Mobile,25.808,-80.2346
Brandible Games,Miami,United States,Mobile,Mobile,25.7038,-80.1868
CNG Studios,Miami,United States,Developer,Developer,25.843,-80.1351
Candywriter (Stillfront Group),Miami,United States,Mobile,Mobile,25.7569,-80.303
Codebell,Miami,United States,Mobile,Mobile,25.7143,-80.0889
Enigma Games,Miami,United States,Developer,Developer,25.8925,-80.229
Faraway,Miami,United States,Social,Other,25.6569,-80.2614
Funny Tales,Miami,United States,Developer,Developer,25.8228,-80.0461
Good War Games,Miami,United States,Developer,Developer,25.8315,-80.3476
Innovecs Games,Miami,United States,Developer,Developer,25.6311,-80.1192
Jungle Robots,Miami,United States,Publisher,Publisher,25.9325,-80.1385
KefSensei Studios,Miami,United States,Developer,Developer,25.6874,-80.3601
Knight Shift Games,Miami,United States,Developer,Developer,25.7356,-79.9981
Lima Sky,Miami,United States,Mobile,Mobile,25.9273,-80.3131
MediaSpark,Miami,United States,Serious Games,Other,25.5822,-80.2213
Motorsport Games,Miami,United States,Developer and Publisher,Publisher,25.9032,-80.0238
NotionTheory,Miami,United States,Extended Reality (XR),XR (VR/AR),25.7828,-80.4224
Parafield Studios,Miami,United States,Developer,Developer,25.6246,-80.0267
Shiver Entertainment (Nintendo),Miami,United States,Developer,Developer,25.992,-80.2048
Slang,Miami,United States,Publisher,Publisher,25.6026,-80.3528
Slashkey,Miami,United States,Online,Other,25.8048,-79.9415
Summitsphere,Miami,United States,Developer,Developer,25.9082,-80.4074
Talegames,Miami,United States,Developer,Developer,25.5403,-80.1352
Visionaries,Ras al Khaimah,United Arab Emirates,Developer,Developer,25.78953,55.9432
3000AD,Aventura,United States,Developer,Developer,25.95648,-80.13921
Game Artists,Pembroke Pines,United States,Developer,Developer,26.00315,-80.22394
Sun and Thunder,Hollywood,United States,Developer,Developer,26.0112,-80.14949
ZiMAD,Hollywood,United States,Developer,Developer,26.045,-80.1905
2P Games,Fuzhou,China,Publisher,Publisher,26.06139,119.30611
NetDragon,Fuzhou,China,Online,Other,26.0952,119.2651
NetDragon Websoft,Fuzhou,China,Investment,Other,25.991,119.313
HELM Systems,Weston,United States,Developer,Developer,26.10037,-80.39977
Foundry IV,Fort Lauderdale,United States,Developer,Developer,26.12231,-80.14338
Xennial,Fort Lauderdale,United States,Serious Games,Other,26.1561,-80.1844
Interactive Metronome,Sunrise,United States,Health,Other,26.13397,-80.1131
Magic Leap,Plantation,United States,Extended Reality (XR),XR (VR/AR),26.13421,-80.23184
AVEN Games,Naples,United States,Developer and Publisher,Publisher,26.14234,-81.79596
OptimaEd,Naples,United States,Serious Games,Other,26.1761,-81.837
Saikat Deb Creations,Gotanagar,India,Microstudio,Developer,26.174,91.695
Fred Da Dead Productions,Manama,Bahrain,Microstudio,Developer,26.22787,50.58565
Happiest Dark Corner,Manama,Bahrain,Developer,Developer,26.2616,50.5446
Regnum Studio,Manama,Bahrain,Developer,Developer,26.1574,50.5925
Ikshvaku Labs,Gwalior,India,Developer,Developer,26.22983,78.17337
IGDA Texas - UTRGV (UT Rio Grande Valley),Edinburg,United States,Organization,Other,26.30174,-98.16334
Clockwork Elements,Parkland,United States,Developer,Developer,26.31008,-80.23727
Createdelic,Boca Raton,United States,Developer,Developer,26.35869,-80.0831
IGDA Florida - Florida Atlantic University (FAU),Boca Raton,United States,Organization,Other,26.3925,-80.1242
Misfits Gaming Group,Boca Raton,United States,Developer,Developer,26.2883,-80.0762
Senatis,Boca Raton,United States,Developer,Developer,26.4274,-80.0243
Uni Dreams,Boca Raton,United States,Developer,Developer,26.3413,-80.193
Light Studio,Qatif,Saudi Arabia,Mobile,Mobile,26.56542,50.0089
Jurassic Sunset Games,West Palm Beach,United States,Developer,Developer,26.71534,-80.05337
AcharyaShri Games,Lucknow,India,Social,Other,26.83928,80.92313
ArkaForge,Lucknow,India,Developer,Developer,26.8731,80.8818
DreamNovaStudio,Lucknow,India,Mobile,Mobile,26.7688,80.9301
HeatDeathStudio,Jaipur,India,Developer,Developer,26.91962,75.78781
Pyrodactyl,Jaipur,India,Developer,Developer,26.9534,75.7465
Combat Waffle Studios,North Port,United States,Developer,Developer,27.04422,-82.23593
Mografi,Sarasota,United States,Developer,Developer,27.33643,-82.53065
Dexter Team Games,Bradenton,United States,Developer,Developer,27.49893,-82.57482
Paracosma,Kathmandu,Nepal,Extended Reality (XR),XR (VR/AR),27.70169,85.3206
Staerella Interactive Entertainment,Saint Petersburg,United States,Developer,Developer,27.77086,-82.67927
Artix Entertainment,Tampa,United States,Developer,Developer,27.94752,-82.45843
Autumn Games,Tampa,United States,Publisher,Publisher,27.9813,-82.5002
Half Human Games,Tampa,United States,Developer,Developer,27.8771,-82.4514
Immertec,Tampa,United States,Serious Games,Other,28.0162,-82.3988
Isotope 244,Tampa,United States,Developer,Developer,27.9301,-82.5699
Materia Magica,Tampa,United States,Online,Other,27.8875,-82.3516
Minimin,Tampa,United States,Microstudio,Developer,28.0658,-82.4944
Nonnobis Games,Tampa,United States,Developer,Developer,27.8301,-82.5275
Pearacidic Games,Tampa,United States,Developer,Developer,27.996,-82.3081
Rehametrics,Tampa,United States,Health,Other,28.0048,-82.6154
Level Up Accelerator,Neom,Saudi Arabia,Incubator/Accelerator,Other,28.0,35.2
Skunkape Interactive,Lakeland,United States,Developer,Developer,28.03947,-81.9498
Broken Bird Games,Las Palmas de Gran Canaria,Spain,Developer,Developer,28.10178,-15.41573
Daydream Software,Las Palmas de Gran Canaria,Spain,Developer,Developer,28.1356,-15.4575
Nieko,Las Palmas de Gran Canaria,Spain,Developer,Developer,28.0313,-15.4087
Orbisnauta,Las Palmas de Gran Canaria,Spain,Serious Games,Other,28.1705,-15.356
Quantum Box Games,Las Palmas de Gran Canaria,Spain,Developer,Developer,28.0844,-15.5274
Rising Pixel,Las Palmas de Gran Canaria,Spain,Developer,Developer,28.0418,-15.3088
Singular Factory,Las Palmas de Gran Canaria,Spain,Serious Games,Other,28.2201,-15.4518
Magic Find Studios,Lutz,United States,Developer,Developer,28.15112,-82.46148
PlayMedusa,Fasnia,Spain,Developer,Developer,28.23638,-16.43886
Flat2VR Studios (Impact Reality),Wesley Chapel,United States,Extended Reality (XR),XR (VR/AR),28.23973,-82.32787
Theory Studios,Kissimmee,United States,Developer,Developer,28.30468,-81.41667
Big Blue Sky,San Antonio,United States,Developer,Developer,28.33611,-82.27453
Firebrand Games,Merritt Island,United States,Developer,Developer,28.359,-80.69
Rarepixels,Puerto de la Cruz,Spain,Mobile,Mobile,28.41686,-16.55085
Appsoleut Games,Gurgaon,India,Mobile,Mobile,28.4601,77.02635
Dunali Games,Gurgaon,India,Developer,Developer,28.4939,76.9844
Elevation Capital,Gurgaon,India,Investment,Other,28.3897,77.0334
Gamezop,Gurgaon,India,Developer,Developer,28.5288,77.0863
Junglee Games,Gurugram,India,Mobile,Mobile,28.4427,76.9143
Lumikai,Gurgaon,India,Investment,Other,28.4001,77.1337
RI Game Studio (RIGS),Gurugram,India,Developer,Developer,28.5784,76.9902
Canary Islands Games,Santa Cruz de Tenerife,Spain,Organization,Other,28.46824,-16.25462
Drakhar Studio,Santa Cruz de Tenerife,Spain,Developer,Developer,28.502,-16.2966
Foxter Studio,Santa Cruz de Tenerife,Spain,Developer,Developer,28.3978,-16.2476
Moonmana,Santa Cruz de Tenerife,Spain,Developer,Developer,28.537,-16.1947
Nintai Studios,Santa Cruz de Tenerife,Spain,Developer,Developer,28.4508,-16.3666
No Brakes Games,Santa Cruz de Tenerife,Spain,Developer,Developer,28.4082,-16.1473
The Game Kitchen,Santa Cruz de Tenerife,Spain,Developer,Developer,28.5865,-16.2908
Triple O Games,Santa Cruz de Tenerife,Spain,Developer,Developer,28.3508,-16.324
promineo studios,Santa Cruz de Tenerife,Spain,Developer,Developer,28.5168,-16.1035
6 Eyes Studio,Orlando,United States,Developer,Developer,28.53834,-81.37924
A Square Games and Simulation,Orlando,United States,Developer,Developer,28.5721,-81.4212
Astro Crow,Orlando,United States,Mobile,Mobile,28.4679,-81.3722
Atlas Creative,Orlando,United States,Online,Other,28.6071,-81.3193
Boss Corridor,Orlando,United States,Developer,Developer,28.5209,-81.4913
Brickadia,Orlando,United States,Developer,Developer,28.4783,-81.2719
CyberDream,Orlando,United States,Extended Reality (XR),XR (VR/AR),28.6566,-81.4154
EA Orlando (Electronic Arts),Orlando,United States,Developer and Publisher,Publisher,28.4209,-81.4486
GameSim,Orlando,United States,Developer,Developer,28.5869,-81.228
Good Dog Studios,Orlando,United States,Developer,Developer,28.5956,-81.5371
Greatsword Games Studio,Orlando,United States,Online,Other,28.3951,-81.303
Hapa Games,Orlando,United States,Developer,Developer,28.6966,-81.3227
HypGames,Orlando,United States,Mobile,Mobile,28.4515,-81.5498
Indienomicon,Orlando,United States,Organization,Other,28.4996,-81.1788
Intelimmerse,Orlando,United States,Extended Reality (XR),XR (VR/AR),28.6914,-81.5017
Iron Galaxy Studios,Orlando,United States,Developer,Developer,28.3463,-81.4076
Lemonade Stand Games,Orlando,United States,Developer,Developer,28.6672,-81.2052
Lydian Games,Orlando,United States,Developer,Developer,28.5469,-81.6137
MetalPop,Orlando,United States,Developer,Developer,28.3887,-81.2081
Not Suspicious,Orlando,United States,Extended Reality (XR),XR (VR/AR),28.7561,-81.3907
Phyken Media,Orlando,United States,Mobile,Mobile,28.3667,-81.5423
QUByte Interactive,Orlando,United States,Developer,Developer,28.5689,-81.1208
SFBDim,Orlando,United States,Developer,Developer,28.6723,-81.5984
Sector-K Games,Orlando,United States,Developer,Developer,28.3044,-81.3193
Sigil Softworks,Orlando,United States,Developer,Developer,28.7509,-81.2406
Stonewheat & Sons,Orlando,United States,Developer,Developer,28.4624,-81.6504
Sword & Wand,Orlando,United States,Developer,Developer,28.4314,-81.1158
TBA Games,Orlando,United States,Developer,Developer,28.778,-81.4934
Tanit XR,Orlando,United States,Extended Reality (XR),XR (VR/AR),28.2894,-81.4812
The OtherVRse,Orlando,United States,Extended Reality (XR),XR (VR/AR),28.6636,-81.1079
Thoosie Labs,Orlando,United States,Microstudio,Developer,28.6081,-81.6807
Vacation Home Games,Orlando,United States,Developer,Developer,28.3042,-81.2079
Aristocrat Leisure Limited,Noida,India,Developer,Developer,28.58,77.33
CreatioSoft,Noida,India,Mobile,Mobile,28.6138,77.288
Ironcode Gaming,Noida,India,Developer,Developer,28.5096,77.337
Digital Agents Interactive,New Delhi,India,Serious Games,Other,28.62137,77.2148
Elev8 Games,New Delhi,India,Developer and Publisher,Publisher,28.6551,77.1728
Gameloft,New Delhi,India,Mobile,Mobile,28.5509,77.2218
IGDA India,New Delhi,India,Organization,Other,28.6901,77.2748
Insanity Crew,New Delhi,India,Developer,Developer,28.604,77.1026
Little Red Dread,New Delhi,India,Developer,Developer,28.5614,77.3223
Lucid Labs,New Delhi,India,Mobile,Mobile,28.7396,77.1786
Meta Roar,New Delhi,India,Mobile,Mobile,28.504,77.1453
Riot Games,New Delhi,India,Online,Other,28.6699,77.3661
Sloppy Studios,New Delhi,India,Extended Reality (XR),XR (VR/AR),28.6786,77.0568
SuperSike Games,New Delhi,India,Developer,Developer,28.4782,77.2911
Eliptica,Chihuahua,Mexico,Mobile,Mobile,28.63528,-106.08889
Lienzo,Chihuahua,Mexico,Developer,Developer,28.6691,-106.1309
Mosha Games,Chihuahua,Mexico,Serious Games,Other,28.5648,-106.0818
Darksun Technologies,Delhi,India,Mobile,Mobile,28.65195,77.23149
IGDA India - IIIT - Delhi University,Delhi,India,Organization,Other,28.6857,77.1895
Immersive Arts Studio,Delhi,India,Developer,Developer,28.5815,77.2385
Odd Compass Studio,Delhi,India,Developer,Developer,28.7207,77.2915
Team Supercharged,Delhi,India,Developer,Developer,28.6345,77.1193
YK Game Studio,Delhi,India,Developer,Developer,28.5919,77.339
Timeless Games,Longwood,United States,Developer,Developer,28.70305,-81.3384
Steamroller Studios,Eustis,United States,Developer,Developer,28.85277,-81.68535
GatoMocho,Hermosillo,Mexico,Developer,Developer,29.08874,-110.96677
LunarCrown,Hermosillo,Mexico,Developer,Developer,29.1225,-111.009
Michiyuki Project,Hermosillo,Mexico,Developer,Developer,29.0183,-110.9597
Shibidubi,Hermosillo,Mexico,Developer,Developer,29.1575,-110.9065
Diwaniya Labs,Kuwait City,Kuwait,Mobile,Mobile,29.367,47.97429
Elektron Games,Kuwait City,Kuwait,Mobile,Mobile,29.4008,47.932
Fred Wood,San Antonio,United States,Microstudio,Developer,29.42412,-98.49363
Merge Labs,San Antonio,United States,Serious Games,Other,29.4579,-98.536
Mokuzai Studios,San Antonio,United States,Developer,Developer,29.3537,-98.4865
Piko Interactive,San Antonio,United States,Developer and Publisher,Publisher,29.4928,-98.4331
AOE Plus,Chongqing,China,Publisher,Publisher,29.56026,106.55771
IceSitruuna,Chongqing,China,Microstudio,Developer,29.594,106.5153
Masses Studio,Chongqing,China,Developer,Developer,29.4898,106.5648
Pathea Games,Chongqing,China,Developer,Developer,29.629,106.6183
Chromatic Games,Gainesville,United States,Developer,Developer,29.65163,-82.32483
Grove Street Games,Gainesville,United States,Developer,Developer,29.6854,-82.3673
Immersed Games,Gainesville,United States,Developer,Developer,29.5812,-82.3177
Studio Syro,Gainesville,United States,Extended Reality (XR),XR (VR/AR),29.7204,-82.2642
Demon Jam Games,New Braunfels,United States,Developer,Developer,29.703,-98.12445
Alternate Games,Houston,United States,Developer,Developer,29.76328,-95.36327
Archimage,Houston,United States,Developer,Developer,29.7971,-95.4057
BIG Foundation,Houston,United States,Organization,Other,29.6928,-95.3561
Bouncing Pixel,Houston,United States,Serious Games,Other,29.832,-95.3026
Chintzy Ink,Houston,United States,Developer,Developer,29.7459,-95.4767
Hawkward Studios,Houston,United States,Developer,Developer,29.7033,-95.2546
IGDA Texas - Houston,Houston,United States,Organization,Other,29.8816,-95.3999
Infernozilla,Houston,United States,Publisher,Publisher,29.6459,-95.4335
Laser Shot,Houston,United States,Developer,Developer,29.8118,-95.2102
Lava Level,Houston,United States,Mobile,Mobile,29.8205,-95.523
Red Essence Games,Houston,United States,Developer,Developer,29.6201,-95.2861
Revelation Interactive,Houston,United States,Developer,Developer,29.9215,-95.3061
Six Foot,Houston,United States,Developer and Publisher,Publisher,29.6764,-95.5359
Super Item Studios,Houston,United States,Developer,Developer,29.7246,-95.1604
Tech Tree Games,Houston,United States,Mobile,Mobile,29.9163,-95.4872
Way Down Deep,Houston,United States,Publisher,Publisher,29.5712,-95.3919
Hordecore,6th of October City,Egypt,Extended Reality (XR),XR (VR/AR),29.81667,31.05
Jollyco,Saint Augustine,United States,Developer,Developer,29.89469,-81.31452
High Voltage Software,New Orleans,United States,Developer,Developer,29.95465,-90.07507
Top Right Corner,New Orleans,United States,Extended Reality (XR),XR (VR/AR),29.9884,-90.1176
Undead Labs (Microsoft),New Orleans,United States,Developer,Developer,29.8842,-90.0679
inXile Entertainment (Microsoft),New Orleans,United States,Developer,Developer,30.0234,-90.0143
Rumbling Games,Giza,Egypt,Developer,Developer,30.00944,31.20861
2024 Studios,Cairo,Egypt,Mobile,Mobile,30.06263,31.24967
AN Games,May City,Egypt,Mobile,Mobile,30.0964,31.2071
Elder3 Studio,Cairo,Egypt,Developer,Developer,29.9922,31.2568
Essssam Game Studio,Cairo,Egypt,Developer,Developer,30.1314,31.3106
FitNot,Cairo,Egypt,Developer,Developer,30.0452,31.1359
GMind,Cairo,Egypt,Extended Reality (XR),XR (VR/AR),30.0026,31.3587
Gimzat,Cairo,Egypt,Developer,Developer,30.1809,31.2129
Instinct Games,Cairo,Egypt,Developer,Developer,29.9452,31.1792
Nout Games,Cairo,Egypt,Developer,Developer,30.1111,31.4032
Rare Castle Games,May City,Egypt,Developer,Developer,30.1199,31.0895
Tafra Games,Cairo,Egypt,Developer,Developer,29.9194,31.3271
The Bad Nomads,Cairo,Egypt,Developer,Developer,30.2209,31.307
Appsinnovate,Heliopolis,Egypt,Serious Games,Other,30.091,31.322
Pixel Vault,Ponte Vedra Beach,United States,Developer,Developer,30.23969,-81.38564
AGS,Austin,United States,Developer,Developer,30.26715,-97.74306
ATX Game Makers,Austin,United States,Organization,Other,30.3009,-97.7857
Activision Austin,Austin,United States,Developer and Publisher,Publisher,30.1967,-97.7359
Aftabi Games,Austin,United States,Developer,Developer,30.3359,-97.6821
Airdorf Games,Austin,United States,Developer,Developer,30.2497,-97.8571
Airship Syndicate,Austin,United States,Developer,Developer,30.2071,-97.6338
Albino Moose,Austin,United States,Developer,Developer,30.3854,-97.7799
Archetype Entertainment,Austin,United States,Developer,Developer,30.1498,-97.8137
Ares Interactive,Austin,United States,Developer and Publisher,Publisher,30.3157,-97.5893
Aristocrat Leisure Limited,Austin,United States,Developer,Developer,30.3244,-97.9036
Armature Studio (Meta),Austin,United States,Developer,Developer,30.1239,-97.6655
Arvore,Austin,United States,Extended Reality (XR),XR (VR/AR),30.4254,-97.6856
Aspyr Media (Embracer Group),Austin,United States,Developer and Publisher,Publisher,30.1803,-97.9166
AstroBeam,Austin,United States,Extended Reality (XR),XR (VR/AR),30.2284,-97.5392
Atlas Reality,Austin,United States,Mobile,Mobile,30.4202,-97.8676
Atomic Theory (Rocket Science Group),Austin,United States,Developer,Developer,30.0751,-97.7719
Bethesda Game Studios Austin (ZeniMax Media),Austin,United States,Online,Other,30.396,-97.566
Big Sugar Games,Austin,United States,Publisher,Publisher,30.2757,-97.9815
BioWare Austin (Electronic Arts),Austin,United States,Online,Other,30.1175,-97.569
Black Chicken Studios,Austin,United States,Developer,Developer,30.4849,-97.7547
Black Hive Media,Austin,United States,Developer,Developer,30.0955,-97.9089
Blind Squirrel Games,Austin,United States,Developer,Developer,30.2977,-97.4801
Blizzard Entertainment,Austin,United States,Developer,Developer,30.4011,-97.966
Blue Goji,Austin,United States,Health,Other,30.0332,-97.6821
Boss Fight Entertainment (Netflix),Austin,United States,Mobile,Mobile,30.4797,-97.6021
CIRE Games,Austin,United States,Extended Reality (XR),XR (VR/AR),30.1912,-98.0188
COVEN,Austin,United States,Developer,Developer,30.1602,-97.4751
Casey Donnellan Games,Austin,United States,Developer,Developer,30.5068,-97.8592
Catface,Austin,United States,Developer,Developer,30.0182,-97.8467
Certain Affinity (Keywords),Austin,United States,Developer,Developer,30.3924,-97.4671
Cloud Imperium Games,Austin,United States,Online,Other,30.337,-98.0497
Crystal Southwest,Austin,United States,Developer,Developer,30.033,-97.5687
Cyquence Games,Austin,United States,Developer,Developer,30.5459,-97.6876
Daybreak Game Company (Enad Global 7),Austin,United States,Online,Other,30.0913,-98.006
Dead Mage,Austin,United States,Developer,Developer,30.2431,-97.4067
Devolver Digital,Austin,United States,Publisher,Publisher,30.4843,-97.9756
Digerati,Austin,United States,Publisher,Publisher,29.9672,-97.7414
Dillo Studios,Austin,United States,Developer,Developer,30.4924,-97.5065
Dimensional Ink Games,Austin,United States,Developer,Developer,30.2387,-98.0984
Dragon Fractal Games,Austin,United States,Developer,Developer,30.0784,-97.4551
EA Austin (Electronic Arts),Austin,United States,Developer,Developer,30.5783,-97.8086
Elos Games & Arts,Austin,United States,Developer,Developer,29.9962,-97.9405
Enduring Games,Austin,United States,Developer,Developer,30.3528,-97.3812
Epic Games,Austin,United States,Developer and Publisher,Publisher,30.4168,-98.0808
Everi,Austin,United States,Developer,Developer,29.9562,-97.6096
Everything Unlimited,Austin,United States,Developer,Developer,30.5778,-97.5966
Fair Worlds,Austin,United States,Extended Reality (XR),XR (VR/AR),30.1219,-98.0979
FarBridge,Austin,United States,Extended Reality (XR),XR (VR/AR),30.1662,-97.3638
Fever Pitch Studios,Austin,United States,Developer,Developer,30.566,-97.9459
For Fun Labs,Austin,United States,Extended Reality (XR),XR (VR/AR),29.925,-97.8281
GameSalad,Austin,United States,Mobile,Mobile,30.4719,-97.4093
Gamigo,Austin,United States,Online,Other,30.3113,-98.1533
Global Fun,Austin,United States,Mobile,Mobile,29.9926,-97.4725
Golf+,Austin,United States,Extended Reality (XR),XR (VR/AR),30.6309,-97.7277
Gunfire Games (THQ Nordic),Austin,United States,Developer,Developer,30.0054,-98.0417
Haveli Investments,Austin,United States,Investment,Other,30.2861,-97.3143
Heartstringer,Austin,United States,Developer,Developer,30.5055,-98.077
Hellfire Games,Austin,United States,Developer,Developer,29.8933,-97.6827
Hyperbeard Games,Austin,United States,Mobile,Mobile,30.5808,-97.493
IGDA Texas - Austin,Austin,United States,Organization,Other,30.181,-98.1764
Infinity Ward (Activision),Austin,United States,Developer,Developer,30.0762,-97.3529
Juegos Rancheros,Austin,United States,Organization,Other,30.6386,-97.8826
Kabam,Austin,United States,Online,Other,29.909,-97.9322
Kalani Games,Austin,United States,Developer,Developer,30.4221,-97.3201
KingsIsle (gamigo Group),Austin,United States,Online,Other,30.4007,-98.1796
Longshot Games,Austin,United States,Mobile,Mobile,29.9112,-97.5239
Lost Boys Interactive (Embracer Group),Austin,United States,Developer,Developer,30.6604,-97.6254
Luckshot Games,Austin,United States,Developer,Developer,30.0441,-98.1404
Mad Mushroom,Austin,United States,Publisher,Publisher,30.1993,-97.2722
Magic Leap,Austin,United States,Extended Reality (XR),XR (VR/AR),30.5943,-98.0394
Man Up Time Studios,Austin,United States,Developer,Developer,29.8501,-97.7807
Maxis (Electronic Arts),Austin,United States,Developer,Developer,30.5548,-97.3866
Merge Conflict Studio,Austin,United States,Developer,Developer,30.263,-98.2343
Meta 3D Studios,Austin,United States,Developer,Developer,29.9817,-97.3751
Mighty Coconut,Austin,United States,Developer,Developer,30.6952,-97.7914
Moon Beast Productions,Austin,United States,Developer,Developer,29.921,-98.0442
Moon Lagoon,Austin,United States,Developer,Developer,30.3473,-97.247
NaturalMotion Games (Zynga),Austin,United States,Developer,Developer,30.499,-98.1743
Neolithic,Austin,United States,Extended Reality (XR),XR (VR/AR),29.8418,-97.6055
OtherSide Entertainment (Aonic),Austin,United States,Developer,Developer,30.6635,-97.5104
Owlchemy Labs (Google),Austin,United States,Developer,Developer,30.1096,-98.2277
PLAYSTUDIOS,Austin,United States,Developer,Developer,30.0995,-97.2595
Pale Room,Austin,United States,Developer,Developer,30.6753,-97.9699
Palestar,Austin,United States,Developer,Developer,29.8312,-97.896
Pangea Software,Austin,United States,Developer,Developer,30.5008,-97.2866
Panic Button,Austin,United States,Developer,Developer,30.3617,-98.2654
Paralune,Austin,United States,Developer,Developer,29.8904,-97.43
Petty Karma,Austin,United States,Developer,Developer,30.7302,-97.6789
Pixel Pushers Union 512,Austin,United States,Developer,Developer,29.9614,-98.1549
Pneuma Games,Austin,United States,Developer,Developer,30.2523,-97.1972
Pogo (Electronic Arts),Austin,United States,Online,Other,30.5984,-98.1361
Portalarium,Austin,United States,Online,Other,29.7909,-97.7122
Ratical Games,Austin,United States,Mobile,Mobile,30.6383,-97.3915
Red Crow Studio (Electronic Arts),Austin,United States,Mobile,Mobile,30.1982,-98.2956
Red Moon Workshop,Austin,United States,Developer,Developer,29.9942,-97.2792
Resolution Games,Austin,United States,Developer and Publisher,Publisher,30.7415,-97.8723
Retro Studios (Nintendo),Austin,United States,Developer,Developer,29.8397,-98.0203
Ride the Lion Studios,Austin,United States,Developer,Developer,30.4214,-97.2016
SailingFox Studios,Austin,United States,Developer,Developer,30.4704,-98.2656
SciPlay,Austin,United States,Mobile,Mobile,29.8101,-97.5155
Sentinel Games,Austin,United States,Developer,Developer,30.7393,-97.5524
Simply Good Games,Austin,United States,Mobile,Mobile,30.029,-98.2554
Six Ton Axe Games,Austin,United States,Developer,Developer,30.1432,-97.1763
Skeleton Key,Austin,United States,Developer,Developer,30.6913,-98.0656
Skycatcher,Austin,United States,Investment,Other,29.7638,-97.8374
Spacetime Studios,Austin,United States,Developer,Developer,30.5848,-97.2776
Steamburger Studios,Austin,United States,Developer,Developer,30.3046,-98.3375
Stoic Studios,Austin,United States,Developer,Developer,29.8909,-97.3321
Studio Bean,Austin,United States,Developer,Developer,30.7867,-97.7519
Sunwise Games,Austin,United States,Developer,Developer,29.8771,-98.1448
Super Happy Fun Fun,Austin,United States,Developer,Developer,30.3206,-97.1391
Terminal Velocity (Rocket Science Group),Austin,United States,Developer,Developer,30.5815,-98.2325
Third Wire Productions,Austin,United States,Developer,Developer,29.7475,-97.6275
Tiger Style,Austin,United States,Developer,Developer,30.7197,-97.4204
Total Simulation Series,Austin,United States,Publisher,Publisher,30.121,-98.3376
Trick Gaming Studios,Austin,United States,Developer,Developer,30.027,-97.188
Trion Worlds (gamigo Group),Austin,United States,Developer and Publisher,Publisher,30.7702,-97.9655
Twisted Pixel Games (Meta),Austin,United States,Developer,Developer,29.7643,-97.9735
Ubisoft,Austin,United States,Developer and Publisher,Publisher,30.5045,-97.1774
Upheaval Games,Austin,United States,Developer,Developer,30.4228,-98.3483
VR Sim Labs,Austin,United States,Extended Reality (XR),XR (VR/AR),29.7973,-97.4171
Viewer Ready Corp,Austin,United States,Extended Reality (XR),XR (VR/AR),30.806,-97.6154
Virtuix,Austin,United States,Extended Reality (XR),XR (VR/AR),29.9429,-98.2607
Visual Concepts Austin (2K),Austin,United States,Developer,Developer,30.2039,-97.1052
Wargaming Austin,Austin,United States,Online,Other,30.6876,-98.1657
Windwalk Games,Austin,United States,Developer,Developer,29.7083,-97.7603
Wizards of the Coast,Austin,United States,Developer and Publisher,Publisher,30.6707,-97.2915
Wolfeye Studios,Austin,United States,Developer,Developer,30.2329,-98.3943
Women in Games International (WIGI) Austin,Austin,United States,Organization,Other,29.9111,-97.2341
Worldwalker Games,Austin,United States,Developer,Developer,30.8288,-97.8403
Yarn Owl Games,Austin,United States,Developer,Developer,29.7945,-98.1121
ZeniMax Online Studios,Austin,United States,Online,Other,30.4009,-97.0988
Zynga,Austin,United States,Online,Other,30.5454,-98.3249
emptyvessel,Austin,United States,Developer,Developer,29.7204,-97.5309
Tymedia,Slidell,United States,Developer,Developer,30.27519,-89.78117
CE-Asia,Hangzhou,China,Publisher,Publisher,30.29365,120.16142
Everstone Studio,Hangzhou,China,Developer,Developer,30.3274,120.1187
Full Metal Bagel,Hangzhou,China,Developer,Developer,30.2232,120.1686
Naked Rain,Hangzhou,China,Developer,Developer,30.3624,120.2224
TruPlay Games,West Lake Hills,United States,Mobile,Mobile,30.29798,-97.80195
Black March Studios,Dehradun,India,Developer,Developer,30.32443,78.03392
Gallic Entertainment,Dehradun,India,Developer,Developer,30.3582,77.9912
darqwerful,Dehradun,India,Developer,Developer,30.254,78.0411
Dabster Entertainment,Jacksonville,United States,Developer,Developer,30.33218,-81.65565
Frozen Lake Software,Jacksonville,United States,Developer,Developer,30.366,-81.6984
IGDA Florida - Jacksonville,Jacksonville,United States,Organization,Other,30.2617,-81.6485
Ghost Garden Games,Baton Rouge,United States,Developer,Developer,30.44332,-91.18747
IGDA Louisiana - Baton Rouge,Baton Rouge,United States,Organization,Other,30.4771,-91.2302
Pixel Dash Studios,Baton Rouge,United States,Developer,Developer,30.3729,-91.1803
NOMADICON,Taroudant,Morocco,Microstudio,Developer,30.47028,-8.87695
Hitchcock Games,Denham Springs,United States,Microstudio,Developer,30.4874,-90.95753
AdventurePro Games,Cedar Park,United States,Developer,Developer,30.5052,-97.82029
BlankMediaGames,Round Rock,United States,Developer,Developer,30.50826,-97.6789
KingsIsle Entertainment,Round Rock,United States,Developer,Developer,30.542,-97.7217
Gumboot Studio,College Station,United States,Developer,Developer,30.62798,-96.33441
IGDA TAGD (Texas A&M),College Station,United States,Organization,Other,30.6618,-96.3773
Avalon Games,Chengdu,China,Mobile,Mobile,30.66667,104.06667
Dr. Panda Games,Chengdu,China,Mobile,Mobile,30.7004,104.0238
FireWo Games,Chengdu,China,Developer,Developer,30.5962,104.0739
Gameloft,Chengdu,China,Mobile,Mobile,30.7354,104.1279
Han-Squirrel Studio,Chengdu,China,Developer,Developer,30.6493,103.9522
Mechanist Games,Chengdu,China,Publisher,Publisher,30.6067,104.1763
SenseGames,Chengdu,China,Developer,Developer,30.7849,104.0297
Tap4Fun,Chengdu,China,Online,Other,30.5493,103.9958
TiMi Studios (Tencent),Chengdu,China,Developer,Developer,30.7152,104.2211
Ubisoft Chengdu,Chengdu,China,Developer and Publisher,Publisher,30.7239,103.9055
Yiti Games,Chengdu,China,Developer,Developer,30.5235,104.1446
Level Up Labs,Bryan,United States,Developer,Developer,30.67436,-96.36996
Triseum,Bryan,United States,Serious Games,Other,30.7081,-96.4128
Rekaal Games,Chandigarh,India,Developer,Developer,30.73629,76.7884
In the Keep,Wilmer,United States,Developer and Publisher,Publisher,30.82324,-88.3614
Absurd Games,Ludhiana,India,Developer,Developer,30.91204,75.85379
Game Hermits,Mansoura,Egypt,Developer,Developer,31.03637,31.38069
Cryptyd,Alexandria,Egypt,Mobile,Mobile,31.20176,29.91582
FunRock Development (Fragbite Group),Alexandria,Egypt,Mobile,Mobile,31.2355,29.8727
GMind,Alexandria,Egypt,Extended Reality (XR),XR (VR/AR),31.1313,29.923
Knight Owl Game Studios,Alexandria,Egypt,Developer,Developer,31.2705,29.9774
Qamar Games,Alexandria,Egypt,Mobile,Mobile,31.1843,29.8007
Rojeh Games,Alexandria,Egypt,Microstudio,Developer,31.1418,30.0261
101XP,Shanghai,China,Online,Other,31.22222,121.45806
1047 Games,Shanghai,China,Online,Other,31.256,121.4149
37 Games,Shanghai,China,Online,Other,31.1518,121.4653
Activision Shanghai,Shanghai,China,Developer and Publisher,Publisher,31.2909,121.5197
Aurogon Shanghai,Shanghai,China,Developer,Developer,31.2048,121.3429
Aurora Studio (Tencent),Shanghai,China,Developer and Publisher,Publisher,31.1622,121.5684
Blizzard Entertainment,Shanghai,China,Developer,Developer,31.3405,121.4209
CiGA,Shanghai,China,Organization,Other,31.1048,121.3868
Circle Entertainment,Shanghai,China,Publisher,Publisher,31.2707,121.6134
Cloudcade,Shanghai,China,Developer and Publisher,Publisher,31.2795,121.2959
Coreblazer,Shanghai,China,Incubator/Accelerator,Other,31.079,121.5364
DeNA Shanghai,Shanghai,China,Online,Other,31.3805,121.5161
Demonware (Activision),Shanghai,China,Developer and Publisher,Publisher,31.1354,121.2828
Directive Games,Shanghai,China,Mobile,Mobile,31.1835,121.664
Doraccoon,Shanghai,China,Developer,Developer,31.3753,121.3322
Dr. Panda Games,Shanghai,China,Mobile,Mobile,31.0302,121.429
EA China (Electronic Arts),Shanghai,China,Developer and Publisher,Publisher,31.3511,121.6369
EA Sports (Electronic Arts),Shanghai,China,Developer,Developer,31.2307,121.2172
Epic Games China,Shanghai,China,Developer and Publisher,Publisher,31.0726,121.6339
Fenris Creations,Shanghai,China,Online,Other,31.4399,121.4463
Gameloft,Shanghai,China,Mobile,Mobile,31.0505,121.2905
Gamepoch,Shanghai,China,Publisher,Publisher,31.2528,121.7236
Gamera Games,Shanghai,China,Publisher,Publisher,31.3562,121.2329
Giant Interactive,Shanghai,China,Developer,Developer,30.9883,121.5196
Happy Elements,Shanghai,China,Online,Other,31.4347,121.6005
Hawthorn Games,Shanghai,China,Publisher,Publisher,31.1462,121.1795
Hitcents,Shanghai,China,Developer and Publisher,Publisher,31.1153,121.7287
Imagendry Studios,Shanghai,China,Developer,Developer,31.4619,121.3408
Infold Games,Shanghai,China,Developer,Developer,30.9733,121.3533
JuDao,Shanghai,China,Extended Reality (XR),XR (VR/AR),31.3475,121.7368
KLab,Shanghai,China,Mobile,Mobile,31.292,121.1484
King.com (Activision),Shanghai,China,Mobile,Mobile,30.9881,121.6341
Konami Software Shanghai,Shanghai,China,Mobile,Mobile,31.501,121.5141
LenQiY,Shanghai,China,Extended Reality (XR),XR (VR/AR),31.0463,121.1925
Lilith Games,Shanghai,China,Developer,Developer,31.1981,121.7978
Lion Studios (AppLovin),Shanghai,China,Mobile,Mobile,31.4394,121.2232
Maple Whispering,Shanghai,China,Mobile,Mobile,30.9222,121.4598
Miaozi (NetEase Games),Shanghai,China,Developer,Developer,31.4475,121.697
Moonton Games (Savvy Games Group),Shanghai,China,Developer and Publisher,Publisher,31.1938,121.0992
NC China,Shanghai,China,Online,Other,31.0334,121.7489
NExT Studios,Shanghai,China,Developer,Developer,31.5333,121.3919
Outfit7,Shanghai,China,Mobile,Mobile,30.9513,121.2587
Pixelmatic,Shanghai,China,Mobile,Mobile,31.3079,121.8235
Pixpil Games,Shanghai,China,Developer,Developer,31.3719,121.117
Playism Games (Active Gaming Media),Shanghai,China,Developer and Publisher,Publisher,30.9112,121.5929
Polaris Quest (Tencent Games),Shanghai,China,Developer,Developer,31.5329,121.6059
Popcap (Electronic Arts),Shanghai,China,Developer,Developer,31.077,121.0997
Recreate Games,Shanghai,China,Publisher,Publisher,31.1212,121.8411
Redtail Games,Shanghai,China,Developer and Publisher,Publisher,31.5211,121.2532
Sandsoft Games,Shanghai,China,Developer and Publisher,Publisher,30.88,121.3721
Scopely,Shanghai,China,Publisher,Publisher,31.427,121.7951
ShangGame,Shanghai,China,Online,Other,31.2664,121.0437
Soco Game Entertainment,Shanghai,China,Mobile,Mobile,30.9477,121.7313
Softstar Entertainment,Shanghai,China,Developer and Publisher,Publisher,31.586,121.4736
Spil Games Asia,Shanghai,China,Developer and Publisher,Publisher,30.9605,121.1565
Starcaster Games,Shanghai,China,Developer,Developer,31.2412,121.8911
Studio 216,Shanghai,China,Extended Reality (XR),XR (VR/AR),31.4605,121.1208
The 9,Shanghai,China,Online,Other,30.8483,121.5191
TiMi Studios (Tencent),Shanghai,China,Developer,Developer,31.5359,121.7106
Ubisoft Shanghai,Shanghai,China,Developer and Publisher,Publisher,31.1361,121.0204
UltiZen Games,Shanghai,China,Developer,Developer,31.0313,121.8521
VALOFE China,Shanghai,China,Online,Other,31.5937,121.3171
Visual Concepts China (2K),Shanghai,China,Developer,Developer,30.864,121.267
WEBZEN China,Shanghai,China,Online,Other,31.3772,121.8853
WINKING ENTERTAINMENT,Shanghai,China,Online,Other,31.3558,121.0172
Wargaming China,Shanghai,China,Online,Other,30.8663,121.6794
Wemade Entertainment,Shanghai,China,Online,Other,31.6155,121.5769
XD Global,Shanghai,China,Developer,Developer,30.9992,121.0568
Yoozoo,Shanghai,China,Mobile,Mobile,31.1544,121.9336
miHoYo,Shanghai,China,Mobile,Mobile,31.5493,121.1588
Aurogon Studio,Pudong,China,Developer,Developer,31.23995,121.50094
Epic Games China,Suzhou,China,Developer and Publisher,Publisher,31.30408,120.59538
Leia,Suzhou,China,Extended Reality (XR),XR (VR/AR),31.3379,120.5522
Snail Games,Suzhou,China,Developer,Developer,31.2336,120.6026
Rasheed Abueideh,Gaza City,Palestine,Mobile,Mobile,31.50161,34.46672
Caramel Tech Studios,Lahore,Pakistan,Mobile,Mobile,31.558,74.35071
Cloudcade,Lahore,Pakistan,Developer and Publisher,Publisher,31.5918,74.3074
FRAG Games,Lahore,Pakistan,Mobile,Mobile,31.4876,74.358
Finz Games,Lahore,Pakistan,Mobile,Mobile,31.6267,74.4125
Gambit Technologies,Lahore,Pakistan,Mobile,Mobile,31.5406,74.2351
IGDA Pakistan,Lahore,Pakistan,Organization,Other,31.498,74.4614
Mindstorm Studios,Lahore,Pakistan,Developer,Developer,31.6763,74.3134
Turbo Labz,Lahore,Pakistan,Mobile,Mobile,31.4406,74.2792
Clover Studios,Marrakech,Morocco,Developer,Developer,31.63416,-7.99994
Binmatter,Ciudad Juarez,Mexico,Developer,Developer,31.72024,-106.46084
Strange Scaffold,El Paso,United States,Developer,Developer,31.75872,-106.48693
Capricia Productions,Jerusalem,Israel,Developer,Developer,31.76904,35.21633
Mempic Game Studio,Ashdod,Israel,Publisher,Publisher,31.79213,34.64966
Vertigo Gaming,Odesa,United States,Developer,Developer,31.84568,-102.36764
Nokobot,Rehovot,Israel,Developer,Developer,31.89421,34.81199
Babil Games (Stillfront Group),Amman,Jordan,Developer and Publisher,Publisher,31.95522,35.94503
Beelabs,Amman,Jordan,Mobile,Mobile,31.989,35.9016
Jawaker,Amman,Jordan,Online,Other,31.8848,35.9523
Jordan Gaming Lab,Amman,Jordan,Organization,Other,32.0239,36.0071
KufiTech Ventures,Amman,Jordan,Incubator/Accelerator,Other,31.9378,35.829
Lychee Game Labs,Amman,Jordan,Developer,Developer,31.8952,36.0562
Maysalward,Amman,Jordan,Mobile,Mobile,32.0735,35.9076
Play 3arabi,Amman,Jordan,Publisher,Publisher,31.8378,35.8732
Quirkat,Amman,Jordan,Developer,Developer,32.0037,36.1016
RABABA Games,Amman,Jordan,Mobile,Mobile,32.0125,35.7816
Stillfront Group,Amman,Jordan,Developer,Developer,31.812,36.024
Tamatem Games,Amman,Jordan,Mobile,Mobile,32.1135,36.0035
WINKING ENTERTAINMENT,Nanjing,China,Developer and Publisher,Publisher,32.06167,118.77778
Gentle Giant,Givatayim,Israel,Developer,Developer,32.07225,34.81253
Bagelcode,Tel Aviv,Israel,Mobile,Mobile,32.08088,34.78057
Biohex Games,Tel Aviv,Israel,Developer,Developer,32.1147,34.7371
Candivore,Tel Aviv,Israel,Mobile,Mobile,32.0104,34.7879
Cosmic Void,Tel Aviv,Israel,Developer,Developer,32.1496,34.8428
CrazyLabs (Embracer Group),Tel Aviv,Israel,Mobile,Mobile,32.0635,34.6644
Diet Zribi,Tel Aviv,Israel,Developer,Developer,32.0209,34.8919
Gentle Giant Games,Tel Aviv,Israel,Mobile,Mobile,32.1992,34.743
Happy Juice Games,Tel Aviv,Israel,Developer,Developer,31.9635,34.7086
Huuuge Games,Tel Aviv,Israel,Mobile,Mobile,32.1294,34.9374
IMagine Machine,Tel Aviv,Israel,Mobile,Mobile,32.1381,34.6169
Lineup Games,Tel Aviv,Israel,Mobile,Mobile,31.9377,34.8597
MOONEE,Tel Aviv,Israel,Publisher,Publisher,32.2391,34.8391
Magic Leap,Tel Aviv,Israel,Extended Reality (XR),XR (VR/AR),31.994,34.6037
Moon Active,Tel Aviv,Israel,Mobile,Mobile,32.0422,34.9884
Moosh Studio,Tel Aviv,Israel,Extended Reality (XR),XR (VR/AR),32.2339,34.6536
PLAYSTUDIOS,Tel Aviv,Israel,Developer,Developer,31.8888,34.7512
Playtika,Tel Aviv,Israel,Mobile,Mobile,32.2098,34.9611
SciPlay,Tel Aviv,Israel,Mobile,Mobile,32.0894,34.5375
Scopely,Tel Aviv,Israel,Developer,Developer,31.9312,34.958
SuperPlay,Tel Aviv,Israel,Mobile,Mobile,32.2986,34.7687
Supersonic Games,Tel Aviv,Israel,Publisher,Publisher,31.9092,34.6115
Surgical Science,Tel Aviv,Israel,Serious Games,Other,32.1114,35.0486
The Digital Games Industry Association in Israel (GameIS),Tel Aviv,Israel,Organization,Other,32.2148,34.5534
Toya,Tel Aviv,Israel,Social,Other,31.8469,34.8427
Vgames,Tel Aviv,Israel,Investment,Other,32.2934,34.9243
Visionary Games,Tel Aviv,Israel,Developer,Developer,32.0049,34.4995
Voodoo,Tel Aviv,Israel,Mobile,Mobile,31.9739,35.0537
WingsGames,Tel Aviv,Israel,Extended Reality (XR),XR (VR/AR),32.3205,34.6622
XRHealth,Tel Aviv,Israel,Health,Other,31.8319,34.6749
Side-kick,Ramat Gan,Israel,Developer,Developer,32.08227,34.81065
Fun Train,Savannah,United States,Extended Reality (XR),XR (VR/AR),32.08354,-81.09983
Garage Collective,Savannah,United States,Developer,Developer,32.1173,-81.1433
TriArts Games,Rosh HaAyin,Israel,Developer,Developer,32.09556,34.95664
AppLovin,Herzliya,Israel,Mobile,Mobile,32.16627,34.82536
NFX Capital,Herzliya,Israel,Investment,Other,32.2,34.7818
Plarium,Herzliya,Israel,Developer,Developer,32.0958,34.8327
Product Madness Israel (Aristocrat),Herzliya,Israel,Mobile,Mobile,32.235,34.8876
WhaleApp,Herzliya,Israel,Developer,Developer,32.1489,34.709
Beach Bum Games (Voodoo),Raanana,Israel,Mobile,Mobile,32.1836,34.87386
IGDA An-Najah National University,Nablus,Palestine,Organization,Other,32.22111,35.25444
Angry Skull Studios,Tucson,United States,Developer,Developer,32.22174,-110.92648
Cloisters Interactive,Tucson,United States,Developer,Developer,32.2555,-110.9701
Lunarwood Studios,Tucson,United States,Developer,Developer,32.1513,-110.9192
Riverman Media,Tucson,United States,Developer,Developer,32.2905,-110.8642
Running With Scissors,Tucson,United States,Developer,Developer,32.2043,-111.0429
Lobaki,Jackson,United States,Serious Games,Other,32.29876,-90.18481
Nimbly Games,Las Cruces,United States,Developer,Developer,32.31232,-106.77834
Another Axiom,Casas Adobes,United States,Extended Reality (XR),XR (VR/AR),32.32341,-110.9951
Georgia Game Developers Association,Columbus,United States,Organization,Other,32.46098,-84.98771
BC Media Lab,Tijuana,Mexico,Incubator/Accelerator,Other,32.5027,-117.00371
Indie Games México,Tijuana,Mexico,Organization,Other,32.5365,-117.0474
Matrixcore Studio,Tijuana,Mexico,Developer,Developer,32.4323,-116.9964
Minibuu,Tijuana,Mexico,Mobile,Mobile,32.5714,-116.9412
Gamacon,Mexicali,Mexico,Organization,Other,32.62781,-115.45446
Gameloft,Mexicali,Mexico,Mobile,Mobile,32.6616,-115.4982
Patoli Studio,Mexicali,Mexico,Mobile,Mobile,32.5574,-115.4471
Mahdi Bahrami,Isfahan,Islamic Republic of Iran,Developer,Developer,32.65246,51.67462
Dobsware,Funchal,Portugal,Mobile,Mobile,32.66568,-16.92547
Advance Nine,San Diego,United States,Microstudio,Developer,32.71571,-117.16472
Amazon Games San Diego Studio,San Diego,United States,Online,Other,32.7495,-117.2085
BrainLeap Technologies,San Diego,United States,Health,Other,32.6453,-117.1574
Cave Bear Games,San Diego,United States,Developer,Developer,32.7844,-117.1021
Chugga Chugga,San Diego,United States,Microstudio,Developer,32.6983,-117.2818
Crytivo Games,San Diego,United States,Publisher,Publisher,32.6557,-117.0526
Darkpaw Games,San Diego,United States,Online,Other,32.834,-117.2025
Daybreak Game Company (Enad Global 7),San Diego,United States,Online,Other,32.5983,-117.2372
E McNeill,San Diego,United States,Developer,Developer,32.7642,-117.0068
Eighth Lantern Studios,San Diego,United States,Developer,Developer,32.7729,-117.3295
Empty Clip Studios,San Diego,United States,Developer,Developer,32.5725,-117.0851
Epic Games,San Diego,United States,Developer and Publisher,Publisher,32.8739,-117.1057
Happy Dance Games,San Diego,United States,Developer,Developer,32.6289,-117.3428
Hero Game Co,San Diego,United States,Microstudio,Developer,32.677,-116.9554
HiDef,San Diego,United States,Developer,Developer,32.8688,-117.2926
IGDA California - San Diego,San Diego,United States,Organization,Other,32.5237,-117.1943
Ironroot Games,San Diego,United States,Developer,Developer,32.8446,-116.983
Jason Godbey,San Diego,United States,Microstudio,Developer,32.7242,-117.4095
Look Mister,San Diego,United States,Developer,Developer,32.5661,-116.986
Madorium,San Diego,United States,Developer,Developer,32.9334,-117.1767
Namazu Studios,San Diego,United States,Developer,Developer,32.544,-117.335
Nantgames,San Diego,United States,Mobile,Mobile,32.7463,-116.8948
Night Stone Games,San Diego,United States,Developer,Developer,32.8497,-117.3935
Off by One Games,San Diego,United States,Developer,Developer,32.4818,-117.1022
Pixelsaurus Games,San Diego,United States,Developer,Developer,32.9282,-117.02
Pocketwatch Games,San Diego,United States,Developer,Developer,32.6397,-117.4478
Protagonist Games,San Diego,United States,Developer,Developer,32.6088,-116.8896
Psyonix,San Diego,United States,Developer,Developer,32.9554,-117.2839
Punk Labs,San Diego,United States,Mobile,Mobile,32.4667,-117.2711
R16 Interactive,San Diego,United States,Developer,Developer,32.841,-116.8814
Rice Games,San Diego,United States,Developer,Developer,32.7855,-117.4795
Rogue Planet Games,San Diego,United States,Online,Other,32.4816,-116.9858
SD Studio (Sony),San Diego,United States,Developer,Developer,32.9945,-117.1078
Soda Den,San Diego,United States,Developer,Developer,32.5398,-117.4346
Sony Interactive Entertainment San Diego Studio,San Diego,United States,Developer and Publisher,Publisher,32.6916,-116.8194
Tako Boy Studios,San Diego,United States,Developer,Developer,32.9328,-117.4035
Tako Boys Studio,San Diego,United States,Developer,Developer,32.4157,-117.163
Team Trigear,San Diego,United States,Developer,Developer,32.941,-116.9218
That's No Moon Entertainment,San Diego,United States,Developer,Developer,32.6873,-117.5295
The Behemoth,San Diego,United States,Developer and Publisher,Publisher,32.5269,-116.8691
Versus Evil,San Diego,United States,Publisher,Publisher,33.0268,-117.232
Visionary Realms,San Diego,United States,Online,Other,32.4447,-117.3674
Winter Cats Studios,San Diego,United States,Microstudio,Developer,32.8014,-116.7933
ZeniMax Online Studios,San Diego,United States,Online,Other,32.8654,-117.5114
kChamp Studios,San Diego,United States,Microstudio,Developer,32.4047,-117.0277
Game Mavericks,Fort Worth,United States,Developer,Developer,32.72541,-97.32085
Meddling Kids,Fort Worth,United States,Developer,Developer,32.7592,-97.3647
Neuro Rehab VR,Fort Worth,United States,Health,Other,32.655,-97.3135
Pictagor Games,Fort Worth,United States,Developer,Developer,32.7941,-97.2582
Something Nerdy Studios,Fort Worth,United States,Developer,Developer,32.708,-97.4379
Activision Dallas,Dallas,United States,Developer and Publisher,Publisher,32.78306,-96.80667
Airlock Interactive,Dallas,United States,Developer,Developer,32.8168,-96.8505
Attic Space Games,Dallas,United States,Developer,Developer,32.7126,-96.7993
Bethesda Game Studios Dallas (ZeniMax Media),Dallas,United States,Developer,Developer,32.8518,-96.744
Colorgrave Games,Dallas,United States,Developer,Developer,32.7656,-96.9238
Cooldown Games (People Can Fly),Dallas,United States,Publisher,Publisher,32.7231,-96.6945
Dinosaur Entertainment,Dallas,United States,Developer,Developer,32.9013,-96.8445
Divergent Realities,Dallas,United States,Developer,Developer,32.6657,-96.8792
Element Games,Dallas,United States,Extended Reality (XR),XR (VR/AR),32.8316,-96.6487
Flight School Studio,Dallas,United States,Developer,Developer,32.8403,-96.9716
Forward Game Studios,Dallas,United States,Developer,Developer,32.6399,-96.727
ForwardXP,Dallas,United States,Extended Reality (XR),XR (VR/AR),32.9413,-96.7476
Game Circus,Dallas,United States,Developer,Developer,32.6962,-96.9849
Groove Jones,Dallas,United States,Extended Reality (XR),XR (VR/AR),32.7444,-96.5972
Hooded Horse,Dallas,United States,Publisher,Publisher,32.9361,-96.9347
IGDA Texas - Dallas,Dallas,United States,Organization,Other,32.591,-96.8363
Lurking Moose Games,Dallas,United States,Developer,Developer,32.9119,-96.6248
Midnight Games,Dallas,United States,Developer,Developer,32.7916,-97.0517
PeopleFun,Dallas,United States,Mobile,Mobile,32.6334,-96.6278
Pixel and Texel,Dallas,United States,Developer,Developer,33.0008,-96.8186
Scarecrow Arts,Dallas,United States,Developer,Developer,32.6114,-96.9771
Sickhead Games,Dallas,United States,Developer,Developer,32.8136,-96.5366
Stormy Nights Interactive,Dallas,United States,Mobile,Mobile,32.917,-97.0356
Stray Kite Studios,Dallas,United States,Developer,Developer,32.5491,-96.7441
The Virtual Wild,Dallas,United States,Extended Reality (XR),XR (VR/AR),32.9956,-96.6618
Top Right Corner,Dallas,United States,Extended Reality (XR),XR (VR/AR),32.7071,-97.09
XR Impact Network,Dallas,United States,Serious Games,Other,32.6761,-96.5314
Alfa System,Kumamoto,Japan,Developer,Developer,32.80589,130.69181
Clover Bite,Haifa,Israel,Microstudio,Developer,32.81303,34.99928
Triangle Studios,Irving,United States,Developer,Developer,32.81402,-96.94889
Cornered Rat Software,Bedford,United States,Online,Other,32.84402,-97.14307
Afrime Studios,North Charleston,United States,Developer,Developer,32.85462,-79.97481
Apogee Entertainment,Rowlett,United States,Developer and Publisher,Publisher,32.9029,-96.56388
3D Realms,Garland,United States,Developer and Publisher,Publisher,32.91262,-96.63888
Magnin & Associates,Farmers Branch,United States,Mobile,Mobile,32.92651,-96.89612
Nerve Software,Richardson,United States,Developer,Developer,32.94818,-96.72972
id Software (ZeniMax Media),Richardson,United States,Developer,Developer,32.982,-96.7737
Nimblebit,Poway,United States,Mobile,Mobile,32.96282,-117.03586
Gardenfiend Games,Goose Creek,United States,Developer,Developer,32.98101,-80.03259
Bit Planet Games,Plano,United States,Developer,Developer,33.01984,-96.69889
KingsIsle Entertainment,Plano,United States,Developer,Developer,33.0536,-96.7429
Mynd Immersive,Plano,United States,Health,Other,32.9494,-96.6915
Robot Entertainment,Plano,United States,Developer,Developer,33.0886,-96.636
Soldak Entertainment,Plano,United States,Developer,Developer,33.0024,-96.8163
Oceanhouse Media,Encinitas,United States,Mobile,Mobile,33.03699,-117.29198
Last Keep Studio,Allen,United States,Developer,Developer,33.10317,-96.67055
Playable Worlds,San Marcos,United States,Online,Other,33.14337,-117.16614
Gearbox Software (Take-Two Interactive),Frisco,United States,Developer,Developer,33.15067,-96.82361
Inevitable Studios,Frisco,United States,Developer,Developer,33.1844,-96.8676
Ruckus Games,Frisco,United States,Developer,Developer,33.0802,-96.8162
Buzztime,Carlsbad,United States,Developer,Developer,33.15809,-117.35059
Experiment 7,Carlsbad,United States,Extended Reality (XR),XR (VR/AR),33.1919,-117.3946
Full Swing Golf,Carlsbad,United States,Developer,Developer,33.0877,-117.3432
High Moon Studios (Activision),Carlsbad,United States,Developer,Developer,33.2268,-117.2876
Jam CIty,Carlsbad,United States,Mobile,Mobile,33.1407,-117.4682
Playdek,Carlsbad,United States,Developer,Developer,33.0981,-117.2379
RAGE Technology Group (Rockstar),Carlsbad,United States,Developer,Developer,33.2764,-117.3886
Redemption Games,Carlsbad,United States,Mobile,Mobile,33.0407,-117.4234
Rockstar San Diego,Carlsbad,United States,Developer,Developer,33.2066,-117.1919
Zynga,Carlsbad,United States,Online,Other,33.2153,-117.5162
V Publishing,Oceanside,United States,Publisher,Publisher,33.19587,-117.37948
Boss Fight Entertainment (Netflix),McKinney,United States,Mobile,Mobile,33.19762,-96.61527
Curious Fate,McKinney,United States,Microstudio,Developer,33.2314,-96.6593
Playful,McKinney,United States,Developer,Developer,33.1272,-96.6079
From the Future,Denton,United States,Developer,Developer,33.21484,-97.13307
JForce Games,Denton,United States,Developer,Developer,33.2486,-97.1771
Drawlabs,Chandler,United States,Developer,Developer,33.30616,-111.84125
Northend Games,Baghdad,Iraq,Microstudio,Developer,33.34058,44.40088
Grimm Tales,Gilbert,United States,Developer,Developer,33.35283,-111.78903
Razor Edge Games,Gilbert,United States,Developer,Developer,33.3866,-111.8332
Signal Spike Games,Gilbert,United States,Developer,Developer,33.2824,-111.7816
E-Line Media,Tempe,United States,Developer and Publisher,Publisher,33.41477,-111.90931
Flashbang Studios,Tempe,United States,Developer,Developer,33.4485,-111.9535
IGDA UAT (University of Advancing Technology),Tempe,United States,Organization,Other,33.3443,-111.9019
NewHopeGames,Mesa,United States,Microstudio,Developer,33.42227,-111.82264
White Lotus Interactive,Mesa,United States,Developer,Developer,33.456,-111.8668
Asymmetric Publications,Phoenix,United States,Developer,Developer,33.44838,-112.07404
Dinogod,Phoenix,United States,Developer,Developer,33.4822,-112.1182
Endless Studios,Phoenix,United States,Developer,Developer,33.3779,-112.0666
Enigma Dragons,Phoenix,United States,Developer,Developer,33.5171,-112.0109
Grey Dog Software,Phoenix,United States,Microstudio,Developer,33.431,-112.1921
Grumpyface Studios,Phoenix,United States,Developer,Developer,33.3884,-111.961
Himalaya Studios,Phoenix,United States,Developer,Developer,33.5667,-112.1121
IGDA Arizona - Phoenix,Phoenix,United States,Organization,Other,33.331,-112.1471
Rainbow Studios (THQ Nordic),Phoenix,United States,Developer,Developer,33.4969,-111.9148
Return to Adventure Mountain,Phoenix,United States,Developer,Developer,33.5056,-112.2402
Scumhead,Phoenix,United States,Developer,Developer,33.3052,-111.9937
Team Colorblind,Phoenix,United States,Developer,Developer,33.6066,-112.0146
Women in Games International (WIGI) Phoenix,Phoenix,United States,Organization,Other,33.3615,-112.2536
ZB App Studio,Phoenix,United States,Mobile,Mobile,33.4097,-111.863
DANKIE,Dana Point,United States,Developer,Developer,33.46697,-117.69811
Georgia Game Developers Association,Augusta,United States,Organization,Other,33.47097,-81.97484
Team 21 Studio,Windsor,United States,Extended Reality (XR),XR (VR/AR),33.4793,-81.5118
Design Works Gaming,Scottsdale,United States,Developer,Developer,33.50921,-111.89903
Gigatank3000,Scottsdale,United States,Developer,Developer,33.543,-111.9432
Kakao,Jeju,Republic of Korea,Publisher,Publisher,33.50972,126.52194
Reimagine Well,Laguna Beach,United States,Health,Other,33.54225,-117.78311
Sazaku,Laguna Beach,United States,Developer,Developer,33.576,-117.8273
SkyReacher,Murrieta,United States,Developer,Developer,33.55391,-117.21392
Novadust Entertainment,Aliso Viejo,United States,Mobile,Mobile,33.56504,-117.72712
June Studio,Casablanca-Settat,Morocco,Developer,Developer,33.5731,-7.5898
Floating Island Games,Lubbock,United States,Developer,Developer,33.57786,-101.85517
CN Studios,Maarif,Morocco,Mobile,Mobile,33.585,-7.632
Ashira Studio,Casablanca,Morocco,Developer,Developer,33.58831,-7.61138
Carry1st,Casablanca,Morocco,Developer,Developer,33.6221,-7.6556
Funsoft,Casablanca,Morocco,Developer,Developer,33.5179,-7.604
Grid Paper Studio,Casablanca,Morocco,Developer,Developer,33.657,-7.5481
Kokoro Games,Casablanca,Morocco,Serious Games,Other,33.5709,-7.7296
Morocco Gaming Industry (MGI),Casablanca,Morocco,Organization,Other,33.5283,-7.4981
Ouaz Games,Casablanca,Morocco,Mobile,Mobile,33.7066,-7.6495
CyberConnect2,Fukuoka,Japan,Developer,Developer,33.6,130.41667
KLab,Fukuoka,Japan,Developer,Developer,33.6338,130.3724
Level 5,Fukuoka,Japan,Developer,Developer,33.5296,130.4241
Level-5,Fukuoka,Japan,Developer,Developer,33.6687,130.4799
Nayuta Studio,Fukuoka,Japan,Developer,Developer,33.5826,130.2984
Nephemee Studio,Fukuoka,Japan,Developer,Developer,33.54,130.5299
Tricore,Fukuoka,Japan,Developer,Developer,33.7183,130.3785
Wombo Combo Games,Fukuoka,Japan,Developer,Developer,33.4826,130.3435
gumi,Fukuoka,Japan,Online,Other,33.6485,130.5762
CCG Lab,Laguna Hills,United States,Developer,Developer,33.61252,-117.71283
Consolidated Joy Distribution Company,Newport Beach,United States,Microstudio,Developer,33.61891,-117.92895
Stonepunk Studios,Newport Beach,United States,Developer,Developer,33.6527,-117.9732
inXile Entertainment (Microsoft),Newport Beach,United States,Developer,Developer,33.5485,-117.9215
Little Orbit,Rancho Santa Margarita,United States,Publisher,Publisher,33.64086,-117.6031
LIV Games,Costa Mesa,United States,Developer,Developer,33.64113,-117.91867
Doronik Games Inc.,Lake Forest,United States,Developer,Developer,33.64697,-117.68922
Off Trail Games,Lake Forest,United States,Microstudio,Developer,33.6807,-117.7335
Turtle Rock Studios,Lake Forest,United States,Developer,Developer,33.5765,-117.6818
Amazing Seasun Games,Irvine,United States,Developer,Developer,33.66946,-117.82311
Amazon Games Orange County Studio,Irvine,United States,Developer,Developer,33.7032,-117.8674
Aquatic Moon,Irvine,United States,Developer,Developer,33.599,-117.8157
Armor Games Studios,Irvine,United States,Publisher,Publisher,33.7382,-117.7598
Atlus United States,Irvine,United States,Publisher,Publisher,33.652,-117.9414
Bandai Namco Entertainment America,Irvine,United States,Publisher,Publisher,33.6095,-117.7098
Blind Squirrel Games,Irvine,United States,Developer,Developer,33.7877,-117.8613
Blizzard Entertainment,Irvine,United States,Developer,Developer,33.5521,-117.8964
Bonfire Studios,Irvine,United States,Developer,Developer,33.718,-117.6635
Burnt Out Games,Irvine,United States,Developer,Developer,33.7267,-117.9897
Cognitive Leap,Irvine,United States,Health,Other,33.5263,-117.7426
CyanAvatar Studios,Irvine,United States,Developer,Developer,33.8277,-117.7635
Dreamhaven,Irvine,United States,Developer and Publisher,Publisher,33.5826,-118.0032
Fair Play Alliance,Irvine,United States,Organization,Other,33.6308,-117.6115
Frost Giant Studios,Irvine,United States,Developer,Developer,33.8225,-117.9524
Gaggle Studios,Irvine,United States,Developer,Developer,33.4774,-117.853
IGDA California - Orange County,Irvine,United States,Organization,Other,33.7983,-117.6394
Imagendry Studios,Irvine,United States,Developer,Developer,33.678,-118.0706
Kakao Games USA,Irvine,United States,Publisher,Publisher,33.5198,-117.6424
Magic Potion Games,Irvine,United States,Online,Other,33.8872,-117.8352
MobilityWare,Irvine,United States,Mobile,Mobile,33.4978,-117.9953
Moonshot Games (Dreamhaven),Irvine,United States,Developer,Developer,33.7,-117.5503
Moonwell Studios,Irvine,United States,Developer,Developer,33.8034,-118.0544
NC America,Irvine,United States,Online,Other,33.4355,-117.7599
Natalie Lawhead,Irvine,United States,Developer,Developer,33.882,-117.6768
Notorious Studios,Irvine,United States,Mobile,Mobile,33.5935,-118.1093
Obsidian Entertainment (Microsoft),Irvine,United States,Developer,Developer,33.5625,-117.545
Optillusion Games,Irvine,United States,Developer,Developer,33.9091,-117.9436
PLAYWITH Interactive (YNK Korea),Irvine,United States,Developer,Developer,33.4205,-117.9307
Quicksilver,Irvine,United States,Developer,Developer,33.7947,-117.5367
RGG Studio,Irvine,United States,Developer,Developer,33.7393,-118.1413
RetroNinja,Irvine,United States,Developer,Developer,33.4353,-117.6422
Second Dinner,Irvine,United States,Developer,Developer,33.9482,-117.7655
Secret Door (Dreamhaven),Irvine,United States,Developer,Developer,33.4936,-118.096
Sega of America,Irvine,United States,Publisher,Publisher,33.6454,-117.474
Taralumen Games,Irvine,United States,Developer,Developer,33.8866,-118.0645
Tencent Games,Irvine,United States,Developer and Publisher,Publisher,33.3695,-117.8214
Wildlife Studios,Irvine,United States,Mobile,Mobile,33.8947,-117.5776
alienmelon,Irvine,United States,Microstudio,Developer,33.641,-118.1919
Visual Concepts South (2K),Foothill Ranch,United States,Developer,Developer,33.68641,-117.66088
Guava Slice Games,Islamabad,Pakistan,Developer,Developer,33.72148,73.04329
Pakistan Software Export Board (PSEB),Islamabad,Pakistan,Organization,Other,33.7553,72.999
Idea Factory,Santa Ana,United States,Developer,Developer,33.74557,-117.86783
NIS America,Santa Ana,United States,Publisher,Publisher,33.7793,-117.9122
Magic Soup Games,Tustin,United States,Developer,Developer,33.74585,-117.82617
Sky Lantern Studio,Tustin,United States,Microstudio,Developer,33.7796,-117.8705
AGS,Atlanta,United States,Developer,Developer,33.749,-84.38798
Dragon Army,Atlanta,United States,Mobile,Mobile,33.7828,-84.4323
EQ Games,Atlanta,United States,Developer,Developer,33.6786,-84.3805
Finite Reflection,Atlanta,United States,Developer,Developer,33.8177,-84.3246
Georgia Game Developers Association,Atlanta,United States,Organization,Other,33.7316,-84.5064
Hi-Rez Studios,Atlanta,United States,Online,Other,33.689,-84.2745
IGDA Georgia - Atlanta,Atlanta,United States,Organization,Other,33.8673,-84.4262
Indie Game Foundry,Atlanta,United States,Incubator/Accelerator,Other,33.6316,-84.4613
Ker-Chunk Games,Atlanta,United States,Developer,Developer,33.7975,-84.2282
Laser Lighthouse,Atlanta,United States,Developer,Developer,33.8062,-84.5547
Main Tank Software,Atlanta,United States,Developer,Developer,33.6058,-84.3074
Moonlight Kids,Atlanta,United States,Developer,Developer,33.9072,-84.3283
Persuasive Games,Atlanta,United States,Developer,Developer,33.6622,-84.5682
Pink House Games,Atlanta,United States,Developer,Developer,33.7103,-84.1762
Products for Robots,Atlanta,United States,Developer,Developer,33.902,-84.5174
Redemption Road Games,Atlanta,United States,Developer,Developer,33.557,-84.4179
Shiny Dolphins,Atlanta,United States,Developer,Developer,33.8779,-84.2041
SomeHumbleOnion,Atlanta,United States,Developer,Developer,33.7575,-84.6357
Star Garden Games,Atlanta,United States,Developer,Developer,33.5994,-84.2071
Tasty Pill,Atlanta,United States,Publisher,Publisher,33.9667,-84.4001
The Indie Cluster,Atlanta,United States,Incubator/Accelerator,Other,33.5773,-84.5603
Thrust Interactive,Atlanta,United States,Mobile,Mobile,33.7796,-84.1149
Yarn Owl Games,Atlanta,United States,Developer,Developer,33.8829,-84.6195
ZenVR,Atlanta,United States,Health,Other,33.5151,-84.3247
Mieron,Long Beach,United States,Health,Other,33.76696,-118.18923
Rock It Games,Long Beach,United States,Publisher,Publisher,33.8007,-118.2336
Spike Chunsoft,Long Beach,United States,Developer and Publisher,Publisher,33.6965,-118.1818
Zwift,Long Beach,United States,Developer,Developer,33.8357,-118.1258
Gimmie Games,Decatur,United States,Developer,Developer,33.77483,-84.29631
Virtually Better,Decatur,United States,Health,Other,33.8086,-84.3407
Ember Lab,Orange,United States,Developer,Developer,33.78779,-117.85311
Know Buddy Games,Orange,United States,Developer,Developer,33.8216,-117.8975
Well Told Entertainment,Orange,United States,Developer,Developer,33.7174,-117.8457
Well Told Games,Orange,United States,Developer,Developer,33.8565,-117.7897
White Lotus Interactive,Orange,United States,Extended Reality (XR),XR (VR/AR),33.7704,-117.9716
Baby Lumberjack,Villa Park,United States,Developer,Developer,33.81446,-117.81311
ARC System Works America,Torrance,United States,Publisher,Publisher,33.83585,-118.34063
Airstrafe Interactive,Torrance,United States,Developer,Developer,33.8696,-118.385
Aksys Games,Torrance,United States,Publisher,Publisher,33.7654,-118.3332
Astra Logical,Torrance,United States,Publisher,Publisher,33.9046,-118.2772
Bushiroad Games,Torrance,United States,Developer,Developer,33.8184,-118.4592
Marvelous USA,Torrance,United States,Publisher,Publisher,33.7758,-118.2271
GRAVITY INTERACTIVE,Buena Park,United States,Publisher,Publisher,33.86751,-117.99812
Fenix Fire,Corona,United States,Developer,Developer,33.87529,-117.56644
Inkline,Beirut,Lebanon,Developer,Developer,33.89332,35.50157
Kreationware,Beirut,Lebanon,Developer,Developer,33.9271,35.4572
Lebanese Game Developers,Beirut,Lebanon,Organization,Other,33.8229,35.509
Spruce Studios,Bakaata,Lebanon,Mobile,Mobile,33.962,35.565
Sunnymoon Project Studio,Beirut,Lebanon,Microstudio,Developer,33.8759,35.3829
XRWorkout,Beirut,Lebanon,Health,Other,33.8333,35.6152
Sekai Project,Norwalk,United States,Publisher,Publisher,33.90224,-118.08173
Konami Digital Entertainment,Hawthorne,United States,Developer,Developer,33.9164,-118.35257
Illuminated Games,Brea,United States,Microstudio,Developer,33.91668,-117.90006
Activision Player Support and Quality Assurance,El Segundo,United States,Developer and Publisher,Publisher,33.91918,-118.41647
Big Red Button Entertainment,El Segundo,United States,Extended Reality (XR),XR (VR/AR),33.953,-118.4609
Carbonated,El Segundo,United States,Mobile,Mobile,33.8487,-118.409
GungHo Online Entertainment,El Segundo,United States,Developer and Publisher,Publisher,33.9879,-118.353
Mattel Digital Studios,El Segundo,United States,Developer,Developer,33.9018,-118.5351
Ocean Drive Studio,El Segundo,United States,Developer,Developer,33.8592,-118.3028
Playgig,El Segundo,United States,Developer,Developer,34.0375,-118.4548
Studio Capital Mangement,El Segundo,United States,Investment,Other,33.8018,-118.4899
Unbroken Studios,El Segundo,United States,Developer,Developer,33.9677,-118.2564
Wonderstorm,El Segundo,United States,Developer,Developer,33.9764,-118.5836
Yotta Games,El Segundo,United States,Developer,Developer,33.776,-118.3357
HOF Studios,Sandy Springs,United States,Developer,Developer,33.92427,-84.37854
Realm Games,Moreno Valley,United States,Developer,Developer,33.93752,-117.23059
GANZ,Marietta,United States,Online,Other,33.9526,-84.54993
Headcannon,Riverside,United States,Microstudio,Developer,33.95335,-117.39616
Silicon Valley Ventures,Shimonoseki,Japan,Investment,Other,33.95548,130.93713
Georgia Game Developers Association,Athens,United States,Organization,Other,33.96095,-83.37794
Lightspeed LA (Tencent),Playa Vista,United States,Developer,Developer,33.976,-118.42
That's No Moon Entertainment,Playa Vista,United States,Developer,Developer,34.0098,-118.4645
Wixel Studios,Jounieh,Lebanon,Developer,Developer,33.98083,35.61778
Electronic Arts,Marina del Ray,United States,Publisher,Publisher,33.98162,-118.45371
Kluge Interactive,Marina del Rey,United States,Extended Reality (XR),XR (VR/AR),34.0154,-118.4982
Ripple Effect (Electronic Arts),Marina del Ray,United States,Developer,Developer,33.9112,-118.4463
Six Foot,Marina Del Rey,United States,Developer and Publisher,Publisher,34.0503,-118.3902
Skydance Interactive,Marina Del Rey,United States,Developer,Developer,33.9642,-118.5725
Active Theory,Venice,United States,Developer,Developer,33.99084,-118.46008
Collision Studios,Venice,United States,Developer,Developer,34.0246,-118.5045
GigXR,Venice,United States,Serious Games,Other,33.9204,-118.4526
Messhof,Venice,United States,Developer,Developer,34.0596,-118.3965
Specular Theory,Venice,United States,Extended Reality (XR),XR (VR/AR),33.9734,-118.5788
Wevr,Venice,United States,Extended Reality (XR),XR (VR/AR),33.9308,-118.3463
Glass Revolver,Columbia,United States,Developer,Developer,34.00071,-81.03481
Outcast Digital,Rabat,Morocco,Developer and Publisher,Publisher,34.01325,-6.83255
Tacsou,Rabat,Morocco,Developer,Developer,34.047,-6.877
1AM Gaming,Santa Monica,United States,Investment,Other,34.01949,-118.49138
30 Parallel Games,Santa Monica,United States,Developer,Developer,34.0533,-118.5359
Absurd Ventures,Santa Monica,United States,Developer,Developer,33.9491,-118.4839
Activision Publishing,Santa Monica,United States,Developer and Publisher,Publisher,34.0882,-118.4278
Bad Robot Games,Santa Monica,United States,Developer,Developer,34.0021,-118.6102
Demonware (Activision),Santa Monica,United States,Developer,Developer,33.9595,-118.3776
Eggscape Entertainment,Santa Monica,United States,Extended Reality (XR),XR (VR/AR),34.1378,-118.5297
Emblematic,Santa Monica,United States,Extended Reality (XR),XR (VR/AR),33.9021,-118.5649
Giant Sparrow,Santa Monica,United States,Online,Other,34.068,-118.3311
Giant Squid,Santa Monica,United States,Developer,Developer,34.0767,-118.6587
Griffin Gaming Partners,Santa Monica,United States,Investment,Other,33.8763,-118.4105
Hitcents,Santa Monica,United States,Developer and Publisher,Publisher,34.1777,-118.4315
Looty Games,Santa Monica,United States,Developer,Developer,33.9326,-118.6722
NHN Entertainment,Santa Monica,United States,Mobile,Mobile,33.9808,-118.2789
Naughty Dog (Sony),Santa Monica,United States,Developer,Developer,34.1725,-118.6212
PlayQ,Santa Monica,United States,Developer,Developer,33.8274,-118.5214
RED Games (Aonic),Santa Monica,United States,Mobile,Mobile,34.1484,-118.3069
Refactor Games,Santa Monica,United States,Developer,Developer,34.028,-118.7399
Riot Games,Santa Monica,United States,Online,Other,33.8699,-118.31
Solid State (Activision),Santa Monica,United States,Mobile,Mobile,34.2372,-118.5035
Sony Computer Entertainment Santa Monica Studio,Santa Monica,United States,Developer and Publisher,Publisher,33.8478,-118.6642
TapBlaze,Santa Monica,United States,Mobile,Mobile,34.05,-118.2174
The Game Band,Santa Monica,United States,Developer,Developer,34.1534,-118.7236
Treyarch (Activision),Santa Monica,United States,Developer,Developer,33.7855,-118.4279
Two Bit Circus,Santa Monica,United States,Developer,Developer,34.232,-118.3444
thatgamecompany,Santa Monica,United States,Developer,Developer,33.9435,-118.7787
Apps Ministry,Walnut,United States,Mobile,Mobile,34.02029,-117.86534
AfterNow,Culver City,United States,Extended Reality (XR),XR (VR/AR),34.02112,-118.39647
Capcom Pictures,Culver City,United States,Developer,Developer,34.0549,-118.441
Chashu Entertainment,Culver City,United States,Developer,Developer,33.9507,-118.389
Epic Games,Culver City,United States,Developer and Publisher,Publisher,34.0898,-118.3329
Freeform Labs,Culver City,United States,Extended Reality (XR),XR (VR/AR),34.0037,-118.5153
Jam CIty,Culver City,United States,Mobile,Mobile,33.9611,-118.2827
Living Popups,Culver City,United States,Mobile,Mobile,34.1394,-118.4348
Otherworld Interactive,Culver City,United States,Developer,Developer,33.9037,-118.47
Scopely,Culver City,United States,Developer and Publisher,Publisher,34.0696,-118.2362
Snail Games USA,Culver City,United States,Developer and Publisher,Publisher,34.0784,-118.5638
Survios,Culver City,United States,Extended Reality (XR),XR (VR/AR),33.8779,-118.3156
Wandering Wizard,Culver City,United States,Publisher,Publisher,34.1794,-118.3366
Yukes Co,Culver City,United States,Developer,Developer,33.9343,-118.5773
Tripwire Interactive,Roswell,United States,Developer and Publisher,Publisher,34.02316,-84.36159
Galaxy Pest Control,Malibu,United States,Mobile,Mobile,34.02577,-118.7804
Noctua Interactive,Loma Linda,United States,Mobile,Mobile,34.04835,-117.26115
8i,Los Angeles,United States,Extended Reality (XR),XR (VR/AR),34.05223,-118.24368
AGBO,Los Angeles,United States,Developer,Developer,34.086,-118.2882
Activision Capture Studio,Los Angeles,United States,Developer and Publisher,Publisher,33.9818,-118.2362
Addicting Games,Los Angeles,United States,Online,Other,34.121,-118.1801
Adhoc Studio,Los Angeles,United States,Developer,Developer,34.0348,-118.3625
Akupara Games,Los Angeles,United States,Developer and Publisher,Publisher,33.9922,-118.1298
Amber,Los Angeles,United States,Developer,Developer,34.1705,-118.2821
Animo Games Studio,Los Angeles,United States,Developer,Developer,33.9348,-118.3173
Annapurna Interactive,Los Angeles,United States,Developer and Publisher,Publisher,34.1007,-118.0833
AppliedVR,Los Angeles,United States,Health,Other,34.1095,-118.411
Atlas V,Los Angeles,United States,Extended Reality (XR),XR (VR/AR),33.909,-118.1628
Aya Games,Los Angeles,United States,Developer,Developer,34.2105,-118.1838
BKOM Studios (Aonic),Los Angeles,United States,Developer,Developer,33.9654,-118.4246
BUCK Games,Los Angeles,United States,Developer,Developer,34.0135,-118.0312
Bad Dream Games,Los Angeles,United States,Developer,Developer,34.2053,-118.3735
Banana Bird Studios,Los Angeles,United States,Developer,Developer,33.8602,-118.2737
Believer Entertainment,Los Angeles,United States,Developer,Developer,34.1811,-118.0591
Ben Esposito,Los Angeles,United States,Developer,Developer,34.0607,-118.4923
Big Fan Games (Devolver Digital),Los Angeles,United States,Publisher,Publisher,33.9026,-118.0622
Bird Bath Games,Los Angeles,United States,Microstudio,Developer,34.2699,-118.2558
Black Rust,Los Angeles,United States,Microstudio,Developer,33.8805,-118.4166
Bladework Games,Los Angeles,United States,Online,Other,34.0828,-117.9696
Blendo Games,Los Angeles,United States,Developer,Developer,34.1862,-118.476
Blumhouse Games,Los Angeles,United States,Publisher,Publisher,33.8183,-118.1802
Boss Team Games,Los Angeles,United States,Developer,Developer,34.2648,-118.0967
BulletFarm Games (NetEase Games),Los Angeles,United States,Developer,Developer,33.9762,-118.5311
Burst2Flame Entertainment,Los Angeles,United States,Developer,Developer,33.9453,-117.9643
CAGE Studios,Los Angeles,United States,Developer,Developer,34.2919,-118.3647
Capital World Investors,Los Angeles,United States,Investment,Other,33.8033,-118.3518
CayPlay Studios,Los Angeles,United States,Developer,Developer,34.1775,-117.956
Chaos Manufacturing,Los Angeles,United States,Developer,Developer,34.122,-118.5633
Coin Crew,Los Angeles,United States,Developer,Developer,33.8181,-118.062
Contingent99,Los Angeles,United States,Microstudio,Developer,34.331,-118.1859
Cosmic Forces,Los Angeles,United States,Developer,Developer,33.8764,-118.5178
Crispy Creative,Los Angeles,United States,Developer,Developer,34.0282,-117.893
Cursed Magic,Los Angeles,United States,Developer,Developer,34.2694,-118.4861
D3Publisher of America (D3Go),Los Angeles,United States,Publisher,Publisher,33.7522,-118.2419
D4N Studios,Los Angeles,United States,Developer,Developer,34.2775,-117.997
David O'Reilly,Los Angeles,United States,Developer,Developer,34.0238,-118.6141
Demonware (Activision),Los Angeles,United States,Developer,Developer,33.8635,-117.9435
Distinct Possibility Studio,Los Angeles,United States,Online,Other,34.3634,-118.312
Dogubomb,Los Angeles,United States,Developer,Developer,33.7813,-118.4495
Donut Lab,Los Angeles,United States,Mobile,Mobile,34.1379,-117.8665
Drake Star Partners,Los Angeles,United States,Investment,Other,34.2019,-118.5958
DreadXP,Los Angeles,United States,Publisher,Publisher,33.7413,-118.1045
Dykom Software,Los Angeles,United States,Developer,Developer,34.3629,-118.091
EQ Games,Los Angeles,United States,Developer,Developer,33.907,-118.6135
EYES OUT,Los Angeles,United States,Developer,Developer,33.9512,-117.8483
Echodog Games,Los Angeles,United States,Developer,Developer,34.3511,-118.4551
Embodied Labs,Los Angeles,United States,Health,Other,33.71,-118.3324
Enosis VR,Los Angeles,United States,Extended Reality (XR),XR (VR/AR),34.257,-117.8958
Evening Star,Los Angeles,United States,Developer,Developer,34.0964,-118.6713
Exploding Kittens,Los Angeles,United States,Mobile,Mobile,33.7777,-117.9616
F4 Fund,Los Angeles,United States,Investment,Other,34.416,-118.2277
FLARB,Los Angeles,United States,Developer,Developer,33.7905,-118.555
Falseworks,Los Angeles,United States,Developer,Developer,34.0712,-117.7967
Fictions,Los Angeles,United States,Developer and Publisher,Publisher,34.2906,-118.5918
Five Mics Studios,Los Angeles,United States,Mobile,Mobile,33.6784,-118.1807
Flying Mollusk,Los Angeles,United States,Developer,Developer,34.3659,-117.983
Future Club,Los Angeles,United States,Developer,Developer,33.9661,-118.6954
FuzzyBot,Los Angeles,United States,Developer,Developer,33.8613,-117.837
Gadget-bot,Los Angeles,United States,Extended Reality (XR),XR (VR/AR),34.4237,-118.3891
Game Department,Los Angeles,United States,Developer,Developer,33.694,-118.4409
Game Grumps,Los Angeles,United States,Developer,Developer,34.2072,-117.8027
Game Mechanic Studios,Los Angeles,United States,Developer,Developer,34.1858,-118.6988
Gamebreaking Studios,Los Angeles,United States,Developer,Developer,33.6963,-118.0152
Gamefam,Los Angeles,United States,Developer and Publisher,Publisher,34.4455,-118.121
Gameloft,Los Angeles,United States,Mobile,Mobile,33.8292,-118.6579
Gardens,Los Angeles,United States,Developer,Developer,33.9844,-117.7528
Genpop Interactive,Los Angeles,United States,Developer,Developer,34.3794,-118.5526
Giant Skull,Los Angeles,United States,Developer,Developer,33.6352,-118.2829
Giant Space Monster,Los Angeles,United States,Developer,Developer,34.3398,-117.8721
Good Story Guild,Los Angeles,United States,Developer,Developer,34.0481,-118.7557
Goodbyeworld Games,Los Angeles,United States,Developer,Developer,33.7667,-117.8601
Grab Games,Los Angeles,United States,Extended Reality (XR),XR (VR/AR),34.4803,-118.2941
Graffiti Games,Los Angeles,United States,Publisher,Publisher,33.706,-118.5576
Gunzilla Games,Los Angeles,United States,Developer,Developer,34.1323,-117.7265
Heart Machine,Los Angeles,United States,Developer,Developer,34.2841,-118.6932
Heather Flowers,Los Angeles,United States,Developer,Developer,33.6269,-118.1003
Heavy Iron Studios (Keywords),Los Angeles,United States,Developer,Developer,34.4486,-118.0011
High Horse Entertainment,Los Angeles,United States,Developer,Developer,33.8947,-118.7489
Hyperkinetic Studios,Los Angeles,United States,Developer,Developer,33.8846,-117.7396
Hypersonic Laboratories,Los Angeles,United States,Extended Reality (XR),XR (VR/AR),34.4604,-118.4801
IGDA California - Los Angeles ,Los Angeles,United States,Organization,Other,33.6163,-118.4031
Infold Games,Los Angeles,United States,Developer,Developer,34.2859,-117.7679
Inhance Digital,Los Angeles,United States,Developer,Developer,34.1468,-118.7882
Innerspace VR,Los Angeles,United States,Extended Reality (XR),XR (VR/AR),33.6755,-117.9174
Iron Hippo Games,Los Angeles,United States,Developer,Developer,34.5153,-118.1768
Jam & Tea Studios,Los Angeles,United States,Developer,Developer,33.7465,-118.673
James Montagna,Los Angeles,United States,Microstudio,Developer,34.0373,-117.6746
Jungle Robots,Los Angeles,United States,Publisher,Publisher,34.3835,-118.6534
Juno Capital Partners,Los Angeles,United States,Investment,Other,33.576,-118.2115
King.com (Activision),Los Angeles,United States,Mobile,Mobile,34.4234,-117.8772
Kite & Lightning,Los Angeles,United States,Extended Reality (XR),XR (VR/AR),33.9833,-118.8197
Konitama Games,Los Angeles,United States,Developer,Developer,33.7793,-117.7602
LA2079 Studios,Los Angeles,United States,Developer,Developer,34.5266,-118.3784
Lab Zero,Los Angeles,United States,Developer,Developer,33.6248,-118.5326
Legacy Games,Los Angeles,United States,Developer,Developer,34.2065,-117.6792
Leonard Menchiari,Los Angeles,United States,Microstudio,Developer,34.2554,-118.7884
Lightbound Studios,Los Angeles,United States,Mobile,Mobile,33.5952,-118.0065
Lil Snack,Los Angeles,United States,Developer,Developer,34.5244,-118.045
Lone Wulf Studio,Los Angeles,United States,Developer,Developer,33.8141,-118.7778
Look North World,Los Angeles,United States,Developer,Developer,33.9283,-117.6528
Lunacy Studios,Los Angeles,United States,Developer,Developer,34.4764,-118.5799
Lyrical Games,Los Angeles,United States,Publisher,Publisher,33.5489,-118.342
MWM Interactive,Los Angeles,United States,Publisher,Publisher,34.3699,-117.7585
Madison Wells Media,Los Angeles,United States,Publisher,Publisher,34.0897,-118.8634
Magnopus,Los Angeles,United States,Extended Reality (XR),XR (VR/AR),33.676,-117.8153
Matt Dabrowski,Los Angeles,United States,Microstudio,Developer,34.5718,-118.2529
Metamorphosis Games,Los Angeles,United States,Developer,Developer,33.6622,-118.6624
Midnighters,Los Angeles,United States,Publisher,Publisher,34.1057,-117.614
Millenium Bound,Los Angeles,United States,Microstudio,Developer,34.3666,-118.7539
Mobius Digital Games,Los Angeles,United States,Developer,Developer,33.5326,-118.1232
Monsarrat,Los Angeles,United States,Extended Reality (XR),XR (VR/AR),34.5048,-117.9073
Moonbug Entertainment,Los Angeles,United States,Developer,Developer,33.9061,-118.8634
N3TWORK,Los Angeles,United States,Mobile,Mobile,33.8121,-117.6651
Nerve Lab Games,Los Angeles,United States,Extended Reality (XR),XR (VR/AR),34.5553,-118.4756
Netflix Games Studio,Los Angeles,United States,Publisher,Publisher,33.5493,-118.4839
New Blood Interactive,Los Angeles,United States,Developer,Developer,34.2896,-117.6541
Nexus Studios,Los Angeles,United States,Developer,Developer,34.2078,-118.8746
Nicalis,Los Angeles,United States,Developer,Developer,33.5824,-117.9039
Nice Dream Games,Los Angeles,United States,Developer,Developer,34.5911,-118.1106
Oak Knoll Games,Los Angeles,United States,Microstudio,Developer,33.728,-118.7833
Offbrand Games,Los Angeles,United States,Publisher,Publisher,33.989,-117.5788
OmniMegaSuperCorp,Los Angeles,United States,Developer,Developer,34.4727,-118.6842
OtherSide Entertainment (Aonic),Los Angeles,United States,Developer,Developer,33.4934,-118.2617
Pandan Games,Los Angeles,United States,Microstudio,Developer,34.4558,-117.7729
Paper Crane Games,Los Angeles,United States,Extended Reality (XR),XR (VR/AR),34.018,-118.9225
Papergames,Los Angeles,United States,Developer,Developer,33.6962,-117.7131
Paramount Games Studio,Los Angeles,United States,Developer,Developer,34.6139,-118.345
Permadeath studios,Los Angeles,United States,Extended Reality (XR),XR (VR/AR),33.5796,-118.6284
Pixel Titans,Los Angeles,United States,Developer,Developer,34.186,-117.5721
Plan A Games,Los Angeles,United States,Investment,Other,34.3305,-118.8502
Plasticity Games,Los Angeles,United States,Developer,Developer,33.5055,-118.0225
Playsaurus,Los Angeles,United States,Mobile,Mobile,34.5811,-117.96
Psyop Games,Los Angeles,United States,Developer,Developer,33.8201,-118.8865
RUST LTD,Los Angeles,United States,Developer,Developer,33.8629,-117.578
Raid Base,Los Angeles,United States,Developer,Developer,34.5662,-118.5814
Readyverse Studios,Los Angeles,United States,Online,Other,33.4821,-118.4143
Redux Games,Los Angeles,United States,Developer,Developer,34.3783,-117.6509
Ridiculous Games,Los Angeles,United States,Developer,Developer,34.1439,-118.9491
Robusta Gameworks,Los Angeles,United States,Developer,Developer,33.5882,-117.7967
Rogue Games,Los Angeles,United States,Publisher,Publisher,34.6467,-118.1948
Roundtable Interactive,Los Angeles,United States,Developer and Publisher,Publisher,33.6398,-118.7662
Run Games,Los Angeles,United States,Developer,Developer,34.0639,-117.5196
S-GAME,Los Angeles,United States,Developer,Developer,34.4502,-118.789
SMG Studio,Los Angeles,United States,Developer,Developer,33.4515,-118.1658
SNK Playmore Corporation,Los Angeles,United States,Publisher,Publisher,34.5404,-117.8099
STRIVR,Los Angeles,United States,Serious Games,Other,33.9346,-118.964
Seeker Entertainment,Los Angeles,United States,Developer,Developer,33.7348,-117.6145
Seemingly Pointless,Los Angeles,United States,Developer,Developer,34.6404,-118.4494
Seismic Games,Los Angeles,United States,Developer,Developer,33.5016,-118.5726
Self Hunter Studio,Los Angeles,United States,Developer,Developer,34.275,-117.5499
Singularity 6,Los Angeles,United States,Developer,Developer,34.277,-118.9391
SkyVu,Los Angeles,United States,Mobile,Mobile,33.4955,-117.9131
Skyborne Games,Los Angeles,United States,Developer,Developer,34.6497,-118.0329
Skybound Games,Los Angeles,United States,Developer and Publisher,Publisher,33.7286,-118.8883
Smol Games,Los Angeles,United States,Developer,Developer,33.9297,-117.5021
Social Cipher Games,Los Angeles,United States,Serious Games,Other,34.5592,-118.692
Sondering Studio,Los Angeles,United States,Developer,Developer,33.4255,-118.3267
Soy Boy Games,Los Angeles,United States,Developer,Developer,34.4692,-117.6697
Spatial Magic,Los Angeles,United States,Developer,Developer,34.0661,-119.0092
Spectrevision,Los Angeles,United States,Extended Reality (XR),XR (VR/AR),33.6122,-117.6888
Spin Master,Los Angeles,United States,Developer,Developer,34.6892,-118.2943
Spookulele Games,Los Angeles,United States,Developer and Publisher,Publisher,33.5527,-118.7272
Square Enix Incorporated,Los Angeles,United States,Developer and Publisher,Publisher,34.1503,-117.4776
Stoke Games,Los Angeles,United States,Developer,Developer,34.4098,-118.8905
Stress Level Zero,Los Angeles,United States,Extended Reality (XR),XR (VR/AR),33.4247,-118.0577
Studio Elan,Los Angeles,United States,Developer,Developer,34.6207,-117.8681
Studio Hitsuji,Los Angeles,United States,Mobile,Mobile,33.8426,-118.9863
Studio Pixanoh,Los Angeles,United States,Developer,Developer,33.7904,-117.5231
Sunken Places,Los Angeles,United States,Extended Reality (XR),XR (VR/AR),34.6503,-118.5625
Surgical Theater,Los Angeles,United States,Health,Other,33.431,-118.497
Swag Masha,Los Angeles,United States,Mobile,Mobile,34.3695,-117.5484
TRIPP,Los Angeles,United States,Health,Other,34.2079,-119.0172
Teddy Bear Games,Los Angeles,United States,Microstudio,Developer,33.503,-117.7989
Temple Door Games,Los Angeles,United States,Microstudio,Developer,34.708,-118.1235
Tender Claws,Los Angeles,United States,Extended Reality (XR),XR (VR/AR),33.6347,-118.8687
The Immersive Experience Institute,Los Angeles,United States,Organization,Other,34.0101,-117.4401
The Odd Gentlemen,Los Angeles,United States,Developer,Developer,34.5343,-118.8034
The Rat Zone,Los Angeles,United States,Developer,Developer,33.3816,-118.2239
The Third Floor,Los Angeles,United States,Extended Reality (XR),XR (VR/AR),34.5592,-117.71
The Virtual Reality Company,Los Angeles,United States,Extended Reality (XR),XR (VR/AR),33.9769,-119.0527
Theorycraft Games,Los Angeles,United States,Developer,Developer,33.6539,-117.5839
TiMi Studios (Tencent),Los Angeles,United States,Developer,Developer,34.717,-118.4059
Timberline Studio (Kepler Interactive),Los Angeles,United States,Developer,Developer,33.4697,-118.6672
TimePlay Entertainment,Los Angeles,United States,Developer,Developer,34.2453,-117.4543
Tinted Stardust,Los Angeles,United States,Developer,Developer,34.3525,-118.9851
Titanium Clad Studios,Los Angeles,United States,Microstudio,Developer,33.4142,-117.941
Toon Crafter,Los Angeles,United States,Developer,Developer,34.6938,-117.9459
Toyful Games,Los Angeles,United States,Developer,Developer,33.745,-118.9883
Treehouse Games,Los Angeles,United States,Developer,Developer,33.8616,-117.442
Turbo Button,Los Angeles,United States,Developer,Developer,34.643,-118.6805
Turbo Dog Games,Los Angeles,United States,Developer,Developer,33.3704,-118.4037
Turnfollow,Los Angeles,United States,Developer,Developer,34.4665,-117.5681
USC Games Publishing,Los Angeles,United States,Publisher,Publisher,34.125,-119.0818
Uncapped Games (Tencent),Los Angeles,United States,Developer,Developer,33.5281,-117.6836
Underwater Fire Games,Los Angeles,United States,Developer,Developer,34.7539,-118.2293
Unexpected Accessories,Los Angeles,United States,Developer,Developer,33.5416,-118.8278
Unfold Games,Los Angeles,United States,Developer,Developer,34.102,-117.3945
Unit9,Los Angeles,United States,Developer,Developer,34.4919,-118.9121
VC Mobile Entertainment,Los Angeles,United States,Mobile,Mobile,33.3522,-118.1089
Vaulted Sky Games (Coffee Stain),Los Angeles,United States,Developer,Developer,34.6453,-117.7711
Vertigo Games (PLAION),Los Angeles,United States,Developer and Publisher,Publisher,33.879,-119.0777
WEBZEN America,Los Angeles,United States,Online,Other,33.7124,-117.4856
Warped Worlds,Los Angeles,United States,Developer,Developer,34.7287,-118.5263
We Are Fuzzy,Los Angeles,United States,Developer,Developer,33.3936,-118.5877
White Elk,Los Angeles,United States,Extended Reality (XR),XR (VR/AR),34.3461,-117.4511
Wide Right Games,Los Angeles,United States,Developer,Developer,34.2797,-119.0696
Wildflower Interactive,Los Angeles,United States,Developer,Developer,33.4208,-117.8191
Windup Minds,Los Angeles,United States,Extended Reality (XR),XR (VR/AR),34.7572,-118.0415
Wolf Games,Los Angeles,United States,Mobile,Mobile,33.6446,-118.9692
Women in Games International (WIGI) Los Angeles,Los Angeles,United States,Organization,Other,33.9465,-117.3743
YUR,Los Angeles,United States,Health,Other,34.6181,-118.7998
Yoyogi Games,Los Angeles,United States,Developer,Developer,33.322,-118.2951
YummyYummyTummy,Los Angeles,United States,Developer,Developer,34.5631,-117.609
Zynga,Los Angeles,United States,Mobile,Mobile,34.0307,-119.1302
com2us,Los Angeles,United States,Mobile,Mobile,33.5708,-117.5709
easyAction,Los Angeles,United States,Developer,Developer,34.7854,-118.3475
tiny galactic,Los Angeles,United States,Developer,Developer,33.4521,-118.7661
Dreamlit Games,West Covina,United States,Developer,Developer,34.06862,-117.93895
Omocat,West Covina,United States,Developer,Developer,34.1024,-117.9835
Acclaim Games,Beverly Hills,United States,Developer,Developer,34.07362,-118.40036
Delphi Interactive,Beverly Hills,United States,Developer and Publisher,Publisher,34.1074,-118.4449
First Rule Studios,Beverly Hills,United States,Developer,Developer,34.0032,-118.3929
Interplay Entertainment,Beverly Hills,United States,Developer and Publisher,Publisher,34.1423,-118.3367
Living Popups,Beverly Hills,United States,Mobile,Mobile,34.0562,-118.5192
Snailgames USA,Beverly Hills,United States,Developer and Publisher,Publisher,34.0136,-118.2865
Evil Mojo Games (Hi-Rez Studios),Alpharetta,United States,Developer,Developer,34.07538,-84.29409
Prophecy Games,Alpharetta,United States,Developer,Developer,34.1092,-84.3386
Titan Forge (Hi-Rez Studios),Alpharetta,United States,Developer,Developer,34.0049,-84.2866
Xaviant,Alpharetta,United States,Developer,Developer,34.1441,-84.2305
Maestro Games,West Hollywood,United States,Health,Other,34.09001,-118.36174
Dashing Strike,Covina,United States,Developer,Developer,34.09001,-117.89034
GameResort,Claremont,United States,Mobile,Mobile,34.09668,-117.71978
Flight School Studio,Hollywood,United States,Developer,Developer,34.09834,-118.32674
Tempo,Hollywood,United States,Developer,Developer,34.1321,-118.3713
Dreamlit Entertainment,Temple City,United States,Developer,Developer,34.10723,-118.05785
Whim Independent Studios (Whim Indie),San Bernardino,United States,Developer,Developer,34.10834,-117.28977
AMGI Studios,South Pasadena,United States,Developer,Developer,34.11612,-118.15035
Tiger Bronnikov,Buford,United States,Developer,Developer,34.12066,-84.00435
Visual Concepts LA (2K),Agoura Hills,United States,Developer,Developer,34.13639,-118.77453
Age of Learning,Glendale,United States,Serious Games,Other,34.14251,-118.25508
Disney Accelerator,Glendale,United States,Incubator/Accelerator,Other,34.1763,-118.2996
Gabboco Games,Glendale,United States,Developer,Developer,34.0721,-118.2476
Hidden Variable Studios,Glendale,United States,Developer,Developer,34.2112,-118.1914
Marvel Games,Glendale,United States,Developer and Publisher,Publisher,34.1251,-118.3741
Nickelodeon Kids & Family Virtual Worlds Group,Glendale,United States,Online,Other,34.0825,-118.1411
Night School Studio (Netflix),Glendale,United States,Developer,Developer,34.2608,-118.2935
Pawmigo Games,Glendale,United States,Developer,Developer,34.0251,-118.3287
Walt Disney Imagineering,Glendale,United States,Developer,Developer,34.191,-118.0946
Bravio Games,Westlake Village,United States,Developer,Developer,34.14584,-118.80565
42 Entertainment,Pasadena,United States,Developer,Developer,34.14778,-118.14452
ANIMAL,Pasadena,United States,Developer,Developer,34.1816,-118.1891
Animal Repair Shop,Pasadena,United States,Developer,Developer,34.0773,-118.1371
Eclair Games,Pasadena,United States,Microstudio,Developer,34.2165,-118.0809
Funktronic Labs,Pasadena,United States,Developer,Developer,34.1304,-118.2635
Paper Unicorn Games,Pasadena,United States,Developer,Developer,34.0878,-118.0305
WhiteMoon Dreams,Pasadena,United States,Developer,Developer,34.2661,-118.1829
codeSpark,Pasadena,United States,Developer,Developer,34.0304,-118.2182
SassyChap Games,Studio City,United States,Developer,Developer,34.14862,-118.39647
AVRwell,Sherman Oaks,United States,Health,Other,34.15112,-118.44925
Activision Sherman Oaks,Sherman Oaks,United States,Developer and Publisher,Publisher,34.1849,-118.4938
Demonware (Activision),Sherman Oaks,United States,Developer,Developer,34.0807,-118.4418
Joystick Ventures,Sherman Oaks,United States,Investment,Other,34.2198,-118.3856
505 Games (Digital Bros),Calabasas,United States,Publisher,Publisher,34.15778,-118.63842
505 Go!,Calabasas,United States,Mobile,Mobile,34.1916,-118.683
GreenPark Sports,Calabasas,United States,Mobile,Mobile,34.0873,-118.6309
Volok Games,Encino,United States,Developer,Developer,34.15917,-118.50119
Walaber Entertainment,Sierra Madre,United States,Developer,Developer,34.16167,-118.05285
Infinity Ward (Activision),Woodland Hills,United States,Developer,Developer,34.16834,-118.60592
Puuba Games,Woodland Hills,United States,Developer,Developer,34.2021,-118.6505
Beaudry Interactive,North Hollywood,United States,Developer,Developer,34.17223,-118.37897
Candescent Games,Burbank,United States,Developer,Developer,34.18084,-118.30897
Insomniac Games,Burbank,United States,Developer,Developer,34.2146,-118.3535
Iridium Studios,Burbank,United States,Developer,Developer,34.1104,-118.3015
Jam CIty,Burbank,United States,Mobile,Mobile,34.2496,-118.2453
RGG Studio,Burbank,United States,Developer,Developer,34.1634,-118.428
Sega of America,Burbank,United States,Publisher,Publisher,34.1208,-118.1949
Squanch Games,Burbank,United States,Developer,Developer,34.2991,-118.3474
Telefantasy Studios,Burbank,United States,Microstudio,Developer,34.0634,-118.3827
Turn Me Up Games,Burbank,United States,Developer,Developer,34.2294,-118.1484
Warner Brothers Interactive Entertainment,Burbank,United States,Publisher,Publisher,34.2381,-118.4766
F84 Games,Van Nuys,United States,Developer,Developer,34.18667,-118.44897
Floor 84 Studio,Van Nuys,United States,Developer,Developer,34.2204,-118.4935
Airlock Games,Altadena,United States,Developer,Developer,34.18973,-118.13118
Thomas Happ Games,West Hills,United States,Developer,Developer,34.19731,-118.64398
WolfPack Game Design,Payson,United States,Developer,Developer,34.23087,-111.32514
Templar Media,Canton,United States,Developer and Publisher,Publisher,34.23676,-84.49076
FarSight Studios,Big Bear Lake,United States,Developer,Developer,34.2439,-116.91142
Zeboyd Games,Lake Arrowhead,United States,Developer,Developer,34.24834,-117.18921
Respawn Entertainment (Electronic Arts),Chatsworth,United States,Developer,Developer,34.25723,-118.6012
East2West,Xi’an,China,Publisher,Publisher,34.25833,108.92861
Mass Media Games,Moorpark,United States,Developer,Developer,34.28556,-118.88204
Tic Toc Games,Santa Clarita,United States,Mobile,Mobile,34.39166,-118.54259
Yacht Club Games,Santa Clarita,United States,Developer,Developer,34.4254,-118.5873
Robinson Technologies,Hiroshima,Japan,Developer,Developer,34.4,132.45
Santa Barbara Games,Santa Barbara,United States,Developer,Developer,34.42083,-119.69819
SunSpear Games,Santa Barbara,United States,Social,Other,34.4546,-119.7429
WayForward Technologies,Valencia,United States,Developer,Developer,34.44361,-118.60953
KLab,Okayama,Japan,Mobile,Mobile,34.65,133.93333
Kanata Lab,Okayama,Japan,Developer,Developer,34.6838,133.8885
Outfit7,Pissouri,Cyprus,Mobile,Mobile,34.66942,32.70132
CrazyLabs (Embracer Group),Luoyang,China,Mobile,Mobile,34.67345,112.43684
Sunday Games,Erimi,Cyprus,Mobile,Mobile,34.67766,32.91815
AB Games,Limassol,Cyprus,Mobile,Mobile,34.68406,33.03794
Amrita Studio,Rowye,Cyprus,Developer,Developer,34.7178,32.9931
AppQuantum,Limassol,Cyprus,Developer and Publisher,Publisher,34.6136,33.0455
Artstorm,Limassol,Cyprus,Mobile,Mobile,34.7528,33.102
BIT.GAMES,Limassol,Cyprus,Mobile,Mobile,34.6666,32.9182
Belka Games,Limassol,Cyprus,Mobile,Mobile,34.6241,33.1527
Colossi Games,Limassol,Cyprus,Mobile,Mobile,34.8023,32.9993
Cubic Games (Nexters),Limassol,Cyprus,Mobile,Mobile,34.5667,32.9638
DEUSCRAFT,Limassol,Cyprus,Mobile,Mobile,34.7326,33.1995
Domini Games,Limassol,Cyprus,Developer,Developer,34.7413,32.8693
Ducky,Limassol,Cyprus,Mobile,Mobile,34.5409,33.1194
ESDigital Games,Limassol,Cyprus,Developer and Publisher,Publisher,34.8423,33.0983
Easybrain (Miniclip),Limassol,Cyprus,Mobile,Mobile,34.5972,32.8557
GDEV,Limassol,Cyprus,Publisher,Publisher,34.6454,33.2521
Game Gears (GDEV),Limassol,Cyprus,Mobile,Mobile,34.8371,32.9071
Green Grey Holding,Limassol,Cyprus,Developer and Publisher,Publisher,34.492,33.0077
Hot Siberians,Limassol,Cyprus,Mobile,Mobile,34.8129,33.2239
Hyperhug,Limassol,Cyprus,Mobile,Mobile,34.6926,32.7874
Knight Owl Games,Limassol,Cyprus,Microstudio,Developer,34.5344,33.2208
Light Hour Games (GDEV),Limassol,Cyprus,Mobile,Mobile,34.9018,33.0257
MGVC (My.Games),Limassol,Cyprus,Investment,Other,34.5124,32.8637
MGVC Publishing (My.Games),Limassol,Cyprus,Publisher,Publisher,34.7146,33.3141
Made on Earth Games,Limassol,Cyprus,Mobile,Mobile,34.818,32.8038
Murka Games,Limassol,Cyprus,Developer,Developer,34.4501,33.1019
My.Games,Limassol,Cyprus,Online,Other,34.8966,33.186
Nekki,Limassol,Cyprus,Mobile,Mobile,34.6081,32.7483
Nexters (GDEV),Limassol,Cyprus,Mobile,Mobile,34.5771,33.3194
Nice Plans Studio,Limassol,Cyprus,Mobile,Mobile,34.9237,32.916
Nival,Limassol,Cyprus,Developer,Developer,34.4351,32.929
Nova Assembly,Limassol,Cyprus,Organization,Other,34.8093,33.3278
Obelisk Studio,Limassol,Cyprus,Developer,Developer,34.7539,32.7159
Pixonic,Limassol,Cyprus,Mobile,Mobile,34.4499,33.221
Playkot,Limassol,Cyprus,Mobile,Mobile,34.9628,33.0962
Playrix,Limassol,Cyprus,Mobile,Mobile,34.5082,32.7618
Press Fire Games,Limassol,Cyprus,Mobile,Mobile,34.66,33.3913
RJ Games (Nexters),Limassol,Cyprus,Mobile,Mobile,34.9012,32.7937
RetroStyle Games,Limassol,Cyprus,Developer,Developer,34.3841,33.0397
Say Games,Limassol,Cyprus,Publisher,Publisher,34.9093,33.2864
Studio42,Limassol,Cyprus,Mobile,Mobile,34.6556,32.6647
Tamasenco,Limassol,Cyprus,Developer,Developer,34.4953,33.3404
TrueMyth Games,Limassol,Cyprus,Mobile,Mobile,34.9952,32.9691
Unfrozen Studios,Limassol,Cyprus,Developer,Developer,34.4131,32.8306
VEA Games,Limassol,Cyprus,Developer,Developer,34.7697,33.418
Weappy Studio,Limassol,Cyprus,Developer,Developer,34.8338,32.6832
redux.games,Limassol,Cyprus,Mobile,Mobile,34.3731,33.1781
Access Games,Osaka,Japan,Developer,Developer,34.69379,135.50107
ArticNet,Osaka,Japan,Developer,Developer,34.7276,135.4562
Birdkin Studio,Osaka,Japan,Microstudio,Developer,34.6234,135.5086
Capcom,Osaka,Japan,Developer and Publisher,Publisher,34.7625,135.5652
Clovers Studio,Osaka,Japan,Developer,Developer,34.6764,135.3813
Comcept,Osaka,Japan,Developer,Developer,34.6338,135.6158
Crafts & Meister,Osaka,Japan,Mobile,Mobile,34.8121,135.4624
CyberConnect2,Osaka,Japan,Developer,Developer,34.5764,135.4269
Dangen Entertainment,Osaka,Japan,Publisher,Publisher,34.7423,135.6626
DankHearts,Osaka,Japan,Developer,Developer,34.751,135.3324
Desk Works,Osaka,Japan,Developer,Developer,34.5506,135.5826
Dimps,Osaka,Japan,Developer,Developer,34.852,135.5614
Good-Feel,Osaka,Japan,Developer,Developer,34.6069,135.3188
IREM Software Engineering,Osaka,Japan,Developer,Developer,34.6551,135.7152
Indie-us Games,Osaka,Japan,Developer,Developer,34.8468,135.3702
K-TWO Corporation (Capcom),Osaka,Japan,Developer,Developer,34.5017,135.4708
KLab,Osaka,Japan,Developer,Developer,34.8227,135.6871
KOF Studio,Osaka,Japan,Developer,Developer,34.7023,135.2505
Lightspeed Japan Studio,Osaka,Japan,Developer,Developer,34.5442,135.684
Maboroshi Artworks,Osaka,Japan,Developer,Developer,34.9115,135.4888
NEURON AGE,Osaka,Japan,Developer,Developer,34.5221,135.3268
Now Production,Osaka,Japan,Developer,Developer,34.7243,135.7773
Platinum Games,Osaka,Japan,Developer,Developer,34.8277,135.2669
Playism Games (Active Gaming Media),Osaka,Japan,Developer and Publisher,Publisher,34.4598,135.5651
SNK Playmore Corporation,Osaka,Japan,Publisher,Publisher,34.9063,135.6492
Skipmore,Osaka,Japan,Developer,Developer,34.6178,135.2114
White Owls,Osaka,Japan,Developer,Developer,34.5869,135.7826
Yukes Co,Osaka,Japan,Developer,Developer,34.9335,135.3791
After Hours: Game Developers,Huntsville,United States,Organization,Other,34.7304,-86.58594
Army Game Studio,Huntsville,United States,Developer,Developer,34.7642,-86.6308
indie.io,Huntsville,United States,Publisher,Publisher,34.66,-86.5784
Little Raucous Games,Little Rock,United States,Developer,Developer,34.74648,-92.28959
Little Rock Games,Little Rock,United States,Developer,Developer,34.7803,-92.3345
Awem Games,Paphos,Cyprus,Mobile,Mobile,34.77679,32.42451
Cyril Megem (Nominia),Paphos,Cyprus,Microstudio,Developer,34.8106,32.3796
Gem Capital,Paphos,Cyprus,Investment,Other,34.7064,32.432
Mundfish,Paphos,Cyprus,Developer,Developer,34.8455,32.4887
Mundfish Powerhouse,Paphos,Cyprus,Publisher,Publisher,34.7594,32.3046
Narhwal Accelerator,Paphos,Cyprus,Incubator/Accelerator,Other,34.7168,32.5394
New Folder Games,Paphos,Cyprus,Extended Reality (XR),XR (VR/AR),34.8951,32.3858
Owlcat Games,Paphos,Cyprus,Developer,Developer,34.6594,32.3503
ReactGames Studio,Paphos,Cyprus,Mobile,Mobile,34.8253,32.5862
Reef Games Studio,Paphos,Cyprus,Mobile,Mobile,34.834,32.2557
Say Games,Paphos,Cyprus,Publisher,Publisher,34.6336,32.5061
Shaman Games Studio,Paphos,Cyprus,Developer,Developer,34.935,32.4849
Atmos Games,Greenville,United States,Developer,Developer,34.85262,-82.39401
Drizzle Games,Greenville,United States,Developer,Developer,34.8864,-82.4389
Embodied Labs,Greenville,United States,Health,Other,34.7822,-82.3865
Fancy Fish Games,Sedona,United States,Developer,Developer,34.86974,-111.76099
Megu Mobile Gaming,Sedona,United States,Mobile,Mobile,34.9035,-111.8059
Nexters (GDEV),Larnaca,Cyprus,Mobile,Mobile,34.9221,33.62794
Rainstyle Games,Larnaca,Cyprus,Mobile,Mobile,34.9559,33.583
17-Bit,Kyoto,Japan,Developer,Developer,35.02107,135.75385
CAVYHOUSE,Kyoto,Japan,Developer,Developer,35.0548,135.7088
CharacterBank,Kyoto,Japan,Extended Reality (XR),XR (VR/AR),34.9506,135.7614
Chuhai Labs,Kyoto,Japan,Developer and Publisher,Publisher,35.0898,135.8182
DONUTS,Kyoto,Japan,Mobile,Mobile,35.0037,135.6336
Happy Elements,Kyoto,Japan,Online,Other,34.9611,135.869
Hit-Point,Kyoto,Japan,Developer,Developer,35.1393,135.715
Intelligent Systems,Kyoto,Japan,Developer,Developer,34.9037,135.6794
Jupiter Corporation,Kyoto,Japan,Developer,Developer,35.0696,135.9161
Kamegumi,Kyoto,Japan,Developer,Developer,35.0783,135.5845
Marmitz Games,Kyoto,Japan,Developer,Developer,34.8779,135.8357
Monolith Soft,Kyoto,Japan,Developer,Developer,35.1793,135.8145
Nekologic,Kyoto,Japan,Developer,Developer,34.9342,135.5709
Nintendo,Kyoto,Japan,Developer and Publisher,Publisher,34.9824,135.9689
Polaris-x,Kyoto,Japan,Publisher,Publisher,35.1741,135.6225
Q-Games,Kyoto,Japan,Developer,Developer,34.829,135.7235
Room6,Kyoto,Japan,Developer and Publisher,Publisher,35.15,135.9406
Ske6,Kyoto,Japan,Mobile,Mobile,35.0296,135.5023
Skeleton Crew Studio,Kyoto,Japan,Developer,Developer,34.8714,135.9375
Studio Pixel,Kyoto,Japan,Developer,Developer,35.2388,135.7416
Sunfish Kumano,Kyoto,Japan,Developer,Developer,34.8494,135.5789
Tose,Kyoto,Japan,Developer,Developer,35.0516,136.0311
VODKAdemo,Kyoto,Japan,Developer,Developer,35.155,135.5188
Visco Corporation,Kyoto,Japan,Developer,Developer,34.7871,135.8181
Yokaze (Room 6),Kyoto,Japan,Publisher,Publisher,35.2336,135.9026
hako life,Kyoto,Japan,Developer,Developer,34.9451,135.463
Albuquerque Game Developers Guild,Albuquerque,United States,Organization,Other,35.08449,-106.65114
Dog Eat Dog Games,Albuquerque,United States,Developer,Developer,35.1183,-106.6962
Silk Softworks,Albuquerque,United States,Developer and Publisher,Publisher,35.0141,-106.6436
SoulBlade Studio,Albuquerque,United States,Mobile,Mobile,35.1532,-106.5867
Subliminal,Albuquerque,United States,Mobile,Mobile,35.0671,-106.7715
Vapor Cat Games,Albuquerque,United States,Microstudio,Developer,35.0245,-106.5359
Appnori,Busan,Republic of Korea,Extended Reality (XR),XR (VR/AR),35.10168,129.03004
Masangsoft,Busan,Republic of Korea,Developer and Publisher,Publisher,35.1355,128.985
Somi,Busan,Republic of Korea,Developer,Developer,35.0312,129.0376
Sunny Side Up,Busan,Republic of Korea,Developer,Developer,35.1704,129.0944
Azur Games,Strovolos,Cyprus,Mobile,Mobile,35.14867,33.33384
Bounding Box Software,Memphis,United States,Developer,Developer,35.14953,-90.04898
Digital Precept,Memphis,United States,Extended Reality (XR),XR (VR/AR),35.1833,-90.0941
101XP,Nicosia,Cyprus,Developer and Publisher,Publisher,35.17284,33.35397
Ascanio,Nicosia,Cyprus,Extended Reality (XR),XR (VR/AR),35.2066,33.3089
AtentGames,Nicosia,Cyprus,Developer,Developer,35.1024,33.3615
AurumDust,Nicosia,Cyprus,Developer,Developer,35.2416,33.4184
Burny Games,Nicosia,Cyprus,Developer,Developer,35.1554,33.2335
Chillbase,Nicosia,Cyprus,Mobile,Mobile,35.1128,33.4694
Critical Reflex,Nicosia,Cyprus,Publisher,Publisher,35.2911,33.3151
Emotion Spark Studio,Nicosia,Cyprus,Developer,Developer,35.0554,33.2794
Eschatology Entertainment,Nicosia,Cyprus,Developer,Developer,35.2214,33.5165
Guli Games,Nicosia,Cyprus,Mobile,Mobile,35.2301,33.1843
HeroCraft,Nicosia,Cyprus,Developer and Publisher,Publisher,35.0296,33.436
HolyDay Studios,Nicosia,Cyprus,Developer,Developer,35.3311,33.4147
HypeTrain Digital,Nicosia,Cyprus,Developer and Publisher,Publisher,35.086,33.1706
Lesser Evil Games,Nicosia,Cyprus,Developer,Developer,35.1341,33.5694
Mika Games,Nicosia,Cyprus,Mobile,Mobile,35.3259,33.2223
Polden Publishing,Nicosia,Cyprus,Publisher,Publisher,34.9808,33.3235
Qumaron,Nicosia,Cyprus,Developer and Publisher,Publisher,35.3017,33.5411
Red Brix Wall,Nicosia,Cyprus,Mobile,Mobile,35.1814,33.102
Team Clout,Nicosia,Cyprus,Developer,Developer,35.0232,33.5379
Wargaming Cyprus,Nicosia,Cyprus,Online,Other,35.3906,33.3417
XDevs,Nicosia,Cyprus,Developer,Developer,35.0012,33.1787
Ateam Entertainment,Nagoya,Japan,Developer,Developer,35.18147,136.90641
Spike Chunsoft,Nagoya,Japan,Developer and Publisher,Publisher,35.2152,136.8613
Off by One Games,Flagstaff,United States,Developer,Developer,35.19807,-111.65127
Future Proof,Charlotte,United States,Serious Games,Other,35.22709,-80.84313
Heavy Lunch Co,Charlotte,United States,Developer,Developer,35.2609,-80.8883
Heavy Lunch Studios,Charlotte,United States,Developer,Developer,35.1567,-80.8356
IGDA North Carolina - Central Piedmont Community College,Charlotte,United States,Organization,Other,35.2958,-80.7786
IGDA North Carolina - Charlotte,Charlotte,United States,Organization,Other,35.2097,-80.9637
IGDA North Carolina - UNC Charlotte,Charlotte,United States,Organization,Other,35.1671,-80.7276
Mindmaze,Charlotte,United States,Health,Other,35.3454,-80.8821
Saebo,Charlotte,United States,Health,Other,35.1097,-80.9178
Visual Purple,San Luis Obispo,United States,Serious Games,Other,35.28275,-120.65962
Takuyo,Yokosuka,Japan,Developer,Developer,35.28361,139.66722
Gortyn Code,Heraklion,Greece,Developer,Developer,35.32787,25.14341
OramaVR,Heraklion,Greece,Health,Other,35.3616,25.0982
Nippon Ichi Software,Gifu,Japan,Developer and Publisher,Publisher,35.42291,136.76039
Nippon Ichi Software Co,Gifu,Japan,Developer,Developer,35.4567,136.7151
ARC System Works,Yokohama,Japan,Developer,Developer,35.43333,139.65
Arzest,Yokohama,Japan,Developer,Developer,35.4671,139.6048
Chemical Pudding,Yokohama,Japan,Microstudio,Developer,35.3629,139.6576
Clap Hanz,Yokohama,Japan,Publisher,Publisher,35.5021,139.7147
Epic Games Japan,Yokohama,Japan,Developer and Publisher,Publisher,35.4159,139.5291
Koei Japan,Yokohama,Japan,Developer and Publisher,Publisher,35.3733,139.7658
Kohachi Studio,Yokohama,Japan,Developer,Developer,35.5516,139.611
Monstars,Yokohama,Japan,Developer,Developer,35.3159,139.5752
Nama Takahashi,Yokohama,Japan,Developer,Developer,35.4818,139.813
Neotro,Yokohama,Japan,Developer,Developer,35.4906,139.4798
Omega Force (Koei),Yokohama,Japan,Developer,Developer,35.2901,139.7322
Yukes Co,Yokohama,Japan,Developer,Developer,35.5916,139.7109
IGDA Oklahoma Christian University,Oklahoma City,United States,Organization,Other,35.46756,-97.51643
Vaporwave Studios,Oklahoma City,United States,Developer,Developer,35.5013,-97.5617
Atavist Games,Waynesville,United States,Developer,Developer,35.48871,-82.98875
AJB Game Studios,Tetouan,Morocco,Developer,Developer,35.57845,-5.36837
Solanimus,Fuquay Varina,United States,Developer,Developer,35.58432,-78.80001
IGDA North Carolina - Western,Asheville,United States,Organization,Other,35.60095,-82.55402
Pixeljam,Asheville,United States,Developer,Developer,35.6347,-82.5994
Phoenix Online Studios,Clayton,United States,Publisher,Publisher,35.65071,-78.45639
Rustling Leaves Games,Clayton,United States,Developer,Developer,35.6845,-78.5018
Activision Shibuya-ku,Shibuya-ku,Japan,Developer and Publisher,Publisher,35.6589,139.70665
Marvelous Corporation,Shibuya,Japan,Developer and Publisher,Publisher,35.6927,139.6613
Studio Sasanqua,Shibuya,Japan,Developer,Developer,35.5885,139.7143
G Choice,Akasaka,Japan,Developer,Developer,35.67135,139.73442
Studio Artdink,Akasaka,Japan,Developer,Developer,35.7051,139.689
HAL Laboratory,Yamanashi,Japan,Developer,Developer,35.67152,138.69827
Dark Machine Games,Santa Fe,United States,Developer,Developer,35.68698,-105.9378
Meow Wolf,Santa Fe,United States,Developer,Developer,35.7208,-105.9832
360 Channel (COLOPL Corporation),Tokyo,Japan,Extended Reality (XR),XR (VR/AR),35.6895,139.69171
3goo,Tokyo,Japan,Publisher,Publisher,35.7233,139.6463
505 Games Japan (Digital Bros),Tokyo,Japan,Publisher,Publisher,35.6191,139.6993
6waves,Tokyo,Japan,Mobile,Mobile,35.7582,139.7566
8ing (COLOPL Corporation),Tokyo,Japan,Developer,Developer,35.6721,139.5705
ACQUIRE Corporation,Tokyo,Japan,Developer,Developer,35.6295,139.8079
ALPHAWING,Tokyo,Japan,Developer,Developer,35.8078,139.6526
AREA 35,Tokyo,Japan,Developer,Developer,35.5721,139.6166
Alliance Arts,Tokyo,Japan,Publisher,Publisher,35.738,139.8553
Analgesic Productions,Tokyo,Japan,Developer,Developer,35.7467,139.521
Ancient Corporation,Tokyo,Japan,Developer,Developer,35.5463,139.7742
Argent Realms,Tokyo,Japan,Microstudio,Developer,35.8477,139.7528
Arika,Tokyo,Japan,Developer,Developer,35.6027,139.5072
Art Co,Tokyo,Japan,Developer,Developer,35.6508,139.9085
Artdink,Tokyo,Japan,Developer,Developer,35.8425,139.5592
Arte Piazza,Tokyo,Japan,Mobile,Mobile,35.4975,139.6611
Artplay,Tokyo,Japan,Developer,Developer,35.8184,139.88
Asamado Games,Tokyo,Japan,Developer,Developer,35.698,139.4381
Atlus (SEGA),Tokyo,Japan,Developer and Publisher,Publisher,35.5399,139.8768
B.B. Studio (Bandai Namco),Tokyo,Japan,Developer,Developer,35.9072,139.6793
Bandai Namco Aces,Tokyo,Japan,Developer,Developer,35.5178,139.5153
Bandai Namco Entertainment,Tokyo,Japan,Publisher,Publisher,35.7201,139.9713
Bandai Namco Network Services,Tokyo,Japan,Mobile,Mobile,35.8234,139.4547
Bandai Namco Nexus,Tokyo,Japan,Publisher,Publisher,35.4556,139.7565
Bandai Namco Research,Tokyo,Japan,Developer,Developer,35.902,139.8417
Bandai Namco Studios,Tokyo,Japan,Developer,Developer,35.6135,139.3985
Binary Haze Interactive,Tokyo,Japan,Publisher,Publisher,35.5826,139.9767
Black Tower Studios,Tokyo,Japan,Developer,Developer,35.9292,139.5682
Broccoli,Tokyo,Japan,Publisher,Publisher,35.4405,139.5815
Bushiroad Games,Tokyo,Japan,Developer,Developer,35.8148,139.9852
C-Route,Tokyo,Japan,Developer,Developer,35.7593,139.3657
CESA,Tokyo,Japan,Organization,Other,35.4553,139.8771
COLOPL,Tokyo,Japan,Developer,Developer,35.9683,139.7507
COSEN,Tokyo,Japan,Developer and Publisher,Publisher,35.5136,139.4121
CUBETYPE,Tokyo,Japan,Developer,Developer,35.6654,140.0494
Cabbage Systems,Tokyo,Japan,Developer,Developer,35.9066,139.4444
Camelot Software Planning,Tokyo,Japan,Developer,Developer,35.3895,139.6935
Cattle Call,Tokyo,Japan,Developer,Developer,35.9148,139.9433
Chime Corporation,Tokyo,Japan,Developer,Developer,35.6611,139.3138
Chorus Worldwide,Tokyo,Japan,Publisher,Publisher,35.5007,139.998
City Connection,Tokyo,Japan,Developer and Publisher,Publisher,36.0006,139.622
Clouded Leopard Entertainment,Tokyo,Japan,Developer and Publisher,Publisher,35.4185,139.4818
Clovers Studio,Tokyo,Japan,Developer,Developer,35.7751,140.0765
Comcept,Tokyo,Japan,Developer,Developer,35.8392,139.3326
Compile Heart,Tokyo,Japan,Mobile,Mobile,35.3785,139.8337
Core8,Tokyo,Japan,Microstudio,Developer,36.0002,139.8474
CyberAgent,Tokyo,Japan,Mobile,Mobile,35.5443,139.3144
CyberConnect2,Tokyo,Japan,Developer,Developer,35.5885,140.095
CyberStep,Tokyo,Japan,Online,Other,35.9884,139.4761
Cygames (DeNA),Tokyo,Japan,Mobile,Mobile,35.3473,139.6012
D3Publisher (Bandai Namco),Tokyo,Japan,Developer and Publisher,Publisher,35.8942,140.0466
DAIKANYAMA MAGES STUDIO,Tokyo,Japan,Developer,Developer,35.7337,139.2554
DDDistortion,Tokyo,Japan,Developer,Developer,35.4149,139.9795
DIGITAL WORKS Entertainment,Tokyo,Japan,Developer,Developer,36.0533,139.708
DMM Games,Tokyo,Japan,Developer and Publisher,Publisher,35.4278,139.3742
DRAGAMI GAMES,Tokyo,Japan,Developer,Developer,35.7084,140.1477
DRECOM,Tokyo,Japan,Developer and Publisher,Publisher,35.9278,139.3366
Dadako,Tokyo,Japan,Developer,Developer,35.3156,139.7559
DeNA Tokyo,Tokyo,Japan,Online,Other,36.0031,139.9576
Delightworks,Tokyo,Japan,Developer and Publisher,Publisher,35.6034,139.2309
Donuts,Tokyo,Japan,Mobile,Mobile,35.4986,140.1066
Donuts Hunter,Tokyo,Japan,Developer,Developer,36.061,139.5433
Downwell,Tokyo,Japan,Developer,Developer,35.3313,139.4905
EA Tokyo (Electronic Arts),Tokyo,Japan,Publisher,Publisher,35.8445,140.1415
EasyGameStation,Tokyo,Japan,Developer and Publisher,Publisher,35.823,139.2275
Ecole Software Corporation,Tokyo,Japan,Developer,Developer,35.3336,139.9248
Edelweiss,Tokyo,Japan,Developer,Developer,36.0828,139.8168
Eighting,Tokyo,Japan,Developer,Developer,35.4665,139.2692
Enhance,Tokyo,Japan,Developer,Developer,35.6216,140.1924
Experience Inc.,Tokyo,Japan,Developer,Developer,36.0166,139.3766
Fahrenheit 213,Tokyo,Japan,Developer,Developer,35.2724,139.6517
Flicker Point Studio,Tokyo,Japan,Developer,Developer,35.9771,140.0708
From Software,Tokyo,Japan,Developer,Developer,35.6854,139.1694
Frontwing,Tokyo,Japan,Developer,Developer,35.404,140.083
FuRyu,Tokyo,Japan,Developer,Developer,36.1176,139.6403
G-Mode (Marvelous),Tokyo,Japan,Developer,Developer,35.3433,139.3715
G.Rev,Tokyo,Japan,Developer,Developer,35.7696,140.2193
GREE International,Tokyo,Japan,Mobile,Mobile,35.9214,139.2331
Game Arts,Tokyo,Japan,Developer,Developer,35.2642,139.838
Game Closure,Tokyo,Japan,Online,Other,36.0859,139.9392
Game Freak,Tokyo,Japan,Developer,Developer,35.532,139.1764
GameOn,Tokyo,Japan,Publisher,Publisher,35.5219,140.2059
GameTomo,Tokyo,Japan,Developer and Publisher,Publisher,36.0977,139.4505
Gameloft,Tokyo,Japan,Mobile,Mobile,35.2535,139.5291
Gamera Games,Tokyo,Japan,Publisher,Publisher,35.9231,140.1771
Gamirror Games,Tokyo,Japan,Publisher,Publisher,35.7841,139.1362
GeePlus,Tokyo,Japan,Mobile,Mobile,35.3128,140.0246
Gemdrops Game Studios,Tokyo,Japan,Developer,Developer,36.1526,139.7599
GenDesign,Tokyo,Japan,Developer,Developer,35.3837,139.2538
Genki,Tokyo,Japan,Developer,Developer,35.6746,140.2722
Good-Feel,Tokyo,Japan,Developer,Developer,36.0208,139.2737
Gotcha Gotcha Games,Tokyo,Japan,Developer,Developer,35.2133,139.7246
Grasshopper Manufacture,Tokyo,Japan,Developer,Developer,36.0607,140.0656
Gravity Game Arise,Tokyo,Japan,Publisher,Publisher,35.6205,139.1041
GrooveSync (Marvelous Corporation),Tokyo,Japan,Developer,Developer,35.4165,140.185
Grounding,Tokyo,Japan,Developer,Developer,36.1639,139.5543
GungHo Online Entertainment,Tokyo,Japan,Online,Other,35.2621,139.3969
HAL Laboratory,Tokyo,Japan,Developer,Developer,35.8437,140.2675
HANDSUM,Tokyo,Japan,Developer,Developer,35.8927,139.136
HERMIT WORKS,Tokyo,Japan,Developer,Developer,35.2325,139.9337
HYPER REAL,Tokyo,Japan,Developer,Developer,36.1616,139.8944
Hamster Corporation,Tokyo,Japan,Developer,Developer,35.4514,139.1469
Hanaji Games,Tokyo,Japan,Developer,Developer,35.5656,140.2944
Happinet,Tokyo,Japan,Developer,Developer,36.1136,139.3487
Happy Elements,Tokyo,Japan,Online,Other,35.1861,139.5914
Hitrylogy,Tokyo,Japan,Microstudio,Developer,36.0071,140.1867
Honey Parade Games (Marvelous Corporation),Tokyo,Japan,Developer,Developer,35.727,139.0596
Humble Grove,Tokyo,Japan,Developer,Developer,35.3133,140.1287
HuneX,Tokyo,Japan,Developer,Developer,36.2091,139.6823
Hybrid Squad,Tokyo,Japan,Publisher,Publisher,35.2995,139.2645
IGDA Japan,Tokyo,Japan,Organization,Other,35.743,140.334
IREM Software Engineering,Tokyo,Japan,Developer,Developer,36.0039,139.1713
Ichigoichie,Tokyo,Japan,Developer,Developer,35.1698,139.8146
Idea Factory,Tokyo,Japan,Developer,Developer,36.1421,140.0348
Image Labo,Tokyo,Japan,Microstudio,Developer,35.5434,139.0595
Imagineer,Tokyo,Japan,Developer,Developer,35.4494,140.282
Implausible Industries,Tokyo,Japan,Developer,Developer,36.1926,139.4552
Japan Online Game Association,Tokyo,Japan,Organization,Other,35.1866,139.4467
KADOKAWA GAMES,Tokyo,Japan,Developer,Developer,35.9269,140.2932
KENEI DESIGN,Tokyo,Japan,Mobile,Mobile,35.8451,139.0481
KLab,Tokyo,Japan,Mobile,Mobile,35.2197,140.0384
KOMODO,Tokyo,Japan,Developer and Publisher,Publisher,36.2283,139.8274
Kairosoft,Tokyo,Japan,Mobile,Mobile,35.3653,139.1412
Kakehashi Games,Tokyo,Japan,Publisher,Publisher,35.6263,140.37
Kazuhide Oka,Tokyo,Japan,Developer,Developer,36.1099,139.2423
Kemco,Tokyo,Japan,Developer,Developer,35.1307,139.6733
Kensei Capital,Tokyo,Japan,Investment,Other,36.0931,140.1719
King.com (Activision),Tokyo,Japan,Mobile,Mobile,35.6552,138.9992
Koch Media,Tokyo,Japan,Publisher,Publisher,35.3335,140.2329
Kodansha,Tokyo,Japan,Publisher,Publisher,36.2512,139.5883
Kojima Productions,Tokyo,Japan,Developer,Developer,35.2168,139.2993
Konami Digital Entertainment,Tokyo,Japan,Developer and Publisher,Publisher,35.8233,140.3768
LANCARSE,Tokyo,Japan,Developer,Developer,35.9678,139.0729
Lexaloffle Games,Tokyo,Japan,Developer,Developer,35.1428,139.9174
Liar-soft,Tokyo,Japan,Developer,Developer,36.2184,139.9811
Lightspeed Japan Studio,Tokyo,Japan,Developer,Developer,35.4574,139.036
Limit Break,Tokyo,Japan,Mobile,Mobile,35.5002,140.3708
Liona Interactive,Tokyo,Japan,Developer,Developer,36.2035,139.3472
Live Wire,Tokyo,Japan,Developer,Developer,35.1194,139.5176
MAGES Corporation (COLOPL Corporation),Tokyo,Japan,Developer,Developer,36.0155,140.2964
MAGship,Tokyo,Japan,Developer,Developer,35.7812,138.9721
Magic Leap,Tokyo,Japan,Extended Reality (XR),XR (VR/AR),35.2255,140.1477
MagicAnt,Tokyo,Japan,Mobile,Mobile,36.2839,139.7416
Marumittu Games,Tokyo,Japan,Developer,Developer,35.2771,139.1587
Mebius,Tokyo,Japan,Developer,Developer,35.7012,140.4303
Media Vision,Tokyo,Japan,Developer,Developer,36.0875,139.1354
Millennium Kitchen,Tokyo,Japan,Developer,Developer,35.0888,139.7712
Mist Walker,Tokyo,Japan,Developer,Developer,36.1777,140.1342
Mixi,Tokyo,Japan,Mobile,Mobile,35.5719,138.9569
Mixolumia,Tokyo,Japan,Developer and Publisher,Publisher,35.372,140.3335
Moppin,Tokyo,Japan,Mobile,Mobile,36.2777,139.4818
MyDearest,Tokyo,Japan,Extended Reality (XR),XR (VR/AR),35.1388,139.3562
NC Japan,Tokyo,Japan,Online,Other,35.9122,140.3994
NEURON AGE,Tokyo,Japan,Developer,Developer,35.9143,138.9823
Nagai Industries,Tokyo,Japan,Developer,Developer,35.1327,140.029
Nakazawa Tech,Tokyo,Japan,Microstudio,Developer,36.287,139.9068
NanaOn-Sha,Tokyo,Japan,Developer,Developer,35.3659,139.0341
Natsume Tokyo,Tokyo,Japan,Publisher,Publisher,35.5669,140.4482
Nestopi,Tokyo,Japan,Developer,Developer,36.1965,139.2344
Niantic,Tokyo,Japan,Extended Reality (XR),XR (VR/AR),35.0628,139.607
Nihon Falcom,Tokyo,Japan,Developer,Developer,36.1064,140.2772
Nude Maker,Tokyo,Japan,Developer,Developer,35.7033,138.9108
OHBADO,Tokyo,Japan,Developer,Developer,35.2495,140.2578
Oden Cat Games,Tokyo,Japan,Microstudio,Developer,36.3265,139.6401
Omoplata Games,Tokyo,Japan,Microstudio,Developer,35.19,139.1985
Onion Games,Tokyo,Japan,Developer,Developer,35.7875,140.4732
PES Productions (Konami),Tokyo,Japan,Developer,Developer,36.047,139.0319
POLYGON MAGIC,Tokyo,Japan,Developer,Developer,35.062,139.8814
PROPE,Tokyo,Japan,Developer,Developer,36.258,140.0748
Palworld Entertainment,Tokyo,Japan,Developer,Developer,35.4799,138.9342
Papergames,Tokyo,Japan,Developer,Developer,35.4277,140.4268
Paracosma,Tokyo,Japan,Extended Reality (XR),XR (VR/AR),36.2876,139.3665
Phoenixx,Tokyo,Japan,Publisher,Publisher,35.0682,139.4333
Pine Scented Software,Tokyo,Japan,Developer,Developer,36.0068,140.401
PlayDoujin (Mediascape),Tokyo,Japan,Publisher,Publisher,35.8451,138.9026
Playco,Tokyo,Japan,Social,Other,35.1402,140.1454
Playism Games (Active Gaming Media),Tokyo,Japan,Developer and Publisher,Publisher,36.3453,139.8143
PlusOne,Tokyo,Japan,Extended Reality (XR),XR (VR/AR),35.272,139.0541
Pocket Pair,Tokyo,Japan,Developer,Developer,35.6474,140.5114
Pocketpair Publishing,Tokyo,Japan,Publisher,Publisher,36.1716,139.1207
Pokelabo (GREE),Tokyo,Japan,Mobile,Mobile,35.0189,139.7119
Polyphony Digital (Sony),Tokyo,Japan,Developer,Developer,36.1964,140.2361
Pomodori Studio,Tokyo,Japan,Developer,Developer,35.6142,138.8664
Production Exabilities,Tokyo,Japan,Developer,Developer,35.2912,140.3648
Pyramid,Tokyo,Japan,Mobile,Mobile,36.3543,139.5262
Pyramid (COLOPL Corporation),Tokyo,Japan,Developer,Developer,35.107,139.2597
RS34,Tokyo,Japan,Developer,Developer,35.8825,140.497
Rabbit & Bear Studios,Tokyo,Japan,Developer,Developer,35.9897,138.9354
Rainy Frog (Forever Entertainment),Tokyo,Japan,Developer and Publisher,Publisher,35.0515,140.0005
Red Entertainment,Tokyo,Japan,Developer,Developer,36.3311,139.9955
Regista,Tokyo,Japan,Developer and Publisher,Publisher,35.3822,138.9321
Rejet,Tokyo,Japan,Developer,Developer,35.4988,140.5095
Resonair,Tokyo,Japan,Developer,Developer,36.2803,139.2461
Rice Games,Tokyo,Japan,Developer,Developer,35.0076,139.5285
Riot Games,Tokyo,Japan,Online,Other,36.1038,140.3809
Rockstar Japan (Rockstar Games),Tokyo,Japan,Developer,Developer,35.7623,138.8367
Ryu Ga Gotoku Studio (SEGA),Tokyo,Japan,Developer,Developer,35.1654,140.263
STUDIO HOMMAGE,Tokyo,Japan,Developer,Developer,36.3912,139.7063
Sanrio Games,Tokyo,Japan,Publisher,Publisher,35.1788,139.0958
Scopely,Tokyo,Japan,Publisher,Publisher,35.7393,140.558
Score Studios,Tokyo,Japan,Developer,Developer,36.1292,139.0099
Sega Holdings,Tokyo,Japan,Publisher,Publisher,34.9895,139.8292
Serafini Productions,Tokyo,Japan,Developer and Publisher,Publisher,36.2826,140.1738
Shapefarm,Tokyo,Japan,Developer,Developer,35.5162,138.8409
Shapefarm (Kepler Interactive),Tokyo,Japan,Developer,Developer,35.3497,140.465
Shin Sophia Co,Tokyo,Japan,Developer and Publisher,Publisher,36.366,139.4034
Shochiku,Tokyo,Japan,Publisher,Publisher,35.0309,139.3408
Shochiku Games,Tokyo,Japan,Investment,Other,35.9833,140.5002
Shueisha Games,Tokyo,Japan,Publisher,Publisher,35.9169,138.8492
Silicon Studio,Tokyo,Japan,Developer,Developer,35.058,140.1249
Sirius Studio,Tokyo,Japan,Developer,Developer,36.3944,139.898
Sketchy Ceviche,Tokyo,Japan,Developer,Developer,35.2819,138.9516
Skyland Ventures,Tokyo,Japan,Investment,Other,35.5837,140.5786
So-Fu,Tokyo,Japan,Incubator/Accelerator,Other,36.2554,139.1244
Soleil,Tokyo,Japan,Developer,Developer,34.9593,139.6393
Sony Computer Entertainment JAPAN Studio,Tokyo,Japan,Developer,Developer,36.2003,140.3392
SpicyTails,Tokyo,Japan,Developer,Developer,35.668,138.7873
Spike Chunsoft,Tokyo,Japan,Developer and Publisher,Publisher,35.2081,140.378
Square Enix Company Limited,Tokyo,Japan,Developer,Developer,36.4227,139.5858
Stage Games,Tokyo,Japan,Developer,Developer,35.0894,139.1588
Starcaster Games,Tokyo,Japan,Developer,Developer,35.84,140.5858
Sting Entertainment,Tokyo,Japan,Developer and Publisher,Publisher,36.0699,138.9055
Studio FgG (gumi),Tokyo,Japan,Developer,Developer,34.976,139.9557
Studio Lalala,Tokyo,Japan,Developer,Developer,36.3619,140.0914
Sunsoft Corporation,Tokyo,Japan,Developer,Developer,35.4123,138.8359
Super StarMine,Tokyo,Japan,Developer,Developer,35.4237,140.5552
Superdeluxe Games,Tokyo,Japan,Developer,Developer,36.3607,139.2751
Sword Keynes Studio (Capcom),Tokyo,Japan,Developer,Developer,34.9644,139.4401
THQ Nordic Japan,Tokyo,Japan,Publisher,Publisher,36.087,140.482
TOYBOX,Tokyo,Japan,Developer,Developer,35.8303,138.7764
TYPE-MOON,Tokyo,Japan,Developer,Developer,35.0822,140.2508
Tango Gameworks (Krafton),Tokyo,Japan,Developer,Developer,36.4457,139.7847
Tasto Alpha,Tokyo,Japan,Developer,Developer,35.1819,138.9927
Team Asobi,Tokyo,Japan,Developer,Developer,35.6803,140.6313
Team Ladybug,Tokyo,Japan,Developer,Developer,36.2129,139.005
Team Ninja (Tecmo Koei),Tokyo,Japan,Developer,Developer,34.9252,139.7629
Team Tachyon (Tecmo Koei),Tokyo,Japan,Developer,Developer,36.2934,140.2761
Tecopark,Tokyo,Japan,Developer,Developer,35.5646,138.7565
The Japan External Trade Organization (JETRO),Tokyo,Japan,Organization,Other,35.2677,140.4868
The Pokemon Company,Tokyo,Japan,Developer,Developer,36.4383,139.4557
Thirdverse,Tokyo,Japan,Extended Reality (XR),XR (VR/AR),35.0064,139.242
TiMi Japan (Tencent),Tokyo,Japan,Developer,Developer,35.947,140.5933
Toei Games,Tokyo,Japan,Publisher,Publisher,35.9949,138.811
Toho Games,Tokyo,Japan,Mobile,Mobile,34.9796,140.0879
Too Kyo Games,Tokyo,Japan,Developer,Developer,36.4319,139.9906
Translimit,Tokyo,Japan,Mobile,Mobile,35.3053,138.8522
Treasure,Tokyo,Japan,Developer,Developer,35.5119,140.6322
Twilight Frontier,Tokyo,Japan,Developer,Developer,36.3377,139.1448
UNIVERS,Tokyo,Japan,Extended Reality (XR),XR (VR/AR),34.9099,139.5555
UNIVRS,Tokyo,Japan,Extended Reality (XR),XR (VR/AR),36.1906,140.442
Vivid Vision,Tokyo,Japan,Health,Other,35.7317,138.7197
Voodoo,Tokyo,Japan,Mobile,Mobile,35.124,140.3747
Waku Waku Games,Tokyo,Japan,Publisher,Publisher,36.4828,139.6583
Wargaming Japan,Tokyo,Japan,Online,Other,35.0851,139.0553
White Star Capital,Tokyo,Japan,Investment,Other,35.7862,140.6656
Why So Serious,Tokyo,Japan,Publisher,Publisher,36.1534,138.8916
Wizcorp (Keywords),Tokyo,Japan,Developer,Developer,34.9069,139.8963
Wooga,Tokyo,Japan,Online,Other,36.3801,140.1927
Wright Flyer Studios,Tokyo,Japan,Mobile,Mobile,35.4546,138.7461
Xbox Game Studios Japan,Tokyo,Japan,Publisher,Publisher,35.3432,140.586
Yahya Danboos,Tokyo,Japan,Developer,Developer,36.4369,139.3196
Ys Net,Tokyo,Japan,Developer,Developer,34.9327,139.3438
angoo,Tokyo,Japan,Developer,Developer,36.0574,140.5793
aniplex (Sony Music Entertainment),Tokyo,Japan,Developer,Developer,35.9056,138.7295
asobism,Tokyo,Japan,Developer,Developer,35.0009,140.2225
exA-Arcadia,Tokyo,Japan,Developer,Developer,36.49,139.8733
f4samurai,Tokyo,Japan,Mobile,Mobile,35.198,138.8905
ginolabo,Tokyo,Japan,Developer,Developer,35.6122,140.6931
gumi,Tokyo,Japan,Online,Other,36.297,139.0163
historia,Tokyo,Japan,Developer,Developer,34.8695,139.6845
iGi,Tokyo,Japan,Incubator/Accelerator,Other,36.2913,140.3804
iMel,Tokyo,Japan,Developer,Developer,35.6234,138.6815
illuCalab,Tokyo,Japan,Developer,Developer,35.1831,140.493
monobit,Tokyo,Japan,Developer,Developer,36.504,139.5217
quicktequila,Tokyo,Japan,Developer,Developer,34.9944,139.1386
studiorex,Tokyo,Japan,Developer,Developer,35.899,140.6795
tri-Ace,Tokyo,Japan,Developer,Developer,36.0776,138.7875
tri-Crescendo,Tokyo,Japan,Developer,Developer,34.9058,140.0363
Cave,Shinjuku,Japan,Developer,Developer,35.69115,139.70854
Taito (Square Enix),Shinjuku,Japan,Developer,Developer,35.7249,139.6631
Blazingfall Game Studio,Tehran,Islamic Republic of Iran,Mobile,Mobile,35.69439,51.42151
Iran Computer and Video Games Foundation,Tehran,Islamic Republic of Iran,Organization,Other,35.7282,51.3761
Iran National Foundation of Computer Game,Tehran,Islamic Republic of Iran,Organization,Other,35.624,51.4291
LeanGo,Tehran,Islamic Republic of Iran,Mobile,Mobile,35.7631,51.4864
Medrick FZE,Tehran,Islamic Republic of Iran,Publisher,Publisher,35.677,51.3003
Narin Games,Tehran,Islamic Republic of Iran,Mobile,Mobile,35.6344,51.5377
Noa Games,Tehran,Islamic Republic of Iran,Developer,Developer,35.8127,51.3824
Ordibehesht Studio,Tehran,Islamic Republic of Iran,Developer,Developer,35.577,51.3464
Sourena Game Studio,Tehran,Islamic Republic of Iran,Developer and Publisher,Publisher,35.7429,51.5851
TOD Game Studio,Tehran,Islamic Republic of Iran,Mobile,Mobile,35.7516,51.2508
Trixmen Studios,Tehran,Islamic Republic of Iran,Developer,Developer,35.5512,51.504
Turned On Digital,Tehran,Islamic Republic of Iran,Mobile,Mobile,35.8526,51.4826
eWalk Entertainments,Tehran,Islamic Republic of Iran,Mobile,Mobile,35.6075,51.237
Tamsoft Corporation,Asakusa,Japan,Developer and Publisher,Publisher,35.71691,139.79575
indieszero,Musashino,China,Developer,Developer,35.7178,139.5661
Crater Studios,Apex,United States,Developer,Developer,35.73265,-78.85029
Knuckle Cracker,Apex,United States,Developer,Developer,35.7664,-78.8957
Shining Rock Software,Apex,United States,Developer,Developer,35.6622,-78.8427
Inti Creates,Ichikawa,Japan,Developer,Developer,35.73413,139.9065
Arcen Games,Raliegh,United States,Microstudio,Developer,35.7721,-78.63861
Bigger Boss Games,Raleigh,United States,Developer,Developer,35.8059,-78.6841
Black Beach Studio,Raleigh,United States,Developer,Developer,35.7017,-78.631
Drastic Games,Raleigh,United States,Developer,Developer,35.8408,-78.5737
IGDA North Carolina - Triangle,Raleigh/Durham,United States,Organization,Other,35.7547,-78.76
Imangi Studios,Raleigh,United States,Mobile,Mobile,35.7121,-78.5223
Infuse Studio,Raleigh,United States,Developer,Developer,35.8904,-78.6778
LearnDistrict,Raleigh,United States,Developer and Publisher,Publisher,35.6547,-78.7138
Legendary Gameworks,Raleigh,United States,Developer,Developer,35.8206,-78.4749
Maurader Interactive,Raleigh,United States,Extended Reality (XR),XR (VR/AR),35.8293,-78.8095
Methodical Games,Raleigh,United States,Developer,Developer,35.6289,-78.556
Squanch Games,Raleigh,United States,Developer,Developer,35.9303,-78.5774
Stack-Up,Raleigh,United States,Organization,Other,35.6853,-78.8233
Studio Hermitage (Embracer Group),Raleigh,United States,Developer,Developer,35.7334,-78.4216
Virtual Heroes,Raleigh,United States,Developer,Developer,35.9251,-78.7712
WDR Studios,Raleigh,United States,Developer,Developer,35.5801,-78.6693
Wildbloom,Raleigh,United States,Developer,Developer,35.901,-78.4501
sam_makes_games,Raleigh,United States,Microstudio,Developer,35.7806,-78.8925
Epic Games,Cary,United States,Developer and Publisher,Publisher,35.79154,-78.78112
Exothermic,Cary,United States,Publisher,Publisher,35.8253,-78.8266
Limited Run Games,Cary,United States,Publisher,Publisher,35.7211,-78.7735
Mighty Rabbit Studios,Cary,United States,Developer,Developer,35.8603,-78.7162
Ubisoft,Cary,United States,Developer and Publisher,Publisher,35.7741,-78.9025
Seaknot Studios,Tokorozawa,Japan,Developer,Developer,35.79916,139.46903
Rideon,Kawaguchi,Japan,Developer,Developer,35.80521,139.71072
Minakata Dynamics,Yashio City,Japan,Developer,Developer,35.82255,139.83905
Puny Human,Morrisville,United States,Developer,Developer,35.82348,-78.82556
Envast,Sousse,Tunisia,Mobile,Mobile,35.82539,10.63699
GamingMalta,Zejtun,Malta,Organization,Other,35.85547,14.53341
Midow Studios,Haz-Zebbug,Malta,Extended Reality (XR),XR (VR/AR),35.87194,14.44111
Anvil Game Studios,Paola,Malta,Developer,Developer,35.87297,14.49897
PolyCrunch Games,Santa Venera,Malta,Developer,Developer,35.88998,14.47291
Exient,Floriana,Malta,Developer,Developer,35.89583,14.50833
Funcom (Tencent),Research Triangle Park,United States,Developer,Developer,35.8992,-78.8636
Dorado Games,Valletta,Malta,Online,Other,35.89968,14.5148
Steelkrill Studio,San Gwann,Malta,Developer,Developer,35.90556,14.47611
Yourun Ltd,San Gwann,Malta,Mobile,Mobile,35.9393,14.4306
Bigpoint (Yoozoo),Gzira,Malta,Online,Other,35.90583,14.48806
Draw & Code,Gzira,Malta,Developer,Developer,35.9396,14.4425
King.com (Activision),Gzira,Malta,Mobile,Mobile,35.8354,14.4957
3909,Saitama,Japan,Developer,Developer,35.90807,139.65657
Bimboosoft,Saitama,Japan,Developer,Developer,35.9418,139.6111
Atelier Minima,Kawagoe,Japan,Developer,Developer,35.90861,139.48528
4A Games (Embracer Group),Sliema,Malta,Developer,Developer,35.91247,14.50175
Play On Words Studios,Sliema,Malta,Developer,Developer,35.9462,14.4562
PlayMagic,Sliema,Malta,Developer,Developer,35.842,14.5094
Andrew Gilmour Studios,Canadian,United States,Developer,Developer,35.91282,-100.38208
Health Impact Studio,Chapel Hill,United States,Health,Other,35.9132,-79.05584
FRVR,Naxxar,Malta,Publisher,Publisher,35.91368,14.44382
Ancient Gaming,San Giljan,Malta,Developer,Developer,35.91839,14.48977
Stillfront Group,San Giljan,Malta,Developer,Developer,35.9522,14.4442
Electric Square (Keywords),Paceville,Malta,Developer,Developer,35.9193,14.4889
G5 Entertainment,Swieqi,Malta,Developer and Publisher,Publisher,35.92154,14.47998
Sealost Interactive,Knoxville,United States,Extended Reality (XR),XR (VR/AR),35.96064,-83.92074
Blueline Games,Durham,United States,Developer,Developer,35.99403,-78.89862
Dungeoneering Studios,Durham,United States,Developer,Developer,36.0278,-78.9442
Lucid Dream VR,Durham,United States,Extended Reality (XR),XR (VR/AR),35.9236,-78.891
Personalized Learning Games,Durham,United States,Developer,Developer,36.0628,-78.8335
Prologue Games,Durham,United States,Developer,Developer,35.9766,-79.0203
Third Pie Studios,Durham,United States,Developer,Developer,35.934,-78.782
Zapper Games (Embracer Group),Durham,United States,Developer,Developer,36.1123,-78.9379
Activision Rogers,Fayetteville,United States,Developer and Publisher,Publisher,36.06258,-94.15743
Aluba Studio,Qingdao,China,Developer,Developer,36.06488,120.38042
Vavel Games,Winston-Salem,United States,Online,Other,36.09986,-80.24422
Wholesome Games Presents,Winston-Salem,United States,Publisher,Publisher,36.1336,-80.2898
Blue Ridge Games,Blowing Rock,United States,Developer,Developer,36.13513,-81.67761
Ariton,Nashville,United States,Microstudio,Developer,36.16589,-86.78444
Digital Hero Games,Nashville,United States,Mobile,Mobile,36.1997,-86.8301
Dubit,Nashville,United States,Online,Other,36.0955,-86.7768
Duonix Studios,Nashville,United States,Developer,Developer,36.2346,-86.7192
Immersive Health Group,Nashville,United States,Health,Other,36.1485,-86.9064
Innerworld,Nashville,United States,Health,Other,36.1059,-86.6676
Nashville Game Developers,Nashville,United States,Organization,Other,36.2842,-86.8238
The Alekon Company,Nashville,United States,Developer,Developer,36.0485,-86.86
Traega Entertainment,Nashville,United States,Developer,Developer,36.2144,-86.6199
2K Vegas,Las Vegas,United States,Developer and Publisher,Publisher,36.17497,-115.13722
Acceleroto,Las Vegas,United States,Developer,Developer,36.2087,-115.1829
Aristocrat Leisure Limited,Las Vegas,United States,Developer,Developer,36.1045,-115.1296
Dead Money,Las Vegas,United States,Developer,Developer,36.2437,-115.0719
EQ Studios,Las Vegas,United States,Developer,Developer,36.1576,-115.2592
Gas Giant Games,Las Vegas,United States,Developer,Developer,36.115,-115.0204
Gentleman Rat,Las Vegas,United States,Developer,Developer,36.2932,-115.1766
IGDA Nevada - Las Vegas,Las Vegas,United States,Organization,Other,36.0576,-115.2128
JV Games,Las Vegas,United States,Developer,Developer,36.2235,-114.9727
Konami Gaming,Las Vegas,United States,Developer and Publisher,Publisher,36.2322,-115.309
Kosma Co,Las Vegas,United States,Developer,Developer,36.0318,-115.0542
Night Street Games,Las Vegas,United States,Developer,Developer,36.3332,-115.0757
PLAYSTUDIOS,Las Vegas,United States,Developer,Developer,36.0881,-115.3229
PM Studios,Las Vegas,United States,Developer and Publisher,Publisher,36.1363,-114.9191
Petroglyph,Las Vegas,United States,Developer,Developer,36.328,-115.2705
Rogue Duck Interactive,Las Vegas,United States,Developer,Developer,35.9829,-115.168
SculptrVR,Las Vegas,United States,Extended Reality (XR),XR (VR/AR),36.3039,-114.9478
Slipgate Studios,Las Vegas,United States,Extended Reality (XR),XR (VR/AR),36.1835,-115.3924
Take-Two Interactive Software,Las Vegas,United States,Developer and Publisher,Publisher,36.0253,-114.9509
Twin Atlas,Las Vegas,United States,Online,Other,36.3927,-115.1497
Utopos Games,Las Vegas,United States,Developer,Developer,36.0033,-115.3147
ynoham,Las Vegas,United States,Developer,Developer,36.2055,-114.8559
Causeway Studios,Springdale,United States,Developer,Developer,36.18674,-94.12881
Jana Games,Setif,Algeria,Developer,Developer,36.19112,5.41373
Waya Health,Boone,United States,Health,Other,36.21679,-81.67455
Brain&Brain,Rogers,United States,Developer,Developer,36.33202,-94.11854
Longplay Studios,Daejeon,Republic of Korea,Developer,Developer,36.34913,127.38493
ZOO Corporation,Ueda,Japan,Developer,Developer,36.40265,138.28161
SaphirProd,Nabeul,Tunisia,Developer,Developer,36.45606,10.73763
IREM Software Engineering,Hakusan,Japan,Developer,Developer,36.48204,136.58684
Codemanu,Cadiz,Spain,Developer,Developer,36.52672,-6.2891
Megalevel,Cadiz,Spain,Developer and Publisher,Publisher,36.5605,-6.335
GameClass,Carmel,United States,Serious Games,Other,36.55524,-121.92329
Granzella,Kanazawa,Japan,Developer,Developer,36.6,136.61667
Gust Corporation,Nagano,Japan,Developer and Publisher,Publisher,36.65,138.18333
RoseVeRte,Nagano,Japan,Developer,Developer,36.6838,138.1374
asobism,Nagano,Japan,Developer,Developer,36.5796,138.191
SAMDEVSTUDIO,Zeralda,Algeria,Developer,Developer,36.71169,2.84244
A Bonfire of Souls,Malaga,Spain,Developer,Developer,36.72016,-4.42034
DYA Games,Málaga,Spain,Developer,Developer,36.7539,-4.4663
Locomalito,Malaga,Spain,Microstudio,Developer,36.6497,-4.4126
Malapata Studio,Malaga,Spain,Developer,Developer,36.7889,-4.3546
Pixelatto,Malaga,Spain,Developer,Developer,36.7027,-4.5432
Silent Road Games,Malaga,Spain,Developer,Developer,36.6602,-4.3027
Video Games Without Borders,Malaga,Spain,Organization,Other,36.8384,-4.46
Virtually Live,Malaga,Spain,Extended Reality (XR),XR (VR/AR),36.6028,-4.4964
Algerian Startup Fund,Algiers,Algeria,Investment,Other,36.73225,3.08746
Dell3A Studio,Algiers,Algeria,Microstudio,Developer,36.766,3.0415
Last Lion Studio,Algiers,Algeria,Developer and Publisher,Publisher,36.6618,3.0952
Xerise,Algiers,Algeria,Developer,Developer,36.801,3.1532
NewGen Studios,Megrine,Tunisia,Developer,Developer,36.76917,10.23639
Perfect Gen Studios,Megrine,Tunisia,Publisher,Publisher,36.8029,10.1904
Black Anchor,Asan-si,Republic of Korea,Developer,Developer,36.78361,127.00417
Pixelscopic,Purdy,United States,Developer,Developer,36.81729,-93.92076
Amilcar Technologies,Tunis,Tunisia,Developer,Developer,36.81897,10.16579
Digital Mania,Les Berges du Lac,Tunisia,Developer,Developer,36.8527,10.1197
Herodot,Tunis,Tunisia,Developer,Developer,36.7485,10.1735
Lantern Studios,Tunis,Tunisia,Extended Reality (XR),XR (VR/AR),36.8877,10.2316
Lanterns Studio,Charguia,Tunisia,Extended Reality (XR),XR (VR/AR),36.8016,10.0428
Morbiket,Tunis,Tunisia,Developer,Developer,36.759,10.2836
Nuked Cockroach,El Menzah,Tunisia,Publisher,Publisher,36.9372,10.1261
NewGen Studio,Ariana,Tunisia,Developer,Developer,36.86012,10.19337
Kiki Games,Konyaalti,Türkiye,Developer,Developer,36.86644,30.63031
Dream Harvesters,Antalya,Türkiye,Developer,Developer,36.90812,30.69556
Surpass Games,Antalya,Türkiye,Mobile,Mobile,36.9419,30.6495
Choice Provisions,Santa Cruz,United States,Developer,Developer,36.97412,-122.0308
Chronic Logic,Santa Cruz,United States,Developer,Developer,37.0079,-122.0769
Cryptic Sea,Santa Cruz,United States,Developer,Developer,36.9037,-122.0231
GRL Games,Santa Cruz,United States,Mobile,Mobile,37.0428,-121.9648
Game Grove Incubator,Santa Cruz,United States,Incubator/Accelerator,Other,36.9567,-122.1541
Retora Games,Santa Cruz,United States,Developer,Developer,36.9141,-121.9127
Team Meat,Santa Cruz,United States,Developer,Developer,37.0924,-122.0706
Team2Bit,Santa Cruz,United States,Developer,Developer,36.8567,-122.1071
Tomatoast,Santa Cruz,United States,Developer,Developer,37.0226,-121.8645
Top Floor Studio Games,Santa Cruz,United States,Developer,Developer,37.0314,-122.2044
Upperpik Games,Adana,Türkiye,Mobile,Mobile,36.98615,35.32531
Hitcents,Bowling Green,United States,Developer and Publisher,Publisher,36.99032,-86.4436
Morningstar Game Studio,Bowling Green,United States,Developer,Developer,37.0241,-86.4898
Parallax Studio,Nixa,United States,Online,Other,37.04339,-93.29435
E-ludo Interactive,Syracuse,Italy,Organization,Other,37.07542,15.28664
Alleyway Games,Saint George,United States,Developer,Developer,37.10415,-113.58412
Netflix Games,Los Gatos,United States,Publisher,Publisher,37.22661,-121.97468
SOULGAME America,Campbell,United States,Mobile,Mobile,37.28717,-121.94996
ALIVE Inc.,Suwon-si,Republic of Korea,Online,Other,37.29111,127.00889
Cat Society,Suwon,Republic of Korea,Developer,Developer,37.3249,126.9625
Bipedal Dog,San Jose,United States,Developer,Developer,37.33939,-121.89496
Cognitive Leap,San Jose,United States,Health,Other,37.3732,-121.9413
Cryptic Studios (Perfect World),San Jose,United States,Online,Other,37.269,-121.8872
Etherous Games,San Jose,United States,Developer,Developer,37.4081,-121.8287
Hitsparks Games,San Jose,United States,Developer,Developer,37.322,-122.0188
Lucasfilm Games (Disney Interactive),San Jose,United States,Developer,Developer,37.2794,-121.7763
NEX Team,San Jose,United States,Mobile,Mobile,37.4577,-121.935
Red Fox Games,San Jose,United States,Online,Other,37.222,-121.9716
Reinvent Learning XR,San Jose,United States,Extended Reality (XR),XR (VR/AR),37.3879,-121.7279
Sleeper Build Game Studio,San Jose,United States,Developer,Developer,37.3966,-122.0694
Sperasoft,San Jose,United States,Developer,Developer,37.1962,-121.8107
Tilt Five,San Jose,United States,Extended Reality (XR),XR (VR/AR),37.4976,-121.8325
Zspace,San Jose,United States,Serious Games,Other,37.2525,-122.0834
Catalyst Apps,Santa Clara,United States,Mobile,Mobile,37.35411,-121.95524
Cold Iron Studios,Santa Clara,United States,Developer,Developer,37.3879,-122.0016
LILA Games,Santa Clara,United States,Mobile,Mobile,37.2837,-121.9475
NAMCO BANDAI Games America,Santa Clara,United States,Developer and Publisher,Publisher,37.4228,-121.889
Raindrop Games,Santa Clara,United States,Developer,Developer,37.3367,-122.0791
Volutian Design,Santa Clara,United States,Developer,Developer,37.2941,-121.8366
Crazy Maple Studio,Sunnyvale,United States,Mobile,Mobile,37.36883,-122.03635
Glass Bead Games,Sunnyvale,United States,Developer,Developer,37.4026,-122.0827
Lanzinger Studio,Sunnyvale,United States,Developer,Developer,37.2984,-122.0286
Magic Leap,Sunnyvale,United States,Extended Reality (XR),XR (VR/AR),37.4376,-121.97
Niantic,Sunnyvale,United States,Extended Reality (XR),XR (VR/AR),37.3514,-122.1603
WEBZEN,Bundang-gu,Republic of Korea,Online,Other,37.3827,127.1189
AxesInMotion (gamigo Group),Seville,Spain,Developer,Developer,37.38283,-5.97317
Genjoy (Scopely),Seville,Spain,Mobile,Mobile,37.4166,-6.0196
Odders,Seville,Spain,Extended Reality (XR),XR (VR/AR),37.3124,-5.9654
Raptor Claw Games,Seville,Spain,Developer,Developer,37.4516,-5.9069
The Game Kitchen,Seville,Spain,Developer,Developer,37.3654,-6.0971
Days of Wonder,Los Altos,United States,Developer,Developer,37.38522,-122.11413
Radiant Entertainment (Riot Games),Los Altos,United States,Organization,Other,37.419,-122.1605
Tynker,Los Altos,United States,Mobile,Mobile,37.3148,-122.1063
Aveyond Studios,Mountain View,United States,Developer,Developer,37.38605,-122.08385
Game Closure,Mountain View,United States,Online,Other,37.4198,-122.1303
IGDA California - Silicon Valley,Mountain View,United States,Organization,Other,37.3156,-122.0761
Leia,Mountain View,United States,Extended Reality (XR),XR (VR/AR),37.4548,-122.0175
My.Games,Mountain View,United States,Online,Other,37.3686,-122.2078
Pixelberry Studios (Series Entertainment),Mountain View,United States,Mobile,Mobile,37.326,-121.9651
Playco,Mountain View,United States,Social,Other,37.5043,-122.1239
Robot Invader,Mountain View,United States,Mobile,Mobile,37.2687,-122.1606
Samsung Next Ventures,Mountain View,United States,Investment,Other,37.4346,-121.9167
Y Combinator,Mountain View,United States,Incubator/Accelerator,Other,37.4433,-122.2584
Mistil Games,Anyang-si,Republic of Korea,Developer,Developer,37.3925,126.92694
Bluehole (Krafton),Seongnam-si,Republic of Korea,Online,Other,37.43861,127.13778
Concode Corp,Seongnam-si,Republic of Korea,Microstudio,Developer,37.4724,127.0913
Dreamotion (Krafton),Seongnam-si,Republic of Korea,Mobile,Mobile,37.3682,127.1456
FirstSpark Games (NC),Seongnam-si,Republic of Korea,Online,Other,37.5073,127.2041
Future Lab (Smilegate),Seongnam-Si,Republic of Korea,Organization,Other,37.4212,127.0138
GRAVITY,Seongnam-si,Republic of Korea,Online,Other,37.3786,127.2566
Gameloft,Seongnam-si,Republic of Korea,Mobile,Mobile,37.5569,127.0977
Ironmace,Seongnam-si,Republic of Korea,Developer,Developer,37.3212,127.061
JOYCITY,Seongnam-si,Republic of Korea,Developer,Developer,37.4871,127.3051
Joymax,Seongnam-si,Republic of Korea,Developer,Developer,37.4958,126.9632
KIWIWALKS,Seongnam-si,Republic of Korea,Developer,Developer,37.2954,127.2222
Kakao Games,Seongnam-si,Republic of Korea,Online,Other,37.5968,127.2003
Lionheart Studio,Seongnam-si,Republic of Korea,Online,Other,37.3518,126.949
Lizard Smoothie,Seongnam-si,Republic of Korea,Online,Other,37.3999,127.3595
LoadComplete,Seongnam-si,Republic of Korea,Mobile,Mobile,37.5917,127.0023
Ludius Games (NC),Seongnam-si,Republic of Korea,Online,Other,37.2466,127.1064
Lumidia Games,Seongnam-Si,Republic of Korea,Developer,Developer,37.5675,127.3304
NC,Seongnam-si,Republic of Korea,Online,Other,37.4471,126.8784
PiedPipers Team (Neowiz),Seongnam-si,Republic of Korea,Developer,Developer,37.289,127.3272
Pixelity,Seongnam-si,Republic of Korea,Extended Reality (XR),XR (VR/AR),37.6563,127.1251
Press A,Seongnam-Si,Republic of Korea,Developer,Developer,37.2669,126.9573
ReLU Games (Krafton),Seongnam-si,Republic of Korea,Serious Games,Other,37.4692,127.4238
Smilegate Entertainment,Seongnam-si,Republic of Korea,Developer and Publisher,Publisher,37.5726,126.8953
Smilegate Megaport,Seongnam-si,Republic of Korea,Developer and Publisher,Publisher,37.2047,127.2041
SundayToz,Seongnam-si,Republic of Korea,Mobile,Mobile,37.6511,127.2912
Super Creative,Seongnam-Si,Republic of Korea,Online,Other,37.3626,126.8378
Wemade Entertainment,Seongnam-si,Republic of Korea,Online,Other,37.3317,127.4293
XLGAMES,Seongnam-si,Republic of Korea,Online,Other,37.6783,127.0115
Accel,Palo Alto,United States,Investment,Other,37.44188,-122.14302
AppLovin,Palo Alto,United States,Mobile,Mobile,37.4757,-122.1895
Icon Ventures,Palo Alto,United States,Investment,Other,37.3714,-122.1352
Invincikids,Palo Alto,United States,Health,Other,37.5106,-122.0767
Joyride Games,Palo Alto,United States,Mobile,Mobile,37.4245,-122.267
Leia,Palo Alto,United States,Extended Reality (XR),XR (VR/AR),37.3819,-122.0242
Machine Zone,Palo Alto,United States,Mobile,Mobile,37.5602,-122.1831
NFX Capital,Palo Alto,United States,Investment,Other,37.3245,-122.2198
Niantic,Palo Alto,United States,Extended Reality (XR),XR (VR/AR),37.4904,-121.9757
Osmo,Palo Alto,United States,Mobile,Mobile,37.4991,-122.3177
Principal Venture Partners,Palo Alto,United States,Investment,Other,37.2987,-122.0586
Snow Cannon Games,Palo Alto,United States,Publisher,Publisher,37.6001,-122.0805
SparkLabs Global Ventures,Palo Alto,United States,Investment,Other,37.355,-122.3318
Tangible Play,Palo Alto,United States,Mobile,Mobile,37.4032,-121.9213
Tencent America,Palo Alto,United States,Developer and Publisher,Publisher,37.5949,-122.2785
Tintash,Palo Alto,United States,Mobile,Mobile,37.2498,-122.1744
Unico Studio,Palo Alto,United States,Developer,Developer,37.5708,-121.9504
Wildlife Studios,Palo Alto,United States,Mobile,Mobile,37.4504,-122.4024
Andreessen Horowitz,Menlo Park,United States,Investment,Other,37.45383,-122.18219
Crystal Dynamics,Menlo Park,United States,Developer,Developer,37.4876,-122.2286
Grishin Robotics,Menlo Park,United States,Investment,Other,37.3834,-122.1744
Illumix,Menlo Park,United States,Extended Reality (XR),XR (VR/AR),37.5226,-122.1158
Nexus Venture Partners,Menlo Park,United States,Investment,Other,37.4364,-122.3062
Roblox,Menlo Park,United States,Online,Other,37.3938,-122.0634
STRIVR,Menlo Park,United States,Serious Games,Other,37.5721,-122.2222
Gatolnary Games,Cabra,Spain,Developer,Developer,37.47249,-4.44206
Arc Games,Redwood City,United States,Publisher,Publisher,37.48522,-122.23635
Funovus,Redwood City,United States,Developer,Developer,37.519,-122.2828
Graffiti Entertainment,Redwood City,United States,Developer,Developer,37.4148,-122.2286
Maxis (Electronic Arts),Redwood City,United States,Developer,Developer,37.5539,-122.1699
Never Forget Games,Redwood City,United States,Mobile,Mobile,37.4678,-122.3604
Respawn Entertainment (Electronic Arts),Redwood City,United States,Developer,Developer,37.4252,-122.1175
Together Labs,Redwood City,United States,Online,Other,37.6035,-122.2764
baobab studios,Redwood City,United States,Extended Reality (XR),XR (VR/AR),37.3678,-122.3132
Drakkar Dev,Catania,Italy,Developer,Developer,37.49223,15.07041
Kid Onion Studio,Catania,Italy,Developer,Developer,37.526,15.0239
Little Sewing Machine,Catania,Italy,Developer,Developer,37.4218,15.0782
Kiko Labs,San Carlos,United States,Mobile,Mobile,37.50716,-122.26052
DRIMAGE,Gangnam-gu,Republic of Korea,Developer and Publisher,Publisher,37.5172,127.0473
Pied Pixels,Gangnam-gu,Republic of Korea,Mobile,Mobile,37.551,127.0008
Osso VR,Belmont,United States,Serious Games,Other,37.52021,-122.2758
Skystone Games,Belmont,United States,Publisher,Publisher,37.554,-122.3223
EA Mobile (Electronic Arts),Redwood Shores,United States,Developer and Publisher,Publisher,37.53188,-122.24802
Electronic Arts,Redwood Shores,United States,Developer and Publisher,Publisher,37.5657,-122.2945
Blue Meridian,Richmond,United States,Developer,Developer,37.55376,-77.46026
IGDA Virginia - Central Virginia,Richmond,United States,Organization,Other,37.5875,-77.5068
Lighthouse XR,Richmond,United States,Health,Other,37.4833,-77.4525
Two Robots Studios,Richmond,United States,Developer,Developer,37.6225,-77.3938
BeingAI,Foster City,United States,Mobile,Mobile,37.55855,-122.27108
Glu Foster City (Electronic Arts),Foster City,United States,Mobile,Mobile,37.5923,-122.3176
Sledgehammer Games (Activision),Foster City,United States,Developer,Developer,37.4881,-122.2633
Sneaky Devil Studios,Foster City,United States,Developer,Developer,37.6273,-122.2046
Sony Computer Entertainment Foster City Studio,Foster City,United States,Developer,Developer,37.5411,-122.3953
31st Union (2K),San Mateo,United States,Developer,Developer,37.56299,-122.32553
AviaGames,San Mateo,United States,Developer and Publisher,Publisher,37.5968,-122.372
Bazooka Tango,San Mateo,United States,Mobile,Mobile,37.4926,-122.3177
Boost VC,San Mateo,United States,Investment,Other,37.6317,-122.2591
Impulse Gear,San Mateo,United States,Extended Reality (XR),XR (VR/AR),37.5456,-122.4498
Monomi Park,San Mateo,United States,Developer,Developer,37.503,-122.2065
NC West Mobile,San Mateo,United States,Mobile,Mobile,37.6813,-122.3656
Oven Games (Devsisters),San Mateo,United States,Developer,Developer,37.4456,-122.4024
Roboto Games,San Mateo,United States,Developer,Developer,37.6115,-122.1579
Rogue Games,San Mateo,United States,Publisher,Publisher,37.6202,-122.5004
Sankari Studios,San Mateo,United States,Mobile,Mobile,37.4198,-122.241
Seasun Games,San Mateo,United States,Developer,Developer,37.7212,-122.2629
Sony Computer Entertainment America,San Mateo,United States,Publisher,Publisher,37.4761,-122.5146
Spiritwalk Games,San Mateo,United States,Online,Other,37.5243,-122.1034
Storm8 (Stillfront Group),San Mateo,United States,Mobile,Mobile,37.716,-122.4613
Super Evil Megacorp,San Mateo,United States,Mobile,Mobile,37.3709,-122.3569
Temple Gates Games,San Mateo,United States,Developer,Developer,37.6919,-122.1326
TikGames,San Mateo,United States,Mobile,Mobile,37.5715,-122.5854
Virti,San Mateo,United States,Serious Games,Other,37.4134,-122.1358
Wonder Workshop,San Mateo,United States,Developer,Developer,37.7807,-122.3382
Zynga,San Mateo,United States,Mobile,Mobile,37.3913,-122.5063
37 Games,Seoul,Republic of Korea,Online,Other,37.566,126.9784
5minlab (Krafton),Seoul,Republic of Korea,Developer,Developer,37.5998,126.9319
Actoz Soft,Seoul,Republic of Korea,Online,Other,37.4956,126.9862
BLUESIDE,Seoul,Republic of Korea,Online,Other,37.6347,127.0449
Bagelcode,Seoul,Republic of Korea,Mobile,Mobile,37.5486,126.8542
Bandai Namco Entertainment Korea,Seoul,Republic of Korea,Publisher,Publisher,37.506,127.0974
Blizzard Entertainment,Seoul,Republic of Korea,Developer,Developer,37.6843,126.9383
Cassel Games,Seoul,Republic of Korea,Developer,Developer,37.4486,126.9015
DeNA Seoul,Seoul,Republic of Korea,Online,Other,37.6145,127.146
Devs United Games,Seoul,Republic of Korea,Extended Reality (XR),XR (VR/AR),37.6232,126.8035
Devsisters,Seoul,Republic of Korea,Developer,Developer,37.4228,127.0629
Devsisters Ventures,Seoul,Republic of Korea,Investment,Other,37.7242,127.041
Donuts,Seoul,Republic of Korea,Mobile,Mobile,37.4792,126.7893
DoubleUGames,Seoul,Republic of Korea,Mobile,Mobile,37.5273,127.2005
Dragonfly,Seoul,Republic of Korea,Online,Other,37.719,126.8427
Dvora Studio,Seoul,Republic of Korea,Developer,Developer,37.374,126.947
Dynamis One Studio,Seoul,Republic of Korea,Developer,Developer,37.6949,127.1713
EA Korea (Electronic Arts),Seoul,Republic of Korea,Developer and Publisher,Publisher,37.5745,126.7185
EA Sports (Electronic Arts),Seoul,Republic of Korea,Developer,Developer,37.4164,127.1681
Epic Games Korea,Seoul,Republic of Korea,Developer and Publisher,Publisher,37.7837,126.9657
Flyway Games (Krafton),Seoul,Republic of Korea,Developer,Developer,37.3943,126.7977
GRAVITY,Seoul,Republic of Korea,Online,Other,37.5966,127.2649
GRAVITY NEOCYON,Seoul,Republic of Korea,Online,Other,37.6999,126.7355
GREE International,Seoul,Republic of Korea,Mobile,Mobile,37.3321,127.0448
Grampus,Seoul,Republic of Korea,Developer,Developer,37.7785,127.132
Hound13,Seoul,Republic of Korea,Developer,Developer,37.49,126.6779
K-Games (Korea Game Industry Association),Seoul,Republic of Korea,Organization,Other,37.4591,127.2704
KOG Games,Seoul,Republic of Korea,Online,Other,37.8057,126.8519
KOMODO,Seoul,Republic of Korea,Developer and Publisher,Publisher,37.317,126.8654
King.com (Activision),Seoul,Republic of Korea,Mobile,Mobile,37.6913,127.2791
Korea Creative Content Agency (KoCCA),Seoul,Republic of Korea,Organization,Other,37.6358,126.6443
Krafton,Seoul,Republic of Korea,Online,Other,37.3318,127.1683
Line Games,Seoul,Republic of Korea,Online,Other,37.8448,127.0388
Linked,Seoul,Republic of Korea,Developer and Publisher,Publisher,37.3901,126.6919
Mgame,Seoul,Republic of Korea,Developer and Publisher,Publisher,37.5419,127.345
Mintrocket (NEXON),Seoul,Republic of Korea,Developer,Developer,37.7831,126.725
NANOO,Seoul,Republic of Korea,Mobile,Mobile,37.266,126.9802
NHN,Seoul,Republic of Korea,Online,Other,37.7913,127.2362
Neople,Seoul,Republic of Korea,Developer and Publisher,Publisher,37.5376,126.5912
Neowiz,Seoul,Republic of Korea,Developer and Publisher,Publisher,37.3772,127.2922
Netmarble Games,Seoul,Republic of Korea,Developer and Publisher,Publisher,37.8771,126.907
Nexon,Seoul,Republic of Korea,Online,Other,37.295,126.7633
PLAYWITH,Seoul,Republic of Korea,Online,Other,37.6516,127.3727
Papergames,Seoul,Republic of Korea,Developer,Developer,37.7157,126.6104
Pearl Abyss,Seoul,Republic of Korea,Online,Other,37.255,127.1239
Playco,Seoul,Republic of Korea,Social,Other,37.8767,127.1379
REMIMORY,Seoul,Republic of Korea,Developer,Developer,37.4208,126.5918
Riot Games,Seoul,Republic of Korea,Online,Other,37.465,127.3917
RisingWings (Krafton),Seoul,Republic of Korea,Mobile,Mobile,37.8649,126.7574
SKONEC Entertainment,Seoul,Republic of Korea,Extended Reality (XR),XR (VR/AR),37.2238,126.8857
Scopely,Seoul,Republic of Korea,Publisher,Publisher,37.7707,127.342
Sega Korea,Seoul,Republic of Korea,Publisher,Publisher,37.6102,126.5314
Sentience Game Studio,Seoul,Republic of Korea,Developer,Developer,37.2914,127.2732
Shift Up,Seoul,Republic of Korea,Developer,Developer,37.9298,126.9951
SmileGate RPG,Seoul,Republic of Korea,Online,Other,37.3043,126.653
Smilegate Investment,Seoul,Republic of Korea,Investment,Other,37.5849,127.4456
Softnyx,Seoul,Republic of Korea,Developer,Developer,37.8043,126.6145
Southpaw Games,Seoul,Republic of Korea,Developer,Developer,37.1921,127.0442
Studio HORANG,Seoul,Republic of Korea,Extended Reality (XR),XR (VR/AR),37.8796,127.2508
Studio Kingdom (Devsisters),Seoul,Republic of Korea,Developer,Developer,37.4799,126.5062
Supervillian Labs,Seoul,Republic of Korea,Online,Other,37.3751,127.4035
Taito Korea Corporation (Square Enix),Seoul,Republic of Korea,Developer,Developer,37.9375,126.8264
Team Horay,Seoul,Republic of Korea,Developer,Developer,37.2078,126.7723
Tencent Korea,Seoul,Republic of Korea,Developer and Publisher,Publisher,37.721,127.4393
The PUBG Corporation,Seoul,Republic of Korea,Online,Other,37.6995,126.5027
Ubisoft South Korea,Seoul,Republic of Korea,Developer and Publisher,Publisher,37.2101,127.2172
VALOFE Korea,Seoul,Republic of Korea,Online,Other,37.9593,127.1066
VRANI,Seoul,Republic of Korea,Extended Reality (XR),XR (VR/AR),37.343,126.5455
Visual Concepts Korea (2K),Seoul,Republic of Korea,Developer,Developer,37.4981,127.4915
Wargaming Korea,Seoul,Republic of Korea,Online,Other,37.8931,126.6556
ZPlay,Seoul,Republic of Korea,Publisher,Publisher,37.1489,126.9374
Zepetto,Seoul,Republic of Korea,Online,Other,37.8536,127.3668
com2us,Seoul,Republic of Korea,Mobile,Mobile,37.5619,126.4432
e-motion,Seoul,Republic of Korea,Online,Other,37.2805,127.3793
gumi Korea,Seoul,Republic of Korea,Online,Other,37.9941,126.9257
Burlingame Studios,Burlingame,United States,Mobile,Mobile,37.5841,-122.36608
Downpour Interactive (Facebook),Burlingame,United States,Extended Reality (XR),XR (VR/AR),37.6179,-122.4126
Future World Studios,Burlingame,United States,Health,Other,37.5137,-122.3583
GreenPark Sports,Burlingame,United States,Mobile,Mobile,37.6528,-122.2996
Koei Tecmo America,Burlingame,United States,Developer and Publisher,Publisher,37.5667,-122.4903
Manticore,Burlingame,United States,Developer,Developer,37.5241,-122.247
Natsume,Burlingame,United States,Publisher,Publisher,37.7024,-122.4062
PLAYSTUDIOS,Burlingame,United States,Developer,Developer,37.4667,-122.443
Bebopbee,Union City,United States,Mobile,Mobile,37.59577,-122.01913
Stormind Games,Acireale,Italy,Developer,Developer,37.60886,15.16577
NetEase Games,Brisbane,United States,Mobile,Mobile,37.68077,-122.39997
Trihelix,Livermore,United States,Extended Reality (XR),XR (VR/AR),37.68187,-121.76801
Green Tree Games,Castro Valley,United States,Developer,Developer,37.6941,-122.08635
Roll to Hit Games,Dublin,United States,Publisher,Publisher,37.70215,-121.93579
Magic Fuel Games,San Leandro,United States,Developer,Developer,37.72493,-122.15608
Rogue Wombat Studios,San Leandro,United States,Developer,Developer,37.7587,-122.2027
Rogue Wombat Studios,San Leandro,United States,Developer,Developer,37.6545,-122.1483
Kotoriyama,Fukushima,Japan,Developer,Developer,37.75,140.46667
AutoAttack Games,Alameda,United States,Developer,Developer,37.77099,-122.26087
Seedy Eye,Owensboro,United States,Developer,Developer,37.77422,-87.11333
2D Boy,San Francisco,United States,Developer,Developer,37.77493,-122.41942
7th Inning (Ares Interactive),San Francisco,United States,Developer,Developer,37.8087,-122.4661
Acheronti,San Francisco,United States,Microstudio,Developer,37.7045,-122.4116
Aconite,San Francisco,United States,Mobile,Mobile,37.8437,-122.3528
AdaptedMind,San Francisco,United States,Serious Games,Other,37.7575,-122.544
Adventure Lab,San Francisco,United States,Extended Reality (XR),XR (VR/AR),37.7149,-122.3001
Afterburner Studios,San Francisco,United States,Developer,Developer,37.8932,-122.4596
Alta Reality,San Francisco,United States,Extended Reality (XR),XR (VR/AR),37.6575,-122.4966
Amazon Games,San Francisco,United States,Developer,Developer,37.8234,-122.2514
Amber,San Francisco,United States,Developer,Developer,37.8322,-122.5948
Arbitrum Gaming Ventures,San Francisco,United States,Investment,Other,37.6317,-122.3346
Ayopa Games,San Francisco,United States,Mobile,Mobile,37.9332,-122.3566
Bake450,San Francisco,United States,Mobile,Mobile,37.6881,-122.609
Basket Entertainment,San Francisco,United States,Developer,Developer,37.7362,-122.1967
Benny Schmidt,San Francisco,United States,Mobile,Mobile,37.928,-122.5555
BetterDemon,San Francisco,United States,Developer,Developer,37.5829,-122.4509
Big Run Studios,San Francisco,United States,Mobile,Mobile,37.9038,-122.2259
Big Wolf Games,San Francisco,United States,Developer and Publisher,Publisher,37.7834,-122.68
Bigpoint (Yoozoo),San Francisco,United States,Online,Other,37.6253,-122.2292
Bluembo,San Francisco,United States,Developer,Developer,37.9926,-122.4322
Boxtree,San Francisco,United States,Extended Reality (XR),XR (VR/AR),37.6032,-122.6007
Brain Jar Games,San Francisco,United States,Mobile,Mobile,37.8055,-122.1321
Capcom USA,San Francisco,United States,Publisher,Publisher,37.9089,-122.663
Choice of Games,San Francisco,United States,Publisher,Publisher,37.541,-122.3528
Clockwork Labs,San Francisco,United States,Mobile,Mobile,37.9875,-122.2653
Cloudcade,San Francisco,United States,Developer and Publisher,Publisher,37.6989,-122.7207
CodeCombat,San Francisco,United States,Serious Games,Other,37.668,-122.1266
Core Loop Games,San Francisco,United States,Online,Other,38.0146,-122.5463
Counterplay Games,San Francisco,United States,Developer,Developer,37.526,-122.5327
Dark Arts Syndicate,San Francisco,United States,Publisher,Publisher,37.9002,-122.1179
Daruma Games,San Francisco,United States,Developer,Developer,37.8447,-122.7545
Denmu,San Francisco,United States,Investment,Other,37.5408,-122.2289
Dim Bulb Games,San Francisco,United States,Microstudio,Developer,38.0537,-122.3588
Discord Inc.,San Francisco,United States,Mobile,Mobile,37.5991,-122.7067
Double Black Capital,San Francisco,United States,Investment,Other,37.7509,-122.0518
Double Fine Productions,San Francisco,United States,Developer and Publisher,Publisher,37.9921,-122.6736
Double Twizzle Games,San Francisco,United States,Mobile,Mobile,37.4749,-122.4176
Drake Star Partners,San Francisco,United States,Investment,Other,38.0002,-122.1609
Elbow Grease Games,San Francisco,United States,Investment,Other,37.7465,-122.8077
Elevate Labs,San Francisco,United States,Health,Other,37.5862,-122.1047
Elsewhere,San Francisco,United States,Online,Other,38.0861,-122.491
Epic Games,San Francisco,United States,Developer and Publisher,Publisher,37.504,-122.6351
Episode Interactive,San Francisco,United States,Mobile,Mobile,37.8606,-122.024
Evil Eye Pictures,San Francisco,United States,Extended Reality (XR),XR (VR/AR),37.9246,-122.7885
Fable Studio,San Francisco,United States,Extended Reality (XR),XR (VR/AR),37.464,-122.2736
Fifth Column Games,San Francisco,United States,Developer,Developer,38.0856,-122.2594
Firsthand Technology,San Francisco,United States,Health,Other,37.6297,-122.8071
Flatter Than Earth,San Francisco,United States,Extended Reality (XR),XR (VR/AR),37.6739,-122.005
FunCraft,San Francisco,United States,Mobile,Mobile,38.0738,-122.641
Funplus,San Francisco,United States,Mobile,Mobile,37.4327,-122.5124
G5 Entertainment,San Francisco,United States,Developer and Publisher,Publisher,37.9797,-122.0548
Gambit Labs,San Francisco,United States,Health,Other,37.8191,-122.8677
Game Garden,San Francisco,United States,Mobile,Mobile,37.5004,-122.1238
Gameduell,San Francisco,United States,Online,Other,38.1387,-122.4026
Gameloft,San Francisco,United States,Mobile,Mobile,37.5132,-122.7457
Gingerbred,San Francisco,United States,Developer,Developer,37.7939,-121.9509
Glade Studio,San Francisco,United States,Developer,Developer,38.0133,-122.7843
Glu San Francisco (Electronic Arts),San Francisco,United States,Mobile,Mobile,37.4011,-122.3534
God Mode Games,San Francisco,United States,Developer,Developer,38.0886,-122.1462
Graceful Decay,San Francisco,United States,Developer,Developer,37.6888,-122.8929
Gus Vogel,San Francisco,United States,Microstudio,Developer,37.584,-121.9931
Gym Class Games,San Francisco,United States,Extended Reality (XR),XR (VR/AR),38.1464,-122.5719
Hitcents,San Francisco,United States,Developer and Publisher,Publisher,37.4167,-122.6261
Humble Bundle,San Francisco,United States,Organization,Other,37.9299,-121.9572
IGDA California - San Francisco,San Francisco,United States,Organization,Other,37.9085,-122.8964
ILMxLAB,San Francisco,United States,Extended Reality (XR),XR (VR/AR),37.419,-122.18
Indie Fund,San Francisco,United States,Investment,Other,38.1682,-122.2909
Interabang Entertainment,San Francisco,United States,Online,Other,37.5519,-122.8536
Iron Realms Entertainment,San Francisco,United States,Developer,Developer,37.7071,-121.9049
Jam CIty,San Francisco,United States,Mobile,Mobile,38.1021,-122.7432
Janbeh Games,San Francisco,United States,Developer,Developer,37.3579,-122.4605
Joy Manufacturing Company,San Francisco,United States,Developer,Developer,38.0625,-122.0299
Juno Capital Partners,San Francisco,United States,Investment,Other,37.7708,-122.9562
KLab America,San Francisco,United States,Mobile,Mobile,37.4894,-122.0174
Kabam,San Francisco,United States,Online,Other,38.203,-122.4723
Kevuru Games,San Francisco,United States,Developer,Developer,37.4287,-122.7485
Knock Knock,San Francisco,United States,Extended Reality (XR),XR (VR/AR),37.855,-121.8773
Krikey,San Francisco,United States,Extended Reality (XR),XR (VR/AR),38.0068,-122.8907
Leeble Forest,San Francisco,United States,Developer,Developer,37.3496,-122.2691
Lifeliqe,San Francisco,United States,Extended Reality (XR),XR (VR/AR),38.1713,-122.1652
Limbic Software,San Francisco,United States,Mobile,Mobile,37.6174,-122.949
Linden Lab,San Francisco,United States,Online,Other,37.6073,-121.8911
Lion Studios (AppLovin),San Francisco,United States,Mobile,Mobile,38.1831,-122.6673
Little Umbrella,San Francisco,United States,Social,Other,37.339,-122.5865
Loligo Games,San Francisco,United States,Developer,Developer,38.0086,-121.9207
Long Journey Ventures,San Francisco,United States,Investment,Other,37.8695,-122.9902
Lucasfilm Games (Disney Interactive),San Francisco,United States,Developer,Developer,37.3982,-122.0774
Lumosity,San Francisco,United States,Online,Other,38.238,-122.3493
Lurker Entertainment,San Francisco,United States,Developer,Developer,37.4692,-122.8694
Magic Tavern,San Francisco,United States,Developer,Developer,37.76,-121.8229
Makers Fund,San Francisco,United States,Investment,Other,38.1062,-122.8489
Mastiff Games,San Francisco,United States,Developer,Developer,37.2987,-122.3857
Mechanical Butterfly Studios,San Francisco,United States,Microstudio,Developer,38.1461,-122.0352
Metamoki,San Francisco,United States,Mobile,Mobile,37.706,-123.0232
Metaverse Team,San Francisco,United States,Developer,Developer,37.502,-121.9126
MidBoss,San Francisco,United States,Developer,Developer,38.2493,-122.5606
Mighty Play,San Francisco,United States,Developer,Developer,37.3475,-122.7223
Mindless Play,San Francisco,United States,Serious Games,Other,37.9292,-121.8278
Misfits Attic,San Francisco,United States,Developer,Developer,37.9781,-122.9904
Monothetic,San Francisco,United States,Developer,Developer,37.3179,-122.1708
Mossmouth,San Francisco,United States,Developer,Developer,38.2471,-122.2111
Mousechief,San Francisco,United States,Developer,Developer,37.5368,-122.9792
N3TWORK,San Francisco,United States,Mobile,Mobile,37.651,-121.8001
NFX Capital,San Francisco,United States,Investment,Other,38.1991,-122.7719
Naquatic,San Francisco,United States,Mobile,Mobile,37.2716,-122.5225
Neuroscape,San Francisco,United States,Health,Other,38.0926,-121.9108
Never Forget Studios,San Francisco,United States,Mobile,Mobile,37.8124,-123.069
Nexus Venture Partners,San Francisco,United States,Investment,Other,37.3987,-121.9704
Niantic,San Francisco,United States,Extended Reality (XR),XR (VR/AR),38.2945,-122.429
Noetic Realms,San Francisco,United States,Extended Reality (XR),XR (VR/AR),37.3849,-122.8584
Not Knowing Corporation,San Francisco,United States,Developer,Developer,37.8284,-121.7594
Null Games,San Francisco,United States,Publisher,Publisher,38.0893,-122.9542
Originator,San Francisco,United States,Mobile,Mobile,37.2553,-122.2932
Orthogonal Games,San Francisco,United States,Developer,Developer,38.2275,-122.0668
Outact,San Francisco,United States,Developer,Developer,37.6288,-123.069
Outnumbered Games,San Francisco,United States,Developer,Developer,37.5348,-121.8129
Paper Sword Games,San Francisco,United States,Developer,Developer,38.278,-122.6625
Paracosma,San Francisco,United States,Extended Reality (XR),XR (VR/AR),37.272,-122.6712
Penrose,San Francisco,United States,Extended Reality (XR),XR (VR/AR),38.0123,-121.8014
Pixowl,San Francisco,United States,Mobile,Mobile,37.9305,-123.0808
Plaiful,San Francisco,United States,Developer,Developer,37.3051,-122.0632
Play by Play Studios,San Francisco,United States,Developer,Developer,38.3138,-122.28
PlusOne,San Francisco,United States,Extended Reality (XR),XR (VR/AR),37.4507,-122.9851
Pocket Gems,San Francisco,United States,Mobile,Mobile,37.7117,-121.7224
Pontoco,San Francisco,United States,Developer,Developer,38.1954,-122.8812
Portal Entertainment,San Francisco,United States,Developer,Developer,37.2161,-122.4383
Prisms,San Francisco,United States,Serious Games,Other,38.1785,-121.926
Proteus,San Francisco,United States,Mobile,Mobile,37.7407,-123.131
Proxima,San Francisco,United States,Developer,Developer,37.4189,-121.8633
PulseJet Studios,San Francisco,United States,Extended Reality (XR),XR (VR/AR),38.3366,-122.5256
Question,San Francisco,United States,Developer,Developer,37.3023,-122.8226
Ramen VR,San Francisco,United States,Extended Reality (XR),XR (VR/AR),37.9087,-121.7155
Rare Dialect,San Francisco,United States,Developer,Developer,38.0532,-123.0552
Realcast,San Francisco,United States,Extended Reality (XR),XR (VR/AR),37.2282,-122.1875
Sans Strings Studio,San Francisco,United States,Developer,Developer,38.3038,-122.1221
ScopeAR,San Francisco,United States,Serious Games,Other,37.5428,-123.0932
Scopely,San Francisco,United States,Developer and Publisher,Publisher,37.5856,-121.7217
Secret 6,San Francisco,United States,Developer,Developer,38.2889,-122.7734
Sega Networks,San Francisco,United States,Mobile,Mobile,37.2048,-122.5983
Series Entertainment,San Francisco,United States,Mobile,Mobile,38.101,-121.7981
Shapes & Stories,San Francisco,United States,Developer,Developer,37.8666,-123.1589
Shiny Shoe,San Francisco,United States,Developer,Developer,37.3109,-121.9509
Shoreline Games,San Francisco,United States,Publisher,Publisher,38.3694,-122.3682
SimX VR,San Francisco,United States,Serious Games,Other,37.3625,-122.9671
Skunk Studios,San Francisco,United States,Developer,Developer,37.7866,-121.6605
Soul Machines,San Francisco,United States,Developer,Developer,38.1729,-122.991
Spekter Games,San Francisco,United States,Mobile,Mobile,37.1742,-122.3378
Squid Games,San Francisco,United States,Developer,Developer,38.2631,-121.9647
Stirring Dragon Games,San Francisco,United States,Developer,Developer,37.6573,-123.1745
Super Jump Games,San Francisco,United States,Developer,Developer,37.4575,-121.7599
Super Lucky Casino,San Francisco,United States,Mobile,Mobile,38.3631,-122.6351
SuperDuperSecret Co,San Francisco,United States,Developer,Developer,37.2243,-122.7642
Supercell,San Francisco,United States,Online,Other,37.9977,-121.6922
Supergiant Games,San Francisco,United States,Developer,Developer,37.9997,-123.1484
Talofa Games,San Francisco,United States,Health,Other,37.2182,-122.0729
Terrible Toybox,San Francisco,United States,Developer,Developer,38.3724,-122.1984
Tiny Comet,San Francisco,United States,Serious Games,Other,37.4513,-123.0951
Tomorrow Corporation,San Francisco,United States,Mobile,Mobile,37.6524,-121.6421
Transcend Fund,San Francisco,United States,Investment,Other,38.2819,-122.8893
Trass Games,San Francisco,United States,Extended Reality (XR),XR (VR/AR),37.1482,-122.5065
Unbreaded,San Francisco,United States,Developer,Developer,38.1919,-121.8178
Uncommon Games,San Francisco,United States,Online,Other,37.7888,-123.2219
Unknown Worlds (Krafton),San Francisco,United States,Developer,Developer,37.3349,-121.8377
Untitled Interactive,San Francisco,United States,Developer and Publisher,Publisher,38.4119,-122.4725
ValueAct,San Francisco,United States,Investment,Other,37.2754,-122.9262
Vivid Vision,San Francisco,United States,Health,Other,37.873,-121.6164
Vivix,San Francisco,United States,Developer,Developer,38.1325,-123.0974
Volley,San Francisco,United States,Developer,Developer,37.1474,-122.2245
VoxRay Games,San Francisco,United States,Developer,Developer,38.3434,-122.0257
Warner Brothers Games San Francisco,San Francisco,United States,Publisher,Publisher,37.5653,-123.1978
Whatnot Games,San Francisco,United States,Developer,Developer,37.5131,-121.6641
Wildlife Studios,San Francisco,United States,Mobile,Mobile,38.373,-122.7536
Women in Games International (WIGI) SF,San Francisco,United States,Organization,Other,37.1537,-122.6849
XR Safety Initiative,San Francisco,United States,Organization,Other,38.0922,-121.6906
Y Combinator,San Francisco,United States,Incubator/Accelerator,Other,37.9306,-123.2303
bigscreen VR,San Francisco,United States,Extended Reality (XR),XR (VR/AR),37.2257,-121.9532
de_husk,San Francisco,United States,Developer,Developer,38.4307,-122.2934
gumi America,San Francisco,United States,Online,Other,37.3574,-123.0746
iWin,San Francisco,United States,Developer and Publisher,Publisher,37.7328,-121.5771
nWay,San Francisco,United States,Online,Other,38.257,-123.0062
uvula,San Francisco,United States,Developer,Developer,37.1043,-122.3987
Shift Arcade Ventures,San Ramon,United States,Developer,Developer,37.77993,-121.97802
StatusPro,San Ramon,United States,Extended Reality (XR),XR (VR/AR),37.8137,-122.0247
Striking Distance Studios (Krafton),San Ramon,United States,Developer,Developer,37.7095,-121.9702
Doborog Games,Oakland,United States,Developer,Developer,37.80437,-122.2708
Fluttermind,Oakland,United States,Developer,Developer,37.8381,-122.3175
Furniture & Mattress,Oakland,United States,Developer,Developer,37.7339,-122.263
GRX Immersive Labs,Oakland,United States,Extended Reality (XR),XR (VR/AR),37.8731,-122.2041
Gameheads,Oakland,United States,Organization,Other,37.787,-122.3954
KaiXR,Oakland,United States,Serious Games,Other,37.7444,-122.1514
Mindblown Labs,Oakland,United States,Developer,Developer,37.9226,-122.311
Necrosoft,Oakland,United States,Developer,Developer,37.687,-122.348
Pillow Castle Games,Oakland,United States,Developer,Developer,37.8529,-122.1027
Product Madness Americas (Aristocrat),Oakland,United States,Mobile,Mobile,37.8616,-122.4463
Steel Wool Studios,Oakland,United States,Mobile,Mobile,37.6612,-122.186
Travel-Friendly Cake,Oakland,United States,Developer,Developer,37.9626,-122.208
kindVR,Oakland,United States,Health,Other,37.7175,-122.4605
Audacity Games,Danville,United States,Developer,Developer,37.82159,-121.99996
2 Ton Studios,Emeryville,United States,Developer,Developer,37.83132,-122.28525
Day of the Devs,Emeryville,United States,Organization,Other,37.8651,-122.3319
Digital Eclipse,Emeryville,United States,Developer and Publisher,Publisher,37.7609,-122.2774
LeapFrog Enterprises,Emeryville,United States,Publisher,Publisher,37.9,-122.2185
MagicalTimeBean,Emeryville,United States,Developer,Developer,37.8139,-122.4099
Nootbox Games,Emeryville,United States,Developer,Developer,37.7713,-122.1658
Video Game History Foundation,Emeryville,United States,Organization,Other,37.9496,-122.3255
Free Range Games,Sausalito,United States,Developer,Developer,37.85909,-122.48525
Morphonix,Sausalito,United States,Developer,Developer,37.8929,-122.5319
Gemcraft Games,Glyfada,Greece,Developer,Developer,37.86289,23.75802
Disruptive Games,Berkeley,United States,Developer,Developer,37.87159,-122.27275
Gallium Artists,Berkeley,United States,Developer,Developer,37.9054,-122.3195
IGDA California - Berkeley City College,Berkeley,United States,Organization,Other,37.8012,-122.2649
Ncubate Studios,Berkeley,United States,Developer,Developer,37.9403,-122.206
Oddworld Inhabitants,Berkeley,United States,Developer,Developer,37.8542,-122.3975
Rascal Games,Berkeley,United States,Publisher,Publisher,37.8116,-122.1532
Storytime Games,Berkeley,United States,Developer,Developer,37.9899,-122.313
Vinci Games,Berkeley,United States,Extended Reality (XR),XR (VR/AR),37.7542,-122.35
Wolfire Games,Berkeley,United States,Developer,Developer,37.9201,-122.1045
HyperMegaPixel,Cordoba,Spain,Developer,Developer,37.89155,-4.77275
Maximum Entertainment,Walnut Creek,United States,Publisher,Publisher,37.90631,-122.06496
DeNA Niigata,Niigata,Japan,Online,Other,37.92259,139.04125
Telltale Games,Corte Madera,United States,Developer,Developer,37.92548,-122.52748
Akili Interactive,Larkspur,United States,Health,Other,37.93409,-122.53525
Deep Silver USA (Koch Media),Larkspur,United States,Publisher,Publisher,37.9679,-122.582
Epic Games,Larkspur,United States,Developer and Publisher,Publisher,37.8637,-122.5274
LazyLand,Piraeus,Greece,Developer and Publisher,Publisher,37.94203,23.64619
Halcyon Winds,Stockton,United States,Microstudio,Developer,37.9577,-121.29078
Absurd Marin,San Rafael,United States,Developer,Developer,37.97353,-122.53109
Dramatic Labs,San Rafael,United States,Developer,Developer,38.0073,-122.5779
North Beach Games,San Rafael,United States,Publisher,Publisher,37.9031,-122.5232
Vector Unit,San Rafael,United States,Developer,Developer,38.0423,-122.4642
Virtually Live,San Rafael,United States,Extended Reality (XR),XR (VR/AR),37.9561,-122.656
Cicada Games,Concord,United States,Developer,Developer,37.97798,-122.03107
Super Free Games,Concord,United States,Mobile,Mobile,38.0118,-122.0778
Beyond Those Hills,Athens,Greece,Developer,Developer,37.98376,23.72784
Dionous Games,Athens,Greece,Developer and Publisher,Publisher,38.0175,23.6811
Dragontale,Athens,Greece,Developer,Developer,37.9133,23.7357
Eyelead Software,Athens,Greece,Developer,Developer,38.0525,23.7947
Frozen Lake Games,Athens,Greece,Developer,Developer,37.9663,23.6029
Game Developers Association Greece (GDA Greece),Athens,Greece,Organization,Other,37.9238,23.8475
Happyland Entertainment,Athens,Greece,Developer,Developer,38.102,23.6875
Hidden Tower Studios,Athens,Greece,Microstudio,Developer,37.8664,23.6505
IGDA Greece,Athens,Greece,Organization,Other,38.0323,23.8964
InterAction Studios,Athens,Greece,Developer,Developer,38.041,23.5519
Kappa Bits,Athens,Greece,Developer,Developer,37.8406,23.8129
Loresoft,Athens,Greece,Developer,Developer,38.142,23.7908
Pixel Reign,Athens,Greece,Developer,Developer,37.8969,23.5377
Terahard,Athens,Greece,Mobile,Mobile,37.9451,23.9512
Traptics,Athens,Greece,Developer,Developer,38.1368,23.5913
Digital Mind Games,Murcia,Spain,Developer,Developer,37.98704,-1.13004
HiWarp,Murcia,Spain,Developer,Developer,38.0208,-1.1768
Superlumen (SOEDESCO),Murcia,Spain,Extended Reality (XR),XR (VR/AR),37.9166,-1.1222
Frogdice,Lexington,United States,Developer,Developer,37.98869,-84.47772
Gun Media Holdings,Lexington,United States,Developer,Developer,38.0225,-84.5245
RalphVR,Lexington,United States,Extended Reality (XR),XR (VR/AR),37.9183,-84.4699
RunJumpDev,Lexington,United States,Organization,Other,38.0574,-84.4109
Super Soul,Lexington,United States,Developer,Developer,37.9713,-84.6027
Praxis Games,Beja,Portugal,Microstudio,Developer,38.01469,-7.86284
Bandai Namco Entertainment Hellas,Agia Paraskevi,Greece,Publisher,Publisher,38.01667,23.83333
Mutineer Games,Martinez,United States,Serious Games,Other,38.01937,-122.13413
Zojoi,Charlottesville,United States,Mobile,Mobile,38.02931,-78.47668
Reverb Games,Twaine Harte,United States,Publisher,Publisher,38.03965,-120.23269
Gamersky Games,Shijiazhuang,China,Publisher,Publisher,38.04139,114.47861
Firebelly Studios,Benecia,United States,Developer,Developer,38.04937,-122.15858
Decklin's Domain,Vallejo,United States,Publisher,Publisher,38.10409,-122.25664
2K Games,Novato,United States,Developer and Publisher,Publisher,38.10742,-122.5697
Cloud Chamber (2K),Novato,United States,Developer,Developer,38.1412,-122.6166
Hangar 13 (2K),Novato,United States,Developer,Developer,38.037,-122.5618
Minor Key Games,Novato,United States,Developer,Developer,38.1761,-122.5027
Pistol Shrimp Games,Novato,United States,Developer,Developer,38.09,-122.6948
Skunkape Games,Novato,United States,Developer,Developer,38.0474,-122.4498
Toys For Bob,Novato,United States,Developer,Developer,38.2257,-122.6101
Visual Concepts Novato (2K),Novato,United States,Developer,Developer,37.99,-122.6472
Tribal-Storm,Archena,Spain,Publisher,Publisher,38.11631,-1.30043
Sylphe Labs,Palermo,Italy,Developer,Developer,38.1166,13.3636
NAPS Team,Messino,Italy,Developer,Developer,38.1938,15.554
Positive Concept Games,Corydon,United States,Developer,Developer,38.21201,-86.12192
eNVy Softworks,Patras,Greece,Serious Games,Other,38.2462,21.73508
IceVayne Games,Louisville,United States,Developer and Publisher,Publisher,38.25424,-85.75941
JoyFlow Games,Louisville,United States,Developer,Developer,38.288,-85.8064
Louisville Makes Games,Louisville,United States,Organization,Other,38.1838,-85.7515
fufroom,Louisville,United States,Microstudio,Developer,38.323,-85.6923
KLab,Sendai,Japan,Mobile,Mobile,38.26667,140.86667
Kinection,Napa,United States,Serious Games,Other,38.29714,-122.28553
Salt & Pixel Games,Fredericksburg,United States,Developer,Developer,38.30318,-77.46054
GGTEch Studios,Alicante,Spain,Developer,Developer,38.34517,-0.48149
GameHouse Spain,Alicante,Spain,Developer,Developer,38.3789,-0.5285
Tsunoa Games,Alicante,Spain,Developer,Developer,38.2747,-0.4736
IGDA West Virginia,Charleston,United States,Organization,Other,38.34982,-81.63262
DragonJar Studios,Imperial,United States,Developer,Developer,38.36978,-90.37845
Re-Logic,Sellersburg,United States,Developer,Developer,38.39812,-85.75496
Dark Star Games,Elk Grove,United States,Developer,Developer,38.4088,-121.37162
Alcedo Games,Izmir,Türkiye,Microstudio,Developer,38.41273,27.13838
Boombit,Izmir,Türkiye,Developer and Publisher,Publisher,38.4465,27.0913
Digitoy Games,Izmir,Türkiye,Online,Other,38.3423,27.1463
Ela Game Studio,Izmir,Türkiye,Developer,Developer,38.4815,27.2056
Happy Game Company,Izmir,Türkiye,Mobile,Mobile,38.3953,27.0127
IGDA Turkey - Izmir,Izmir,Türkiye,Organization,Other,38.3527,27.2588
Madpoly Game Studio,Izmir,Türkiye,Mobile,Mobile,38.531,27.0978
Metaphor Games,İzmir,Türkiye,Developer,Developer,38.2953,27.0606
RUNE,Izmir,Türkiye,Developer,Developer,38.4612,27.3079
Ruby Games (Rovio),Izmir,Türkiye,Mobile,Mobile,38.47,26.9614
Tayfun Tuna,Izmir,Türkiye,Developer,Developer,38.2695,27.2239
Lasso Games,Huntington,United States,Developer,Developer,38.41925,-82.44515
Far Owl Studios,Stafford,United States,Developer,Developer,38.42207,-77.40832
Uplifting Goat,Santa Rosa,United States,Developer,Developer,38.44047,-122.71443
Mommy's Best Games,Charlestown,United States,Developer,Developer,38.45312,-85.67024
Burak Dabak (DBK Games),Karşıyaka,Türkiye,Developer,Developer,38.45772,27.1142
Janus Research Group,Quantico,United States,Serious Games,Other,38.5224,-77.2936
Nextgen Pants,Davis,United States,Developer,Developer,38.54491,-121.74052
Wonderful Elephant,Davis,United States,Microstudio,Developer,38.5787,-121.7877
Human Computer,Windsor,United States,Developer,Developer,38.54713,-122.81638
Azra Games,Sacramento,United States,Developer,Developer,38.58157,-121.4944
Cannibal Interactive,Sacramento,United States,Developer,Developer,38.6153,-121.5416
EA Capital Games (Electronic Arts),Sacramento,United States,Mobile,Mobile,38.5111,-121.4865
HexWave Games,Sacramento,United States,Organization,Other,38.6503,-121.427
Integretti,Sacramento,United States,Developer,Developer,38.5642,-121.6204
International Game Developers Association (IGDA),Sacramento,United States,Organization,Other,38.5216,-121.3737
Prime8 Entertainment,Sacramento,United States,Microstudio,Developer,38.6998,-121.5351
Sacramento Developer Collective,Sacramento,United States,Organization,Other,38.4642,-121.5724
Switchback Studio,Sacramento,United States,Developer,Developer,38.6301,-121.3245
Zymartu Games,Sacramento,United States,Developer,Developer,38.6388,-121.6718
2 Stupid Devs,O'Fallon,United States,Developer,Developer,38.59227,-89.91121
Butterscotch Shenanigans,Developer,United States,Mobile,Mobile,38.62727,-90.19789
Carol Mertz,St. Louis,United States,Microstudio,Developer,38.661,-90.2451
Gilded Octopus,St. Louis,United States,Developer,Developer,38.5568,-90.19
Goofy Gourd Studios,St. Louis,United States,Developer,Developer,38.696,-90.1304
Graphite Lab,St. Louis,United States,Developer,Developer,38.6099,-90.3239
Mob Entertainment,St. Louis,United States,Mobile,Mobile,38.5673,-90.0771
Paradowski Creative,St. Louis,United States,Developer,Developer,38.7455,-90.2386
Pixel Press,St. Louis,United States,Developer,Developer,38.5099,-90.2759
Playbite Games,St. Louis,United States,Mobile,Mobile,38.6758,-90.0278
Riot Games,St. Louis,United States,Online,Other,38.6845,-90.3754
Simutronics Corp,St. Louis,United States,Online,Other,38.4841,-90.1121
Terrifying Jellyfish,St. Louis,United States,Developer,Developer,38.7855,-90.1344
Volcano Bean,St. Louis,United States,Developer,Developer,38.5404,-90.3897
Woodsy Studio,St. Louis,United States,Developer,Developer,38.5886,-89.9725
Devilish Games,Villena,Spain,Developer,Developer,38.6373,-0.86568
2 Wedges,Woodbridge,United States,Developer,Developer,38.65817,-77.2497
Final Final Studios,Folsom,United States,Microstudio,Developer,38.67796,-121.17606
Kwalee,Almada,Portugal,Developer and Publisher,Publisher,38.67902,-9.1569
Amplify Creations,Lisbon,Portugal,Developer,Developer,38.72509,-9.1498
Arkadium,Lisbon,Portugal,Developer,Developer,38.7589,-9.1971
Associacao de Produtores de Videojogos Portugueses (APVP),Lisbon,Portugal,Organization,Other,38.6547,-9.1419
Battlesheep,Lisbon,Portugal,Mobile,Mobile,38.7938,-9.0823
Bica Studios,Lisbon,Portugal,Mobile,Mobile,38.7077,-9.276
Camel 101,Lisbon,Portugal,Mobile,Mobile,38.6651,-9.0289
Code Three Fifty One,Lisbon,Portugal,Developer,Developer,38.8434,-9.1906
Dark Cloud Games,Lisbon,Portugal,Mobile,Mobile,38.6077,-9.228
Fun Punch Games,Lisbon,Portugal,Developer,Developer,38.7736,-8.9795
ImaginationOverflow,Lisbon,Portugal,Developer,Developer,38.7823,-9.3275
Marmalade Game Studio,Lisbon,Portugal,Developer,Developer,38.5819,-9.0639
Massive Galaxy Studios,Lisbon,Portugal,Developer,Developer,38.8833,-9.0862
MixRift,Lisbon,Portugal,Extended Reality (XR),XR (VR/AR),38.6382,-9.3419
Not a Game Studio,Lisbon,Portugal,Developer,Developer,38.6864,-8.9241
ONTOP Studios,Lisbon,Portugal,Mobile,Mobile,38.8781,-9.2877
Serius Games,Lisbon,Portugal,Developer,Developer,38.533,-9.1817
Tio Atum,Lisbon,Portugal,Mobile,Mobile,38.854,-8.9538
Unicorn Factory Lisboa,Lisbon,Portugal,Incubator/Accelerator,Other,38.7336,-9.4138
Upfall Studios,Lisbon,Portugal,Developer,Developer,38.5755,-8.9571
Virtuleap,Lisbon,Portugal,Health,Other,38.9428,-9.1627
Voodoo,Lisbon,Portugal,Mobile,Mobile,38.5534,-9.3334
Whales and Games,Lisbon,Portugal,Developer,Developer,38.7556,-8.8587
Whalestork Interactive,Lisbon,Portugal,Developer,Developer,38.859,-9.3966
WindLimit,Lisbon,Portugal,Developer,Developer,38.4911,-9.0823
Exclusible,Carnaxide,Portugal,Developer,Developer,38.72706,-9.24671
Jundroo,Glen Carbon,United States,Mobile,Mobile,38.74838,-89.98316
Lonekite Games,Kurihara,Japan,Extended Reality (XR),XR (VR/AR),38.75,141.0
Little Arms Studios,Manassas,United States,Developer,Developer,38.75095,-77.47527
Alawar,Lewes,United States,Developer and Publisher,Publisher,38.77456,-75.13935
Studio Bando,Lewes,United States,Developer,Developer,38.8083,-75.1866
Super Pickle Games,Lewes,United States,Mobile,Mobile,38.7041,-75.1314
Bandai Namco Entertainment Portugal,Sintra,Portugal,Publisher,Publisher,38.80097,-9.37826
Brightika,Alexandria,United States,Publisher,Publisher,38.80484,-77.04692
Brightline Interactive,Alexandria,United States,Developer,Developer,38.8386,-77.0942
Denestar Studios,Alexandria,United States,Microstudio,Developer,38.7344,-77.039
Guilty Games,Alexandria,United States,Developer,Developer,38.8736,-76.9793
Persistent Technology,Alexandria,United States,Health,Other,38.7874,-77.1733
Yarnhub,Alexandria,United States,Developer,Developer,38.7448,-76.9259
Nuke Nine,Annandale,United States,Developer,Developer,38.83039,-77.19637
InkBlack Interactive,Colorado Springs,United States,Microstudio,Developer,38.83388,-104.82136
D-Cell Games,Fairfax,United States,Developer,Developer,38.84622,-77.30637
Standing Cat,Fairfax,United States,Developer,Developer,38.88,-77.3537
Unchained Entertainment,Fairfax,United States,Online,Other,38.7758,-77.2984
Loric Games,Arlington,United States,Developer,Developer,38.88101,-77.10428
Sextant Studios,Arlington,United States,Developer,Developer,38.9148,-77.1516
Pillow Fight Games,Falls Church,United States,Developer,Developer,38.88233,-77.17109
AARP Innovation Labs,Washington DC,United States,Organization,Other,38.89511,-77.03637
Accessible Games Initiative,Washington DC,United States,Organization,Other,38.9289,-77.0837
Dodge Roll Games,Washington DC,United States,Developer,Developer,38.8247,-77.0284
Dubit,Washington DC,United States,Online,Other,38.9638,-76.9687
Entertainment Software Association (ESA),Washington DC,United States,Organization,Other,38.8777,-77.1629
Floreo,Washington DC,United States,Health,Other,38.8351,-76.9152
GRID,Washington DC,United States,Serious Games,Other,39.0134,-77.0772
IGDA Washington DC,Washington,United States,Organization,Other,38.7777,-77.1147
Intergalactic Education,Washington DC,United States,Serious Games,Other,38.9436,-76.8657
International Virtual Reality Healthcare Association (IVRHA),Washington DC,United States,Organization,Other,38.9523,-77.2145
Junub Games,Washington DC,United States,Developer,Developer,38.7519,-76.9503
Planet3,Washington DC,United States,Serious Games,Other,39.0533,-76.9726
Reality Reload,Washington DC,United States,Developer,Developer,38.8083,-77.2289
Something Wicked Games,Washington DC,United States,Developer,Developer,38.8564,-76.8101
Vendetta (Infinitize),Washington DC,United States,Publisher,Publisher,39.0482,-77.1746
Wayside Press,Washington DC,United States,Developer,Developer,38.7031,-77.0683
Cabbibo,Point Arena,United States,Developer,Developer,38.9088,-123.6931
Healium,Columbia,United States,Health,Other,38.95171,-92.33407
Rockwell Studios,Herndon,United States,Developer,Developer,38.96955,-77.3861
Mischief,Lawrence,United States,Developer,Developer,38.97167,-95.23525
Niantic,Lawrence,United States,Extended Reality (XR),XR (VR/AR),39.0054,-95.2827
Epitasis Games,Annapolis,United States,Developer,Developer,38.97859,-76.49184
Batterystaple Games,Bethesda,United States,Developer,Developer,38.98067,-77.10026
Dig-It! Games,Bethesda,United States,Developer,Developer,39.0144,-77.1477
ReframeXR,Bethesda,United States,Serious Games,Other,38.9102,-77.0923
Snot Bubbles Productions,Silver Spring,United States,Developer,Developer,38.99067,-77.02609
Condition Zero,Sterling,United States,Developer,Developer,39.00622,-77.4286
NEARstudios,Potomac,United States,Developer,Developer,39.01817,-77.20859
Something Classic Games,Topeka,United States,Developer and Publisher,Publisher,39.04833,-95.67804
Digital Scorpion,Millersville,United States,Developer,Developer,39.0598,-76.6483
Bethesda Game Studios Rockville (ZeniMax Media),Rockville,United States,Developer,Developer,39.084,-77.15276
Bethesda Softworks (ZeniMax Media),Rockville,United States,Publisher,Publisher,39.1178,-77.2003
Dark Nyx,Rockville,United States,Developer,Developer,39.0136,-77.1448
Just Purkey Games,Rockville,United States,Microstudio,Developer,39.1527,-77.0849
ZeniMax Media,Rockville,United States,Publisher,Publisher,39.0666,-77.2796
Dancing Dragon Games,Kansas City,United States,Developer,Developer,39.09973,-94.57857
Makefully,Kansas City,United States,Developer,Developer,39.1335,-94.6261
Made on Earth Games,Camden,United States,Mobile,Mobile,39.11345,-75.54187
YoYo Studios,Camden,United States,Developer,Developer,39.1472,-75.5894
Bad Rhino Games,Kansas City,United States,Developer,Developer,39.11417,-94.62746
Flyover Indies,Kansas City,United States,Developer,Developer,39.1479,-94.675
Berell Games,Cincinnati,United States,Microstudio,Developer,39.12711,-84.51439
Gylee Games,Cincinnati,United States,Developer,Developer,39.1609,-84.5619
IGDA Ohio - Cincinnati,Cincinnati,United States,Organization,Other,39.0567,-84.5064
Jolly Crouton Media,Cincinnati,United States,Developer,Developer,39.1958,-84.4465
Lifelong Games,Cincinnati,United States,Developer,Developer,39.1097,-84.6413
WhatIf Sports,Cincinnati,United States,Online,Other,39.0671,-84.3928
Tianjin Koei Special Software Co,Tianjin,China,Developer,Developer,39.14222,117.17667
Impact Gameworks,Fulton,United States,Microstudio,Developer,39.15094,-76.92303
562 Interactive,Dover,United States,Extended Reality (XR),XR (VR/AR),39.15817,-75.52437
Big Dumb Games,Dover,United States,Developer,Developer,39.1919,-75.5719
Blub Blub,Dover,United States,Health,Other,39.0877,-75.5164
Brinkbound Games,Dover,United States,Developer,Developer,39.2269,-75.4564
Forklift Interactive,Dover,United States,Developer,Developer,39.1408,-75.6514
Hey Good Game,Dover,United States,Developer,Developer,39.0982,-75.4027
Kevuru Games,Dover,United States,Developer,Developer,39.2764,-75.5654
Nyan Studio Games,Dover,United States,Developer,Developer,39.0408,-75.603
Virtual Sandtray,Fruita,United States,Health,Other,39.15887,-108.72899
Studio Cypher,Bloomington,United States,Developer,Developer,39.16533,-86.52639
Synthaly LLC,Mexico,United States,Developer and Publisher,Publisher,39.16976,-91.88295
Jasozz Games,Manhattan,United States,Microstudio,Developer,39.18361,-96.57167
We the Force,Grass Valley,United States,Developer,Developer,39.21906,-121.06106
Balti Virtual,Baltimore,United States,Extended Reality (XR),XR (VR/AR),39.29038,-76.61219
Bit Kid Games,Baltimore,United States,Developer,Developer,39.3242,-76.6598
Bully Entertainment,Baltimore,United States,Developer,Developer,39.2199,-76.6042
IGDA Maryland - Baltimore,Baltimore,United States,Organization,Other,39.3591,-76.5441
Jaspel,Baltimore,United States,Microstudio,Developer,39.273,-76.7394
Legends of Learning,Baltimore,United States,Serious Games,Other,39.2304,-76.4903
Look On Media,Baltimore,United States,Extended Reality (XR),XR (VR/AR),39.4087,-76.6533
Mindgrub Games,Baltimore,United States,Mobile,Mobile,39.173,-76.691
Mohawk Games,Baltimore,United States,Developer,Developer,39.3389,-76.4406
Pure Bang Games,Baltimore,United States,Developer,Developer,39.3476,-76.7913
Sackbird Studios,Baltimore,United States,Developer,Developer,39.1472,-76.5256
Sparkypants Studios,Baltimore,United States,Developer,Developer,39.4486,-76.5481
Starcaster Games,Baltimore,United States,Developer,Developer,39.2035,-76.8058
Synset Games,Baltimore,United States,Developer,Developer,39.2517,-76.3847
IGDA Ohio - Ohio University,Athens,United States,Organization,Other,39.32924,-82.10126
Lantern Light Studios,Athens,United States,Developer,Developer,39.363,-82.1489
Yellow Tree Games,Douglas County,United States,Microstudio,Developer,39.3722,-104.8561
Living Code Labs,Bangor,United States,Mobile,Mobile,39.3885,-121.40524
Wraith Games,Hamilton,United States,Developer,Developer,39.3995,-84.56134
Aden Interactive,Caldas da Rainha,Portugal,Developer and Publisher,Publisher,39.40326,-9.13839
Aden X,Caldas da Rainha,Portugal,Extended Reality (XR),XR (VR/AR),39.437,-9.1861
Pedalboard Games,Frederick,United States,Developer,Developer,39.41427,-77.41054
PsytechVR,Frederick,United States,Health,Other,39.448,-77.4583
Red Plume,Frederick,United States,Microstudio,Developer,39.3438,-77.4025
Big Huge Games,Timonium,United States,Mobile,Mobile,39.43705,-76.61969
Boss Room Games,Timonium,United States,Microstudio,Developer,39.4708,-76.6674
Oxide Games,Timonium,United States,Developer,Developer,39.3666,-76.6117
Implicit Conversions,Middletown,United States,Developer,Developer,39.44956,-75.71632
31st Union (2K),Valencia,Spain,Developer,Developer,39.47391,-0.37966
Akaoni Studios,Valencia,Spain,Developer,Developer,39.5077,-0.4274
Beetlewing,Valencia,Spain,Developer,Developer,39.4035,-0.3717
Chibig Studios,Valencia,Spain,Developer,Developer,39.5426,-0.3114
Deconstructeam,Valencia,Spain,Developer,Developer,39.4565,-0.5072
Digital Sun Games,Valencia,Spain,Developer,Developer,39.4139,-0.2575
Gameloft,Valencia,Spain,Mobile,Mobile,39.5922,-0.4208
IGDA Spain - Valencia,Valencia,Spain,Organization,Other,39.3565,-0.4586
Inverge Studios,Valencia,Spain,Developer,Developer,39.5224,-0.2076
Nopopo,Valencia,Spain,Developer,Developer,39.5311,-0.5593
Nopopo Fun,Valencia,Spain,Microstudio,Developer,39.3307,-0.2928
Nukefist,Valencia,Spain,Developer,Developer,39.6321,-0.3154
Polden Publishing,Valencia,Spain,Developer,Developer,39.3871,-0.5738
Rehametrics,Valencia,Spain,Health,Other,39.4352,-0.1516
Selkie Harbor,Valencia,Spain,Developer,Developer,39.627,-0.519
Shanblue Interactive,Valencia,Spain,Developer,Developer,39.2819,-0.4119
Tama Games,Valencia,Spain,Developer,Developer,39.6028,-0.1815
Wabbaboy,Valencia,Spain,Microstudio,Developer,39.4824,-0.6465
Wild Sphere,Valencia,Spain,Developer,Developer,39.3243,-0.1849
ZeniMax Online Studios,Cockeysville,United States,Online,Other,39.48122,-76.64386
Majorariatto,Llucmajor,Spain,Developer,Developer,39.49093,2.89108
Bit Reactor,Hunt Valley,United States,Developer,Developer,39.49983,-76.64108
BreakAway Games,Hunt Valley,United States,Serious Games,Other,39.5336,-76.6889
Firaxis Games (2K),Hunt Valley,United States,Developer,Developer,39.4294,-76.6331
Wargaming Chicago-Baltimore,Hunt Valley,United States,Online,Other,39.5686,-76.5728
ZeniMax Online Studios,Hunt Valley,United States,Online,Other,39.4824,-76.7687
Cleverlike Studios,Parker,United States,Serious Games,Other,39.5186,-104.76136
Digital Bandidos,Parker,United States,Publisher,Publisher,39.5524,-104.8092
Arcane Ermine Studios,Reno,United States,Developer,Developer,39.52963,-119.8138
Everi,Reno,United States,Developer,Developer,39.5634,-119.8616
International Game Technology,Reno,United States,Developer,Developer,39.4592,-119.8058
Juppiomenz,Reno,United States,Developer,Developer,39.5984,-119.7455
Masquerade ​Media,Reno,United States,Microstudio,Developer,39.5122,-119.9415
Spin Games,Reno,United States,Developer,Developer,39.4696,-119.6915
Masque Publishing,Lone Tree,United States,Publisher,Publisher,39.55171,-104.8863
Gronzragüer Games,Palma de Mallorca,Spain,Extended Reality (XR),XR (VR/AR),39.56939,2.65024
Mansion Games,Palma de Mallorca,Spain,Developer,Developer,39.6032,2.6024
Mutant Games,Palma de Mallorca,Spain,Mobile,Mobile,39.499,2.6583
PlaySpace,Palma de Mallorca,Spain,Developer,Developer,39.6381,2.7186
Spacego,Mallorca,Spain,Mobile,Mobile,39.5696,2.6502
Lupio Studios,Delaware City,United States,Developer,Developer,39.57775,-75.58945
Walk in the Park Studios,Littleton,United States,Developer,Developer,39.61332,-105.01665
KickBack,Larissa,Greece,Mobile,Mobile,39.62847,22.42112
MonRiverGames,Morgantown,United States,Organization,Other,39.62953,-79.9559
Barbedwire Studios,Sagunto,Spain,Developer,Developer,39.68333,-0.26667
Muddy Robot Games,Newark,United States,Developer,Developer,39.68372,-75.74966
FishSoft,Lakewood,United States,Developer,Developer,39.70471,-105.08137
G-Style,Akita City,Japan,Developer,Developer,39.72,140.1025
BitKraft Ventures,Denver,United States,Investment,Other,39.73915,-104.9847
C Prompt Games,Denver,United States,Developer,Developer,39.7729,-105.0326
Clever Crow Games,Denver,United States,Developer,Developer,39.6687,-104.9767
CleverMedia,Denver,United States,Developer,Developer,39.8079,-104.9162
Dire Wolf Digital,Denver,United States,Developer,Developer,39.7217,-105.1128
Evil Pear Productions,Denver,United States,Developer,Developer,39.6791,-104.862
Grey November Games,Denver,United States,Microstudio,Developer,39.8574,-105.026
Groove Science Studios,Denver,United States,Extended Reality (XR),XR (VR/AR),39.6218,-105.064
Hip Flask Games,Denver,United States,Developer,Developer,39.7877,-104.8119
Illfonic,Denver,United States,Developer,Developer,39.7964,-105.165
KONVOY,Denver,United States,Investment,Other,39.5959,-104.8975
Monster Theater,Denver,United States,Developer,Developer,39.8974,-104.9202
New World Interactive,Denver,United States,Developer,Developer,39.6523,-105.1796
Operative Games,Denver,United States,Developer,Developer,39.7004,-104.7557
The Wandering Band,Denver,United States,Developer,Developer,39.8922,-105.1246
Thekla,Denver,United States,Developer,Developer,39.5471,-105.0171
Ubisoft,Denver,United States,Developer and Publisher,Publisher,39.868,-104.7858
Ziggurat Interactive,Denver,United States,Publisher,Publisher,39.7477,-105.2526
Studio 46,Mullica Hill,United States,Developer,Developer,39.73928,-75.22407
Zarc Attack,Leiria,Portugal,Developer,Developer,39.74362,-8.80705
EARTHwise,Delaware,United States,Developer,Developer,39.7447,-75.5484
ENGAGE Studio,Wilmington,United States,Extended Reality (XR),XR (VR/AR),39.74595,-75.54659
Game Gurus,Wilmington,United States,Mobile,Mobile,39.7797,-75.5945
Goonswarm,Wilmington,United States,Developer,Developer,39.6755,-75.5385
Robotical,Wilmington,United States,Serious Games,Other,39.8147,-75.4781
Solarsuit Games,Wilmington,United States,Developer,Developer,39.7285,-75.6747
Supercharge Mobile,Wilmington,United States,Developer,Developer,39.6859,-75.4239
Truant Pixel,Dayton,United States,Developer,Developer,39.75895,-84.19161
Nooner Bear Studio,Avon,United States,Extended Reality (XR),XR (VR/AR),39.76282,-86.39972
Basilisk Games,Indianapolis,United States,Developer,Developer,39.76838,-86.15804
Crosscut Games,Indianapolis,United States,Developer,Developer,39.8022,-86.206
Darkmatter Games,Indianapolis,United States,Developer,Developer,39.6979,-86.15
IGDA Indiana - Indianapolis,Indiapolis,United States,Organization,Other,39.8371,-86.0895
Plow Games,Indianapolis,United States,Developer,Developer,39.751,-86.2862
Craftbridge,Eskisehir,Türkiye,Developer,Developer,39.77667,30.52056
Health Scholars,Westminster,United States,Serious Games,Other,39.83665,-105.0372
Island Officials,Woodbury,United States,Developer,Developer,39.83817,-75.15268
G-Style,Oga City,Japan,Developer,Developer,39.871,139.84926
Kinemotik Studios,Sarande,Albania,Extended Reality (XR),XR (VR/AR),39.87534,20.00477
Cold Brew Entertainment,Marlton,United States,Developer,Developer,39.89122,-74.92183
6waves,Beijing,China,Mobile,Mobile,39.9075,116.39723
AppLovin,Beijing,China,Mobile,Mobile,39.9413,116.3492
Beijing Koei Special Software Co,Beijing,China,Developer,Developer,39.8371,116.4053
Betta Games,Beijing,China,Mobile,Mobile,39.9762,116.4659
CE-Asia,Beijing,China,Publisher,Publisher,39.8901,116.2689
Camel Games,Beijing,China,Mobile,Mobile,39.8475,116.5202
Clewcat Games,Beijing,China,Microstudio,Developer,40.0258,116.3558
Drillhounds,Beijing,China,Publisher,Publisher,39.7901,116.3177
East2West,Beijing,China,Publisher,Publisher,39.956,116.5704
FunFitLand,Beijing,China,Extended Reality (XR),XR (VR/AR),39.9647,116.2165
Funplus,Beijing,China,Mobile,Mobile,39.7643,116.4846
Gameloft,Beijing,China,Mobile,Mobile,40.0657,116.4619
Happy Elements,Beijing,China,Online,Other,39.8207,116.2019
Happy Latte,Beijing,China,Mobile,Mobile,39.8688,116.6268
Hoolai Games,Beijing,China,Online,Other,40.0605,116.257
JoyPac,Beijing,China,Publisher,Publisher,39.7155,116.3648
Kabam,Beijing,China,Developer and Publisher,Publisher,40.0364,116.5966
Kunlun,Beijing,China,Online,Other,39.916,116.1287
Kwalee,Beijing,China,Developer and Publisher,Publisher,39.7579,116.5933
Leven Lui,Beijing,China,Microstudio,Developer,40.1252,116.3841
Loong Entertainment,Beijing,China,Mobile,Mobile,39.7358,116.2105
Low Magic Studios,Beijing,China,Developer,Developer,39.9381,116.6933
Microfun,Beijing,China,Mobile,Mobile,40.0414,116.1463
NC China R&D Center,Beijing,China,Online,Other,39.6736,116.4658
NetEase Games,Beijing,China,Mobile,Mobile,40.12,116.556
Next Level Games,Beijing,China,Developer,Developer,39.8315,116.0867
Nordic Trolls,Beijing,China,Developer,Developer,39.8006,116.6989
One Gruel Studio,Beijing,China,Microstudio,Developer,40.1472,116.2665
Ourpalm,Beijing,China,Developer and Publisher,Publisher,39.6585,116.2805
Perfect World Company,Beijing,China,Online,Other,40.0328,116.7079
PlayCrab,Beijing,China,Mobile,Mobile,39.9773,116.052
PlusOne,Beijing,China,Extended Reality (XR),XR (VR/AR),39.6733,116.5935
RiverGame,Beijing,China,Mobile,Mobile,40.1863,116.4597
S-GAME,Beijing,China,Developer,Developer,39.7316,116.1012
SOULGAME,Beijing,China,Mobile,Mobile,39.8834,116.776
Softstar Entertainment,Beijing,China,Developer and Publisher,Publisher,40.1246,116.1354
Taihe Interactive,Beijing,China,Developer,Developer,39.6075,116.3991
Tencent,Beijing,China,Developer and Publisher,Publisher,40.1328,116.6636
Thermite Games,Beijing,China,Publisher,Publisher,39.8791,115.9971
ThinkingStars,Beijing,China,Developer,Developer,39.7187,116.7215
Vanimals,Beijing,China,Developer,Developer,40.2186,116.3234
ZPlay,Beijing,China,Publisher,Publisher,39.6365,116.1749
com2us,Beijing,China,Mobile,Mobile,39.9931,116.8046
Housecall VR,Media,United States,Health,Other,39.91678,-75.38769
Altay Games,Ankara,Türkiye,Developer,Developer,39.91987,32.85427
Backpack Games,Ankara,Türkiye,Mobile,Mobile,39.9536,32.8062
BugFix Games,Ankara,Türkiye,Developer,Developer,39.8494,32.8623
Clay Token Game Studio,Ankara,Türkiye,Developer,Developer,39.9886,32.923
Creasaur Entertainment (Rollic),Ankara,Türkiye,Mobile,Mobile,39.9025,32.7259
He2 Apps,Ankara,Türkiye,Mobile,Mobile,39.8599,32.9773
IGDA Turkey - Hacettepe,Ankara,Türkiye,Organization,Other,40.0381,32.8128
Lance Games,Ankara,Türkiye,Developer,Developer,39.8025,32.7748
Laps Games,Ankara,Türkiye,Developer,Developer,39.9684,33.0275
Loop Games,Ankara,Türkiye,Mobile,Mobile,39.9771,32.6735
MildMania,Ankara,Türkiye,Developer,Developer,39.7767,32.9417
Moralabs,Ankara,Türkiye,Mobile,Mobile,40.0781,32.919
Nokta Games,Ankara,Türkiye,Developer,Developer,39.833,32.6589
Pixofun,Ankara,Türkiye,Online,Other,39.8812,33.0838
Turkiye Oyun Gelistiricileri Dernegi (TOGED),Ankara,Türkiye,Organization,Other,40.0729,32.714
Warlock Arts,Ankara,Türkiye,Developer,Developer,39.7278,32.8218
SWDTech Games,Southampton,United States,Developer,Developer,39.9365,-74.7207
Hidden Trap,Villarreal,Spain,Publisher,Publisher,39.9378,-0.1014
BioStream Technologies,Philadelphia,United States,Health,Other,39.95238,-75.16362
Burning Sky Games,Philadelphia,United States,Developer,Developer,39.9862,-75.2117
Cipher Prime Studios,Philadelphia,United States,Developer,Developer,39.8819,-75.1556
Cleaversoft,Philadelphia,United States,Developer,Developer,40.0211,-75.0949
Dynasty 11 Studios,Philadelphia,United States,Developer,Developer,39.935,-75.2921
Entrepreneurial Game Studio,Philadelphia,United States,Organization,Other,39.8924,-75.0406
Final Form Games,Philadelphia,United States,Developer,Developer,40.0707,-75.2051
Flyclops,Philadelphia,United States,Developer,Developer,39.835,-75.2432
Gossamer Games,Philadelphia,United States,Developer,Developer,40.0009,-74.9903
IGDA Pennsylvania - Philadelphia,Philadelphia,United States,Organization,Other,40.0096,-75.3445
Integrated Reality Labs,Philadelphia,United States,Mobile,Mobile,39.8092,-75.0762
Jump Button Studios,Philadelphia,United States,Developer,Developer,40.1106,-75.0989
Matrioshka Games,Philadelphia,United States,Developer,Developer,39.8655,-75.3591
Mighty Picnic,Philadelphia,United States,Developer,Developer,39.9137,-74.9339
Night Kitchen Interactive,Philadelphia,United States,Developer,Developer,40.1054,-75.304
PHL Collective,Philadelphia,United States,Developer,Developer,39.7603,-75.1961
Philly Game Mechanics,Philadelphia,United States,Organization,Other,40.0813,-74.9641
Prediction Error Productions,Philadelphia,United States,Extended Reality (XR),XR (VR/AR),39.9609,-75.4323
Quadratron Games,Philadelphia,United States,Developer,Developer,39.8027,-74.9675
Ristaccia,Philadelphia,United States,Developer,Developer,40.1701,-75.1768
Roach Games,Philadelphia,United States,Developer,Developer,39.7807,-75.3505
Screenwave Media,Philadelphia,United States,Online,Other,39.9829,-74.8674
Skyless Game Studios,Philadelphia,United States,Serious Games,Other,40.0863,-75.4147
Split Side Games,Philadelphia,United States,Developer,Developer,39.7184,-75.095
Static City Games,Philadelphia,United States,Developer,Developer,40.1649,-75.0048
Synersteel Studio,Philadelphia,United States,Developer,Developer,39.8764,-75.4743
Three Bees,Philadelphia,United States,Developer,Developer,39.8454,-74.8617
Vital Start Health,Philadelphia,United States,Health,Other,40.192,-75.2945
AfroDuck Studios,Columbus,United States,Developer,Developer,39.96118,-82.99879
Lazy Lion Games,Columbus,United States,Developer,Developer,39.995,-83.0469
Moth Atlas,Columbus,United States,Microstudio,Developer,39.8907,-82.9907
Multivarious Games,Columbus,United States,Mobile,Mobile,40.0299,-82.93
The Central Ohio Gamedev Group (COGG),Columbus,United States,Organization,Other,39.9438,-83.1273
Aeturnum Game Studios,Talavera de la Reina,Spain,Developer,Developer,39.96348,-4.83076
Pavonis Interactive,Louisville,United States,Developer,Developer,39.97776,-105.13193
Wyrmbyte,Louisville,United States,Developer,Developer,40.0115,-105.18
Rorshach Puss,Broomall,United States,Developer,Developer,39.9815,-75.35658
PiX Juegos,Castellon,Spain,Developer,Developer,39.98567,-0.04935
Jitsik,Wynnewood,United States,Serious Games,Other,40.0023,-75.2799
Vizmoo,Wynnewood,United States,Health,Other,40.0361,-75.328
Activision Game Science,Boulder,United States,Developer,Developer,40.01499,-105.27055
Battle Creek Games,Boulder,United States,Mobile,Mobile,40.0488,-105.3187
Bolder Games,Boulder,United States,Developer,Developer,39.9446,-105.2625
Deck Nine Games,Boulder,United States,Developer,Developer,40.0837,-105.2017
Impossible Shape,Boulder,United States,Developer,Developer,39.9976,-105.3991
Magic Leap,Boulder,United States,Extended Reality (XR),XR (VR/AR),39.955,-105.1474
Scopely,Boulder,United States,Developer,Developer,40.1333,-105.3121
Serenity Forge,Boulder,United States,Developer and Publisher,Publisher,39.8976,-105.3502
Sphero,Boulder,United States,Developer,Developer,40.0635,-105.0971
Star Command,Boulder,United States,Mobile,Mobile,40.0722,-105.4516
Astral Clocktower Studios,Mount Joy,United States,Developer,Developer,40.10982,-76.5033
Radiangames,Urbana,United States,Developer,Developer,40.11059,-88.20727
Revival Productions,Urbana,United States,Developer,Developer,40.1444,-88.2555
IGDA Illinois - Champaign-Urbana,Champaign-Urbana,United States,Organization,Other,40.11642,-88.24338
Shapeshifter Games,Champaign,United States,Developer,Developer,40.1502,-88.2916
Digitality Games,Fundão,Portugal,Developer,Developer,40.14025,-7.50135
Moonloop Games,Longmont,United States,Developer,Developer,40.16721,-105.10193
eGames,Langhorne,United States,Online,Other,40.17455,-74.92267
Brigada Games,Yerevan,Armenia,Developer,Developer,40.17765,44.5126
Cubic Games (Nexters),Yerevan,Armenia,Mobile,Mobile,40.2114,44.4643
Elephant Games,Yerevan,Armenia,Developer,Developer,40.1072,44.5207
Entropy Tamed,Yerevan,Armenia,Mobile,Mobile,40.2464,44.5816
Mr. Pink (daneelgames),Yerevan,Armenia,Microstudio,Developer,40.1602,44.3837
Noor Games,Yerevan,Armenia,Mobile,Mobile,40.1176,44.6361
Owlcat Games,Yerevan,Armenia,Developer,Developer,40.2959,44.471
Playrix,Yerevan,Armenia,Developer,Developer,40.0603,44.4328
Rockbite Games,Yerevan,Armenia,Mobile,Mobile,40.2262,44.6865
Royal Ark (Nexters),Yerevan,Armenia,Mobile,Mobile,40.2349,44.3311
Triada Studio Games,Yerevan,Armenia,Developer,Developer,40.0344,44.6003
Anuke,Lewis Center,United States,Developer,Developer,40.1984,-83.01018
Anuke,Lewis Center,United States,Microstudio,Developer,40.2322,-83.0584
Dillyframe Games,Bekobod,Uzbekistan,Developer,Developer,40.22083,69.26972
United Ghouls Studio,Covilha,Portugal,Developer,Developer,40.28106,-7.50504
SLP Video Games,West Long Branch,United States,Online,Other,40.29039,-74.01764
Continuum,Orem,United States,Developer,Developer,40.2969,-111.69465
David Wehle,Orem,United States,Developer,Developer,40.3307,-111.743
NinjaBee,Orem,United States,Developer,Developer,40.2265,-111.6865
Wahoo Studios,Orem,United States,Developer,Developer,40.3656,-111.6256
Atico,Getafe,Spain,Developer,Developer,40.30571,-3.73295
Retroware,Bucks County,United States,Developer and Publisher,Publisher,40.31,-75.13
BrickSimple,Doylestown,United States,Extended Reality (XR),XR (VR/AR),40.31011,-75.12989
N-Fusion Interactive,Marlboro,United States,Developer,Developer,40.31539,-74.24626
Teku Studios,Teruel,Spain,Developer,Developer,40.3456,-1.10646
Vital Start Health,Princeton,United States,Health,Other,40.34872,-74.65905
AzDimension,Baku,Azerbaijan,Developer,Developer,40.37767,49.89201
Caspainborn Publishing,Baku,Azerbaijan,Publisher,Publisher,40.4114,49.8436
Cool Bears,Baku,Azerbaijan,Developer,Developer,40.3072,49.9001
Dynamic Box Studios,Baku,Azerbaijan,Developer,Developer,40.4464,49.9612
Gamepons,Baku,Azerbaijan,Organization,Other,40.3603,49.7627
Hersai Studio,Baku,Azerbaijan,Developer,Developer,40.3177,50.0158
IGDA Azerbaijan,Baku,Azerbaijan,Organization,Other,40.4959,49.8503
Polydream Studio,Baku,Azerbaijan,Developer,Developer,40.2603,49.812
2K Madrid,Madrid,Spain,Developer and Publisher,Publisher,40.4165,-3.70256
505 Games (Digital Bros),Madrid,Spain,Publisher,Publisher,40.4503,-3.751
AAA GameStudios,Madrid,Spain,Developer,Developer,40.3461,-3.6944
AHEARTFULOFGAMES,Madrid,Spain,Developer,Developer,40.4852,-3.6334
Bandai Namco Entertainment Iberica,Madrid,Spain,Publisher,Publisher,40.3991,-3.8319
Crema,Madrid,Spain,Developer,Developer,40.3565,-3.5787
Dapper Penguin Studios,Madrid,Spain,Developer,Developer,40.5348,-3.7443
Dojo System,Madrid,Spain,Developer,Developer,40.2991,-3.7826
Dr. Kucho Games,Madrid,Spain,Developer,Developer,40.465,-3.5281
Dragon Resonance,Madrid,Spain,Developer,Developer,40.4737,-3.8847
EA Madrid (Electronic Arts),Madrid,Spain,Developer and Publisher,Publisher,40.2733,-3.6145
EA Sports (Electronic Arts),Madrid,Spain,Developer,Developer,40.5747,-3.6374
EF Games,Madrid,Spain,Developer,Developer,40.3297,-3.8994
EMK Capital,Madrid,Spain,Investment,Other,40.3778,-3.4713
Everguild,Madrid,Spain,Developer,Developer,40.5695,-3.8439
FemDevs,Madrid,Spain,Organization,Other,40.2245,-3.7352
Fictiorama Studios,Madrid,Spain,Developer,Developer,40.5454,-3.5017
Final Screw Games,Madrid,Spain,Developer,Developer,40.425,-3.9731
Flying Beast Labs,Madrid,Spain,Developer,Developer,40.2669,-3.5051
Gameloft,Madrid,Spain,Mobile,Mobile,40.6342,-3.7158
Heynau Games,Madrid,Spain,Online,Other,40.2448,-3.8907
Hydra Interactive Entertainment,Madrid,Spain,Developer,Developer,40.4471,-3.4043
Koch Media,Madrid,Spain,Publisher,Publisher,40.5504,-3.9554
Lingokids,Madrid,Spain,Mobile,Mobile,40.1826,-3.6334
Luegolu3go Studios,Madrid,Spain,Developer,Developer,40.629,-3.5426
Mango Protocol,Madrid,Spain,Developer,Developer,40.3405,-4.0154
Mediatonic,Madrid,Spain,Developer,Developer,40.3096,-3.3986
Mercurysteam Entertainment,Madrid,Spain,Developer,Developer,40.6562,-3.8343
Mochi Game Design,Madrid,Spain,Microstudio,Developer,40.1675,-3.8202
Molegato,Madrid,Spain,Microstudio,Developer,40.5418,-3.3895
Nachobeard,Madrid,Spain,Microstudio,Developer,40.4863,-4.0504
Numantian Games,Madrid,Spain,Developer,Developer,40.1823,-3.5048
Out of the Blue Games,Madrid,Spain,Developer,Developer,40.6953,-3.6396
Over the Top Games,Madrid,Spain,Developer,Developer,40.2406,-4.0008
OverPowered Team,Madrid,Spain,Developer,Developer,40.3924,-3.3209
Pendulo Studios,Madrid,Spain,Developer,Developer,40.6336,-3.9664
Pentadimensional Games,Madrid,Spain,Developer,Developer,40.1165,-3.7006
Protocol Games,Madrid,Spain,Developer,Developer,40.6418,-3.4342
Red Mountain,Madrid,Spain,Developer,Developer,40.3881,-4.1057
Saber Interactive,Madrid,Spain,Developer and Publisher,Publisher,40.2277,-3.3759
Secret 6,Madrid,Spain,Developer,Developer,40.7276,-3.7769
Spanish Video Game Association (AEVI),Madrid,Spain,Organization,Other,40.1455,-3.9265
Tessera Studios,Madrid,Spain,Developer,Developer,40.5021,-3.2921
Timeless Games,Madrid,Spain,Developer,Developer,40.5662,-4.0857
Tiny Moon Team,Madrid,Spain,Developer,Developer,40.1055,-3.5511
Topotoy Labs,Madrid,Spain,Developer,Developer,40.7272,-3.5365
Vermila Studios,Madrid,Spain,Developer and Publisher,Publisher,40.2713,-4.1051
Vertical Robot,Madrid,Spain,Developer,Developer,40.3155,-3.2723
Voragine Game Studios,Madrid,Spain,Developer,Developer,40.7154,-3.9326
Weird Beluga,Madrid,Spain,Developer,Developer,40.0743,-3.7991
Zerouno Games,Madrid,Spain,Developer and Publisher,Publisher,40.6212,-3.324
Zinkia Madrid,Madrid,Spain,Developer,Developer,40.4607,-4.168
eRepublik,Madrid,Spain,Online,Other,40.1419,-3.3956
Bigger Boss Games,Pittsburgh,United States,Developer,Developer,40.44062,-79.99589
Bit Bridge Indies,Pittsburgh,United States,Organization,Other,40.4744,-80.0443
BitQuest Studio,Pittsburgh,United States,Developer,Developer,40.3702,-79.9878
Creature,Pittsburgh,United States,Developer and Publisher,Publisher,40.5093,-79.9267
Dangleverse,Pittsburgh,United States,Developer,Developer,40.4232,-80.1253
Dream Flight Adventures,Pittsburgh,United States,Developer,Developer,40.3806,-79.8719
IGDA Pennsylvania - Pittsburgh,Pittsburgh,United States,Organization,Other,40.5589,-80.0377
Infinite Fall,Pittsburgh,United States,Developer,Developer,40.3232,-80.076
Ludoliminal,Pittsburgh,United States,Developer,Developer,40.4891,-79.8213
Lumis Corporation,Pittsburgh,United States,Serious Games,Other,40.4979,-80.1781
Mega Cat Studios,Pittsburgh,United States,Developer,Developer,40.2974,-79.9078
Red Panda Studios,Pittsburgh,United States,Developer,Developer,40.5989,-79.9307
Retrotainment Games,Pittsburgh,United States,Developer,Developer,40.3538,-80.1928
Schell Games,Pittsburgh,United States,Developer,Developer,40.4019,-79.7645
Simcoach Games,Pittsburgh,United States,Serious Games,Other,40.5937,-80.1373
Spiralburst Studio,Pittsburgh,United States,Mobile,Mobile,40.2486,-80.0286
Team Crescendo,Pittsburgh,United States,Developer,Developer,40.5695,-79.795
The Glory Society,Pittsburgh,United States,Developer,Developer,40.4491,-80.2665
alchemedium,Pittsburgh,United States,Developer,Developer,40.291,-79.7983
Entrada Interactive,Alpine,United States,Developer,Developer,40.45328,-111.77799
IGDA KU (Kutztown University of Pennsylvania),Kutztown,United States,Organization,Other,40.51732,-75.77742
Nighthawk Interactive,Edison,United States,Publisher,Publisher,40.51872,-74.4121
Team Salvato,Edison,United States,Developer,Developer,40.5525,-74.4606
Deli Interactive,Draper,United States,Developer,Developer,40.52467,-111.86382
Night Signal Entertainment,Draper,United States,Developer,Developer,40.5584,-111.9123
Epic Games,South Jordan,United States,Developer and Publisher,Publisher,40.56217,-111.92966
Matrix Games,Staten Island,United States,Publisher,Publisher,40.56233,-74.13986
Lost Astronaut Studios,New Kensington,United States,Developer,Developer,40.56979,-79.76477
Midnight City,South Plainfield,United States,Publisher,Publisher,40.57927,-74.41154
Starfall Studios,South Plainfield,United States,Developer,Developer,40.613,-74.4601
Cerulean Games,Fort Collins,United States,Developer,Developer,40.58526,-105.08442
Zatun,Green Brook,United States,Developer,Developer,40.604,-74.48
Heart State Games,Thessaloniki,Greece,Developer,Developer,40.64072,22.93493
OnSkull,Thessaloniki,Greece,Developer,Developer,40.6745,22.8863
AP Thomson,Brooklyn,United States,Developer,Developer,40.6501,-73.94958
Amplify Games,Brooklyn,United States,Serious Games,Other,40.6839,-73.9982
Bonk Interactive,Brooklyn,United States,Microstudio,Developer,40.5797,-73.9414
Carry1st,Brooklyn,United States,Developer and Publisher,Publisher,40.7188,-73.8801
Computer Lunch Games,Brooklyn,United States,Developer,Developer,40.6327,-74.0794
Cosmo D Studios,Brooklyn,United States,Microstudio,Developer,40.5901,-73.8252
Forklift Studios,Brooklyn,United States,Mobile,Mobile,40.7684,-73.9915
Friends with Holograms,Brooklyn,United States,Extended Reality (XR),XR (VR/AR),40.5327,-74.0299
FuturePerfect Creative Studios,Brooklyn,United States,Extended Reality (XR),XR (VR/AR),40.6986,-73.7745
Grundislav Games,Brooklyn,United States,Developer,Developer,40.7073,-74.1323
Half Mermaid,Brooklyn,United States,Developer,Developer,40.5069,-73.8613
Hexecutable,Brooklyn,United States,Developer,Developer,40.8083,-73.8842
Hidden Door,Brooklyn,United States,Social,Other,40.5633,-74.1471
Holy Wow,Brooklyn,United States,Microstudio,Developer,40.6114,-73.7175
Julian Glander,Brooklyn,United States,Developer,Developer,40.8031,-74.0914
Killer Snails,Brooklyn,United States,Extended Reality (XR),XR (VR/AR),40.4581,-73.9824
Made Up Games,Brooklyn,United States,Mobile,Mobile,40.779,-73.748
Moving Pieces Interactive,Brooklyn,United States,Developer,Developer,40.6586,-74.2211
Pariah Interactive,Brooklyn,United States,Developer,Developer,40.5005,-73.7514
Playmatics,Brooklyn,United States,Developer,Developer,40.8678,-73.9628
Pontoco,Brooklyn,United States,Developer,Developer,40.4784,-74.1384
Puppet Combo,Brooklyn,United States,Developer,Developer,40.6807,-73.6503
Studio Wumpus,Brooklyn,United States,Developer,Developer,40.784,-74.2033
Superbright,Brooklyn,United States,Developer,Developer,40.4162,-73.8802
The Matte Black Studio,Brooklyn,United States,Developer,Developer,40.8626,-73.7891
Tigertron,Brooklyn,United States,Mobile,Mobile,40.5741,-74.2635
Tinybop,Brooklyn,United States,Mobile,Mobile,40.5432,-73.6445
Vectorpark,Brooklyn,United States,Mobile,Mobile,40.8898,-74.0818
Wadjet Eye Games,Brooklyn,United States,Developer,Developer,40.4011,-74.0676
WhaleFood Games,Brooklyn,United States,Developer,Developer,40.7754,-73.6354
Wooster Games,Brooklyn,United States,Extended Reality (XR),XR (VR/AR),40.7199,-74.2986
onewinter games,Brooklyn,United States,Developer,Developer,40.4159,-73.7511
Rebar Games,Westfield,United States,Developer,Developer,40.65899,-74.34737
Almost Playable Games,Queens,United States,Developer,Developer,40.68149,-73.83652
Gil Lawson,Ridgewood,United States,Microstudio,Developer,40.7001,-73.90569
Real Big Studios,West Islip,United States,Developer,Developer,40.70621,-73.30623
2Weeks,New York City,United States,Online,Other,40.71427,-74.00597
AMC Games,New York City,United States,Publisher,Publisher,40.748,-74.0546
Alliance Games,New York City,United States,Developer and Publisher,Publisher,40.6438,-73.9978
AlterStaff,New York City,United States,Developer,Developer,40.783,-73.9365
Amazon Game Publishing Services,New York City,United States,Developer,Developer,40.6969,-74.1359
Andy Wallace,New York City,United States,Microstudio,Developer,40.6543,-73.8815
Ape Tribe Games,New York City,United States,Developer,Developer,40.8325,-74.0479
Arcade Therapeutics,New York City,United States,Health,Other,40.5969,-74.0864
Arkadium,New York City,United States,Developer,Developer,40.7628,-73.8307
Atari,New York City,United States,Publisher,Publisher,40.7715,-74.1889
Atlantic Games,New York City,United States,Developer,Developer,40.5711,-73.9176
Atlas V,New York,United States,Extended Reality (XR),XR (VR/AR),40.8725,-73.9405
Avalanche Studios Group,New York City,United States,Developer,Developer,40.6274,-74.2037
BrainPOP,New York City,United States,Online,Other,40.6756,-73.7737
Brass Lion Entertainment,New York City,United States,Developer,Developer,40.8673,-74.1479
Chaomoon,New York City,United States,Developer,Developer,40.5222,-74.0388
Ci Games,New York City,United States,Developer and Publisher,Publisher,40.8432,-73.8042
Cloud M1,New York City,United States,Mobile,Mobile,40.7228,-74.2777
Coexist Gaming,New York City,United States,Incubator/Accelerator,Other,40.5646,-73.8076
Cool 3D World,New York City,United States,Microstudio,Developer,40.932,-74.0193
Cool Math Games,New York City,United States,Serious Games,Other,40.5426,-74.195
Courtside Ventures,New York City,United States,Investment,Other,40.7448,-73.7064
Curiomatic,New York City,United States,Developer,Developer,40.8482,-74.2599
Deadpixel.co,New York City,United States,Developer,Developer,40.4803,-73.9365
Digital Continue,New York City,United States,Developer,Developer,40.9268,-73.8453
Digital Tribe Games,New York City,United States,Publisher,Publisher,40.6383,-74.3202
Drake Star Partners,New York City,United States,Investment,Other,40.6073,-73.7006
DrivenArts,New York City,United States,Developer,Developer,40.9539,-74.1383
EMK Capital,New York City,United States,Investment,Other,40.4653,-74.1241
Electric Funstuff,New York City,United States,Serious Games,Other,40.8395,-73.6915
Eludica,New York City,United States,Developer,Developer,40.7841,-74.3553
EndlessFluff,New York City,United States,Developer,Developer,40.4801,-73.8073
Essay Games,New York City,United States,Developer,Developer,40.993,-73.9428
Everybody House Games,New York City,United States,Developer,Developer,40.5384,-74.3056
Everyrealm,New York City,United States,Online,Other,40.6902,-73.6226
Experiment 7,New York City,United States,Extended Reality (XR),XR (VR/AR),40.9314,-74.271
Fabraz,New York City,United States,Developer,Developer,40.4143,-74.004
Feral Cat Den,New York City,United States,Developer,Developer,40.9395,-73.7364
Fermenter Games,New York City,United States,Developer,Developer,40.6858,-74.4109
Fishing Planet,New York City,United States,Developer,Developer,40.5255,-73.6778
Framestore VR Studio,New York City,United States,Extended Reality (XR),XR (VR/AR),41.0254,-74.0806
FreshPlanet,New York City,United States,Mobile,Mobile,40.4433,-74.2309
GUMBO,New York City,United States,Incubator/Accelerator,Other,40.7999,-73.5937
Gabe Cuizzillo,New York City,United States,Microstudio,Developer,40.864,-74.3908
GameClub,New York City,United States,Publisher,Publisher,40.4033,-73.8539
Gameloft,New York City,United States,Mobile,Mobile,41.0249,-73.8391
Games For Change (G4C),New York City,United States,Organization,Other,40.569,-74.4103
Good Story Guild,New York City,United States,Developer,Developer,40.6133,-73.5738
GrahamOfLegend,New York City,United States,Microstudio,Developer,41.0131,-74.2371
Harlem Line Hustle Studios,New York City,United States,Online,Other,40.3721,-74.1029
Herotainment,New York City,United States,Online,Other,40.919,-73.6257
I-Novae Studios,New York City,United States,Developer,Developer,40.7584,-74.4734
IGDA New York - CUNY Hunter (EGDC),New York City,United States,Organization,Other,40.4397,-73.6976
IGDA New York - New York City,New York City,United States,Organization,Other,41.078,-73.9885
Impact Reality XR,New York City,United States,Extended Reality (XR),XR (VR/AR),40.4526,-74.3462
Impeller Studios,New York City,United States,Developer,Developer,40.7332,-73.5174
Jenny Jiao Hsia,New York City,United States,Developer,Developer,40.9526,-74.3865
Karina Popp,New York City,United States,Developer,Developer,40.3404,-73.9372
Keexframe Interactive,New York City,United States,Developer,Developer,41.0279,-73.7211
King.com (Activision),New York City,United States,Mobile,Mobile,40.6281,-74.4998
Kinlo Labs,New York City,United States,Microstudio,Developer,40.5234,-73.5614
Konami Cross Media,New York City,United States,Publisher,Publisher,41.0857,-74.165
Kuneho Studios,New York City,United States,Developer,Developer,40.3561,-74.2215
LimboLane,New York City,United States,Developer,Developer,40.8693,-73.524
Liquid Swords,New York City,United States,Developer,Developer,40.8478,-74.5034
Lookout Drive Games,New York City,United States,Developer,Developer,40.3584,-73.7563
Lord of Hands Studio,New York City,United States,Microstudio,Developer,41.1076,-73.8719
Maloka,New York City,United States,Health,Other,40.4912,-74.4587
Mentors + Angels,New York City,United States,Incubator/Accelerator,Other,40.6464,-73.4694
Mighty Immersion,New York City,United States,Extended Reality (XR),XR (VR/AR),41.0414,-74.3436
Millions of Monsters,New York City,United States,Developer,Developer,40.2972,-74.0489
Mokuni Games,New York City,United States,Mobile,Mobile,41.0019,-73.5998
Moonbug Entertainment,New York City,United States,Developer,Developer,40.7101,-74.5657
Moth+Flame,New York City,United States,Extended Reality (XR),XR (VR/AR),40.4288,-73.5867
Muse Games,New York City,United States,Online,Other,41.1424,-74.0611
NYU Game Center Incubator,New York City,United States,Incubator/Accelerator,Other,40.3681,-74.3491
New Inc,New York City,United States,Organization,Other,40.7944,-73.4407
New Reality Company,New York City,United States,Extended Reality (XR),XR (VR/AR),40.9461,-74.4974
NextWave Safety Solutions,New York City,United States,Serious Games,Other,40.289,-73.8492
Noah Braun,New York City,United States,Microstudio,Developer,41.1106,-73.7408
Normal VR,New York City,United States,Extended Reality (XR),XR (VR/AR),40.5568,-74.5582
NuChallenger,New York City,United States,Developer,Developer,40.5466,-73.455
People Can Fly,New York,United States,Developer,Developer,41.1225,-74.2644
Point72 Ventures,New York City,United States,Investment,Other,40.2783,-74.1802
Redstart Interactive,New York City,United States,Developer,Developer,40.9479,-73.4859
Riftweaver Game Studio,New York City,United States,Mobile,Mobile,40.8089,-74.6012
Right Trigger,New York City,United States,Developer,Developer,40.3376,-73.6493
Riot Games NYC,New York City,United States,Online,Other,41.1773,-73.9329
Rockstar NYC,New York City,United States,Developer,Developer,40.4085,-74.4752
S.L. Clark,New York City,United States,Developer,Developer,40.6994,-73.384
STRIVR,New York City,United States,Serious Games,Other,41.0456,-74.4538
Six One Publishing,New York City,United States,Publisher,Publisher,40.238,-73.9708
SoftEthix,New York City,United States,Developer,Developer,41.0855,-73.6053
Spiel Studios,New York City,United States,Mobile,Mobile,40.6453,-74.6356
Surreal,New York City,United States,Extended Reality (XR),XR (VR/AR),40.4413,-73.4774
Tabi Entertainment,New York City,United States,Developer,Developer,41.1887,-74.1532
Tad Cordle,New York City,United States,Microstudio,Developer,40.2869,-74.3218
Take-Pause,New York,United States,Health,Other,40.8685,-73.389
Take-Two Interactive Software,New York City,United States,Developer and Publisher,Publisher,40.9175,-74.6014
Talvi,New York City,United States,Developer,Developer,40.2572,-73.7467
Tapinator,New York City,United States,Mobile,Mobile,41.1864,-73.7888
TeacherGaming,New York City,United States,Serious Games,Other,40.4762,-74.5898
Team Rondo,New York City,United States,Microstudio,Developer,40.5903,-73.3601
Tilting Point,New York City,United States,Publisher,Publisher,41.1384,-74.3735
Tirta Ventures,New York City,United States,Investment,Other,40.2109,-74.1134
Toadhouse Games,New York City,United States,Developer,Developer,41.0319,-73.4756
Toii,New York City,United States,Developer,Developer,40.7518,-74.6833
Top Hat Studios,New York City,United States,Publisher,Publisher,40.3381,-73.5377
Touch Press,New York City,United States,Publisher,Publisher,41.2338,-74.016
Turbo,New York City,United States,Developer,Developer,40.3242,-74.4637
Ukuza,New York City,United States,Publisher,Publisher,40.7678,-73.3177
UniVirtual,New York City,United States,Serious Games,Other,41.0286,-74.5636
Vibe XP,New York City,United States,Developer,Developer,40.1946,-73.8743
Vrai Pictures,New York,United States,Extended Reality (XR),XR (VR/AR),41.1669,-73.6383
White Star Capital,New York City,United States,Investment,Other,40.5681,-74.6834
Women in Games International (WIGI) NYC,New York City,United States,Organization,Other,40.4741,-73.3735
Zenovia Interactive,New York City,United States,Developer,Developer,41.2174,-74.2594
Zynga,New York City,United States,Mobile,Mobile,40.2114,-74.2685
babycastles,New York City,United States,Organization,Other,40.9517,-73.3615
by Sam Eng,New York City,United States,Developer,Developer,40.8699,-74.6957
Olleyes,Summit,United States,Health,Other,40.71562,-74.36468
Saber Interactive,Maplewood,United States,Developer and Publisher,Publisher,40.73121,-74.27348
Ackk Studios,Hoboken,United States,Developer,Developer,40.74399,-74.03236
Game Revenant,Hoboken,United States,Mobile,Mobile,40.7778,-74.081
Exit 73 Games,Long Island,United States,Developer,Developer,40.74482,-73.94875
Move38,Long Island City,United States,Developer and Publisher,Publisher,40.7786,-73.9974
Windy Games,Long Island City,United States,Developer,Developer,40.6744,-73.9406
Avalanche Software (Warner Brothers),Salt Lake City,United States,Developer,Developer,40.76078,-111.89105
Big Finish Games,Salt Lake City,United States,Developer,Developer,40.7946,-111.9397
D20 Studios,Salt Lake City,United States,Developer,Developer,40.6903,-111.8829
Elevation Capital,Salt Lake City,United States,Investment,Other,40.8295,-111.8215
Global Gaming Initiative,Salt Lake City,United States,Developer,Developer,40.7434,-112.0211
IGDA Utah - Salt Lake City,Salt Lake City,United States,Organization,Other,40.7008,-111.7665
Noodle Cat Games,Salt Lake City,United States,Developer,Developer,40.8791,-111.933
O and Co Games,Salt Lake City,United States,Microstudio,Developer,40.6434,-111.9715
Parallel Plaid,Salt Lake City,United States,Developer,Developer,40.8093,-111.7157
RED Games (Aonic),Salt Lake City,United States,Mobile,Mobile,40.818,-112.0741
Tiered World Studios,Salt Lake City,United States,Mobile,Mobile,40.6176,-111.8026
Utah Digital Entertainment Network (UDEN),Salt Lake City,United States,Organization,Other,40.919,-111.8255
Utah Indie Games,Salt Lake City,United States,Organization,Other,40.6739,-112.0889
WildWorks (Nazara),Salt Lake City,United States,Online,Other,40.7221,-111.6586
THQ Nordic,Bohemia,United States,Developer and Publisher,Publisher,40.76926,-73.11511
Labrodex Studios,Jericho,United States,Developer,Developer,40.79204,-73.53985
Beawesome Games,Canton,United States,Developer,Developer,40.79895,-81.37845
HOGO Games,Kocaeli,Türkiye,Mobile,Mobile,40.8028,29.4307
Momentum Digital Media Technologies,Kocaeli,Türkiye,Developer,Developer,40.8366,29.382
The Sheep's Meow,Bloomfield,United States,Developer,Developer,40.80677,-74.18542
Beehive Studios,Naples,Italy,Developer,Developer,40.85216,14.26811
Meangrip Studios,Napoli,Italy,Developer,Developer,40.8859,14.2194
Midnight Hour Games,Hackettstown,United States,Developer,Developer,40.85399,-74.82906
FundamentalVR,Parsippany,United States,Serious Games,Other,40.85788,-74.42599
MediVRX,Hasbrouck Heights,United States,Serious Games,Other,40.85816,-74.0807
Phiphen Games,Englewood Cliffs,United States,Publisher,Publisher,40.88538,-73.95236
Slingo,Hackensack,United States,Developer,Developer,40.88593,-74.04347
Spawn Studios,Sao Joao da Madeira,Portugal,Developer,Developer,40.9007,-8.4902
Frost Earth Studio,Capriglia Irpina,Italy,Extended Reality (XR),XR (VR/AR),40.96032,14.77724
El Jap! (AIR Institute),Salamanca,Spain,Incubator/Accelerator,Other,40.9701,-5.6635
Blacksmith Entertainment,Tekirdag,Türkiye,Microstudio,Developer,40.9781,27.51101
Kalypso Media USA,Ridgewood,United States,Developer and Publisher,Publisher,40.97926,-74.11653
Pokuch,Trabzon,Türkiye,Developer,Developer,41.005,39.72694
Actera,Istanbul,Türkiye,Investment,Other,41.01384,28.94966
Alice Games,Istanbul,Türkiye,Mobile,Mobile,41.0476,28.9008
Alpaka Games,Istanbul,Türkiye,Mobile,Mobile,40.9434,28.9579
Anka Games,Istanbul,Türkiye,Developer,Developer,41.0826,29.0195
Aral Ithalat,Istanbul,Türkiye,Publisher,Publisher,40.9964,28.8192
ArcadeMonk,Istanbul,Türkiye,Developer,Developer,40.9538,29.0747
Atom Games,Istanbul,Türkiye,Mobile,Mobile,41.1321,28.9075
Beast Burst Entertainment,Istanbul,Türkiye,Online,Other,40.8964,28.8689
Bigger Games,Istanbul,Türkiye,Mobile,Mobile,41.0624,29.1257
Bilge Kaan,Istanbul,Türkiye,Microstudio,Developer,41.0711,28.7659
Brainoid Games,Istanbul,Türkiye,Developer,Developer,40.8706,29.0385
Bunch o’ Nerds,Istanbul,Türkiye,Developer,Developer,41.1721,29.0154
Catoptric Games,Istanbul,Türkiye,Publisher,Publisher,40.927,28.7511
Corecrew Games,Istanbul,Türkiye,Developer,Developer,40.9751,29.183
CrazyLabs (Embracer Group),Istanbul,Türkiye,Mobile,Mobile,41.1669,28.8071
Creston Games,Istanbul,Türkiye,Developer,Developer,40.8218,28.9167
Crytek,Istanbul,Türkiye,Developer,Developer,41.1427,29.1523
Cultic Games,Istanbul,Türkiye,Developer,Developer,41.0224,28.6767
DiceHit Games,Istanbul,Türkiye,Developer,Developer,40.8642,29.1489
Dream Games,Istanbul,Türkiye,Mobile,Mobile,41.2316,28.9363
Dynasty Studios,Istanbul,Türkiye,Developer,Developer,40.8422,28.7598
EgoTrampoline,Istanbul,Türkiye,Microstudio,Developer,41.0444,29.2506
Espale Studios,Istanbul,Türkiye,Developer,Developer,41.1478,28.6945
Fire Brick Games,Istanbul,Türkiye,Developer,Developer,40.7799,29.0194
Fugo Games,Istanbul,Türkiye,Mobile,Mobile,41.2264,29.1111
Fusee,Istanbul,Türkiye,Mobile,Mobile,40.9379,28.634
Gambol Games (Tayfun Zeytun),Istanbul,Türkiye,Developer,Developer,40.9069,29.2564
Gamedev.ist,Istanbul,Türkiye,Publisher,Publisher,41.2535,28.8167
Gamegos,Istanbul,Türkiye,Developer,Developer,40.7649,28.831
Gamester,Istanbul,Türkiye,Online,Other,41.1391,29.2655
Good Job Games,Istanbul,Türkiye,Mobile,Mobile,41.0836,28.5987
Gram Games (Zynga),Istanbul,Türkiye,Mobile,Mobile,40.7797,29.1492
Grand Games,Istanbul,Türkiye,Developer,Developer,41.2926,29.0132
Hero Concept,Istanbul,Türkiye,Developer,Developer,40.838,28.6487
Hi Games,Istanbul,Türkiye,Microstudio,Developer,40.9898,29.3347
IGDA Turkey - Istanbul,Istanbul,Turkiye,Organization,Other,41.231,28.6834
IO Interactive,Istanbul,Türkiye,Developer,Developer,40.7138,28.9516
Joygame Publishing,Istanbul,Türkiye,Developer and Publisher,Publisher,41.2391,29.2205
Keep Games,Istanbul,Türkiye,Developer,Developer,40.9854,28.5429
Lokum Games (InGame Group),Istanbul,Türkiye,Publisher,Publisher,40.8251,29.2793
Loom Games,Istanbul,Türkiye,Mobile,Mobile,41.325,28.8746
Madbyte Games (InGame Group),Istanbul,Türkiye,Mobile,Mobile,40.7429,28.7237
Mechanist Games,Istanbul,Türkiye,Publisher,Publisher,41.0995,29.3638
Metavision Studio,Istanbul,Türkiye,Developer,Developer,41.1635,28.5631
Moon Active,Istanbul,Türkiye,Mobile,Mobile,40.7029,29.1025
Motion Blur,Istanbul,Türkiye,Developer,Developer,41.3245,29.1173
NEO AUVRA,Istanbul,Türkiye,Health,Other,40.8686,28.5435
Nonereal Games,Istanbul,Türkiye,Developer,Developer,40.9128,29.3838
Nyctophile Studios,Istanbul,Türkiye,Developer,Developer,41.3127,28.7175
OKSoft,Istanbul,Turkiye,Developer,Developer,40.6716,28.8523
Oldmoustache Gameworks,Istanbul,Türkiye,Developer,Developer,41.2186,29.3317
OyunStüdyosu,Istanbul,Türkiye,Online,Other,41.058,28.4801
Peak Games (Take-Two Interactive Software),Istanbul,Türkiye,Online,Other,40.7393,29.2594
Permanent Way,Istanbul,Türkiye,Developer,Developer,41.3776,28.9672
Phew Phew Games,Istanbul,Türkiye,Developer,Developer,40.7521,28.6079
Pine Games,Istanbul,Türkiye,Mobile,Mobile,41.0328,29.4405
Riot Games,Istanbul,Türkiye,Online,Other,41.2522,28.5674
Rollic (Take-Two Interactive),Istanbul,Türkiye,Mobile,Mobile,40.64,29.0188
Shadowfall Studios,Istanbul,Türkiye,Developer,Developer,41.3275,29.2359
Sirius Games,Istanbul,Türkiye,Developer and Publisher,Publisher,40.9277,28.4536
Startgate,Istanbul,Türkiye,Incubator/Accelerator,Other,40.8229,29.3962
TARK Games,Istanbul,Türkiye,Publisher,Publisher,41.3853,28.79
TaleMonster Games,Istanbul,Türkiye,Mobile,Mobile,40.6556,28.7331
Utopic,Istanbul,Türkiye,Microstudio,Developer,41.1688,29.4338
Vertigo Games,Istanbul,Türkiye,Mobile,Mobile,41.1474,28.45
VoctoR Health,Istanbul,Türkiye,Health,Other,40.6579,29.2005
Voodoo,Istanbul,Türkiye,Mobile,Mobile,41.4071,29.0843
WePlay Ventures,Istanbul,Türkiye,Investment,Other,40.7908,28.4949
Wolves Interactive,Istanbul,Türkiye,Mobile,Mobile,40.946,29.4886
Yeti Game Studio,Istanbul,Türkiye,Mobile,Mobile,41.341,28.6105
Yolo Games Studio,Istanbul,Türkiye,Microstudio,Developer,40.5968,28.9066
Zynga,Istanbul,Türkiye,Mobile,Mobile,41.3014,29.3577
indieGiant Games,Istanbul,Türkiye,Microstudio,Developer,41.0097,28.3874
KAMAi MEDIA,Bitola,North Macedonia,Developer,Developer,41.03226,21.33553
Solo Game,Beyoglu,Türkiye,Developer,Developer,41.037,28.977
Birdshel,Layton,United States,Mobile,Mobile,41.06022,-111.97105
Firith Studio,Akron,United States,Developer,Developer,41.08144,-81.51901
Goodgis,Akron,United States,Developer,Developer,41.1152,-81.5679
High 5 Games,Mahwah,United States,Developer,Developer,41.08871,-74.14376
Core Engage Games,Ortakoy,Türkiye,Developer,Developer,41.10154,28.37588
Clique Games,Fort Wayne,United States,Publisher,Publisher,41.1306,-85.12886
Dreamspike Studios,Fort Wayne,United States,Developer,Developer,41.1644,-85.1778
colorfiction,Fort Wayne,United States,Developer,Developer,41.0602,-85.1207
Raylight Games,Benevento,Italy,Developer,Developer,41.1307,14.77816
Artgig Apps,Pleasantville,United States,Mobile,Mobile,41.13287,-73.79263
Consala Games,Kadikoy,Türkiye,Online,Other,41.13658,28.36417
Galaxy Games,Fairfield,United States,Publisher,Publisher,41.14121,-73.26373
Liran Kamisa,Westport,United States,Developer,Developer,41.14149,-73.3579
GTZAStudio,Altafulla,Spain,Developer,Developer,41.14286,1.37269
Arkadium,Porto,Portugal,Developer,Developer,41.1485,-8.61097
BIGMOON Entertainment,Porto,Portugal,Developer,Developer,41.1823,-8.6599
Ground Control Studios,Porto,Portugal,Developer,Developer,41.0781,-8.6028
Headless Studio,Porto,Portugal,Serious Games,Other,41.2172,-8.541
Moonberry Studios,Porto,Portugal,Developer,Developer,41.1311,-8.7417
Once a Bird Games,Porto,Portugal,Developer,Developer,41.0885,-8.4857
Scopely,Porto,Portugal,Developer,Developer,41.2668,-8.6532
Square Table Games,Kent,United States,Developer,Developer,41.15367,-81.35789
First Star Software,Chappaqua,United States,Developer,Developer,41.15954,-73.76485
Paradox Interactive,Sitges,Spain,Developer and Publisher,Publisher,41.23506,1.81193
Resolute Games,Trumbull,United States,Developer,Developer,41.24287,-73.20067
Dark Tonic,Wilkes-Barre,United States,Mobile,Mobile,41.24591,-75.88131
Mind's Eye Games,Omaha,United States,Developer,Developer,41.25626,-95.94043
SkyVu,Omaha,United States,Mobile,Mobile,41.29,-95.9895
Doomers Entertainment,Tashkent,Uzbekistan,Developer,Developer,41.26465,69.21627
East Games,Tashkent,Uzbekistan,Developer,Developer,41.2984,69.1672
Evegoplayon,Tashkent,Uzbekistan,Developer,Developer,41.1942,69.2245
Game Tunes,Tashkent,Uzbekistan,Mobile,Mobile,41.3334,69.2864
Grimoire Entertainment,Tashkent,Uzbekistan,Mobile,Mobile,41.2472,69.0853
Made on Earth Games,Tashkent,Uzbekistan,Mobile,Mobile,41.2046,69.3418
Nostalgames Studio (Kremlingames),Tashkent,Uzbekistan,Developer,Developer,41.3829,69.174
PixelGameGodStudio,Tashkent,Uzbekistan,Mobile,Mobile,41.1473,69.1352
UIC Games,Tashkent,Uzbekistan,Developer,Developer,41.3132,69.393
Unfrozen Studios,Tashkent,Uzbekistan,Developer,Developer,41.3219,69.0318
Uzbekistan Creative Association (UZCA),Tashkent,Uzbekistan,Organization,Other,41.1214,69.3054
Windrose Crew,Tashkent,Uzbekistan,Developer,Developer,41.4229,69.2823
koro.games,Tashkent,Uzbekistan,Developer,Developer,41.1778,69.0169
PreviewLabs,Guilford,United States,Developer,Developer,41.28899,-72.68176
Cosmographic Software,New Haven,United States,Serious Games,Other,41.30815,-72.92816
Psychic Kiss,New Haven,United States,Microstudio,Developer,41.3419,-72.9772
play2PREVENT,New Haven,United States,Organization,Other,41.2377,-72.9199
FateBound,Tirana,Albania,Microstudio,Developer,41.32744,19.81866
2Awesome Studio,Barcelona,Spain,Developer,Developer,41.38879,2.15899
333Studios,Barcelona,Spain,Developer,Developer,41.4226,2.1098
43 Studios,Barcelona,Spain,Developer,Developer,41.3184,2.1672
Abylight Barcelona,Barcelona,Spain,Developer,Developer,41.4575,2.2292
Abylight Studios,Barcelona,Spain,Publisher,Publisher,41.3714,2.0277
AlenarSoft,Barcelona,Spain,Developer,Developer,41.3288,2.2847
Alike Studio,Barcelona,Spain,Mobile,Mobile,41.5071,2.1166
Alkimia Interactive (THQ Nordic),Barcelona,Spain,Developer,Developer,41.2714,2.0777
Altered Orbit Studios,Barcelona,Spain,Developer,Developer,41.4373,2.3361
AnKae Games,Barcelona,Spain,Developer,Developer,41.446,1.9742
Anarkade,Barcelona,Spain,Mobile,Mobile,41.2456,2.2483
Anchor Point Studios,Barcelona,Spain,Developer,Developer,41.547,2.2251
Antihero Studios,Barcelona,Spain,Mobile,Mobile,41.3019,1.9592
Appnormals Team,Barcelona,Spain,Developer,Developer,41.3501,2.3937
Arrowfist Games,Barcelona,Spain,Developer,Developer,41.5418,2.0156
Astral Pixel,Barcelona,Spain,Microstudio,Developer,41.1967,2.1258
Awex Studios,Barcelona,Spain,Mobile,Mobile,41.5177,2.3628
AwitaGames,Barcelona,Spain,Microstudio,Developer,41.3973,1.8844
Baby Robot Games,Barcelona,Spain,Developer,Developer,41.2392,2.3594
Bandai Namco Mobile,Barcelona,Spain,Mobile,Mobile,41.6065,2.1456
Beautiful Glitch,Barcelona,Spain,Developer,Developer,41.2171,1.968
Bespoke Pixel,Barcelona,Spain,Developer,Developer,41.4193,2.4617
Bloompix Studios,Barcelona,Spain,Extended Reality (XR),XR (VR/AR),41.5227,1.9024
Caligari Games,Barcelona,Spain,Developer,Developer,41.1548,2.2291
Cheer Games,Barcelona,Spain,Mobile,Mobile,41.6013,2.3213
Dark Curry,Barcelona,Spain,Mobile,Mobile,41.3128,1.8415
Digital Legends Entertainment (Activision),Barcelona,Spain,Mobile,Mobile,41.2819,2.4675
Dolores Entertainment,Barcelona,Spain,Mobile,Mobile,41.6285,2.0253
DreamSoftGames,Barcelona,Spain,Developer,Developer,41.1398,2.0396
Endflame Studios,Barcelona,Spain,Developer,Developer,41.5141,2.4767
Epictellers Entertainment,Barcelona,Spain,Developer,Developer,41.4586,1.806
GameBCN,Barcelona,Spain,Incubator/Accelerator,Other,41.1546,2.3597
GameHouse Spain,Barcelona,Spain,Developer,Developer,41.6675,2.2228
Gameloft,Barcelona,Spain,Mobile,Mobile,41.2129,1.8563
Goca Games,Barcelona,Spain,Developer,Developer,41.3647,2.5463
Ground Game Atelier,Barcelona,Spain,Developer,Developer,41.6059,1.8912
Herobeat Studios,Barcelona,Spain,Developer,Developer,41.0888,2.1609
Hexworks (CI Games),Barcelona,Spain,Developer,Developer,41.6141,2.4314
Hyper 3 Studios,Barcelona,Spain,Microstudio,Developer,41.3603,1.7499
Hyper Three Studio,Barcelona,Spain,Developer,Developer,41.2,2.4905
IO Interactive,Barcelona,Spain,Developer,Developer,41.6999,2.0835
Icedrop Games,Barcelona,Spain,Developer,Developer,41.1178,1.9317
Infinigon Games,Barcelona,Spain,Developer,Developer,41.4744,2.5755
Isolated Games,Barcelona,Spain,Developer,Developer,41.5385,1.7702
JanduSoft Games,Barcelona,Spain,Developer and Publisher,Publisher,41.0778,2.3127
King.com (Activision),Barcelona,Spain,Mobile,Mobile,41.6994,2.3276
Larian Studios,Barcelona,Spain,Developer,Developer,41.2436,1.7505
Lince Works,Barcelona,Spain,Developer,Developer,41.2878,2.5956
Little Miracles Games,Barcelona,Spain,Developer,Developer,41.6877,1.9255
Lusho Games,Barcelona,Spain,Microstudio,Developer,41.0466,2.061
Melbot Studios,Barcelona,Spain,Developer,Developer,41.5935,2.5432
Moon Active,Barcelona,Spain,Mobile,Mobile,41.4329,1.6867
Mudskipper Games,Barcelona,Spain,Microstudio,Developer,41.1142,2.4705
Nomada Studio,Barcelona,Spain,Developer,Developer,41.7526,2.1767
Octavi Navarro,Barcelona,Spain,Microstudio,Developer,41.1271,1.8152
Oriol Cosp Games,Barcelona,Spain,Microstudio,Developer,41.4077,2.6526
Paradox Tinto,Barcelona,Spain,Developer and Publisher,Publisher,41.6271,1.7745
Parrot Games (SocialPoint),Barcelona,Spain,Mobile,Mobile,41.0149,2.2285
Penguin Armada,Barcelona,Spain,Developer and Publisher,Publisher,41.7024,2.4468
Petoons Studio,Barcelona,Spain,Developer,Developer,41.3027,1.6601
Piccolo Studio,Barcelona,Spain,Developer,Developer,41.1979,2.6081
Picollo Studio,Barcelona,Spain,Developer,Developer,41.7602,1.9984
Poti Poti Studio,Barcelona,Spain,Developer,Developer,41.0306,1.9412
Product Madness Spain (Aristocrat),Barcelona,Spain,Mobile,Mobile,41.5438,2.646
Rovio Barcelona,Barcelona,Spain,Mobile,Mobile,41.5223,1.6564
Sand Castles Studio,Barcelona,Spain,Developer,Developer,41.0329,2.4113
Sandsoft Games,Barcelona,Spain,Developer and Publisher,Publisher,41.7821,2.2944
Scopely,Barcelona,Spain,Developer and Publisher,Publisher,41.1658,1.7016
Social Point (Take-Two Interactive Software),Barcelona,Spain,Developer,Developer,41.3209,2.7011
Spacego,Barcelona,Spain,Mobile,Mobile,41.7159,1.8179
Starjuice,Barcelona,Spain,Mobile,Mobile,40.9717,2.1157
Studio Koba,Barcelona,Spain,Mobile,Mobile,41.6764,2.5693
Super PowerUp Games,Barcelona,Spain,Developer,Developer,41.3847,1.5935
Tangelo Games,Barcelona,Spain,Online,Other,41.1033,2.5826
Tanuki Game Studio,Barcelona,Spain,Developer and Publisher,Publisher,41.8169,2.1033
TapTapTales,Barcelona,Spain,Mobile,Mobile,41.0426,1.8123
The Breach Studios,Barcelona,Spain,Developer,Developer,41.4689,2.7301
Thruster Games,Barcelona,Spain,Developer,Developer,41.6207,1.6625
TikTak Games,Barcelona,Spain,Online,Other,40.9635,2.3173
Tilting Point,Barcelona,Spain,Publisher,Publisher,41.7852,2.4269
Titutitech,Barcelona,Spain,Mobile,Mobile,41.2313,1.6011
Troglobytes Games,Barcelona,Spain,Developer,Developer,41.2212,2.7156
U-Play Online,Barcelona,Spain,Mobile,Mobile,41.797,1.8979
Ubisoft Barcelona,Barcelona,Spain,Developer and Publisher,Publisher,40.9528,1.9829
Uncasual Games,Barcelona,Spain,Developer,Developer,41.6224,2.6845
Undercoders,Barcelona,Spain,Developer,Developer,41.4834,1.5576
Unfinished Pixel,Barcelona,Spain,Developer,Developer,41.0121,2.5194
VirtualAge,Barcelona,Spain,Extended Reality (XR),XR (VR/AR),41.8519,2.2329
Voodoo,Barcelona,Spain,Mobile,Mobile,41.083,1.6849
Weird Beluga Studios,Barcelona,Spain,Developer,Developer,41.3739,2.7874
XRHealth,Barcelona,Spain,Health,Other,41.7201,1.7065
Zeptolab,Barcelona,Spain,Developer and Publisher,Publisher,40.9126,2.1946
Zynga,Barcelona,Spain,Mobile,Mobile,41.76,2.5637
Playful Systems,North Haven,United States,Developer,Developer,41.39093,-72.85954
Main Gauche Games,Hamden,United States,Developer,Developer,41.39593,-72.89677
Augment Therapy,Chagrin Falls,United States,Health,Other,41.43616,-81.3865
Surgical Theater,Beachwood,United States,Health,Other,41.4645,-81.50873
Vincent Adinolfi,Durham,United States,Developer,Developer,41.48176,-72.68121
Fletcher Studios,Lakewood,United States,Extended Reality (XR),XR (VR/AR),41.48199,-81.79819
Flipline Studios,Cleveland,United States,Microstudio,Developer,41.4995,-81.69541
Handelabra Games,Cleveland,United States,Developer,Developer,41.5333,-81.7446
Moonroof Studios,Cleveland,United States,Developer,Developer,41.4291,-81.6872
NewFutureKids,Cleveland,United States,Developer,Developer,41.5682,-81.6251
Pie for Breakfast Studios,Cleveland,United States,Developer,Developer,41.4821,-81.8269
Polytundra,Cleveland,United States,Mobile,Mobile,41.4395,-81.5695
Snowbright Studio,Cleveland,United States,Developer,Developer,41.6178,-81.7379
Socent Studios,Cleveland,United States,Developer,Developer,41.3821,-81.7768
Studio Zevere,Cleveland,United States,Microstudio,Developer,41.548,-81.518
Victory VR,Davenport,United States,Extended Reality (XR),XR (VR/AR),41.52364,-90.57764
Freehold Games,North Liberty,United States,Developer,Developer,41.53421,-86.42723
Abrams Studios,Hamlet,United States,Developer,Developer,41.54754,-86.58224
Poke Life Studio,Braga,Portugal,Developer,Developer,41.5514,-8.42311
Drop of Pixel,Terrassa,Spain,Developer,Developer,41.56667,2.01667
Gold Creek Games,Des Moines,United States,Online,Other,41.60054,-93.60911
Hatchlings,Des Moines,United States,Mobile,Mobile,41.6343,-93.6584
Numinous Games,Des Moines,United States,Developer,Developer,41.5301,-93.6008
Final Boss Games,Lleida,Spain,Developer,Developer,41.61674,0.62218
Molter Games,Lleida,Spain,Developer,Developer,41.6505,0.5729
Starloop Studios,Lleida,Spain,Developer,Developer,41.5463,0.6304
Evegoplayon,Batumi,Georgia,Developer,Developer,41.64077,41.6306
Human Qube Games,Batumi,Georgia,Publisher,Publisher,41.6745,41.5813
Ravenage,Batumi,Georgia,Publisher,Publisher,41.5703,41.6389
Finalboss Games,Tarrega,Spain,Developer,Developer,41.64704,1.13957
Sonomio Games,Valladolid,Spain,Developer,Developer,41.65541,-4.72353
Eclipse Games,Zaragosa,Spain,Developer,Developer,41.65606,-0.87734
Entalto Publishing,Zaragoza,Spain,Publisher,Publisher,41.6898,-0.9267
Kraken Empire,Zaragoza,Spain,Developer,Developer,41.5856,-0.8691
Life Zero Games,Zaragoza,Spain,Developer,Developer,41.7248,-0.8068
Siesta Games,Zaragoza,Spain,Developer,Developer,41.6386,-1.0091
Webfoot Technologies,Lemont,United States,Developer,Developer,41.67364,-88.00173
Animmal,Tbilisi,Georgia,Developer,Developer,41.69143,44.83412
Bureau Bravin,Tbilisi,Georgia,Developer,Developer,41.7252,44.7847
Half Sword Games,Tbilisi,Georgia,Developer,Developer,41.621,44.8424
Lutor Games,Tbilisi,Georgia,Mobile,Mobile,41.7602,44.9047
Playrix,Tbilisi,Georgia,Mobile,Mobile,41.674,44.7023
Postred Play,Tbilisi,Georgia,Developer,Developer,41.6314,44.9604
ROAR Games,Tbilisi,Georgia,Developer,Developer,41.8097,44.7915
A.M. Games,Morenci,United States,Developer,Developer,41.71949,-84.218
CloudGate Studio,Aurora,United States,Extended Reality (XR),XR (VR/AR),41.76058,-88.32007
Vajrapod Studios,Hartford,United States,Developer,Developer,41.76371,-72.68509
Morbidware,Ciampino,Italy,Developer,Developer,41.80064,12.60158
Orion Games Inc.,Providence,United States,Developer,Developer,41.82399,-71.41283
OrionGames,Providence,United States,Developer,Developer,41.8578,-71.4623
Puddle,Providence,United States,Extended Reality (XR),XR (VR/AR),41.7536,-71.4045
Thumper,Providence,United States,Developer,Developer,41.8927,-71.3421
Firefly Studios,Canton,United States,Developer,Developer,41.824,-72.8937
Hive Studios,Oak Brook,United States,Developer,Developer,41.83281,-87.92895
Big Owl Interactive,Batavia,United States,Developer,Developer,41.85003,-88.31257
Analgesic Productions,Chicago,United States,Developer,Developer,41.85003,-87.65005
Babaroga Games,Chicago,United States,Mobile,Mobile,41.8838,-87.6995
Bassett Interactive,Chicago,United States,Microstudio,Developer,41.7796,-87.6418
Beder Studios,Chicago,United States,Developer,Developer,41.9188,-87.5793
Cardboard Computer,Chicago,United States,Developer,Developer,41.8326,-87.7822
Culture Shock Games,Chicago,United States,Developer,Developer,41.79,-87.5234
Deadlift Studios,Chicago,United States,Developer,Developer,41.9683,-87.6927
Embodied Labs,Chicago,United States,Health,Other,41.7326,-87.7319
Everi,Chicago,United States,Developer,Developer,41.8985,-87.4717
FlashPoint Games,Chicago,United States,Developer,Developer,41.9073,-87.8362
Galla,Chicago,United States,Developer,Developer,41.7068,-87.5601
Glass Arcade,Chicago,United States,Developer,Developer,42.0083,-87.5834
Hiding Spot Games,Chicago,United States,Developer,Developer,41.7632,-87.8512
IGDA IIT (Illinois Institute of Technology),Chicago,United States,Organization,Other,41.8113,-87.4137
IGDA Illinois - Chicago,Chicago,United States,Organization,Other,42.0031,-87.7945
ImmersiveTouch,Chicago,United States,Serious Games,Other,41.658,-87.6835
Indie City Games,Chicago,United States,Organization,Other,41.9789,-87.4447
Iron Galaxy Studios,Chicago,United States,Developer,Developer,41.8585,-87.9266
Iteration 11,Chicago,United States,Microstudio,Developer,41.7004,-87.4482
Jackbox,Chicago,United States,Developer,Developer,42.0677,-87.6636
King.com (Activision),Chicago,United States,Mobile,Mobile,41.6783,-87.8424
Level Ex Games Powered by Relevate Health,Chicago,United States,Health,Other,41.8806,-87.3452
Lunoland,Chicago,United States,Developer,Developer,41.984,-87.9085
Mountain King Studios,Chicago,United States,Developer,Developer,41.6161,-87.5794
Myth and Mortar,Chicago,United States,Developer,Developer,42.0626,-87.4866
NPC Studio,Chicago,United States,Developer,Developer,41.774,-87.9698
NetherRealm Studios (Warner Brothers Games),Chicago,United States,Developer,Developer,41.7431,-87.3393
Not a Sailor Studios,Chicago,United States,Developer,Developer,42.0897,-87.7847
Overfull Games,Chicago,United States,Developer,Developer,41.6011,-87.7703
Perfect Garbage Studios,Chicago,United States,Developer,Developer,41.9753,-87.3301
Phosphor Games Studio,Chicago,United States,Developer,Developer,41.9198,-88.0056
Raw Thrills,Chicago,United States,Developer,Developer,41.6159,-87.4479
Raze and Rebuild Studio,Chicago,United States,Developer,Developer,42.1288,-87.5857
Sam Enright,Chicago,United States,Developer,Developer,41.6742,-87.9549
Schmidt Workshops,Chicago,United States,Developer,Developer,41.826,-87.26
Second Breath Interactive,Chicago,United States,Microstudio,Developer,42.0672,-87.9197
Shared Memory,Chicago,United States,Developer,Developer,41.55,-87.6481
Sinister Design,Chicago,United States,Online,Other,42.0753,-87.3757
SomaSim Games,Chicago,United States,Developer,Developer,41.8216,-88.0621
Studio 369,Chicago,United States,Online,Other,41.6613,-87.3161
Synapse Games (Kongregate),Chicago,United States,Mobile,Mobile,42.1612,-87.726
TRIPP,Chicago,United States,Health,Other,41.5791,-87.879
The Men Who Wear Many Hats,Chicago,United States,Developer,Developer,41.9357,-87.2305
Trinket Studios,Chicago,United States,Microstudio,Developer,41.9997,-88.0417
Tumbleseed Team,Chicago,United States,Developer,Developer,41.5391,-87.4953
Verboso,Chicago,United States,Health,Other,42.1607,-87.4803
Waking Oni Games,Chicago,United States,Developer,Developer,41.7048,-88.0614
Wargaming Chicago-Baltimore,Chicago,United States,Online,Other,41.749,-87.2103
William Chyr Studio,Chicago,United States,Developer,Developer,42.1489,-87.8852
Young Horses,Chicago,United States,Developer,Developer,41.5078,-87.7487
Zynga,Chicago,United States,Online,Other,42.0548,-87.2631
aeiowu,Chicago,United States,Developer and Publisher,Publisher,41.8942,-88.1257
Play Mechanix (Raw Thrills),Glen Ellyn,United States,Developer,Developer,41.87753,-88.06701
Unleashed Games,Pawtucket,United States,Social,Other,41.87871,-71.38256
68k Studios,Rome,Italy,Developer,Developer,41.89193,12.51133
EpochalStorm,Rome,Italy,Developer,Developer,41.9257,12.4618
Fantastico Studio,Rome,Italy,Developer and Publisher,Publisher,41.8215,12.5196
Forward Games,Rome,Italy,Developer,Developer,41.9607,12.5821
GamePix,Rome,Italy,Publisher,Publisher,41.8745,12.379
GhostShark Games,Rome,Italy,Developer,Developer,41.8319,12.6381
Haruneko Entertainment,Rome,Italy,Developer,Developer,42.0102,12.4686
IGDA Italy,Rome,Italy,Organization,Other,41.7745,12.4294
Innvervoid Interactive,Rome,Italy,Developer,Developer,41.9404,12.6898
Invader Studios,Rome,Italy,Developer,Developer,41.9492,12.3251
Ivan Venturi Production,Rome,Italy,Developer,Developer,41.7487,12.6014
Kunos Simulazioni,Rome,Italy,Developer,Developer,42.0502,12.578
Rednoy,Rome,Italy,Developer,Developer,41.8051,12.31
Storm in a Teacup,Rome,Italy,Developer,Developer,41.8532,12.7479
Yonder,Rome,Italy,Developer,Developer,42.045,12.3668
indiegala,Rome,Italy,Developer,Developer,41.6999,12.4779
redBit Games,Rome,Italy,Mobile,Mobile,42.0208,12.7168
Commuter Games,Tivoli,Italy,Extended Reality (XR),XR (VR/AR),41.95952,12.8016
Bandai Namco Amusement America,Itasca,United States,Developer,Developer,41.97503,-88.00729
Indigo Studios,Girona,Spain,Developer,Developer,41.98311,2.82493
CrazyLabs (Embracer Group),Skopje,North Macedonia,Mobile,Mobile,41.99646,21.43141
IGDA Macedonia,Skopje,North Macedonia,Organization,Other,42.0302,21.3818
Macedonian Game Developers Association (MAGDA),Skopje,North Macedonia,Organization,Other,41.926,21.4397
Napnok Games,Skopje,North Macedonia,Social,Other,42.0652,21.5023
Sega Amusements USA,Elk Grove Village,United States,Developer,Developer,42.00392,-87.97035
Intellijoy,Skokie,United States,Mobile,Mobile,42.03336,-87.73339
Digital Dreams Entertainment,Morton Grove,United States,Developer,Developer,42.04059,-87.78256
High Voltage Software,Hoffman Estates,United States,Developer,Developer,42.04281,-88.0798
Ghost Sector Studios,wrentham,United States,Developer,Developer,42.06677,-71.32811
Incredible Technologies,Arlington Heights,United States,Developer,Developer,42.08836,-87.98063
Undead Fox,Bar,Montenegro,Microstudio,Developer,42.0937,19.09841
Snoozy Kazoo,West Springfield,United States,Developer,Developer,42.10704,-72.62037
eV Interactive,Palatine,United States,Developer,Developer,42.1103,-88.03424
Sudden Event Studios,Erie,United States,Developer,Developer,42.12922,-80.08506
Whitethorn Digital,Erie,United States,Publisher,Publisher,42.163,-80.1348
Podunk Games,Charlton,United States,Microstudio,Developer,42.13565,-71.97007
Prime Games,Plovdiv,Bulgaria,Developer,Developer,42.15387,24.75001
Part 12 Studios,Randolph,United States,Developer,Developer,42.1626,-71.04116
Gamers Outreach,Saline,United States,Organization,Other,42.16671,-83.78161
Honeypot Games,Ashland,United States,Microstudio,Developer,42.19458,-122.70948
Arcane Miracle Entertainment,Bonanza,United States,Extended Reality (XR),XR (VR/AR),42.1985,-121.4056
Ghost Story Games (Take-Two Interactive Software),Westwood,United States,Developer,Developer,42.21399,-71.2245
Azure Ravens,Ypsilanti,United States,Developer,Developer,42.24115,-83.61299
Oil Leak Games,Ypsilanti,United States,Developer,Developer,42.2749,-83.6628
Redact Games,Ypsilanti,United States,Developer,Developer,42.1707,-83.6046
Remote Alchemy,Ypsilanti,United States,Developer,Developer,42.3099,-83.5418
BTS Bioengineering,Quincy,United States,Health,Other,42.25288,-71.00227
IGDA Massachusetts - WPI (Worcester Polytechnic Institute),Worcester,United States,Organization,Other,42.26259,-71.80229
MassDiGI,Worcester,United States,Organization,Other,42.2964,-71.8521
Petricore Games,Worcester,United States,Mobile,Mobile,42.1922,-71.7939
PixelGamesHub,Worcester,United States,Microstudio,Developer,42.3313,-71.7311
Red Rabbit Games,Worcester,United States,Developer,Developer,42.2452,-71.9353
Zephyr Workshop,Worcester,United States,Developer,Developer,42.2026,-71.6748
Giant Light Studios,Pioneer Valley,United States,Developer,Developer,42.2626,-72.6
Abaca Games,Ann Arbor,United States,Developer,Developer,42.27756,-83.74088
Ann Arbor SPARK,Ann Arbor,United States,Incubator/Accelerator,Other,42.3113,-83.7907
Arbor Interactive,Ann Arbor,United States,Developer,Developer,42.2071,-83.7325
BetterPlay Studios,Ann Arbor,United States,Health,Other,42.3463,-83.6697
Bowl Cut Studios,Ann Arbor,United States,Developer,Developer,42.2601,-83.874
DreamGate VR,Ann Arbor,United States,Extended Reality (XR),XR (VR/AR),42.2176,-83.6134
Flip Alive Games,Ann Arbor,United States,Developer,Developer,42.3958,-83.7839
Gaudium,Ann Arbor,United States,Mobile,Mobile,42.1602,-83.8233
Heart Shaped Games,Ann Arbor,United States,Developer,Developer,42.3261,-83.5613
IGDA Michigan - Ann Arbor,Ann Arbor,United States,Organization,Other,42.3348,-83.9283
Image Space,Ann Arbor,United States,Developer,Developer,42.1344,-83.6503
Nochi,Ann Arbor,United States,Developer,Developer,42.4358,-83.6738
Oberon Technologies,Ann Arbor,United States,Extended Reality (XR),XR (VR/AR),42.1907,-83.9434
Ondydev,Ann Arbor,United States,Developer,Developer,42.2389,-83.5029
Pathless Productions,Ann Arbor,United States,Developer,Developer,42.4306,-83.8863
Sagenverse,Ann Arbor,United States,Serious Games,Other,42.0855,-83.7745
Spellbound AR,Ann Arbor,United States,Health,Other,42.4064,-83.5342
TCY Games,Ann Arbor,United States,Developer,Developer,42.2861,-84.0193
Thrill Switch Games,Ann Arbor,United States,Developer,Developer,42.1279,-83.5377
Virtual Repititions,Ann Arbor,United States,Extended Reality (XR),XR (VR/AR),42.4953,-83.7545
WAVR - Wide Awake VR,Ann Arbor,United States,Health,Other,42.1059,-83.9345
Wolverine Soft Studios,Ann Arbor,United States,Organization,Other,42.3081,-83.434
You Pass Universe,Ann Arbor,United States,Extended Reality (XR),XR (VR/AR),42.4115,-84.0011
White Wizard Games,Framingham,United States,Developer,Developer,42.27926,-71.41617
Warner Brothers Games Boston,Needham,United States,Online,Other,42.28343,-71.23283
XRHealth,Needham Heights,United States,Health,Other,42.3172,-71.2827
Belka Games,Budva,Montenegro,Mobile,Mobile,42.28721,18.83922
VEOM Studio,Budva,Montenegro,Developer,Developer,42.321,18.7894
Geeta Games,Kalamazoo,United States,Developer,Developer,42.29171,-85.58723
Plarium,Kalamazoo,United States,Developer,Developer,42.3255,-85.6371
Red Chop Games,Windsor,Canada,Online,Other,42.30008,-83.01654
Silver Key Games,Windsor,Canada,Online,Other,42.3339,-83.0664
Reky Studios,Canton,United States,Developer,Developer,42.30865,-83.48216
IGDA Massachusetts - Smith College,Northampton,United States,Organization,Other,42.32509,-72.6412
Rabble Games Studio,Medford,United States,Developer,Developer,42.32652,-122.87559
Wicked Saints Studio,Medford,United States,Developer,Developer,42.3603,-122.9255
Aerial_Knight,Detroit,United States,Developer,Developer,42.33143,-83.04575
Bracer Studios,Detroit,United States,Developer,Developer,42.3652,-83.0956
BrandXR,Detroit,United States,Extended Reality (XR),XR (VR/AR),42.261,-83.0374
Cubicorn Games,Detroit,United States,Developer,Developer,42.4002,-82.9745
DreamGeneSys,Detroit,United States,Mobile,Mobile,42.314,-83.179
Dreaming Door Games,Detroit,United States,Developer,Developer,42.2714,-82.9181
Motor City Pixel Works,Detroit,United States,Developer,Developer,42.4497,-83.0888
Plethora Project,Detroit,United States,Developer,Developer,42.214,-83.1282
Rocketcat Games,Detroit,United States,Mobile,Mobile,42.3799,-82.8661
Salt Free Interactive,Detroit,United States,Mobile,Mobile,42.3887,-83.2333
Templar Games,Detroit,United States,Developer,Developer,42.1882,-82.9551
Cryptyd,Newton,United States,Developer,Developer,42.33704,-71.20922
Disruptor Beam,Newton,United States,Online,Other,42.3708,-71.2591
Lantana Games,Newton,United States,Developer,Developer,42.2666,-71.2009
iThrive Games Foundation,Newton,United States,Organization,Other,42.4058,-71.1379
Outact,Marlborough,United States,Developer,Developer,42.34593,-71.55229
82 Apps,Boston,United States,Developer,Developer,42.35843,-71.05977
Akili Interactive,Boston,United States,Health,Other,42.3922,-71.1097
American Medical Extended Reality Association (AMXRA),Boston,United States,Organization,Other,42.288,-71.0514
Blizzard Entertainment,Boston,United States,Developer,Developer,42.4272,-70.9885
Boston Indies,Boston,United States,Organization,Other,42.341,-71.193
CD PROJEKT RED,Boston,United States,Developer,Developer,42.2984,-70.9321
Cairn4,Boston,United States,Developer,Developer,42.4767,-71.1028
Camlaan Games,Boston,United States,Publisher,Publisher,42.241,-71.1423
Chrixeleon,Boston,United States,Microstudio,Developer,42.4069,-70.88
Crate Entertainment,Boston,United States,Developer,Developer,42.4157,-71.2474
Decoy Games,Boston,United States,Developer,Developer,42.2152,-70.9691
Deep End Games,Boston,United States,Developer,Developer,42.5167,-70.9926
Demiurge Studios,Boston,United States,Developer,Developer,42.2716,-71.2626
Disco Pixel,Boston,United States,Developer,Developer,42.3197,-70.8215
FableVision Studios,Boston,United States,Developer,Developer,42.5115,-71.2054
Factus Games,Boston,United States,Developer,Developer,42.1664,-71.0934
First Break Labs,Boston,United States,Publisher,Publisher,42.4873,-70.8528
FundamentalXR,Boston,United States,Health,Other,42.3669,-71.3385
HappyGiant,Boston,United States,Extended Reality (XR),XR (VR/AR),42.2088,-70.8563
Heliocentric Studios,Boston,United States,Microstudio,Developer,42.5761,-71.0734
HitSave!,Boston,United States,Organization,Other,42.1867,-71.2537
IGDA Massachusetts - Boston,Boston,United States,Organization,Other,42.389,-70.7525
IGDA Massachusetts - Northeastern University,Boston,United States,Organization,Other,42.4924,-71.3203
Insightful VR,Boston,United States,Extended Reality (XR),XR (VR/AR),42.1245,-70.9885
Jungle Rumble,Boston,United States,Developer,Developer,42.571,-70.895
Kyle Seeley,Boston,United States,Microstudio,Developer,42.2824,-71.3821
Learning Games Network,Boston,United States,Organization,Other,42.2515,-70.7466
Level Ex Games Powered by Relevate Health,Boston,United States,Health,Other,42.5981,-71.1955
Lovelace Studio,Boston,United States,Developer,Developer,42.1095,-71.181
Mad Tale Games,Boston,United States,Developer,Developer,42.4837,-70.7372
Michael Zahniser,Boston,United States,Microstudio,Developer,42.4282,-71.4181
Neuromotion Labs,Boston,United States,Health,Other,42.1243,-70.856
OtherSide Entertainment (Aonic),Boston,United States,Developer,Developer,42.6372,-70.9949
Popcannibal,Boston,United States,Developer,Developer,42.1826,-71.3671
Poptropica,Boston,United States,Online,Other,42.3344,-70.6666
Rainbow Unicorn Games,Boston,United States,Developer,Developer,42.5756,-71.3316
Seafloor Games,Boston,United States,Developer,Developer,42.0584,-71.0578
Secret Portal,Boston,United States,Extended Reality (XR),XR (VR/AR),42.5837,-70.7832
SimforHealth,Boston,United States,Health,Other,42.33,-71.4751
Standing Stone Games,Boston,United States,Online,Other,42.1697,-70.7232
Storm Flag Games,Boston,United States,Online,Other,42.6696,-71.1364
Studio Blue Jay,Boston,United States,Developer,Developer,42.0875,-71.2905
Studio Digital Caffiene,Boston,United States,Developer,Developer,42.4441,-70.6369
Take-Two Interactive Software,Boston,United States,Developer and Publisher,Publisher,42.5081,-71.4545
Terrible Posture Games,Boston,United States,Developer,Developer,42.0475,-70.9037
The Deep End Games,Boston,United States,Developer,Developer,42.6691,-70.8886
Trese Brothers,Boston,United States,Developer,Developer,42.2132,-71.4745
Unruly Studios,Boston,United States,Serious Games,Other,42.2574,-70.6165
Upheaval Games,Boston,United States,Developer,Developer,42.6573,-71.2968
VIDEOCULT,Boston,United States,Developer,Developer,42.0162,-71.1592
Vector Z Studios,Boston,United States,Developer,Developer,42.5632,-70.6697
Videocult Media,Boston,United States,Developer,Developer,42.4026,-71.5393
Women in Games Boston,Boston,United States,Organization,Other,42.0839,-70.7435
Gorilla Tactics,Amherst,United States,Developer,Developer,42.36723,-72.51852
Dejobaan Games,Watertown,United States,Developer,Developer,42.37093,-71.18283
Radian Simulations,Plymouth,United States,Developer,Developer,42.37143,-83.47021
Stardock,Plymouth,United States,Developer and Publisher,Publisher,42.4052,-83.5201
Veridian Forge,Plymouth,United States,Developer,Developer,42.301,-83.4618
Augmend Health,Cambridge,United States,Health,Other,42.3751,-71.10561
Aunty Games,Cambridge,United States,Developer,Developer,42.4089,-71.1555
Fire Hose Games,Cambridge,United States,Developer,Developer,42.3047,-71.0972
Harmonix Music Systems (Epic Games),Cambridge,United States,Developer,Developer,42.4438,-71.0343
Luminopia,Cambridge,United States,Health,Other,42.3577,-71.2389
Stone Lantern Games,Cambridge,United States,Developer,Developer,42.3151,-70.9779
Subatomic Games,Cambridge,United States,Mobile,Mobile,42.4934,-71.1486
VirZOOM,Cambridge,United States,Extended Reality (XR),XR (VR/AR),42.2577,-71.1881
Zapdot,Cambridge,United States,Developer,Developer,42.4236,-70.9258
3 lb Games,Grosse Pointe,United States,Extended Reality (XR),XR (VR/AR),42.38615,-82.91186
Chump Squad,Somerville,United States,Developer,Developer,42.3876,-71.0995
Greylock Studio,Somerville,United States,Developer,Developer,42.4214,-71.1494
Rendever,Somerville,United States,Extended Reality (XR),XR (VR/AR),42.3172,-71.0911
Bomb Shelter Games,Clinton,United States,Developer,Developer,42.41676,-71.68285
Sports Mogul,Medford,United States,Developer,Developer,42.41843,-71.10616
Purpure Studio,Pontevedra,Spain,Developer,Developer,42.431,-8.64435
Delta Vision Games,Tivat,Montenegro,Mobile,Mobile,42.43623,18.69361
MonteGames,Tivat,Montenegro,Organization,Other,42.47,18.6437
Lion Shield Studios,Grants Pass,United States,Developer,Developer,42.43933,-123.33067
Silver Creek Entertainment,Grants Pass,United States,Developer,Developer,42.4731,-123.3806
3hills,Podgorica,Montenegro,Developer,Developer,42.44124,19.26309
Playrix,Podgorica,Montenegro,Mobile,Mobile,42.475,19.2131
Cuppa Games,Oak Park,United States,Developer,Developer,42.45948,-83.18271
Sense Arena,Woburn,United States,Extended Reality (XR),XR (VR/AR),42.47926,-71.15228
Elm Park Labs,Royal Oak,United States,Serious Games,Other,42.48948,-83.14465
Pixo VR,Royal Oak,United States,Serious Games,Other,42.5233,-83.1946
Ahrdymond Games,Warren,United States,Developer,Developer,42.49044,-83.01304
Flyover Games,Warren,United States,Developer,Developer,42.5242,-83.063
Oeh Interactive,Warren,United States,Developer,Developer,42.42,-83.0047
Jam City,Cedar Falls,United States,Mobile,Mobile,42.52776,-92.44547
SciPlay,Cedar Falls,United States,Mobile,Mobile,42.5615,-92.4955
SeithCG,Saint Genis des Fontaines,France,Developer,Developer,42.54325,2.9206
ImmersiveWorlds,Beverly,United States,Health,Other,42.55843,-70.88005
Chimeric,West Bloomfield,United States,Developer,Developer,42.56891,-83.38356
iRacing.com Motorsport Simulations,Chelmsford,United States,Online,Other,42.59981,-71.36728
Ratalaika Games,Leon,Spain,Publisher,Publisher,42.60003,-5.57032
alchemie,Troy,United States,Serious Games,Other,42.60559,-83.14993
Nitrous Butterfly,Lowell,United States,Developer,Developer,42.63342,-71.31617
Raitalaika Games,Villaquilambre,Spain,Mobile,Mobile,42.64685,-5.55835
Atomic Theory (Rocket Science Group),Albany,United States,Developer,Developer,42.65258,-73.75623
Blizzard Entertainment,Albany,United States,Developer,Developer,42.6864,-73.8064
Burgee Media,Albany,United States,Developer,Developer,42.5821,-73.7478
Fancy Games,Albany,United States,Mobile,Mobile,42.7213,-73.6846
IGDA New York - Albany,Albany,United States,Organization,Other,42.6352,-73.8901
Rockstar New England,Andover,United States,Developer,Developer,42.65843,-71.137
Funkitron,Boxford,United States,Developer,Developer,42.6612,-70.99672
Moon Metro Digital,Auburn Hills,United States,Developer,Developer,42.68753,-83.2341
Beast Burst Entertainment,Sofia,Bulgaria,Online,Other,42.69751,23.32415
Big Loop Studios,Sofia,Bulgaria,Developer,Developer,42.7313,23.274
Creative Assembly Sofia,Sofia,Bulgaria,Developer,Developer,42.6271,23.3326
Dreamteck,Sofia,Bulgaria,Developer,Developer,42.7662,23.3958
Forty Media OOD,Sofia,Bulgaria,Online,Other,42.6801,23.1902
Gameloft,Sofia,Bulgaria,Mobile,Mobile,42.6375,23.4525
Haemimont Games,Sofia,Bulgaria,Developer,Developer,42.8158,23.2809
Imperia Online,Sofia,Bulgaria,Online,Other,42.5801,23.2412
Kyodai (SOEDESCO),Sofia,Bulgaria,Developer,Developer,42.746,23.5049
PUNCHev Group,Sofia,Bulgaria,Developer,Developer,42.7547,23.1355
Rubico Games (PUNCHev Group),Sofia,Bulgaria,Mobile,Mobile,42.5543,23.4153
SEGA Studio Operations Sofia,Sofia,Bulgaria,Publisher,Publisher,42.8557,23.3917
Snapshot Games,Sofia,Bulgaria,Developer,Developer,42.6107,23.1202
Studio Mechka,Sofia,Bulgaria,Developer,Developer,42.6588,23.5637
The Sixth Hammer,Sofia,Bulgaria,Developer,Developer,42.8506,23.1777
Ubisoft Sofia,Sofia,Bulgaria,Developer and Publisher,Publisher,42.5055,23.2903
XS Software,Sofia,Bulgaria,Online,Other,42.8264,23.5322
Le Cabinet du Savoir Ludique ,Perpignan ,France,Microstudio,Developer,42.69764,2.89541
Will Winn Games,Okemos,United States,Developer,Developer,42.72226,-84.42747
Dang Makes Games,Troy,United States,Developer,Developer,42.72841,-73.69179
Omiya Games,Troy,United States,Developer,Developer,42.7622,-73.742
Terminal Velocity (Rocket Science Group),Troy,United States,Developer,Developer,42.658,-73.6834
Velan Studios,Troy,United States,Developer,Developer,42.7971,-73.6201
Wolfjaw Studios,Troy,United States,Online,Other,42.711,-73.8258
Erudis Games,Lansing,United States,Serious Games,Other,42.73253,-84.55553
Eternal Studio,Lansing,United States,Mobile,Mobile,42.7663,-84.6057
Juicy Chicken Games,Lansing,United States,Online,Other,42.6621,-84.5471
Programancer,Lansing,United States,Developer,Developer,42.8013,-84.4838
Swordswipe Studios,Lansing,United States,Developer,Developer,42.7151,-84.6896
Wayward Prophet,Lansing,United States,Developer,Developer,42.6725,-84.4271
oddByte Games,Lansing,United States,Developer,Developer,42.8508,-84.5988
Stacked Turtle Studio,East Lansing,United States,Developer,Developer,42.73698,-84.48387
ActiveWorlds,Newburyport,United States,Developer,Developer,42.81259,-70.87728
Muzzy Lane,Newburyport,United States,Developer,Developer,42.8464,-70.9275
Rocket Science Group,Schenectady,United States,Developer,Developer,42.81424,-73.93957
GECKODERS Games,Pamplona,Spain,Developer,Developer,42.81687,-1.64323
Nujajukata,Oxford,United States,Developer,Developer,42.82475,-83.26466
Crescent Moon Games,Scotia,United States,Developer and Publisher,Publisher,42.82647,-73.96429
Game.EUS,Vitoria-Gasteiz,Spain,Incubator/Accelerator,Other,42.84998,-2.67268
Reflect Studios,Buffalo,United States,Developer,Developer,42.88645,-78.87837
GalaxyTrail,Waterloo,United States,Developer,Developer,42.90479,-76.86274
Castle Coast Games,Grand Rapids,United States,Developer,Developer,42.96336,-85.66809
Dyscordian Entertainment,Grand Rapids,United States,Developer,Developer,42.9971,-85.7185
Finji,Grand Rapids,United States,Developer and Publisher,Publisher,42.8929,-85.6596
Knick-Knack Games,Grand Rapids,United States,Developer,Developer,43.0321,-85.5961
Protege Games Studios,Grand Rapids,United States,Serious Games,Other,42.9459,-85.8027
Rightstick Studios,Grand Rapids,United States,Developer,Developer,42.9034,-85.5392
Treefort Studios,Grand Rapids,United States,Developer,Developer,43.0816,-85.7115
Big Blue Bubble (Enad Global 7),London,Canada,Developer,Developer,42.98339,-81.23304
Big Viking Games,London,Canada,Mobile,Mobile,43.0172,-81.2834
Digital Extremes,London,Canada,Developer,Developer,42.913,-81.2246
Doom Turtle,London,Canada,Developer,Developer,43.0521,-81.161
FloWHOA,London,Canada,Developer,Developer,42.966,-81.3676
Joydrop,London,Canada,Mobile,Mobile,42.9234,-81.1041
Mongoose Rodeo,London,Canada,Developer,Developer,43.1017,-81.2765
Tactic Studios,London,Canada,Developer,Developer,42.866,-81.3164
Robot Loves Kitty,Manchester,United States,Developer,Developer,42.99564,-71.45479
Skymap Games,Manchester,United States,Developer,Developer,43.0294,-71.5052
Guild Software,Milwaukee,United States,Online,Other,43.0389,-87.90647
IGDA Wisconsin - MATC,Milwaukee,United States,Organization,Other,43.0727,-87.9569
Newt Industries,Milwaukee,United States,Developer,Developer,42.9685,-87.898
Crowbar Collective,Syracuse,United States,Developer,Developer,43.04812,-76.14742
Infamous Quests,Syracuse,United States,Developer,Developer,43.0819,-76.1979
Lake Effect Applications,Syracuse,United States,Mobile,Mobile,42.9777,-76.139
Merk Games,Syracuse,United States,Serious Games,Other,43.1168,-76.0753
RUST LTD,Syracuse,United States,Developer,Developer,43.0307,-76.2822
Dejima,Sapporo,Japan,Developer,Developer,43.06667,141.35
G-Style,Sapporo,Japan,Developer,Developer,43.1004,141.2995
BASEMENTMODE,Madison,United States,Developer,Developer,43.07305,-89.40123
Big Mode,Madison,United States,Publisher,Publisher,43.1068,-89.4517
Clockwork Giant,Madison,United States,Developer,Developer,43.0026,-89.3928
Epic Games,Madison,United States,Developer and Publisher,Publisher,43.1418,-89.3291
Filament Games,Madison,United States,Developer,Developer,43.0556,-89.536
Flippfly,Madison,United States,Developer,Developer,43.013,-89.2721
Lost Boys Interactive (Embracer Group),Madison,United States,Developer,Developer,43.1913,-89.4448
PUBG Studios (Krafton),Madison,United States,Online,Other,42.9557,-89.4847
Pastaspace Interactive,Madison,United States,Developer,Developer,43.1216,-89.2194
PerBlue,Madison,United States,Mobile,Mobile,43.1303,-89.591
Respawn Entertainment (Electronic Arts),Madison,United States,Developer,Developer,42.9298,-89.3095
Sky Ship Studios,Madison,United States,Developer,Developer,43.2313,-89.3333
Wisconsin Games Alliance,Madison,United States,Organization,Other,42.9862,-89.6064
ZeniMax Online Studios,Madison,United States,Online,Other,43.0343,-89.1602
Rushdown Studios,Saratoga Springs,United States,Developer,Developer,43.08313,-73.78457
Raven Software (Activision),Middleton,United States,Developer,Developer,43.09722,-89.50429
1917 Studios,Vladivostok,Russian Federation,Developer,Developer,43.10562,131.87353
Mytona,Vladivostok,Russian Federation,Mobile,Mobile,43.1394,131.823
LookAtMyGame,Sanary sur mer,France,Publisher,Publisher,43.11985,5.80155
For Real Games,Rockford,United States,Developer,Developer,43.12003,-85.56003
Backstab Industries,Rochester,United States,Developer,Developer,43.15478,-77.61556
Dan & Gary Games,Rochester,United States,Developer,Developer,43.1886,-77.6661
Darkwind Media,Rochester,United States,Developer,Developer,43.0843,-77.6071
Imaginary Monsters,Rochester,United States,Developer,Developer,43.2235,-77.5433
Second Avenue Learning,Rochester,United States,Developer,Developer,43.1374,-77.7505
Trent Garlipp,Rochester,United States,Developer,Developer,43.0948,-77.4862
Workinman Interactive,Rochester,United States,Developer,Developer,43.2731,-77.6591
zagawee,Rochester,United States,Microstudio,Developer,43.0374,-77.6991
Adjective Noun Studios,St. Catherines,Canada,Mobile,Mobile,43.1594,-79.2469
Apocalypse Studios,St. Catherines,Canada,Developer,Developer,43.1932,-79.2974
Creative Bytes Studios,St. Catherines,Canada,Mobile,Mobile,43.089,-79.2384
Falling Squirrel Games,St. Catherines,Canada,Developer,Developer,43.2281,-79.1747
Phantom Compass,St. Catherines,Canada,Developer,Developer,43.142,-79.3819
PixelNAUTS,St. Catherines,Canada,Developer,Developer,43.0994,-79.1176
Rocketship Park,St. Catherines,Canada,Mobile,Mobile,43.2777,-79.2905
Aerosoft North America,Lucan,Canada,Developer,Developer,43.18339,-81.39976
High Iron Studios,Waunakee,United States,Developer,Developer,43.19194,-89.45567
Medaverse,Dover,United States,Developer,Developer,43.19786,-70.87367
Virtual Basement,Concord,United States,Developer,Developer,43.20814,-71.53757
DragonFly Studio,Varna,Bulgaria,Developer,Developer,43.21912,27.91024
Zariba,Varna,Bulgaria,Developer,Developer,43.2529,27.8596
BattleGoat Studios,Hamilton,Canada,Developer,Developer,43.25011,-79.84963
Heavy Pepper,Hamilton,Canada,Developer,Developer,43.2839,-79.9002
MANGLEDmaw Games,Hamilton,Canada,Microstudio,Developer,43.1797,-79.8411
Moonray Studios,Hamilton,Canada,Developer,Developer,43.3188,-79.7773
Nefarious Dimensions,Hamilton,Canada,Developer,Developer,43.2327,-79.9848
Resnijars,Hamilton,Canada,Developer,Developer,43.1901,-79.7201
SHG Studios,Hamilton,Canada,Social,Other,43.3684,-79.8933
Cyber Temple Games,Almaty,Kazakhstan,Developer,Developer,43.25249,76.9115
Far Far Games,Almaty,Kazakhstan,Developer,Developer,43.2863,76.8609
Goodwin Games,Almaty,Kazakhstan,Developer,Developer,43.1821,76.92
Ice-Pick Lodge,Almaty,Kazakhstan,Developer,Developer,43.3212,76.9838
Odd-Meter Games,Almaty,Kazakhstan,Developer,Developer,43.2351,76.7763
Playrix,Almaty,Kazakhstan,Mobile,Mobile,43.1925,77.041
Wild Forest Studio,Almaty,Kazakhstan,Developer,Developer,43.3708,76.8678
Xocus,Almaty,Kazakhstan,Extended Reality (XR),XR (VR/AR),43.1351,76.8278
MainLoop Games,Bilbao,Spain,Developer,Developer,43.26271,-2.92528
Exkee,Marseille,France,Developer,Developer,43.29695,5.38107
Kilosaurus,Marseille,France,Developer,Developer,43.3307,5.3304
Pyair Vander,Marseille,France,Developer,Developer,43.2265,5.3896
StoryBird Studio,Marseille,France,Developer and Publisher,Publisher,43.3657,5.4535
Fair Weather Studios,Decorah,United States,Developer,Developer,43.30331,-91.78571
Praenaris,Donostia,Spain,Developer,Developer,43.31283,-1.97499
GravityCode,Nis,Serbia,Developer,Developer,43.32472,21.90333
Peaksel,Nis,Serbia,Mobile,Mobile,43.3585,21.8527
Sozap,Nis,Serbia,Mobile,Mobile,43.2543,21.9118
Zomorro Studio,Irun,Spain,Developer,Developer,43.33904,-1.78938
Blot Interactive,Cambridge,Canada,Developer,Developer,43.3601,-80.31269
Boltz Entertainment,Oviedo,Spain,Developer,Developer,43.36029,-5.84476
Milkstone Studios,Oviedo,Spain,Developer,Developer,43.3941,-5.8955
Virtway,Oviedo,Spain,Developer,Developer,43.2899,-5.8363
Aruma Studios,A Coruña,Spain,Developer,Developer,43.37135,-8.396
Baroque Decay Games,A Coruña,Spain,Developer,Developer,43.4051,-8.4467
Kvitravn Games,A Coruña,Spain,Microstudio,Developer,43.3009,-8.3875
Madruga Works,A Coruña,Spain,Developer,Developer,43.4401,-8.3235
Prodigy,Burlington,Canada,Online,Other,43.38621,-79.83713
Ropstam Game Studio,Burlington,Canada,Mobile,Mobile,43.42,-79.8879
Dagga Soft,Kitchener,Canada,Developer,Developer,43.42537,-80.5112
Electronic Arts,Kitchener,Canada,Mobile,Mobile,43.4591,-80.562
Fluxscopic,Kitchener,Canada,Developer,Developer,43.3549,-80.5027
Horrible Unicorn Game Studios,Kitchener,Canada,Developer,Developer,43.4941,-80.4386
Madgarden,Kitchener,Canada,Microstudio,Developer,43.408,-80.6468
Red Meat Games,Kitchener,Canada,Developer,Developer,43.3654,-80.3813
Apparition Games,Oakville,Canada,Developer,Developer,43.45011,-79.68292
Rockstar Toronto,Oakville,Canada,Developer,Developer,43.4839,-79.7337
Studio MDHR,Oakville,Canada,Developer,Developer,43.3797,-79.6744
Feel Good Games,Waterloo,Canada,Serious Games,Other,43.4668,-80.51639
Lunarch Studios,Waterloo,Canada,Developer,Developer,43.5006,-80.5672
Odyssey Interactive,Waterloo,Canada,Developer,Developer,43.3964,-80.5079
CrazyBits,Gijón,Spain,Mobile,Mobile,43.53573,-5.66152
Curious Media,Nampa,United States,Developer,Developer,43.54072,-116.56346
DragonSpires: Fragmented Memories,Guelph,Canada,Online,Other,43.54594,-80.25599
Milk Bag Games,Guelph,Canada,Developer,Developer,43.5797,-80.3069
Wild Cockatiel Games,Mississauga,Canada,Developer,Developer,43.5789,-79.6583
Masseka Studio,Toulouse,France,Developer and Publisher,Publisher,43.60426,1.44367
Miju Games,Toulouse,France,Developer,Developer,43.638,1.3928
Nameless XIII,Toulouse,France,Microstudio,Developer,43.5338,1.4522
Oloroun (Masseka Game Studio),Toulouse,France,Publisher,Publisher,43.673,1.5164
Rundisc,Toulouse,France,Developer,Developer,43.5868,1.3077
Soul Games Studios,Toulouse,France,Developer,Developer,43.5443,1.5739
SoulGame Studio,Toulouse,France,Developer,Developer,43.7225,1.3998
TavroxGames,Toulouse,France,Developer,Developer,43.4869,1.3595
Umeshu Lovers,Toulouse,France,Developer,Developer,43.6528,1.6271
Panik Arcade,Ancona,Italy,Developer,Developer,43.60717,13.5103
HDmedical,Rutland,United States,Serious Games,Other,43.61062,-72.97261
Alt Shift,Montpellier,France,Mobile,Mobile,43.61093,3.87635
Artisan Studios,Montpellier,France,Developer,Developer,43.6447,3.8254
BBlack Studio,Montpellier,France,Developer,Developer,43.5405,3.8849
BlueTwelve Studio,Montpellier,France,Developer,Developer,43.6797,3.9491
Curapy,Montpellier,France,Serious Games,Other,43.5935,3.7403
Dear Villagers,Montpellier,France,Publisher,Publisher,43.5509,4.0066
Digixart Entertainment,Montpellier,France,Developer,Developer,43.7292,3.8324
Exalted Studio,Montpellier,France,Mobile,Mobile,43.4935,3.7921
La Moutarde,Montpellier,France,Developer,Developer,43.6594,4.0598
Magic Design Studios,Montpellier,France,Developer,Developer,43.6682,3.6849
Montpellier Game Lab,Montpellier,France,Incubator/Accelerator,Other,43.4677,3.9689
Oudidon,Montpellier,France,Developer,Developer,43.7692,3.9449
PID Games,Montpellier,France,Publisher,Publisher,43.5241,3.6694
Pirogue Studio,Montpellier,France,Mobile,Mobile,43.5722,4.1195
Pixel Reef,Montpellier,France,Developer,Developer,43.764,3.7277
Plane Toast,Montpellier,France,Developer,Developer,43.4189,3.842
Sandfall Interactive,Montpellier,France,Developer,Developer,43.7398,4.0876
Sideways Experiments,Montpellier,France,Mobile,Mobile,43.6194,3.5919
Splashteam,Montpellier,France,Developer,Developer,43.4613,4.084
Swing Swing Submarine,Montpellier,France,Developer,Developer,43.8286,3.8624
The Game Bakers,Montpellier,France,Developer,Developer,43.4392,3.6785
Ubisoft Montpellier,Montpellier,France,Developer and Publisher,Publisher,43.6415,4.19
Unexpected Studio,Montpellier,France,Developer,Developer,43.7449,3.6105
Wild Sheep Studio,Montpellier,France,Developer,Developer,43.377,3.949
WillGreen Studio,Montpellier,France,Microstudio,Developer,43.8235,4.0446
Battle Road Digital,Meridian,United States,Serious Games,Other,43.61211,-116.39151
Visual Concepts Blueshift (2K),Meridian,United States,Developer,Developer,43.6459,-116.4424
Black Box VR,Boise,United States,Extended Reality (XR),XR (VR/AR),43.6135,-116.20345
Cosmic Dog,Boise,United States,Developer,Developer,43.6473,-116.2544
Eventide Games,Boise,United States,Developer,Developer,43.5431,-116.1949
Fractal Blue Entertainment,Boise,United States,Extended Reality (XR),XR (VR/AR),43.6822,-116.1307
HakJak Productions,Boise,United States,Microstudio,Developer,43.5961,-116.3395
Mighty Coconut,Boise,United States,Developer,Developer,43.5535,-116.0732
tinyBuild Games,Boise,United States,Developer and Publisher,Publisher,43.7318,-116.2474
Feerik Games,Grabels,France,Online,Other,43.648,3.80144
Activision Portland,Portland,United States,Developer and Publisher,Publisher,43.65737,-70.2589
1492 Studio (Ubisoft),Vailhauques,France,Mobile,Mobile,43.67204,3.71828
Piranaking,Arles,France,Developer,Developer,43.67681,4.63031
Smart Tale,Arles,France,Developer,Developer,43.7106,4.5793
Faycrest Studios,Big Rapids,United States,Developer,Developer,43.69808,-85.48366
NaturalPad,Prades-le-Lez,France,Serious Games,Other,43.6993,3.86504
Tiltfactor,Hanover,United States,Serious Games,Other,43.70229,-72.28954
Slormite Studios,Nice,France,Developer,Developer,43.70313,7.26608
Wolcen Studio,Nice,France,Developer,Developer,43.7369,7.2151
13AM Games,Toronto,Canada,Developer,Developer,43.70643,-79.39864
2Dogs Games,Toronto,Canada,Developer,Developer,43.7402,-79.4496
2K Play,Toronto,Canada,Developer and Publisher,Publisher,43.636,-79.3901
A Bit Awake,Toronto,Canada,Microstudio,Developer,43.7752,-79.3257
Achimostawinan Games,Toronto,Canada,Developer,Developer,43.689,-79.5349
Actual Humans,Toronto,Canada,Developer,Developer,43.6464,-79.2681
Adam Gryu,Toronto,Canada,Developer,Developer,43.8247,-79.4426
Albedo Informatics,Toronto,Canada,Mobile,Mobile,43.589,-79.483
Alientrap,Toronto,Canada,Developer,Developer,43.7549,-79.2149
Alpha Channel (Kepler Interactive),Toronto,Canada,Developer,Developer,43.7637,-79.5904
Asteroid Base,Toronto,Canada,Developer,Developer,43.5632,-79.3059
Autonomicity Games,Toronto,Canada,Mobile,Mobile,43.8647,-79.33
Axon Interactive,Toronto,Canada,Developer,Developer,43.6196,-79.6059
Bad Jump Games,Toronto,Canada,Mobile,Mobile,43.6677,-79.1551
BancyCo,Toronto,Canada,Developer,Developer,43.8595,-79.5475
Behold Studios,Toronto,Canada,Developer,Developer,43.5144,-79.4331
Bellwood Studios,Toronto,Canada,Developer,Developer,43.8353,-79.1871
Betterhalf Studios,Toronto,Canada,Developer,Developer,43.7149,-79.6836
Big Viking Games,Toronto,Canada,Mobile,Mobile,43.5568,-79.1906
Black Tabby Games,Toronto,Canada,Developer,Developer,43.9241,-79.4126
Bloom Digital Media,Toronto,Canada,Developer,Developer,43.5347,-79.5968
Blue Isle Studios,Toronto,Canada,Developer,Developer,43.737,-79.0845
Blue Ocean Games,Toronto,Canada,Investment,Other,43.8404,-79.6649
Bluish-Green Productions,Toronto,Canada,Developer,Developer,43.4725,-79.3258
Bobby Technology,Toronto,Canada,Developer,Developer,43.919,-79.2302
Brandon Braun,Toronto,Canada,Developer,Developer,43.6304,-79.7281
Caged Element,Toronto,Canada,Developer,Developer,43.5995,-79.0785
Capybara Games,Toronto,Canada,Developer,Developer,43.9461,-79.5374
Cellar Door Games,Toronto,Canada,Developer,Developer,43.4575,-79.5225
Certain Affinity (Keywords),Toronto,Canada,Developer,Developer,43.8317,-79.0689
City from Naught,Toronto,Canada,Developer,Developer,43.7762,-79.765
Clipwire Games,Toronto,Canada,Mobile,Mobile,43.4723,-79.1904
Cococucumber,Toronto,Canada,Developer,Developer,43.9852,-79.3324
Cream Productions,Toronto,Canada,Developer,Developer,43.5306,-79.7128
DMG Toronto,Toronto,Canada,Organization,Other,43.6824,-78.9967
Dark Slope Studios,Toronto,Canada,Extended Reality (XR),XR (VR/AR),43.9236,-79.6765
Digital Extremes,Toronto,Canada,Developer,Developer,43.4064,-79.3966
Double Speak Games,Toronto,Canada,Microstudio,Developer,43.9317,-79.116
DrinkBox Studios,Toronto,Canada,Developer,Developer,43.678,-79.8232
Eleos Games,Toronto,Canada,Developer,Developer,43.5177,-79.0546
Entertainment Software Association of Canada (ESAC),Toronto,Canada,Organization,Other,44.0176,-79.4769
Evil Trout,Toronto,Canada,Developer,Developer,43.4355,-79.6345
Fantasy Tales Online,Toronto,Canada,Online,Other,43.7921,-78.9663
Finish Line Games,Toronto,Canada,Developer,Developer,43.8561,-79.8022
Fractal Phase,Toronto,Canada,Developer,Developer,43.3955,-79.2392
Frolic Labs,Toronto,Canada,Developer,Developer,44.0171,-79.2237
Furcula,Toronto,Canada,Developer,Developer,43.5612,-79.8226
Gaggle Studios,Toronto,Canada,Developer,Developer,43.6054,-78.9455
Galacanine Entertainment Software,Toronto,Canada,Microstudio,Developer,44.0053,-79.6409
GalacticThumb,Toronto,Canada,Mobile,Mobile,43.3642,-79.5003
Game Arts International Network (GAIN),Toronto,Canada,Organization,Other,43.9112,-78.9999
Game Hive,Toronto,Canada,Mobile,Mobile,43.7506,-79.8888
GameHive,Toronto,Canada,Mobile,Mobile,43.4319,-79.0754
Gameloft,Toronto,Canada,Mobile,Mobile,44.0702,-79.3803
Games by Stitch,Toronto,Canada,Developer,Developer,43.4447,-79.7554
Gatarn Games,Toronto,Canada,Mobile,Mobile,43.7254,-78.8864
GestureTek Health,Toronto,Canada,Health,Other,43.9448,-79.7977
Get Set Games,Toronto,Canada,Mobile,Mobile,43.3326,-79.3265
Globacore,Toronto,Canada,Developer,Developer,44.0201,-79.0999
Glu Toronto (Electronic Arts),Toronto,Canada,Mobile,Mobile,43.6203,-79.9164
Gnometech,Toronto,Canada,Extended Reality (XR),XR (VR/AR),43.5155,-78.9325
Godmode Interactive,Toronto,Canada,Developer,Developer,44.0779,-79.5653
Golden Ventures,Toronto,Canada,Investment,Other,43.3482,-79.6247
Hand Eye Society,Toronto,Canada,Organization,Other,43.8614,-78.8932
Hilltop Studios,Toronto,Canada,Developer,Developer,43.84,-79.9202
HitGrab,Toronto,Canada,Developer,Developer,43.3505,-79.1368
Household Games,Toronto,Canada,Developer,Developer,44.0997,-79.2581
IGDA Ontario - Toronto,Toronto,Canada,Organization,Other,43.4834,-79.8733
IRIS VR,Toronto,Canada,Extended Reality (XR),XR (VR/AR),43.6386,-78.8361
Impossible Studio,Toronto,Canada,Extended Reality (XR),XR (VR/AR),44.0336,-79.7526
Indigo Doyle,Toronto,Canada,Developer,Developer,43.2894,-79.4436
Interactive Ontario (IO),Toronto,Canada,Organization,Other,43.994,-78.9728
Jam City,Toronto,Canada,Mobile,Mobile,43.7023,-79.9855
Jamhammer Games,Toronto,Canada,Developer,Developer,43.4209,-78.959
Jim Guthrie,Toronto,Canada,Microstudio,Developer,44.1345,-79.4564
Kitten Cup Studio,Toronto,Canada,Developer,Developer,43.3602,-79.7584
Klub Kofta Studio,Toronto,Canada,Developer,Developer,43.7865,-78.8059
Komi Games,Toronto,Canada,Developer and Publisher,Publisher,43.9383,-79.9139
L3O Interactive,Toronto,Canada,Developer,Developer,43.2811,-79.2343
LABS Works,Toronto,Canada,Microstudio,Developer,44.1028,-79.1206
Laundry Bear Games,Toronto,Canada,Developer,Developer,43.5489,-79.9777
Leafy Games,Toronto,Canada,Online,Other,43.5388,-78.8209
Lightning Rod Games,Toronto,Canada,Developer,Developer,44.1146,-79.6696
Lithic Entertainment,Toronto,Canada,Developer,Developer,43.2705,-79.5814
Little Buffalo,Toronto,Canada,Microstudio,Developer,43.9401,-78.8533
Little Guy Games,Toronto,Canada,Mobile,Mobile,43.801,-80.0228
Lofty Sky Entertainment,Toronto,Canada,Developer,Developer,43.3297,-79.0246
Longbow Games,Toronto,Canada,Developer,Developer,44.1695,-79.322
Love Conquers All Games,Toronto,Canada,Developer,Developer,43.4007,-79.8907
Lucky VR,Toronto,Canada,Extended Reality (XR),XR (VR/AR),43.6915,-78.7464
Lummox Labs,Toronto,Canada,Mobile,Mobile,44.0377,-79.8682
M5 Games,Toronto,Canada,Mobile,Mobile,43.2302,-79.3617
Magic Leap,Toronto,Canada,Extended Reality (XR),XR (VR/AR),44.0776,-78.9786
Magitech Corporation,Toronto,Canada,Developer,Developer,43.6375,-80.0588
Maple Powered Games,Toronto,Canada,Developer,Developer,43.4335,-78.8445
Massive Damage,Toronto,Canada,Mobile,Mobile,44.1808,-79.553
Maxis (Electronic Arts),Toronto,Canada,Developer,Developer,43.279,-79.7298
Mega Power Games,Toronto,Canada,Developer,Developer,43.8607,-78.7517
Metanet Software,Toronto,Canada,Developer,Developer,43.9096,-80.023
Mighty Yell Studios,Toronto,Canada,Developer,Developer,43.2494,-79.1268
Nihilocrat,Toronto,Canada,Developer,Developer,44.1786,-79.1709
Numizmatic,Toronto,Canada,Developer,Developer,43.4683,-80.0108
Oddbird Studio,Toronto,Canada,Developer,Developer,43.5825,-78.7215
Ontario Creates,Toronto,Canada,Organization,Other,44.1306,-79.784
Orangutan Matter,Toronto,Canada,Developer,Developer,43.2031,-79.5113
Peculiar Path,Toronto,Canada,Developer,Developer,44.0241,-78.8425
Picnic Game Labs,Toronto,Canada,Developer,Developer,43.7439,-80.1089
Pixel by Pixel Studios,Toronto,Canada,Developer,Developer,43.3302,-78.9077
Pok Pok,Toronto,Canada,Mobile,Mobile,44.226,-79.4092
Pomsky Games,Toronto,Canada,Mobile,Mobile,43.3164,-79.8786
Pong Studios,Toronto,Canada,Developer,Developer,43.7599,-78.677
Pop Sandbox,Toronto,Canada,Developer,Developer,44.0208,-79.9834
Power Level Studios,Toronto,Canada,Developer,Developer,43.1868,-79.2606
Prefabot,Toronto,Canada,Developer,Developer,44.159,-79.0131
Puzzle Cats,Toronto,Canada,Mobile,Mobile,43.5603,-80.1089
Quill Studios,Toronto,Canada,Developer,Developer,43.4663,-78.7355
Raikiri,Toronto,Canada,Extended Reality (XR),XR (VR/AR),44.2095,-79.6644
Redshift Panda,Toronto,Canada,Developer,Developer,43.2035,-79.674
Reptoid Games,Toronto,Canada,Developer,Developer,43.9438,-78.7229
Riyo Games,Toronto,Canada,Developer,Developer,43.862,-80.1218
Rocket 5 Studios,Toronto,Canada,Developer,Developer,43.2366,-79.0092
Rovio Toronto,Toronto,Canada,Mobile,Mobile,44.2453,-79.2462
Rubecki Games,Toronto,Canada,Developer,Developer,43.3822,-80.0171
Rubeki Games,Toronto,Canada,Online,Other,43.6432,-78.6365
SOFTGAMES,Toronto,Canada,Mobile,Mobile,44.1269,-79.9036
Sago Mini,Toronto,Canada,Mobile,Mobile,43.1476,-79.4193
Sago Sago Toys,Toronto,Canada,Mobile,Mobile,44.11,-78.8591
Sakura River Interactive,Toronto,Canada,Developer,Developer,43.6722,-80.1767
Sam C,Toronto,Canada,Developer,Developer,43.3504,-78.7906
Sean Bialo,Toronto,Canada,Microstudio,Developer,44.2681,-79.5148
Shining Spark Entertainment,Toronto,Canada,Developer,Developer,43.2338,-79.8395
Siege Camp,Toronto,Canada,Developer,Developer,43.8402,-78.6289
Sinking Ship Entertainment,Toronto,Canada,Developer,Developer,43.9847,-80.0938
Sinn Studio,Toronto,Canada,Extended Reality (XR),XR (VR/AR),43.1597,-79.1451
Sledgehammer Games (Activision),Toronto,Canada,Developer,Developer,44.2353,-79.0735
Sleeping Giant,Toronto,Canada,Mobile,Mobile,43.4743,-80.1354
SmileGate West,Toronto,Canada,Online,Other,43.5171,-78.6357
Snowman,Toronto,Canada,Developer,Developer,44.2204,-79.7857
Soft Rains,Toronto,Canada,Developer,Developer,43.1363,-79.5942
Spin Master,Toronto,Canada,Developer,Developer,44.0325,-78.7193
Spooky Squid Games,Toronto,Canada,Developer,Developer,43.7981,-80.2072
Spore Productions,Toronto,Canada,Mobile,Mobile,43.2424,-78.8863
Starspray Studios,Toronto,Canada,Microstudio,Developer,44.3009,-79.3426
Sticky Brain Studios,Toronto,Canada,Mobile,Mobile,43.294,-79.9975
Sticky Rice Games,Toronto,Canada,Publisher,Publisher,43.7181,-78.5688
Stitch Media,Toronto,Canada,Developer,Developer,44.1044,-80.0236
Take-Two Interactive Software,Toronto,Canada,Developer and Publisher,Publisher,43.1057,-79.3093
The Secret Location,Toronto,Canada,Extended Reality (XR),XR (VR/AR),44.1946,-78.9015
Thousand Stars Studio,Toronto,Canada,Microstudio,Developer,43.5888,-80.2242
Throwback Entertainment,Toronto,Canada,Developer,Developer,43.389,-78.6776
Titan1Studios,Toronto,Canada,Developer,Developer,44.2946,-79.6345
Torn Banner Studios,Toronto,Canada,Developer,Developer,43.1558,-79.7756
Turbulent (Cloud Imperium Games),Toronto,Canada,Online,Other,43.9292,-78.6035
Ubisoft Toronto,Toronto,Canada,Developer and Publisher,Publisher,43.9312,-80.1957
Uken Games,Toronto,Canada,Mobile,Mobile,43.1497,-79.0197
Varia Interactive,Toronto,Canada,Extended Reality (XR),XR (VR/AR),44.3039,-79.157
Vast Green Country,Toronto,Canada,Developer,Developer,43.3828,-80.1375
Vertex Pop,Toronto,Canada,Mobile,Mobile,43.5839,-78.5487
Visai Studios,Toronto,Canada,Developer,Developer,44.2134,-79.9124
Vivid Foundry,Toronto,Canada,Developer,Developer,43.0797,-79.4938
Wash Bear Studio,Toronto,Canada,Developer,Developer,44.1234,-78.7408
White Star Capital,Toronto,Canada,Investment,Other,43.7203,-80.2761
Wicked Interactive,Toronto,Canada,Publisher,Publisher,43.2664,-78.7626
Wooly Walrus Games,Toronto,Canada,Developer,Developer,44.3434,-79.4566
ZeMind Game Studio,Toronto,Canada,Mobile,Mobile,43.2069,-79.9528
Zynga,Toronto,Canada,Online,Other,43.8045,-78.5206
insertdisc5,Toronto,Canada,Microstudio,Developer,44.064,-80.1399
CINIC Games,Pisa,Italy,Developer,Developer,43.70853,10.4036
Down Smash Studios,North York,Canada,Developer,Developer,43.7615,-79.4111
VHornet Games,Fond Du Lac,United States,Extended Reality (XR),XR (VR/AR),43.775,-88.43883
Julia Minamata,Scarborough,Canada,Microstudio,Developer,43.7764,-79.2318
S-Cubed Entertainment,Scarborough,Canada,Microstudio,Developer,43.8102,-79.2829
LKA,Firenze,Italy,Developer,Developer,43.77925,11.24626
Xona Games,Yarmouth,Canada,Microstudio,Developer,43.83345,-66.11557
Game Pill,Vaughan,Canada,Developer,Developer,43.8361,-79.49827
Mirror2 Studios,Vaughan,Canada,Developer,Developer,43.8699,-79.5494
Fusty Game,Nimes,France,Developer,Developer,43.83665,4.35788
Midgar Studio,Nimes,France,Developer,Developer,43.8704,4.3068
Marslit Games,Lucca,Italy,Extended Reality (XR),XR (VR/AR),43.84369,10.50447
Astrotale Games,Sarajevo,Bosnia & Herzegovina,Developer,Developer,43.84864,18.35644
Gate21 (THQ Nordic),Sarajevo,Bosnia & Herzegovina,Developer,Developer,43.8824,18.3053
Mad Head Games,Sarajevo,Bosnia & Herzegovina,Developer,Developer,43.7782,18.365
niha.world,Sarajevo,Bosnia & Herzegovina,Developer and Publisher,Publisher,43.9174,18.4295
Freebird Games,Markham,Canada,Developer,Developer,43.86682,-79.2663
KiberKreker,Qonaev,Kazakhstan,Microstudio,Developer,43.867,77.067
Digital Leisure,Richmond Hill,Canada,Developer and Publisher,Publisher,43.87111,-79.43725
Immersive Factory,Terssac,France,Serious Games,Other,43.92776,2.0723
TLK Games,Albi,France,Developer,Developer,43.9298,2.148
Sedleo,Pistoia,Italy,Developer,Developer,43.93064,10.92365
Atlantis Studio,Avignon,France,Developer,Developer,43.94834,4.80892
Dragon’s Isle Software,Adams,United States,Developer,Developer,43.95608,-89.81818
V5 Play,Kragujevac,Serbia,Developer,Developer,44.01667,20.91667
Ahr-Ech,Eugene,United States,Developer,Developer,44.05207,-123.08675
Bitforest,Eugene,United States,Organization,Other,44.0858,-123.138
Dancing Ember,Eugene,United States,Developer,Developer,43.9816,-123.0781
Game Closure,Eugene,United States,Online,Other,44.1208,-123.0134
Innervision Games,Eugene,United States,Extended Reality (XR),XR (VR/AR),44.0347,-123.2238
Mad Otter Games,Eugene,United States,Developer,Developer,43.9921,-122.9555
Pipeworks (Virtuos),Eugene,United States,Developer,Developer,44.1703,-123.131
Two Guys From Andromeda,Eugene,United States,Developer,Developer,43.9347,-123.1716
Zynga,Eugene,United States,Developer,Developer,44.1006,-122.9019
Sony Computer Entertainment Bend Studio,Bend,United States,Developer and Publisher,Publisher,44.05817,-121.31531
ZeroTransform,Bend,United States,Extended Reality (XR),XR (VR/AR),44.0919,-121.3666
Cerebral Gardens,Bradford,Canada,Mobile,Mobile,44.115,-79.56
Midnite,Cesena,Italy,Mobile,Mobile,44.1391,12.24315
Candlestick Games,Warkworth,Canada,Microstudio,Developer,44.2,-77.883
Fring Frang,Saulnierville,Canada,Developer,Developer,44.264,-66.135
Funny Games,Imola,Italy,Developer,Developer,44.35916,11.7132
Singular Perception,Pieve Ligure,Italy,Extended Reality (XR),XR (VR/AR),44.37494,9.0941
HB Studios (2K),Lunenburg,Canada,Developer,Developer,44.37847,-64.31658
Monster Bath Games,Bridgewater,Canada,Microstudio,Developer,44.37856,-64.51882
gopokyo,Bridgwater,Canada,Developer,Developer,44.4123,-64.5704
Dirigo Games,Bar Harbor,United States,Developer,Developer,44.38758,-68.2039
One More Story Games,Barrie,Canada,Developer,Developer,44.40011,-79.66634
Innovina Interactive,Genova,Italy,Developer,Developer,44.40478,8.94439
Studio Kiku,Genova,Italy,Developer,Developer,44.4386,8.8928
The Space Backyard,Genova,Italy,Developer,Developer,44.3343,8.953
UNAmedia,Genova,Italy,Developer,Developer,44.4735,9.0181
Untold Games,Genova,Italy,Developer,Developer,44.3874,8.8066
DestinyBit,Ravenna,Italy,Developer,Developer,44.41344,12.20121
Ablaze Interactive,Bucharest,Romania,Developer,Developer,44.43225,26.10626
Amazon Games,Bucharest,Romania,Developer,Developer,44.466,26.0546
Amber,Bucharest,Romania,Developer,Developer,44.3618,26.1149
Atypical Games,Bucharest,Romania,Mobile,Mobile,44.501,26.1801
Bandai Namco Entertainment Romania,Bucharest,Romania,Mobile,Mobile,44.4148,25.9684
CRIAN SOFT,Bucharest,Romania,Developer,Developer,44.3722,26.2384
Carbon Incubator,Bucharest,Romania,Incubator/Accelerator,Other,44.5505,26.0617
EA Bucharest (Electronic Arts),Bucharest,Romania,Publisher,Publisher,44.3149,26.0209
EA Romania (Electronic Arts),Bucharest,Romania,Publisher,Publisher,44.4808,26.2923
EA Sports (Electronic Arts),Bucharest,Romania,Developer,Developer,44.4895,25.9121
Funcom (Tencent),Bucharest,Romania,Developer,Developer,44.289,26.2001
Game Dev Romania,Bucharest,Romania,Organization,Other,44.5905,26.1758
Gameloft,Bucharest,Romania,Mobile,Mobile,44.3454,25.8964
Gummycat,Bucharest,Romania,Developer,Developer,44.3935,26.3528
Hexworks (CI Games),Bucharest,Romania,Developer,Developer,44.5853,25.9556
Killhouse Games,Bucharest,Romania,Developer,Developer,44.2402,26.0714
King.com (Activision),Bucharest,Romania,Mobile,Mobile,44.5611,26.3204
Last Tales,Bucharest,Romania,Developer,Developer,44.4408,25.8178
Maximum Entertainment,Bucharest,Romania,Publisher,Publisher,44.2826,26.3168
Midnight.Works,Bucharest,Romania,Developer and Publisher,Publisher,44.65,26.0922
Moon Active,Bucharest,Romania,Mobile,Mobile,44.2606,25.9056
Playtika,Bucharest,Romania,Mobile,Mobile,44.4628,26.4243
Playwing,Bucharest,Romania,Mobile,Mobile,44.5662,25.8367
Romanian Game Developers Association (RGDA),Bucharest,Romania,Organization,Other,44.1983,26.18
SBSR,Bucharest,Romania,Developer,Developer,44.6448,26.2768
Sand Sailor Studio,Bucharest,Romania,Developer,Developer,44.3563,25.7727
Stillfront Group,Bucharest,Romania,Developer,Developer,44.3253,26.4304
SuperPlay,Bucharest,Romania,Mobile,Mobile,44.6719,25.9658
Those Awesome Guys,Bucharest,Romania,Developer and Publisher,Publisher,44.1833,25.9809
Ubisoft Bucharest,Bucharest,Romania,Developer and Publisher,Publisher,44.5575,26.44
White Pond Games,Bucharest,Romania,Developer,Developer,44.5021,25.7354
eRepublik,Bucharest,Romania,Online,Other,44.1981,26.3171
Hutch Games,Mahone Bay,Canada,Mobile,Mobile,44.44882,-64.38158
Frame Interactive,Burlington,United States,Developer,Developer,44.47588,-73.21207
Gaingels,Burlington,United States,Investment,Other,44.5097,-73.2637
Sundae Month,Burlington,United States,Developer,Developer,44.4054,-73.2034
Weathered Sweater,Winooski,United States,Developer,Developer,44.49144,-73.18568
Bologna Game Farm,Bologna,Italy,Incubator/Accelerator,Other,44.49381,11.33875
Studio Evil,Bologna,Italy,Developer,Developer,44.5276,11.2871
Studio Pizza,Bologna,Italy,Developer,Developer,44.4234,11.3474
Winter Wolves,Bologna,Italy,Developer,Developer,44.5625,11.4126
Midwest Games,Green Bay,United States,Publisher,Publisher,44.51916,-88.01983
Thawed Codebase,Green Bay,United States,Developer,Developer,44.5529,-88.0715
Heytibo,Gap,France,Microstudio,Developer,44.55858,6.07868
GraceWorks Interactive,Corvallis,United States,Developer,Developer,44.56457,-123.26204
Knife Edge Software,Corvallis,United States,Developer,Developer,44.5983,-123.3138
Qwerty Games,Drobeta Turnu Severin,Romania,Developer,Developer,44.62693,22.65288
Aava Games,Halifax,Canada,Microstudio,Developer,44.64269,-63.57688
Alpha Dog Games,Halifax,Canada,Developer,Developer,44.6765,-63.6287
Bagel+Balloon,Halifax,Canada,Developer,Developer,44.5723,-63.5682
Binogi,Halifax,Canada,Serious Games,Other,44.7114,-63.5028
Bitten Toast Games,Halifax,Canada,Developer,Developer,44.6253,-63.7153
Bluedrop Training and Simulation,Halifax,Canada,Serious Games,Other,44.5827,-63.4443
Cosmocat,Halifax,Canada,Developer,Developer,44.761,-63.6216
Cuirass Entertainment,Halifax,Canada,Developer,Developer,44.5253,-63.6626
Cycada Games,Halifax,Canada,Microstudio,Developer,44.6912,-63.3902
Digital Nova Scotia,Halifax,Canada,Organization,Other,44.6999,-63.7718
Falling Snow Interactive,Halifax,Canada,Microstudio,Developer,44.4995,-63.4827
Fire Titan Games,Halifax,Canada,Microstudio,Developer,44.8009,-63.5071
Fleet Sim Training Solutions,Halifax,Canada,Serious Games,Other,44.5558,-63.7875
Gamemode One,Halifax,Canada,Developer,Developer,44.604,-63.3294
Gogii Lighthouse Studios,Halifax,Canada,Developer,Developer,44.7957,-63.7281
Graphics and Experiential Media (GEM) Lab,Halifax,Canada,Organization,Other,44.4506,-63.6119
Handelabra Games,Halifax,Canada,Mobile,Mobile,44.7716,-63.3619
Ice Cold Blood,Halifax,Canada,Developer,Developer,44.6512,-63.8664
Interactive Society of Nova Scotia,Halifax,Canada,Organization,Other,44.4931,-63.3655
Island of Misfits,Halifax,Canada,Developer,Developer,44.8604,-63.591
Isometricorp Games,Halifax,Canada,Developer,Developer,44.471,-63.7782
Max Inferno,Halifax,Canada,Developer,Developer,44.6732,-63.2577
Modest Tree,Halifax,Canada,Serious Games,Other,44.7766,-63.8474
Paracosm Studio,Halifax,Canada,Extended Reality (XR),XR (VR/AR),44.4087,-63.5029
Phantom Rowboat,Halifax,Canada,Developer,Developer,44.8552,-63.4057
Pixel Goat Games,Halifax,Canada,Microstudio,Developer,44.5667,-63.9116
Prismatic Realms,Halifax,Canada,Microstudio,Developer,44.5358,-63.2516
Punk Science Studios,Halifax,Canada,Developer,Developer,44.8824,-63.7179
Puppet Academy,Halifax,Canada,Health,Other,44.3937,-63.7027
Pykrete Games,Halifax,Canada,Microstudio,Developer,44.768,-63.2419
Red Diamond Interactive,Halifax,Canada,Developer,Developer,44.7125,-63.9491
Red Meat Games,Halifax,Canada,Developer,Developer,44.4085,-63.3653
Shoelace Learning,Lakeside,Canada,Serious Games,Other,44.9214,-63.5095
Shweep Games,Halifax,Canada,Microstudio,Developer,44.4668,-63.896
Silverback Games,Halifax,Canada,Developer,Developer,44.6186,-63.1685
Silverback Productions,Halifax,Canada,Serious Games,Other,44.8598,-63.8592
Simlo Games,Halifax,Canada,Developer,Developer,44.3427,-63.5748
Spoony Bard Productions,Halifax,Canada,Developer,Developer,44.868,-63.2897
Strange Creature Factory,Halifax,Canada,Developer,Developer,44.6142,-64.0082
Stray Voltage Games,Halifax,Canada,Developer,Developer,44.4539,-63.2273
Styrax Studios,Halifax,Canada,Developer,Developer,44.9538,-63.6564
The Besszong Group Inc.,Halifax,Canada,Developer,Developer,44.3717,-63.8165
Trykon Studios,Halifax,Canada,Microstudio,Developer,44.7283,-63.1376
Ubisoft Halifax,Halifax,Canada,Mobile,Mobile,44.7924,-63.9869
Vesuvius Media,Halifax,Canada,Developer,Developer,44.3317,-63.4148
Weird Demon Games,Halifax,Canada,Microstudio,Developer,44.9533,-63.3991
Wreckit Games,Halifax,Canada,Developer,Developer,44.4975,-64.0076
Yarncat Games,Halifax,Canada,Developer,Developer,44.5417,-63.1165
Unbearable Studios,Boutiliers Point,Canada,Microstudio,Developer,44.66569,-63.95055
Little Red Dog Games,Potsdam,United States,Developer,Developer,44.66978,-74.98131
Criminal Catepillar Games,Dartmouth,Canada,Microstudio,Developer,44.67134,-63.57719
Progenitor Game Studios,Dartmouth,Canada,Developer,Developer,44.7051,-63.629
Talberon Games,Dartmouth,Canada,Microstudio,Developer,44.6009,-63.5685
Hunu Interactive,Sheridan,United States,Developer,Developer,44.79719,-106.95618
Saikey Studios,Sheridan,United States,Publisher,Publisher,44.831,-107.0081
Teamkill Media,Sheridan,United States,Developer,Developer,44.7268,-106.9475
VEOM Studio,Sheridan,United States,Developer,Developer,44.8659,-106.8819
Alkonost Team,Belgrade,Serbia,Developer,Developer,44.80401,20.46513
Altfuture,Belgrade,Serbia,Extended Reality (XR),XR (VR/AR),44.8378,20.4132
Altfuture,Belgrade,Serbia,Developer,Developer,44.7336,20.4738
Demagog Studio,Belgrade,Serbia,Developer,Developer,44.8727,20.5394
Ebb Software (Kepler Interactive),Belgrade,Serbia,Developer,Developer,44.7866,20.3263
Emotion Spark Studio,Belgrade,Serbia,Developer,Developer,44.744,20.5981
Entertainment Forge,Belgrade,Serbia,Microstudio,Developer,44.9223,20.4203
Fantastic Signals,Belgrade,Serbia,Developer,Developer,44.6866,20.3792
GFA Games Studio,Belgrade,Serbia,Online,Other,44.8525,20.6524
Hypnohead,Belgrade,Serbia,Developer,Developer,44.8612,20.2697
Konfa Games,Belgrade,Serbia,Developer,Developer,44.6608,20.5596
Lav Games,Belgrade,Serbia,Developer,Developer,44.9622,20.5351
LavGames,Belgrade,Serbia,Developer,Developer,44.7172,20.2539
Mad Head Games,Belgrade,Serbia,Developer,Developer,44.7653,20.7133
Moonburnt Studio,Belgrade,Serbia,Developer,Developer,44.9571,20.3135
Narhwal Accelerator,Belgrade,Serbia,Incubator/Accelerator,Other,44.612,20.4301
NeuroBlast Games,Belgrade,Serbia,Health,Other,44.9329,20.6807
Nordeus (Take-Two Interactive Software),Belgrade,Serbia,Mobile,Mobile,44.8125,20.1748
Pet Project Games,Belgrade,Serbia,Developer,Developer,44.6544,20.6771
Serbian Games Association (SGA),Belgrade,Serbia,Organization,Other,45.0217,20.4509
SportSpired Games,Belgrade,Serbia,Developer,Developer,44.6323,20.2632
Superverse Industries,Belgrade,Serbia,Developer,Developer,44.8346,20.7852
Unfrozen Studios,Belgrade,Serbia,Developer,Developer,44.938,20.1938
Wargaming Belgrade,Belgrade,Serbia,Online,Other,44.5701,20.5393
Zeptolab,Belgrade,Serbia,Developer and Publisher,Publisher,45.0165,20.6368
Tyre Bytes,Orleans,United States,Developer,Developer,44.81671,-72.23288
Anarkis Gaming,Bordeaux,France,Developer,Developer,44.84124,-0.58046
Asobo Studio,Bordeaux,France,Developer,Developer,44.875,-0.6325
Big Bad Wolf,Bordeaux,France,Developer,Developer,44.7708,-0.5717
Brain Up Studio,Bordeaux,France,Extended Reality (XR),XR (VR/AR),44.91,-0.5061
Bureau 81,Bordeaux,France,Developer,Developer,44.8238,-0.7193
Darenn Keller,Bordeaux,France,Developer,Developer,44.7812,-0.4474
Deepnight Games,Bordeaux,France,Developer,Developer,44.9595,-0.6253
Evil Empire Studio,Bordeaux,France,Developer,Developer,44.7238,-0.6664
Goloso Games,Bordeaux,France,Developer,Developer,44.8898,-0.3931
Headbang Club,Bordeaux,France,Developer,Developer,44.8985,-0.776
Ishtar Games,Bordeaux,France,Developer,Developer,44.698,-0.4859
Motion Twin,Bordeaux,France,Mobile,Mobile,44.9995,-0.5105
Nocturne Games,Bordeaux,France,Developer,Developer,44.7544,-0.7918
Nova-box,Bordeaux,France,Developer,Developer,44.8025,-0.3321
ORAGEgames,Bordeaux,France,Developer,Developer,44.9943,-0.7322
Onibi,Bordeaux,France,Developer,Developer,44.6492,-0.6156
Pixel Wrappers,Aquitaine,France,Developer,Developer,44.9701,-0.3648
Playwing,Bordeaux,France,Mobile,Mobile,44.8498,-0.871
Shiro Games,Bordeaux,France,Developer,Developer,44.6916,-0.3684
SimforHealth,Bordeaux,France,Health,Other,45.059,-0.5947
Sweet Nitro,Bordeaux,France,Online,Other,44.6696,-0.7825
The Moon Pirates,Bordeaux,France,Developer,Developer,44.8718,-0.2602
Ubisoft Bordeaux,Bordeaux,France,Developer and Publisher,Publisher,44.9752,-0.852
Umanimation,Bordeaux,France,Developer,Developer,44.6073,-0.5062
pataya,Bordeaux,France,Microstudio,Developer,45.0538,-0.4087
shinypix,Bordeaux,France,Mobile,Mobile,44.7653,-0.9164
Howling Moon Software,Inver Grove Heights,United States,Microstudio,Developer,44.84802,-93.04272
Activision Eden Prarie,Eden Prairie,United States,Developer,Developer,44.85469,-93.47079
Red Martyr Entertainment,Pula,Croatia,Developer,Developer,44.86833,13.84806
Gatorilla Games,Menomonie,United States,Developer,Developer,44.87552,-91.91934
Concrete Software,Edina,United States,Developer,Developer,44.88969,-93.34995
King Show Games,Minnetonka,United States,Developer,Developer,44.9133,-93.50329
Alex Leone Games,Saint Paul,United States,Microstudio,Developer,44.94441,-93.09327
Drattzy Games,Saint Paul,United States,Developer,Developer,44.9782,-93.1454
Soaring Roc Studio,Saint Paul,United States,Extended Reality (XR),XR (VR/AR),44.874,-93.0845
Plarium,Simferopol,Ukraine,Developer,Developer,44.95719,34.11079
Chazak Games,Wausau,United States,Developer,Developer,44.95914,-89.63012
7 Generation Games,Minneapolis,United States,Serious Games,Other,44.97997,-93.26384
Firefly VR,Minneapolis,United States,Health,Other,45.0137,-93.316
GLITCH,Minneapolis,United States,Investment,Other,44.9095,-93.2551
GameMill Entertainment,Minneapolis,United States,Publisher,Publisher,45.0487,-93.1893
Global Gaming Initiative,Minneapolis,United States,Developer,Developer,44.9626,-93.4031
Glossbird Games,Minneapolis,United States,Health,Other,44.92,-93.1305
IGDA Minnesota - Twin Cities,Minneapolis,United States,Organization,Other,45.0982,-93.3088
Napnok Games,Minneapolis,United States,Social,Other,44.8626,-93.35
Nice Games Alliance,Minneapolis,United States,Organization,Other,45.0285,-93.076
Noble Robot,Minneapolis,United States,Developer,Developer,45.0372,-93.4599
REM5 Studios,Minneapolis,United States,Extended Reality (XR),XR (VR/AR),44.8368,-93.1691
SayKid,Minneapolis,United States,Serious Games,Other,45.1382,-93.1937
Space Age Interactive,Minneapolis,United States,Extended Reality (XR),XR (VR/AR),44.8931,-93.4757
Space Mace Games,Minneapolis,United States,Developer,Developer,44.9413,-93.0149
Straydog,Minneapolis,United States,Developer,Developer,45.133,-93.416
Wallride Games,Minneapolis,United States,Developer and Publisher,Publisher,44.7879,-93.299
Jenkat Games,Lake Ellmo,United States,Developer and Publisher,Publisher,44.9958,-92.87938
Starcade Arcade,Roseville,United States,Developer,Developer,45.00608,-93.15661
Destineer,Plymouth,United States,Developer,Developer,45.01052,-93.45551
Stigma Studios,Valenza,Italy,Developer,Developer,45.01242,8.64379
Black Caviar Games,Krasnodar City,Russian Federation,Mobile,Mobile,45.04534,38.98178
Ino-Co,Krasnodar City,Russian Federation,Developer,Developer,45.0791,38.9296
Ino-Co Plus,Krasnodar City,Russian Federation,Developer,Developer,44.9749,38.9905
RedBoon Studios,Krasnodar City,Russian Federation,Developer,Developer,45.1141,39.0564
Rockbee Studio,Krasnodar City,Russian Federation,Developer,Developer,45.0279,38.8424
Mana Games,Romans-sur-Isere,France,Developer,Developer,45.0496,5.06602
SHK Interactive,Romans-sur-Isere,France,Developer,Developer,45.0834,5.0138
Heartbit Interactive,Piacenza,Italy,Developer,Developer,45.05242,9.69342
34 Big Things,Turin,Italy,Developer,Developer,45.07049,7.68682
Deep Monolith,Turin,Italy,Developer,Developer,45.1043,7.6346
Event Horizon Studios,Turin,Italy,Developer,Developer,45.0001,7.6956
Futurats,Turin,Italy,Developer,Developer,45.1392,7.7614
Lullabyte Games,Turin,Italy,Developer,Developer,45.0531,7.5474
Memorable Games,Turin,Italy,Developer,Developer,45.0105,7.8204
Molleindustria,Turin,Italy,Developer,Developer,45.1888,7.6418
Picaresque Studio,Turin,Italy,Developer,Developer,44.9531,7.6005
Quickload,Turin,Italy,Incubator/Accelerator,Other,45.119,7.8749
Tiny Bull Studios,Turin,Italy,Developer,Developer,45.1277,7.4905
Tmesis Studio,Turin,Italy,Developer,Developer,44.9273,7.7817
Air Games Studio,Rivoli,Italy,Developer,Developer,45.07073,7.51465
Pishook,Kentville,Canada,Microstudio,Developer,45.0771,-64.49605
Flat Hill Games,Vrsac,Serbia,Extended Reality (XR),XR (VR/AR),45.11667,21.30361
Rebel Planet Creations,Buffalo,United States,Developer,Developer,45.17191,-93.87469
Deneos,Grenoble,France,Developer,Developer,45.17869,5.71479
Mgtt Studio,Grenoble,France,Developer,Developer,45.2125,5.6625
Studio Chahut,Grenoble,France,Developer,Developer,45.1083,5.7236
Wild Mage Games,Grenoble,France,Developer,Developer,45.2474,5.7895
Brave Giant,Novi Sad,Serbia,Mobile,Mobile,45.25167,19.83694
CrazyLabs (Embracer Group),Novi Sad,Serbia,Mobile,Mobile,45.2854,19.7846
Eipix,Novi Sad,Serbia,Developer,Developer,45.1812,19.8457
Eipix Entertainment,Novi Sad,Serbia,Developer,Developer,45.3204,19.9118
Foxy Voxel,Novi Sad,Serbia,Developer,Developer,45.2343,19.6971
Mad Head Games,Novi Sad,Serbia,Developer,Developer,45.1917,19.9709
Playrix,Novi Sad,Serbia,Mobile,Mobile,45.3699,19.7918
Soma Games,Newberg,United States,Developer,Developer,45.30012,-122.97316
Divna Interactive,Rijeka,Croatia,Developer,Developer,45.32673,14.44241
PISMO,Novska,Croatia,Incubator/Accelerator,Other,45.34056,16.97694
Somos,Oregon City,United States,Health,Other,45.35734,-122.60676
Paperplane Therapeutics Virtual Reality,Granby,Canada,Health,Other,45.40008,-72.73243
pmrd,Granby,Canada,Microstudio,Developer,45.4339,-72.7849
Citeremis,Sherbrooke,Canada,Developer,Developer,45.40008,-71.89908
GolemLabs,Sherbrooke,Canada,Developer,Developer,45.4339,-71.9516
Better Half Team,Padua,Italy,Developer,Developer,45.40797,11.88586
Gamera Interactive,Padua,Italy,Developer,Developer,45.4417,11.8333
Digital Arrow,Temerin,Serbia,Developer,Developer,45.40861,19.88917
A-Game Studios,Ottawa,Canada,Developer,Developer,45.41117,-75.69812
Conatus Creative,Ottawa,Canada,Developer,Developer,45.4449,-75.7506
Dirty Rectangles,Ottawa,Canada,Organization,Other,45.3407,-75.6893
Doublespeak Games,Ottawa,Canada,Online,Other,45.4799,-75.6231
Ember Arcade,Ottawa,Canada,Developer,Developer,45.3938,-75.8384
Fire Face,Ottawa,Canada,Developer,Developer,45.3512,-75.5637
Fire Face Corporation,Ottawa,Canada,Developer,Developer,45.5294,-75.7434
Joey Drew Studios,Ottawa,Canada,Developer,Developer,45.2938,-75.785
Magmic Games,Ottawa,Canada,Mobile,Mobile,45.4597,-75.5089
Mardonpol,Ottawa,Canada,Developer,Developer,45.4684,-75.8956
North Peak Entertainment,Ottawa,Canada,Developer,Developer,45.268,-75.6027
Northern Forge Studios,Ottawa,Canada,Mobile,Mobile,45.5694,-75.6274
Playbrains,Ottawa,Canada,Developer,Developer,45.3243,-75.9116
SPARSE//GameDev,Ottawa,Canada,Developer,Developer,45.3725,-75.4473
SkyPyre Studios,Ottawa,Canada,Developer,Developer,45.5642,-75.8514
Snowed In Studios (Keywords),Ottawa,Canada,Developer,Developer,45.2191,-75.7336
Steel Crate Games,Ottawa,Canada,Extended Reality (XR),XR (VR/AR),45.5401,-75.4803
Khymeia,Noventa Padovana,Italy,Health,Other,45.415,11.95
Angel Corp,Saint-Etienne,France,Developer,Developer,45.43389,4.39
Rortos,Verona,Italy,Developer,Developer,45.43854,10.9938
3DClouds,Milan,Italy,Developer,Developer,45.46427,9.18951
505 Games (Digital Bros),Milan,Italy,Publisher,Publisher,45.498,9.1369
505 Pulse (Digital Bros),Milan,Italy,Publisher,Publisher,45.3938,9.1983
Antab Studio,Milan,Italy,Developer,Developer,45.533,9.2646
Avantgarden Games,Milan,Italy,Developer,Developer,45.4469,9.0491
BTS Bioengineering,Milan,Italy,Health,Other,45.4043,9.324
Bad Seed,Milan,Italy,Developer,Developer,45.5825,9.1442
Chubby Pixel,Milan,Italy,Developer,Developer,45.3469,9.1026
Coffee Beans Dev,Milan,Italy,Microstudio,Developer,45.5128,9.3789
D4N Studios,Milan,Italy,Developer,Developer,45.5215,8.9918
Day 4 Night Studios,Milan,Italy,Developer,Developer,45.3211,9.2851
Digital Bros,Milan,Italy,Publisher,Publisher,45.6225,9.2603
EMK Capital,Milan,Italy,Investment,Other,45.3774,8.9758
FLAT28 Collective,Milan,Italy,Developer,Developer,45.4256,9.4406
Funny Tales,Milan,Italy,Developer,Developer,45.6173,9.0361
Gameloft,Milan,Italy,Mobile,Mobile,45.2722,9.154
Global Fun,Milan,Italy,Mobile,Mobile,45.5932,9.4076
Indomitus Games,Milan,Italy,Developer,Developer,45.4728,8.8958
Italian Interactive Digital Entertainment Association (IIDEA),Milan,Italy,Organization,Other,45.3146,9.4039
Jyamma Games,Milan,Italy,Developer,Developer,45.682,9.1752
Koch Media,Milan,Italy,Publisher,Publisher,45.2926,8.9852
Lunar Great Wall Studios,Milan,Italy,Developer,Developer,45.4948,9.5133
Mangatar,Milan,Italy,Developer,Developer,45.5982,8.915
Milestone,Milan,Italy,Developer,Developer,45.2303,9.2646
MimiLab,Milan,Italy,Mobile,Mobile,45.6768,9.3632
MonkeyDoor,Milan,Italy,Publisher,Publisher,45.3883,8.8499
Nexent Games,Milan,Italy,Developer,Developer,45.3573,9.5195
PlaySys,Milan,Italy,Developer,Developer,45.7039,9.0465
RaceWard Studio,Milan,Italy,Developer,Developer,45.2153,9.0618
Reply Game Studios,Milan,Italy,Developer,Developer,45.5895,9.5293
Santa Ragione,Milan,Italy,Developer,Developer,45.5341,8.8119
Stormind Games,Milan,Italy,Developer,Developer,45.2301,9.4042
Studio Daimon,Milan,Italy,Developer,Developer,45.743,9.2578
Stupidi Pixel,Milan,Italy,Developer,Developer,45.2884,8.8657
Taito (Square Enix),Milan,Italy,Developer,Developer,45.4402,9.6038
Team SolEtude,Milan,Italy,Developer,Developer,45.6814,8.9031
Ubisoft Milan,Milan,Italy,Developer and Publisher,Publisher,45.1643,9.1916
We Are Muesli,Milan,Italy,Developer,Developer,45.6895,9.4809
WhatWapp Entertainment,Milan,Italy,Mobile,Mobile,45.4358,8.7519
Dynamight Studios,Bareggio,Italy,Mobile,Mobile,45.47927,8.99789
Revital Software,Kanesatake,Canada,Serious Games,Other,45.483,-74.083
Eek! Games,Beaverton,United States,Developer,Developer,45.48706,-122.80371
CAE INC.,Saint-Laurent,Canada,Serious Games,Other,45.50008,-73.66585
2K Games,Montreal,Canada,Developer and Publisher,Publisher,45.50884,-73.58781
Affordance Studio,Montreal,Canada,Serious Games,Other,45.5426,-73.6404
Akedo Studio,Montreal,Canada,Developer,Developer,45.4384,-73.579
Alblune,Montreal,Canada,Developer,Developer,45.5776,-73.5126
Alex Massé,Montreal,Canada,Microstudio,Developer,45.4914,-73.7283
Amazon Games Montreal Studio,Montreal,Canada,Developer,Developer,45.4488,-73.4532
Amber,Montreal,Canada,Developer,Developer,45.6271,-73.6332
Arctic Flame Games,Montreal,Canada,Developer,Developer,45.3914,-73.6748
Artifact 5,Montreal,Canada,Extended Reality (XR),XR (VR/AR),45.5574,-73.3983
Autoexec Games,Montreal,Canada,Developer,Developer,45.5661,-73.7857
Avalanche Studios Group,Montreal,Canada,Developer,Developer,45.3656,-73.4922
BKOM Studios (Aonic),Montreal,Canada,Developer,Developer,45.6671,-73.517
Bad Rez Games,Montreal,Canada,Developer,Developer,45.422,-73.8017
BadRez Games,Montreal,Canada,Developer,Developer,45.4701,-73.3366
Bebop Games,Montreal,Canada,Developer,Developer,45.6619,-73.7413
Behaviour Interactive,Montreal,Canada,Developer,Developer,45.3168,-73.6233
Bethesda Game Studios Montreal (ZeniMax Media),Montreal,Canada,Developer,Developer,45.6377,-73.3696
Blindspot Games,Montreal,Canada,Developer,Developer,45.5174,-73.8817
Blue Lizard Games,Montreal,Canada,Developer,Developer,45.3592,-73.3732
Borealys Games,Montreal,Canada,Developer,Developer,45.7266,-73.6022
Brass Lion Entertainment,Montreal,Canada,Developer,Developer,45.3372,-73.7922
Breaking Walls,Montreal,Canada,Developer,Developer,45.5394,-73.2638
Budge Studios,Montreal,Canada,Developer,Developer,45.6428,-73.8625
Canari Games,Montreal,Canada,Developer,Developer,45.2749,-73.5127
Catnip Lab,Montreal,Canada,Developer,Developer,45.7214,-73.414
Chasing Rats Games,Montreal,Canada,Developer,Developer,45.4329,-73.9277
Clever Endeavour Games,Montreal,Canada,Developer,Developer,45.4019,-73.2576
Clever Plays,Montreal,Canada,Developer,Developer,45.7485,-73.7309
Cloud Chamber (2K),Montreal,Canada,Developer,Developer,45.2599,-73.7156
Colorspace Studio,Montreal,Canada,Developer,Developer,45.6341,-73.2477
Compulsion Games (Microsoft),Montreal,Canada,Developer,Developer,45.5786,-73.9657
Crea-ture Studios,Montreal,Canada,Developer,Developer,45.2747,-73.373
Cut to Bits,Montreal,Canada,Developer,Developer,45.7876,-73.5194
DONTNOD Montreal,Montreal,Canada,Developer and Publisher,Publisher,45.333,-73.9119
Double Stallion,Montreal,Canada,Developer,Developer,45.4848,-73.1732
Doubleton Game Studio,Montreal,Canada,Developer,Developer,45.726,-73.8744
DryGin Studios,Montreal,Canada,Developer,Developer,45.2088,-73.5857
EA Montreal (Electronic Arts),Montreal,Canada,Publisher,Publisher,45.7341,-73.2962
Eidos Montreal,Montreal,Canada,Developer and Publisher,Publisher,45.4804,-74.0257
Epic Games,Montreal,Canada,Developer and Publisher,Publisher,45.3201,-73.2329
Ever Curious Entertainment,Montreal,Canada,Developer,Developer,45.82,-73.6686
Ex Nihilo,Montreal,Canada,Developer,Developer,45.2379,-73.8311
Execution Labs,Montreal,Canada,Organization,Other,45.5945,-73.1419
Felix & Paul,Montreal,Canada,Extended Reality (XR),XR (VR/AR),45.6585,-74.0041
Flameborn Games,Montreal,Canada,Developer,Developer,45.1979,-73.4233
Flight School Studio,Montreal,Canada,Developer,Developer,45.8195,-73.4074
Floppy Goat,Montreal,Canada,Microstudio,Developer,45.3636,-74.0251
Fly Studio (Behaviour Interactive),Montreal,Canada,Developer,Developer,45.4078,-73.1204
Framestore VR Studio,Montreal,Canada,Extended Reality (XR),XR (VR/AR),45.8077,-73.8377
Frima Studio,Montreal,Canada,Developer,Developer,45.1666,-73.6927
GAMERella,Montreal,Canada,Organization,Other,45.7136,-73.1765
Gameloft,Montreal,Canada,Mobile,Mobile,45.553,-74.0934
Gata Games,Montreal,Canada,Developer,Developer,45.2343,-73.2543
Gearbox Software (Take-Two Interactive),Montreal,Canada,Developer,Developer,45.8726,-73.5689
Gold Bug Interactive,Montreal,Canada,Developer,Developer,45.2471,-73.9558
Goose Byte,Montreal,Canada,Developer,Developer,45.5278,-73.0594
Gridpop Games,Montreal,Canada,Microstudio,Developer,45.7472,-73.9994
Guard Crush Games,Montreal,Canada,Developer,Developer,45.135,-73.5134
Guedin,Montreal,Canada,Developer,Developer,45.8225,-73.2797
Haven Studios (Playstation Studios),Montreal,Canada,Developer,Developer,45.4227,-74.1219
Heartloop Games,Montreal,Canada,Developer,Developer,45.3179,-73.107
Hibernum Creations,Montreal,Canada,Developer,Developer,45.8803,-73.7598
Highdive NetEase,Montreal,Canada,Developer,Developer,45.1506,-73.8209
Hololabs,Montreal,Canada,Developer,Developer,45.6638,-73.0665
Hotloop Games,Montreal,Canada,Developer,Developer,45.6424,-74.1258
IN|Framez Technology,Montreal,Canada,Developer,Developer,45.1529,-73.3177
Illogika,Montreal,Canada,Developer,Developer,45.9021,-73.4428
Incube8 Games,Montreal,Canada,Publisher,Publisher,45.2858,-74.0775
Indie Asylum,Montreal,Canada,Organization,Other,45.441,-73.0075
Invoke Studios (Wizards of the Coast),Montreal,Canada,Developer,Developer,45.836,-73.953
Jellysnow Studio,Montreal,Canada,Microstudio,Developer,45.0918,-73.6342
Jintronix,Montreal,Canada,Health,Other,45.7964,-73.1485
Juicy Beast,Montreal,Canada,Developer,Developer,45.5047,-74.1932
KO_OP,Montreal,Canada,Developer,Developer,45.2234,-73.1343
Kitfox Games,Montreal,Canada,Developer,Developer,45.9369,-73.6474
Kokoromi,Montreal,Canada,Developer,Developer,45.1626,-73.959
Krafton Montreal Studio,Montreal,Canada,Developer,Developer,45.5889,-72.9764
Kutoka,Montreal,Canada,Developer,Developer,45.7407,-74.1193
La Guilde du jeu video du Quebec,Montreal,Canada,Organization,Other,45.0835,-73.4183
Lucid Dreams Studio,Montreal,Canada,Developer,Developer,45.9052,-73.301
Lucid Tales,Montreal,Canada,Developer,Developer,45.3513,-74.1851
Ludeon Studios,Montreal,Canada,Developer,Developer,45.3412,-72.9919
Ludia,Montreal,Canada,Mobile,Mobile,45.917,-73.8673
Ludica Health,Montreal,Canada,Health,Other,45.0729,-73.7763
Machine 22 (Dave Toulouse),Montreal,Canada,Microstudio,Developer,45.7425,-73.0253
ManaVoid Entertainment,Montreal,Canada,Developer,Developer,45.6034,-74.2316
Marie LeBlanc Flanagan,Montreal,Canada,Developer,Developer,45.1321,-73.202
Meta4,Montreal,Canada,Online,Other,45.9719,-73.5087
Metric Empire,Montreal,Canada,Developer,Developer,45.2031,-74.0954
Mino Games,Montreal,Canada,Mobile,Mobile,45.4939,-72.9151
Mooncube Games,Montreal,Canada,Developer,Developer,45.8401,-74.0722
Motive (Electronic Arts),Montreal,Canada,Developer,Developer,45.0326,-73.5497
Mount Royal Game Society,Montreal,Canada,Organization,Other,45.88,-73.1545
Namra Games,Montreal,Canada,Developer,Developer,45.4399,-74.2688
Neonable,Montreal,Canada,Developer,Developer,45.2359,-73.0162
NetEase Games,Montreal,Canada,Mobile,Mobile,45.9832,-73.7471
Normal VR,Montreal,Canada,Extended Reality (XR),XR (VR/AR),45.0814,-73.9294
Norsfell,Montreal,Canada,Developer,Developer,45.6631,-72.9205
Novaquark,Montreal,Canada,Developer,Developer,45.712,-74.2318
Nupixo Games,Montreal,Canada,Developer,Developer,45.0518,-73.3074
Nvizzio Creations,Montreal,Canada,Developer,Developer,45.981,-73.3529
Outerminds,Montreal,Canada,Mobile,Mobile,45.2707,-74.2192
Panache Digital,Montreal,Canada,Developer,Developer,45.3849,-72.8893
Paper Cult,Montreal,Canada,Developer,Developer,45.933,-73.9854
Pas Game,Montreal,Canada,Developer,Developer,45.0055,-73.704
Pengonauts,Montreal,Canada,Developer,Developer,45.8265,-73.0142
People Can Fly,Montreal,Canada,Developer,Developer,45.5463,-74.3204
Pixelles,Montreal,Canada,Incubator/Accelerator,Other,45.1326,-73.0814
Playmind,Montreal,Canada,Developer,Developer,46.0284,-73.5987
PreviewLabs,Montreal,Canada,Developer,Developer,45.1188,-74.0829
Product Madness Canada (Aristocrat),Montreal,Canada,Mobile,Mobile,45.5623,-72.8434
Protopop Games,Montreal,Canada,Mobile,Mobile,45.8232,-74.191
Quantic Dream,Montreal,Canada,Developer and Publisher,Publisher,44.9892,-73.4454
Questing Goose Studio,Montreal,Canada,Microstudio,Developer,45.9614,-73.1901
Raccoon Logic,Montreal,Canada,Developer,Developer,45.3627,-74.3205
Ratloop Canada,Montreal,Canada,Extended Reality (XR),XR (VR/AR),45.2687,-72.9037
Ratloop Games Canada,Montreal,Canada,Developer,Developer,46.0119,-73.8619
Red Barrels,Montreal,Canada,Developer,Developer,45.006,-73.8718
Reflector Entertainment (Bandai Namco),Montreal,Canada,Developer,Developer,45.7462,-72.8907
Rogue Factor,Montreal,Canada,Developer,Developer,45.6644,-74.3338
Roofdog Games,Montreal,Canada,Developer,Developer,45.039,-73.1861
Rovio Montreal,Montreal,Canada,Mobile,Mobile,46.0477,-73.4305
Scavengers Studio,Montreal,Canada,Developer,Developer,45.1846,-74.2258
Shishi Studios,Montreal,Canada,Developer,Developer,45.4456,-72.8017
Signal Space Lab,Montreal,Canada,Extended Reality (XR),XR (VR/AR),45.9293,-74.1087
SimforHealth,Montreal,Canada,Health,Other,44.95,-73.6091
Sleeping Beast Games,Montreal,Canada,Mobile,Mobile,45.9124,-73.0313
Sleepy Castle Studio,Montreal,Canada,Developer,Developer,45.4746,-74.3904
Soliton Interactive,Montreal,Canada,Developer,Developer,45.1528,-72.9606
Spearhead Games,Montreal,Canada,Developer,Developer,46.0705,-73.7076
Split Fate Studios,Montreal,Canada,Developer,Developer,45.0362,-74.0426
Square Enix Montreal,Montreal,Canada,Developer,Developer,45.6426,-72.7938
Squido Studio,Montreal,Canada,Extended Reality (XR),XR (VR/AR),45.7871,-74.3049
StarVaders Studio,Montreal,Canada,Developer,Developer,44.9621,-73.3263
Strange Shift Studios,Montreal,Canada,Developer,Developer,46.0378,-73.2524
Strategy First,Montreal,Canada,Developer and Publisher,Publisher,45.2767,-74.3478
Studio Ricochet,Montreal,Canada,Developer,Developer,45.3195,-72.8008
Studio Syro,Montreal,Canada,Extended Reality (XR),XR (VR/AR),46.0228,-73.9871
Tara Gaming,Montreal,Canada,Developer,Developer,44.9387,-73.7896
"Technoculture, Art and Games",Montreal,Canada,Organization,Other,45.8349,-72.887
Three Winters Games,Montreal,Canada,Developer,Developer,45.6005,-74.4218
Threeclipse,Montreal,Canada,Developer,Developer,45.0448,-73.0593
Thunder Lotus Games,Montreal,Canada,Developer,Developer,46.1033,-73.53
Thunderbox Entertainment,Montreal,Canada,Mobile,Mobile,45.0964,-74.2056
Trebuchet,Montreal,Canada,Extended Reality (XR),XR (VR/AR),45.5205,-72.7318
Tribute Games,Montreal,Canada,Developer,Developer,45.9068,-74.2325
Triotech Amusement,Montreal,Canada,Developer,Developer,44.9081,-73.4957
Triptyq,Montreal,Canada,Investment,Other,45.997,-73.075
Turbulent (Cloud Imperium Games),Montreal,Canada,Online,Other,45.3912,-74.4394
Two Tiny Dice,Montreal,Canada,Developer,Developer,45.1914,-72.844
Ubisoft Montreal,Montreal,Canada,Developer and Publisher,Publisher,46.097,-73.8311
Umanaia (Virtuos),Montreal,Canada,Developer,Developer,44.9582,-73.9766
Unreliable Narrators,Montreal,Canada,Developer,Developer,45.7316,-72.7676
VIZ Interactive,Montreal,Canada,Developer,Developer,45.7336,-74.41
Voodoo,Montreal,Canada,Mobile,Mobile,44.9521,-73.197
Warner Brothers Games Montreal,Montreal,Canada,Developer,Developer,46.1063,-73.3386
Watcha Games,Montreal,Canada,Developer,Developer,45.1852,-74.35
We the Force,Montreal,Canada,Developer,Developer,45.3863,-72.7111
White Star Capital,Montreal,Canada,Investment,Other,46.0158,-74.1178
Wild Blueberry Games,Montreal,Canada,Developer,Developer,44.8821,-73.686
Wild Gamut,Montreal,Canada,Developer,Developer,45.9258,-72.9092
Wizards of the Coast,Montreal,Canada,Developer,Developer,45.5227,-74.4929
Wolf Haus Games,Montreal,Canada,Developer,Developer,45.0688,-72.9317
Women in Games International (WIGI) MTL,Montreal,Canada,Organization,Other,46.1458,-73.6476
WoodRunner Games,Montreal,Canada,Developer,Developer,45.0093,-74.1594
Woozworld,Montreal,Canada,Online,Other,45.6069,-72.6821
XRA,Montreal,Canada,Developer,Developer,45.8664,-74.3525
impossible,Montreal,Canada,Developer,Developer,44.8813,-73.3679
popagenda,Montreal,Canada,Publisher,Publisher,46.0773,-73.1438
q-bit Games,Montreal,Canada,Developer,Developer,45.2992,-74.4658
A42 Games,Longueuil,Canada,Mobile,Mobile,45.5152,-73.46818
Artifice Studio,Longueuil,Canada,Developer,Developer,45.549,-73.5208
12 East Games,Portland,United States,Developer,Developer,45.52345,-122.67621
Appsomniacs,Portland,United States,Developer,Developer,45.5572,-122.7288
Beach Day Studios,Portland,United States,Developer,Developer,45.453,-122.6674
BossyPino,Portland,United States,Microstudio,Developer,45.5922,-122.601
Brainium Studios,Portland,United States,Mobile,Mobile,45.506,-122.8168
ClutchPlay Games,Portland,United States,Developer,Developer,45.4634,-122.5416
Encifer,Portland,United States,Microstudio,Developer,45.6417,-122.7216
Farjay Studios,Portland,United States,Developer,Developer,45.4061,-122.7632
First Bite Games,Portland,United States,Developer,Developer,45.572,-122.4866
Immortal Funk Games,Portland,United States,Developer,Developer,45.5807,-122.8741
Inchworm Games,Portland,United States,Developer,Developer,45.3802,-122.5806
Jumpdrive Studios,Portland,United States,Developer,Developer,45.6817,-122.6054
Kyle Thompson,Portland,United States,Developer,Developer,45.4366,-122.8901
Loco Motion Devs,Portland,United States,Extended Reality (XR),XR (VR/AR),45.4847,-122.4249
Long Neck Games,Portland,United States,Developer,Developer,45.6765,-122.8298
Moebial Studios,Portland,United States,Developer,Developer,45.3314,-122.7117
Monochrome,Portland,United States,Developer,Developer,45.6523,-122.4579
Moonlight Kids,Portland,United States,Developer,Developer,45.532,-122.9702
Nami Tentou,Portland,United States,Developer,Developer,45.3738,-122.4616
Night Dive Studios,Portland,United States,Developer,Developer,45.7412,-122.6906
Open Roads Team,Portland,United States,Publisher,Publisher,45.3518,-122.8807
Panic,Portland,United States,Publisher,Publisher,45.554,-122.3521
Pet Tomato,Portland,United States,Developer,Developer,45.6574,-122.951
Portland Indie Game Squad (PIGSquad),Portland,United States,Organization,Other,45.2895,-122.6011
Rose City Games,Portland,United States,Developer,Developer,45.736,-122.5024
Ryan Kubik,Portland,United States,Developer,Developer,45.4475,-123.0162
Siege Games,Portland,United States,Online,Other,45.4165,-122.3459
Skylor Beck,Portland,United States,Developer,Developer,45.7631,-122.8194
Star Maid Games,Portland,United States,Developer,Developer,45.2745,-122.804
Starsoft Entertainment,Portland,United States,Developer,Developer,45.6487,-122.336
The Fullbright Company,Portland,United States,Developer,Developer,45.5933,-123.0542
doinksoft,Portland,United States,Developer,Developer,45.2893,-122.4613
Red Sky Games,Cologno Monzese,Italy,Developer,Developer,45.53004,9.27795
Elf Games,Brescia,Italy,Developer,Developer,45.53558,10.21472
Red Koi Box,Brescia,Italy,Developer,Developer,45.5694,10.1621
Letibus Design,Izola,Slovenia,Developer and Publisher,Publisher,45.53661,13.66015
Ossocubo,Parabiago,Italy,Developer,Developer,45.56034,8.94545
Cold Symmetry,Camas,United States,Developer,Developer,45.58706,-122.39954
Nintendo Italia,Vimercate,Italy,Developer and Publisher,Publisher,45.61545,9.36801
01 Studio,Saint-Hyacinthe,Canada,Online,Other,45.63076,-72.95699
Tinderbox Entertainment,Vancouver,United States,Developer,Developer,45.63873,-122.66149
Early Sun Games,Brasov,Romania,Microstudio,Developer,45.64861,25.60613
Sirius Gaming Studio,Brasov,Romania,Mobile,Mobile,45.6824,25.5534
Ta2 Games,Trieste,Italy,Developer,Developer,45.64953,13.77678
All4One,Angouleme,France,Incubator/Accelerator,Other,45.64997,0.15345
Aurora Game Studio,Angouleme,France,Developer,Developer,45.6837,0.1007
Bulwark Studios,Angouleme,France,Developer,Developer,45.5795,0.1623
Hibernian Workshop,Angouleme,France,Developer,Developer,45.7187,0.2288
La Poule Noire,Angoulême,France,Developer,Developer,45.6326,0.0126
Punkcake,Anglouleme,France,Developer,Developer,45.59,0.2884
Studio Nyx,Angouleme,France,Mobile,Mobile,45.7682,0.108
Ludoid,Orlienas,France,Developer,Developer,45.65886,4.71832
Triple Boris,Varennes,Canada,Developer,Developer,45.68338,-73.43246
PiraKnights Games,Aix-les-Bains,France,Developer,Developer,45.69173,5.90863
The Souk Galaxy,Terrebonne,Canada,Developer,Developer,45.70004,-73.64732
Fearem,Velika Gorica,Croatia,Developer,Developer,45.7125,16.07556
Glee Cheese,Montverdun,France,Developer,Developer,45.71937,4.0685
505 Games (Digital Bros),Francheville,France,Publisher,Publisher,45.73637,4.76358
Break First,Bron,France,Mobile,Mobile,45.73865,4.91303
Studio Pango,Craponne,France,Mobile,Mobile,45.74526,4.72322
8SEC,Lyon,France,Mobile,Mobile,45.74906,4.84789
Aridide Production,Lyon,France,Mobile,Mobile,45.7828,4.7951
Arkane Studios (ZeniMax Media),Lyon,France,Developer,Developer,45.6786,4.8567
Ars Goetia,Lyon,France,Microstudio,Developer,45.8178,4.9234
Bandai Namco Europe,Lyon,France,Publisher,Publisher,45.7316,4.7068
Bigpoint (Yoozoo),Lyon,France,Online,Other,45.6891,4.9831
Breakfirst Games,Lyon,France,Developer,Developer,45.8673,4.8023
EA France (Electronic Arts),Lyon,France,Publisher,Publisher,45.6317,4.7605
Eden Games,Lyon,France,Developer,Developer,45.7976,5.0383
Emeteria (New Tales),Lyon,France,Developer,Developer,45.8063,4.6492
Evil Raptor,Lyon,France,Developer,Developer,45.6059,4.9439
Game Only,Lyon,France,Organization,Other,45.9073,4.919
Gloomywood,Lyon,France,Developer,Developer,45.6622,4.6331
Guilloteam,Lyon,France,Developer,Developer,45.7104,5.1002
Julien Eveille,Lyon,France,Developer,Developer,45.9021,4.6937
La Moustache Studio,Lyon,France,Developer,Developer,45.557,4.8122
Let's GO,Lyon,France,Incubator/Accelerator,Other,45.8779,5.067
Lugludum,Lyon,France,Developer,Developer,45.7576,4.5527
Million Victories,Lyon,France,Mobile,Mobile,45.5994,5.0634
Monkey Moon,Lyon,France,Mobile,Mobile,45.9668,4.8335
OSome Studio,Lyon,France,Developer,Developer,45.5774,4.6426
Old Skull Games,Lyon,France,Developer,Developer,45.7796,5.1733
PASSTECH Games (NACON),Lyon,France,Developer,Developer,45.883,4.572
Power Struggle Games,Lyon,France,Developer,Developer,45.5151,4.9233
Ripostes,Lyon,France,Developer,Developer,45.9616,5.0224
SDP Games,Lyon,France,Developer,Developer,45.6731,4.5066
Ubisoft Ivory Tower,Lyon,France,Developer,Developer,45.6421,5.1796
Ultimo Disco,Lyon,France,Developer,Developer,45.9887,4.7042
Upper Byte,Lyon,France,Developer,Developer,45.5001,4.7196
WanadevStudio,Lyon,France,Developer,Developer,45.8743,5.1895
Artefacts Studio,Villeurbanne,France,Developer,Developer,45.76601,4.8795
DOWiNO,Villeurbanne,France,Serious Games,Other,45.7998,4.8266
Broke Studio,Auvergne,France,Developer,Developer,45.7772,3.087
Tin Can Studio,Auvergne,France,Developer,Developer,45.811,3.0341
Pine Studio,Samobor,Croatia,Developer,Developer,45.80306,15.71806
2x2 Games,Zagreb,Croatia,Developer,Developer,45.81444,15.97798
Cateia Games,Zagreb,Croatia,Developer,Developer,45.8482,15.9251
Croatian Game Development Alliance (CGDA),Zagreb,Croatia,Organization,Other,45.744,15.9868
Croteam,Zagreb,Croatia,Developer,Developer,45.8832,16.0536
Delta Reality,Zagreb,Croatia,Extended Reality (XR),XR (VR/AR),45.797,15.8367
Dreamatrix Game Studios,Zagreb,Croatia,Developer,Developer,45.7544,16.1133
Exordium Games,Zagreb,Croatia,Developer,Developer,45.9327,15.9324
Fury Studios,Zagreb,Croatia,Developer,Developer,45.697,15.8905
GD Entertainment,Zagreb,Croatia,Developer,Developer,45.863,16.1686
Gamepires,Zagreb,Croatia,Developer,Developer,45.8717,15.779
GunGrounds,Zagreb,Croatia,Developer,Developer,45.6712,16.0741
Ironward,Zagreb,Croatia,Developer,Developer,45.9727,16.0492
Lion Game Lion,Zagreb,Croatia,Developer,Developer,45.7276,15.763
LionGameLion,Zagreb,Croatia,Developer,Developer,45.7757,16.2306
MOXO,Zagreb,Croatia,Developer,Developer,45.9675,15.8236
Nanobit,Zagreb,Croatia,Mobile,Mobile,45.6224,15.9423
Overseer Games,Zagreb,Croatia,Developer and Publisher,Publisher,45.9433,16.1974
Summer Eternal,Zagreb,Croatia,Developer,Developer,45.823,15.6825
Under the Stairs,Zagreb,Croatia,Developer,Developer,45.6648,16.1937
Yeti Ate My Breakfast,Zagreb,Croatia,Developer,Developer,46.0322,15.9635
Ovosonico,Varese,Italy,Developer,Developer,45.82058,8.82511
Hyperfiction,Annecy,France,Developer,Developer,45.90878,6.12565
Ubisoft Annecy,Annecy,France,Developer and Publisher,Publisher,45.9426,6.0727
Kiupe,Anse,France,Developer,Developer,45.93553,4.71933
Influx Games,Fredericton,Canada,Developer,Developer,45.94541,-66.66558
Interactive New Brunswick,Fredericton,Canada,Organization,Other,45.9792,-66.7186
Ravonix,Fredericton,Canada,Mobile,Mobile,45.875,-66.6567
Reframe Games,Fredericton,Canada,Mobile,Mobile,46.0141,-66.5898
GameTeam6,Sainte-Adèle,Canada,Developer,Developer,45.95008,-74.13251
Doot,Landes,France,Developer,Developer,45.99263,-0.59652
Vendetta Games,Chalk River,Canada,Developer,Developer,46.01682,-77.44948
ActaLogic,Ljubljana,Slovenia,Developer,Developer,46.05108,14.50513
Dawn of Play,Ljubljana,Slovenia,Mobile,Mobile,46.0849,14.452
Emberheart Games,Ljubljana,Slovenia,Developer,Developer,45.9806,14.514
Gamex Studio,Ljubljana,Slovenia,Developer and Publisher,Publisher,46.1198,14.5811
Label This,Ljubljana,Slovenia,Microstudio,Developer,46.0337,14.3632
Outfit7,Ljubljana,Slovenia,Mobile,Mobile,45.9911,14.6411
Slovenia Games Association,Ljubljana,Slovenia,Organization,Other,46.1694,14.4593
Triternion,Ljubljana,Slovenia,Developer,Developer,45.9337,14.4173
Strelka Games,Trento,Italy,Developer and Publisher,Publisher,46.06787,11.12108
Gogii Games,Moncton,Canada,Mobile,Mobile,46.09454,-64.7965
Gogii Games Corp,Moncton,Canada,Developer,Developer,46.1283,-64.8497
Umix Studios,Abrest,France,Developer,Developer,46.09859,3.44461
GoVenture World Corp.,Sydney,Canada,Developer,Developer,46.1351,-60.1831
MediaSpark,Sydney,Canada,Serious Games,Other,46.1689,-60.2363
Green Robot Studios (VMP Group),Cape Breton Island,Canada,Serious Games,Other,46.1368,-60.1942
Thibaud Goiffon,Nantua,France,Developer,Developer,46.15343,5.60601
AArise,La Rochelle,France,Developer,Developer,46.16308,-1.15222
Ludocube,La Rochelle,France,Developer,Developer,46.1969,-1.2055
Aerovery Lab,Geneva,Switzerland,Developer,Developer,46.20222,6.14569
Deep Worlds,Geneva,Switzerland,Developer,Developer,46.236,6.0924
EA Geneva (Electronic Arts),Geneva,Switzerland,Publisher,Publisher,46.1318,6.1546
EverdreamSoft,Geneva,Switzerland,Mobile,Mobile,46.2709,6.2218
Karios Games,Geneva,Switzerland,Mobile,Mobile,46.1848,6.0034
Mindmaze,Geneva,Switzerland,Health,Other,46.1422,6.282
OramaVR,Geneva,Switzerland,Health,Other,46.3205,6.0998
SIRO Games,Geneva,Switzerland,Developer,Developer,46.0848,6.0576
Tourmaline Studio,Geneva,Switzerland,Developer,Developer,46.2507,6.3376
Virtual Switzerland,Geneva,Switzerland,Organization,Other,46.2595,5.9454
Other Ocean Interactive,Charlottetown,Canada,Developer,Developer,46.23459,-63.1256
Red Crow Studio (Electronic Arts),Charlottetown,Canada,Mobile,Mobile,46.2684,-63.1789
Videogames PEI (VGPEI),Charlottetown,Canada,Organization,Other,46.1642,-63.1167
Tricky Tribe,Kranj,Slovenia,Mobile,Mobile,46.23887,14.35561
Stelex Software,Maggia,Switzerland,Microstudio,Developer,46.24689,8.7062
Redfox Interactive,Szeged,Hungary,Microstudio,Developer,46.253,20.14824
Massively Multiplayer Online Science,Monthey,Switzerland,Online,Other,46.25451,6.95406
Violet Saint,Nyon,Switzerland,Developer,Developer,46.38318,6.23955
Mazen Games,Čakovec,Croatia,Developer,Developer,46.38444,16.43389
Digital Kingdom,Vevey,Switzerland,Developer,Developer,46.46299,6.84345
Amrita Studio,Odesa,Ukraine,Developer,Developer,46.48572,30.74383
Aratog Games,Odesa,Ukraine,Developer,Developer,46.5195,30.6903
Arrible,Odesa,Ukraine,Developer,Developer,46.4153,30.7528
Nordcurrent,Odesa,Ukraine,Developer and Publisher,Publisher,46.5544,30.8204
VOKI Games,Odesa,Ukraine,Mobile,Mobile,46.4683,30.6008
Zedarus Games,Odesa,Ukraine,Developer,Developer,46.4257,30.8808
BISBOG,Lausanne,Switzerland,Mobile,Mobile,46.516,6.63282
Eleon Game Studios,Lausanne,Switzerland,Developer,Developer,46.5498,6.5792
Furinkazan,Lausanne,Switzerland,Developer,Developer,46.4456,6.6418
Mindmaze,Lausanne,Switzerland,Health,Other,46.5847,6.7094
Naraven Games,Lausanne,Switzerland,Developer,Developer,46.4986,6.4897
OZWE Games,Lausanne,Switzerland,Extended Reality (XR),XR (VR/AR),46.456,6.7699
Sunnyside Games,Lausanne,Switzerland,Mobile,Mobile,46.6343,6.5866
Ambitious Games,Marquette,United States,Developer,Developer,46.54354,-87.39542
Fire Totem Games,Wernberg,Austria,Developer,Developer,46.61667,13.93333
Angry Cat Studios,Szentes,Hungary,Developer,Developer,46.65834,20.2608
Angry Mob Games,Cluj-Napoca,Romania,Developer,Developer,46.76667,23.6
Breadcrumbs Interactive,Cluj-Napoca,Romania,Developer,Developer,46.8004,23.5462
Stoneskip Studio,Cluj-Napoca,Romania,Developer,Developer,46.6962,23.609
Stuck In Attic,Cluj-Napoca,Romania,Developer,Developer,46.8354,23.6769
BKOM Studios (Aonic),Quebec City,Canada,Developer,Developer,46.81228,-71.21454
Beenox Studios (Activision),Quebec City,Canada,Developer,Developer,46.8461,-71.2684
Berzerk Studio,Quebec City,Canada,Developer,Developer,46.7418,-71.2055
Beyond Fun Studio,Quebec City,Canada,Developer,Developer,46.881,-71.1375
Bishop Games,Quebec City,Canada,Developer,Developer,46.7949,-71.3584
Cathar Games,Quebec City,Canada,Developer,Developer,46.7523,-71.0767
Chainsawesome Games,Quebec City,Canada,Developer,Developer,46.9306,-71.261
Cozy Bee Games,Quebec City,Canada,Developer,Developer,46.6949,-71.3036
Cradle Games,Quebec City,Canada,Developer,Developer,46.8608,-71.0204
DolphinBarn,Quebec City,Canada,Developer,Developer,46.8695,-71.4171
Dragon Slumber,Quebec City,Canada,Developer,Developer,46.6691,-71.1166
Fika Productions,Quebec City,Canada,Developer,Developer,46.9705,-71.142
Frima Studio,Quebec City,Canada,Developer,Developer,46.7254,-71.4335
Gearbox Studio Quebec (Take-Two Interactive),Quebec City,Canada,Developer,Developer,46.7736,-70.9573
Hatchery Games,Quebec City,Canada,Developer,Developer,46.9653,-71.3718
Larian Studios,Quebec City,Canada,Developer,Developer,46.6202,-71.2509
Neon Polygons Studios,Quebec City,Canada,Developer,Developer,46.9412,-70.9911
Nesting Games (Digital Bros),Quebec City,Canada,Developer,Developer,46.8208,-71.5155
Neuro Solutions Group,Quebec City,Canada,Health,Other,46.6626,-70.9948
Nine Dots Studio,Quebec City,Canada,Developer and Publisher,Publisher,47.03,-71.2292
Parabole,Quebec City,Canada,Developer,Developer,46.6406,-71.4239
Polymorph Games,Quebec City,Canada,Developer,Developer,46.8428,-70.8827
RageCure Games,Quebec City,Canada,Developer,Developer,46.9462,-71.4958
Sabotage Studio,Quebec City,Canada,Developer,Developer,46.5783,-71.1376
SadSquare Studio,Quebec City,Canada,Extended Reality (XR),XR (VR/AR),47.0248,-71.0366
Sarbakan,Quebec City,Canada,Developer and Publisher,Publisher,46.7363,-71.5625
Scopely,Quebec City,Canada,Developer,Developer,46.7053,-70.8764
Ubisoft Quebec,Quebec City,Canada,Developer and Publisher,Publisher,47.0519,-71.3611
WildArts Games,Quebec City,Canada,Developer,Developer,46.5633,-71.3454
Yellow Brick Games,Quebec City,Canada,Developer,Developer,46.9375,-70.8663
Timestep Studio,Flims Waldhaus,Switzerland,Developer,Developer,46.835,9.283
RNDRLN Games,Flims Dorf,Switzerland,Mobile,Mobile,46.83705,9.28458
dotMake Studios,Fargo,United States,Microstudio,Developer,46.87719,-96.7898
AMT Games,Flueelen,Switzerland,Mobile,Mobile,46.90478,8.62396
Asteroid Lab,Berne,Switzerland,Mobile,Mobile,46.94809,7.44744
bitforge,Berne,Switzerland,Mobile,Mobile,46.9819,7.3934
Plarium,Nikolaev,Ukraine,Developer,Developer,46.97625,31.99296
WOWL,Neuchatel,Switzerland,Extended Reality (XR),XR (VR/AR),46.99179,6.931
ArtDock,Chisinau,Moldova,Developer,Developer,47.00902,28.85938
Creative Industries Association in Moldova,Chisinau,Moldova,Organization,Other,47.0428,28.8053
IGDA Moldova,Chisinau,Moldova,Organization,Other,46.9386,28.8684
Mediacor,Chisinau,Moldova,Incubator/Accelerator,Other,47.0777,28.9367
Midnight.Works,Chisinau,Moldova,Developer and Publisher,Publisher,46.9916,28.715
Holonautic,Horw,Switzerland,Extended Reality (XR),XR (VR/AR),47.01692,8.30956
Candlelight Games,Lacey,United States,Developer,Developer,47.03426,-122.82319
Michael Lasch,Olympia,United States,Microstudio,Developer,47.04491,-122.90169
Hidden Fields,Lucerne,Switzerland,Developer,Developer,47.05048,8.30635
Helios Studio,Saint‑Hilaire‑de‑Clisson,France,Microstudio,Developer,47.06197,-1.30946
Bongfish,Graz,Austria,Developer,Developer,47.06733,15.44197
Rarebyte,Graz,Austria,Developer,Developer,47.1011,15.3878
Supertreat (Playtika),Graz,Austria,Mobile,Mobile,46.9969,15.451
Xendex Holding,Graz,Austria,Publisher,Publisher,47.1361,15.5193
Husky Games,Houghton,United States,Organization,Other,47.12187,-88.56901
Yooper Game Studios,Houghton,United States,Online,Other,47.1556,-88.6232
NOWWA Corp,Vaduz,Liechtenstein,Developer,Developer,47.14151,9.52154
Galactic Crows,Iasi,Romania,Developer,Developer,47.16667,27.6
Midnight.Works,Iasi,Romania,Developer and Publisher,Publisher,47.2004,27.5458
GoLive Games,Zug,Switzerland,Publisher,Publisher,47.17242,8.51745
CtrlMovie,Schenkon,Switzerland,Mobile,Mobile,47.17765,8.13204
Alder Games,Szolnok,Hungary,Mobile,Mobile,47.18066,20.19835
Atlangames,Nantes,France,Organization,Other,47.21725,-1.55336
Beemoov,Nantes,France,Mobile,Mobile,47.251,-1.6076
Edalbung,Nantes,France,Developer,Developer,47.1468,-1.5443
Endroad,Nantes,France,Developer,Developer,47.286,-1.4758
Holy Cap,Nantes,France,Developer,Developer,47.1998,-1.6983
Ramage Games,Nantes,France,Developer,Developer,47.1572,-1.4145
Succubus Interactive,Nantes,France,Mobile,Mobile,47.3355,-1.6002
Teamcraft Studios,Nantes,France,Developer,Developer,47.0999,-1.6431
Game Insight,Taganrog,Russian Federation,Mobile,Mobile,47.23627,38.9053
A Sharp,Tacoma,United States,Microstudio,Developer,47.25288,-122.44429
Illfonic,Tacoma,United States,Developer,Developer,47.2867,-122.4986
Awfully Nice Studios,Innsbruck,Austria,Developer,Developer,47.26266,11.39454
Clockstone Studio,Innsbruck,Austria,Developer,Developer,47.2964,11.3402
Everflux Games,Innsbruck,Austria,Developer,Developer,47.1922,11.4036
Ezekiel Rage,Innsbruck,Austria,Microstudio,Developer,47.3314,11.4722
stillalive studios,Innsbruck,Austria,Developer,Developer,47.2452,11.2494
Sound Games,Gig Harbor,United States,Developer,Developer,47.32926,-122.58013
5am Games,Zürich,Switzerland,Developer,Developer,47.36667,8.55
Aberrant Labs,Zürich,Switzerland,Developer,Developer,47.4004,8.4956
Blindflug Studios,Zürich,Switzerland,Developer,Developer,47.2962,8.5591
Blobfish Games,Zürich,Switzerland,Developer,Developer,47.4354,8.6278
David Stark,Zürich,Switzerland,Developer,Developer,47.3493,8.4046
Demimonde,Zürich,Switzerland,Developer,Developer,47.3067,8.6893
Etter Studios,Zürich,Switzerland,Developer,Developer,47.4849,8.5031
Gbanga,Zürich,Switzerland,Developer,Developer,47.2493,8.46
Holodia,Zürich,Switzerland,Health,Other,47.4152,8.7461
Indoor Astronaut,Zürich,Switzerland,Microstudio,Developer,47.4239,8.3453
Inlusio,Zürich,Switzerland,Developer,Developer,47.2235,8.6489
LUAL Games,Zürich,Switzerland,Developer,Developer,47.5249,8.6233
Lakestar,Zürich,Switzerland,Investment,Other,47.2798,8.3287
Lululu Entertainment,Zürich,Switzerland,Developer,Developer,47.328,8.81
Mac N Cheese Games,Zürich,Switzerland,Developer,Developer,47.5197,8.3911
Magic Leap,Zürich,Switzerland,Extended Reality (XR),XR (VR/AR),47.1746,8.5133
Metaroot,Zürich,Switzerland,Publisher,Publisher,47.4956,8.7758
Niantic,Zürich,Switzerland,Extended Reality (XR),XR (VR/AR),47.3752,8.2459
Ohnsinn,Zürich,Switzerland,Developer,Developer,47.217,8.772
Okomotive,Zürich,Switzerland,Developer,Developer,47.5844,8.5351
Playables,Zürich,Switzerland,Developer,Developer,47.195,8.3385
Senopi,Zürich,Switzerland,Health,Other,47.3972,8.8853
Somniacs,Zürich,Switzerland,Extended Reality (XR),XR (VR/AR),47.5006,8.2658
Stardust,Zürich,Switzerland,Developer,Developer,47.1327,8.6277
Stormed Inc.,Zürich,Switzerland,Mobile,Mobile,47.5792,8.7298
Stormed Inc.,Zürich,Switzerland,Mobile,Mobile,47.2907,8.1984
Stray Fawn Studios,Zürich,Switzerland,Developer,Developer,47.2597,8.8917
Streax,Zürich,Switzerland,Mobile,Mobile,47.6063,8.4019
Struckd,Zürich,Switzerland,Mobile,Mobile,47.1177,8.4178
Swiss Game Developers Association (SGDA),Zürich,Switzerland,Organization,Other,47.4919,8.9019
Swiss Game Hub,Zürich,Switzerland,Organization,Other,47.4365,8.159
Team Niche,Zürich,Switzerland,Developer,Developer,47.1325,8.7723
VertaMed,Zürich,Switzerland,Health,Other,47.6454,8.6207
Virtually Live,Zürich,Switzerland,Extended Reality (XR),XR (VR/AR),47.1908,8.2147
dreiplay studio,Zürich,Switzerland,Serious Games,Other,47.3426,8.979
MKD Games,Tours,France,Developer,Developer,47.39484,0.70398
Pilo Team,Tours,France,Developer,Developer,47.4286,0.6495
Pixelheart,Tours,France,Developer,Developer,47.3244,0.7131
Vertexbreakers,Tours,France,Developer,Developer,47.4636,0.7818
GIANTS Software,Schlieren,Switzerland,Developer,Developer,47.39668,8.44763
Kerzoven,Biberstein,Switzerland,Developer,Developer,47.41641,8.08508
Colorbloks,Saint Gallen,Switzerland,Developer,Developer,47.42391,9.37477
Kalamona Studios,St. Gallen,Switzerland,Developer,Developer,47.4577,9.3203
Koch Media,Saint Gallen,Switzerland,Publisher,Publisher,47.3535,9.3839
Koch Media,Hofen,Austria,Publisher,Publisher,47.46667,10.68333
PLAION,Hofen,Austria,Publisher,Publisher,47.5004,10.6288
Koboldgames,Brugg,Switzerland,Developer,Developer,47.48096,8.20869
Hasbro Games,Renton,United States,Developer,Developer,47.48288,-122.21707
Holofox Software LLC,Renton,United States,Developer,Developer,47.5167,-122.2716
Pie Trap Studios,Renton,United States,Developer,Developer,47.4124,-122.2079
Wizards of the Coast,Renton,United States,Developer and Publisher,Publisher,47.5516,-122.1391
Balcony Softworks,Budapest,Hungary,Developer,Developer,47.49835,19.04045
Build a Rocket Boy,Budapest,Hungary,Developer,Developer,47.5321,18.9859
Dogbyte Games,Budapest,Hungary,Developer,Developer,47.4279,19.0496
Gaijin Entertainment,Budapest,Hungary,Developer,Developer,47.5671,19.1184
Galactic Fleet,Budapest,Hungary,Developer,Developer,47.4809,18.8947
Game in a Bottle,Budapest,Hungary,Microstudio,Developer,47.4383,19.1801
Hungarian Game Developers Association (HGDA),Budapest,Hungary,Organization,Other,47.6166,18.9934
KITE Games,Budapest,Hungary,Developer,Developer,47.381,18.9502
Lost Pilgrims Studio,Budapest,Hungary,Developer,Developer,47.5469,19.2371
Neocore,Budapest,Hungary,Developer and Publisher,Publisher,47.5556,18.8352
Play'n GO,Budapest,Hungary,Developer,Developer,47.3551,19.1396
Primal Game Studio,Budapest,Hungary,Developer,Developer,47.6566,19.1139
The Wild Gentlemen,Budapest,Hungary,Developer,Developer,47.4115,18.8186
Visual Concepts Budapest (2K),Budapest,Hungary,Developer,Developer,47.4596,19.3011
Zen Studios,Budapest,Hungary,Developer,Developer,47.6514,18.8812
ZeniMax Online Studios Hungary,Budapest,Hungary,Developer,Developer,47.3063,19.0036
fructus temporum,Budapest,Hungary,Developer,Developer,47.6272,19.2668
Probably Monsters,Issaquah,United States,Developer,Developer,47.5301,-122.03262
Seismic Squirrel,Issaquah,United States,Developer,Developer,47.5639,-122.0872
Shadow Dog Games,Issaquah,United States,Developer,Developer,47.4597,-122.0235
Sharkbite Games,Issaquah,United States,Mobile,Mobile,47.5988,-121.9546
Invictus,Debrecen,Hungary,Developer,Developer,47.53167,21.62444
Modus Studios,Debrecen,Hungary,Publisher,Publisher,47.5654,21.5698
Glass Bottom Games,Port Orchard,United States,Developer,Developer,47.54037,-122.63625
Celsius Game Studio,St. Johns,Canada,Developer,Developer,47.56494,-52.70931
Gord Games,St. Johns,Canada,Developer,Developer,47.5987,-52.7639
Initus Interactive,St. Johns,Canada,Developer and Publisher,Publisher,47.4945,-52.7001
Other Ocean Interactive,St. Johns,Canada,Developer,Developer,47.6337,-52.6312
Rocketcat Games,Bremerton,United States,Developer,Developer,47.56732,-122.63264
17-Bit,Seattle,United States,Developer,Developer,47.60621,-122.33207
8 Circuit Studios,Seattle,United States,Developer,Developer,47.64,-122.3868
Aether Studios,Seattle,United States,Developer,Developer,47.5358,-122.3229
Affray Interactive,Seattle,United States,Developer,Developer,47.6749,-122.2539
Aggro Crab Games,Seattle,United States,Developer,Developer,47.5888,-122.4781
Alien Fruit Games,Seattle,United States,Microstudio,Developer,47.5462,-122.1922
Amazon Games,Seattle,United States,Developer,Developer,47.7245,-122.3792
Anchor Point Studios,Seattle,United States,Developer,Developer,47.4888,-122.4225
Bad Ridge Games,Seattle,United States,Developer,Developer,47.6547,-122.135
Baetylus Games,Seattle,United States,Developer,Developer,47.6634,-122.5377
Ballard Games,Seattle,United States,Developer,Developer,47.463,-122.2327
Be-Rad Entertainment,Seattle,United States,Developer,Developer,47.7644,-122.2585
Beef Noodle Studios,Seattle,United States,Developer,Developer,47.5194,-122.5543
Big Fish Games (Aristocrat),Seattle,United States,Developer and Publisher,Publisher,47.5675,-122.0709
BigBox VR,Seattle,United States,Extended Reality (XR),XR (VR/AR),47.7593,-122.4917
Blue Bottle Games,Seattle,United States,Developer,Developer,47.4142,-122.369
BuddyKingdom/Aurora,Seattle,United States,Developer,Developer,47.7351,-122.1052
C77 Entertainment (Embracer Group),Seattle,United States,Developer,Developer,47.6147,-122.6376
CE-Asia,Seattle,United States,Publisher,Publisher,47.4566,-122.109
Clay Token Game Studio,Seattle,United States,Developer,Developer,47.8239,-122.347
ComCODE,Seattle,United States,Organization,Other,47.4345,-122.5446
ConcernedApe,Seattle,United States,Developer,Developer,47.6368,-121.9953
Daily Magic Games,Seattle,United States,Developer,Developer,47.7402,-122.6176
Daily Magic Productions,Seattle,United States,Developer,Developer,47.3723,-122.254
Dan Fornace,Seattle,United States,Developer,Developer,47.8187,-122.1514
Dark Arts Software,Seattle,United States,Extended Reality (XR),XR (VR/AR),47.5302,-122.6853
Dire Kitten Games,Seattle,United States,Developer,Developer,47.4993,-121.9888
Double Dagger Studio,Seattle,United States,Developer,Developer,47.8459,-122.4808
Double Down Interactive,Seattle,United States,Online,Other,47.3572,-122.4649
Dragon Snacks Games,Seattle,United States,Developer,Developer,47.7315,-121.9786
Drifter Games,Seattle,United States,Developer,Developer,47.676,-122.7248
Drifter VR,Seattle,United States,Extended Reality (XR),XR (VR/AR),47.3721,-122.1088
Endless Adventures Incorporated,Seattle,United States,Developer,Developer,47.885,-122.261
Epic Venture Games (Big Fish Games),Seattle,United States,Mobile,Mobile,47.4303,-122.6689
Fair Worlds,Seattle,United States,Extended Reality (XR),XR (VR/AR),47.5821,-121.9011
Festive Vector,Seattle,United States,Developer,Developer,47.8233,-122.63
Final Strike Games,Seattle,United States,Developer,Developer,47.3062,-122.3299
Firsthand Technology,Seattle,United States,Health,Other,47.8315,-122.029
Flowplay,Seattle,United States,Online,Other,47.5778,-122.7873
Folding Star,Seattle,United States,Developer,Developer,47.4174,-121.9632
Galvanic Games,Seattle,United States,Developer,Developer,47.9173,-122.416
GameHouse - Seattle,Seattle,United States,Developer,Developer,47.3352,-122.585
Gameloft,Seattle,United States,Mobile,Mobile,47.6919,-121.8686
Gerdoo Games,Seattle,United States,Developer,Developer,47.7559,-122.7647
Giant Army,Seattle,United States,Developer,Developer,47.2952,-122.1611
Giant Enemy Crab Games,Seattle,United States,Developer,Developer,47.9169,-122.1445
Gilama Games,Seattle,United States,Developer,Developer,47.461,-122.7866
Glumberland,Seattle,United States,Developer,Developer,47.5052,-121.8462
Hardsuit Labs,Seattle,United States,Developer,Developer,47.9051,-122.5919
Highwire Games,Seattle,United States,Extended Reality (XR),XR (VR/AR),47.264,-122.4411
Hopoo Games,Seattle,United States,Developer,Developer,47.811,-121.9046
IGDA Washington - Seattle,Seattle,United States,Organization,Other,47.6504,-122.8576
Ice Water Games,Seattle,United States,Developer,Developer,47.3316,-121.9854
IndiMo Labs,Seattle,United States,Extended Reality (XR),XR (VR/AR),47.97,-122.3124
Infinut,Seattle,United States,Mobile,Mobile,47.3445,-122.7146
Ironwood Studios,Seattle,United States,Developer,Developer,47.6251,-121.7828
Jintronix,Seattle,United States,Health,Other,47.8445,-122.7599
Kooapps,Seattle,United States,Mobile,Mobile,47.2323,-122.2547
Leaftail Labs,Seattle,United States,Extended Reality (XR),XR (VR/AR),47.9198,-122.0118
Level Headed Games,Seattle,United States,Online,Other,47.5201,-122.8872
Lightfox Games,Seattle,United States,Mobile,Mobile,47.4153,-121.8323
Limited Legacy Games,Seattle,United States,Publisher,Publisher,47.9777,-122.5108
Lost Lake Games,Seattle,United States,Developer,Developer,47.248,-122.5744
Luminary Games,Seattle,United States,Developer,Developer,47.7612,-121.7902
Lunacy Games,Seattle,United States,Developer,Developer,47.7398,-122.8913
Lunar Ray Games,Seattle,United States,Developer,Developer,47.2503,-122.0513
Mangotronics,Seattle,United States,Developer and Publisher,Publisher,47.9995,-122.1813
Marauder Interactive,Seattle,United States,Developer,Developer,47.3832,-122.841
Masonic Studios,Seattle,United States,Developer,Developer,47.5384,-121.7289
Mega Crit Games,Seattle,United States,Developer,Developer,47.9333,-122.7116
Mesh Collective,Seattle,United States,Developer,Developer,47.1891,-122.3803
Moonless Formless,Seattle,United States,Developer,Developer,47.8938,-121.8754
Mystic Interactive,Seattle,United States,Extended Reality (XR),XR (VR/AR),47.6021,-122.9613
Neon Media,Seattle,United States,Publisher,Publisher,47.3207,-121.8607
New Game+,Seattle,United States,Social,Other,48.0343,-122.394
No Goblin,Seattle,United States,Developer,Developer,47.26,-122.7178
Nurture,Seattle,United States,Developer and Publisher,Publisher,47.6863,-121.6966
Oddfauna,Seattle,United States,Developer,Developer,47.8381,-122.8845
One More Game,Seattle,United States,Developer,Developer,47.1809,-122.1559
OtherSide Entertainment (Aonic),Seattle,United States,Developer,Developer,48.0026,-122.034
Outer Brain Studios,Seattle,United States,Developer,Developer,47.4487,-122.9529
Outside Game Studio,Seattle,United States,Developer,Developer,47.4386,-121.7127
Parable Worlds,Seattle,United States,Developer,Developer,48.0144,-122.6226
Paranoid Productions,Seattle,United States,Developer,Developer,47.1703,-122.528
Peachy Keen Games,Seattle,United States,Developer,Developer,47.8398,-121.7474
Perfect Day Games,Seattle,United States,Developer,Developer,47.7008,-123.0012
Pine Street Codeworks,Seattle,United States,Developer,Developer,47.2295,-121.9311
Polyarc,Seattle,United States,Extended Reality (XR),XR (VR/AR),48.0693,-122.2499
Popcap (Electronic Arts),Seattle,United States,Developer,Developer,47.3005,-122.8596
Punch Up Games,Seattle,United States,Developer,Developer,47.5913,-121.6328
Puzzles by Joe,Seattle,United States,Microstudio,Developer,47.9375,-122.8356
RealNetworks,Seattle,United States,Publisher,Publisher,47.13,-122.2925
Recurring Dream,Seattle,United States,Developer,Developer,47.9774,-121.8817
Reflection Games,Seattle,United States,Mobile,Mobile,47.5373,-123.0399
Refract Studios,Seattle,United States,Developer,Developer,47.3332,-121.7379
Relentless Studios (Amazon),Seattle,United States,Developer,Developer,48.0806,-122.4976
Rustic Panda Games,Seattle,United States,Developer,Developer,47.1788,-122.6872
Seattle Indies,Seattle,United States,Organization,Other,47.7605,-121.6384
Ska Studios,Seattle,United States,Developer,Developer,47.8094,-123.0015
SkyRocket Studios (Big Fish Games),Seattle,United States,Mobile,Mobile,47.1492,-122.0406
Smile Break,Seattle,United States,Developer,Developer,48.0783,-122.0879
Snackbar Studio,Seattle,United States,Developer,Developer,47.3681,-122.9884
Spiderweb Software,Seattle,United States,Developer,Developer,47.4823,-121.606
Spiral Bound Interactive,Seattle,United States,Developer,Developer,48.0303,-122.7453
Starform,Seattle,United States,Online,Other,47.1029,-122.4529
Stellar Jockeys,Seattle,United States,Developer,Developer,47.9239,-121.7358
Strange Loop Games,Seattle,United States,Developer,Developer,47.6437,-123.0936
Stray Bombay Company,Seattle,United States,Developer,Developer,47.23,-121.8057
Studio Atma,Seattle,United States,Developer,Developer,48.1258,-122.3433
Stumbling Cat,Seattle,United States,Developer,Developer,47.2162,-122.8467
Subset Games,Seattle,United States,Developer,Developer,47.6597,-121.5583
SuckerFree Games,Seattle,United States,Developer,Developer,47.9206,-122.959
SugarMilk Games,Seattle,United States,Developer,Developer,47.0866,-122.1841
Sundew Studios,Seattle,United States,Developer,Developer,48.0588,-121.9187
SuperSixStudios,Seattle,United States,Developer,Developer,47.4601,-123.0936
Superfuture Syndicate,Seattle,United States,Developer,Developer,47.3661,-121.621
Surgical Science,Seattle,United States,Serious Games,Other,48.1093,-122.617
System Era Softworks,Seattle,United States,Developer,Developer,47.1033,-122.6273
Take-Two Interactive Software,Seattle,United States,Developer and Publisher,Publisher,47.8436,-121.6075
Theorycraft Games,Seattle,United States,Developer,Developer,47.7618,-123.1074
TinkerHouse Games,Seattle,United States,Mobile,Mobile,47.1364,-121.9145
Tomato Cake,Seattle,United States,Developer,Developer,48.1451,-122.1686
Torbie Games,Seattle,United States,Developer,Developer,47.282,-122.9952
Twin Suns,Seattle,United States,Developer,Developer,47.543,-121.515
Two Star Games,Seattle,United States,Developer,Developer,48.0267,-122.8734
Unbound Creations,Seattle,United States,Developer,Developer,47.0474,-122.3542
Undead Labs (Microsoft),Seattle,United States,Online,Other,48.0098,-121.7536
Upper One Games,Seattle,United States,Developer,Developer,47.5719,-123.1663
Valkyrie Entertainment,Seattle,United States,Developer,Developer,47.2502,-121.6801
Victura,Seattle,United States,Publisher,Publisher,48.1679,-122.4566
Virtual World Society,Seattle,United States,Organization,Other,47.1335,-122.8048
Voracious Games,Seattle,United States,Developer,Developer,47.74,-121.5068
Washington Interactive Network,Seattle,United States,Organization,Other,47.8845,-123.0774
Whenere,Seattle,United States,Developer,Developer,47.0595,-122.0602
Windup Minds,Seattle,United States,Extended Reality (XR),XR (VR/AR),48.1351,-121.9835
Winter Night Games,Seattle,United States,Developer,Developer,47.3741,-123.122
Women in Games International (WIGI) Seattle,Seattle,United States,Organization,Other,47.4169,-121.5141
ZeniMax Online Studios,Seattle,United States,Online,Other,48.1202,-122.7471
Zunzun Studios,Seattle,United States,Developer,Developer,47.0361,-122.5418
autotroph games,Seattle,United States,Microstudio,Developer,47.9323,-121.6036
tinyBuild Games,Seattle,United States,Developer and Publisher,Publisher,47.6979,-123.1989
5th Cell,Bellevue,United States,Developer,Developer,47.61038,-122.20068
Adventure Forge,Bellevue,United States,Developer,Developer,47.6442,-122.2554
ArenaNet (NC),Bellevue,United States,Online,Other,47.5399,-122.1915
Battle Barge (ProbablyMonsters),Bellevue,United States,Developer,Developer,47.6791,-122.1225
Bungie Studios,Bellevue,United States,Developer,Developer,47.593,-122.3467
Camouflaj,Bellevue,United States,Developer,Developer,47.5504,-122.0608
Campo Santo (Valve Corporation),Bellevue,United States,Developer,Developer,47.7287,-122.2478
Carbon Games,Bellevue,United States,Developer,Developer,47.493,-122.2911
Cat Daddy Games (2K),Bellevue,United States,Developer,Developer,47.6589,-122.0036
Crystal Northwest,Bellevue,United States,Developer,Developer,47.6676,-122.4063
DigitalDNA Games,Bellevue,United States,Developer,Developer,47.4672,-122.1013
Eastshade Studios,Bellevue,United States,Developer,Developer,47.7686,-122.1271
Epic Seattle,Bellevue,United States,Developer and Publisher,Publisher,47.5235,-122.423
Fantastic Signals,Bellevue,United States,Developer,Developer,47.5717,-121.9395
Gamigo,Bellevue,United States,Online,Other,47.7634,-122.3603
GreaterThanGroup,Bellevue,United States,Publisher,Publisher,47.4183,-122.2376
Her Interactive,Bellevue,United States,Developer and Publisher,Publisher,47.7393,-121.9738
Hidden Path Entertainment,Bellevue,United States,Developer,Developer,47.6189,-122.5062
Litesprite,Bellevue,United States,Serious Games,Other,47.4607,-121.9776
Manaworks,Bellevue,United States,Developer,Developer,47.8281,-122.2156
NC West,Bellevue,United States,Online,Other,47.4387,-122.4132
Niantic,Bellevue,United States,Extended Reality (XR),XR (VR/AR),47.6409,-121.8638
Nimble,Bellevue,United States,Developer,Developer,47.7443,-122.4862
Octopus Panic Games,Bellevue,United States,Developer,Developer,47.3764,-122.1226
Pancake Games,Bellevue,United States,Developer,Developer,47.8229,-122.02
STRIVR,Bellevue,United States,Serious Games,Other,47.5344,-122.554
Scopely,Bellevue,United States,Developer,Developer,47.5034,-121.8574
Soulbound Studios,Bellevue,United States,Online,Other,47.85,-122.3495
Sucker Punch Productions (Sony),Bellevue,United States,Developer,Developer,47.3614,-122.3335
Sunsgrove Studios,Bellevue,United States,Developer,Developer,47.7356,-121.8471
The Pokemon Company International,Bellevue,United States,Developer,Developer,47.6802,-122.5935
TiMi Bellevue (Tencent),Bellevue,United States,Developer,Developer,47.3762,-121.9773
Trion Worlds (gamigo Group),Bellevue,United States,Developer and Publisher,Publisher,47.8891,-122.1296
Valve Corporation,Bellevue,United States,Developer,Developer,47.4345,-122.5375
Wildcard Games,Bellevue,United States,Mobile,Mobile,47.5863,-121.7697
teamLFG,Bellevue,United States,Developer,Developer,47.8275,-122.4986
Round2Games,Sammamish,United States,Developer,Developer,47.64177,-122.0804
Bay 12 Games,Silverdale,United States,Microstudio,Developer,47.64454,-122.69487
Hexdraw,Niederndorf,Austria,Developer,Developer,47.65,12.21667
AUX-In Games,Spokane,United States,Microstudio,Developer,47.65966,-117.42908
Apomo,Spokane,United States,Developer,Developer,47.6934,-117.4838
Code Cozy Studio,Spokane,United States,Developer,Developer,47.5892,-117.4199
Cyan Worlds,Spokane,United States,Developer,Developer,47.7284,-117.3508
Lamina Studios,Spokane,United States,Developer,Developer,47.6422,-117.5753
Moonlight Kids,Spokane,United States,Developer,Developer,47.5997,-117.289
Nerd Ninjas,Spokane,United States,Mobile,Mobile,47.7779,-117.4763
Retrocade Media,Spokane,United States,Microstudio,Developer,47.5423,-117.5196
Blue Banshee,Auray,France,Developer,Developer,47.66692,-2.98421
775 Interactive,Redmond,United States,Developer,Developer,47.67399,-122.12151
Activision Redmond,Redmond,United States,Developer and Publisher,Publisher,47.7078,-122.1763
Coincidence,Redmond,United States,Developer,Developer,47.6036,-122.1123
Halo Studios (Xbox Game Studios),Redmond,United States,Developer,Developer,47.7427,-122.0433
Innersloth,Redmond,United States,Developer,Developer,47.6566,-122.2678
Mojang Studios (Xbox Game Studios),Redmond,United States,Developer,Developer,47.614,-121.9814
Nintendo of America,Redmond,United States,Developer and Publisher,Publisher,47.7923,-122.1687
Outersloth,Redmond,United States,Investment,Other,47.5566,-122.2121
PixelTail Games,Redmond,United States,Developer,Developer,47.7225,-121.9242
Soaring Pixels Games,Redmond,United States,Developer,Developer,47.7312,-122.3274
Soft Not Weak,Redmond,United States,Developer,Developer,47.5308,-122.022
The Quantum Astrophysicists Guild,Redmond,United States,Developer and Publisher,Publisher,47.8322,-122.0478
Turn 10 Studios (Xbox Game Studios),Redmond,United States,Developer,Developer,47.5871,-122.3441
WildTangent,Redmond,United States,Developer and Publisher,Publisher,47.6353,-121.86
Wonderbelly Games,Redmond,United States,Developer,Developer,47.827,-122.2813
World's Edge (XBox Game Studios),Redmond,United States,Developer,Developer,47.4819,-122.1585
Xbox Game Studios,Redmond,United States,Publisher,Publisher,47.8029,-121.8944
Zachtronics Industries (Alliance Media Holdings),Redmond,United States,Developer,Developer,47.6825,-122.4274
Lateralis Heavy Industries,Coeur D'Alene,United States,Microstudio,Developer,47.67768,-116.78047
1Up Ventures,Kirkland,United States,Investment,Other,47.68149,-122.20874
Chronicler,Kirkland,United States,Developer,Developer,47.7153,-122.2635
Digital Eel,Kirkland,United States,Developer,Developer,47.6111,-122.1996
Froach Club,Kirkland,United States,Developer,Developer,47.7502,-122.1305
Grapeshot Games,Kirkland,United States,Online,Other,47.6641,-122.355
Harebrained Schemes,Kirkland,United States,Developer,Developer,47.6215,-122.0686
Hat Hair Games,Kirkland,United States,Developer,Developer,47.7998,-122.256
Loonworks Games,Kirkland,United States,Developer,Developer,47.5641,-122.2993
No Matter Studios,Kirkland,United States,Developer,Developer,47.73,-122.0114
Planetary Annihilation Inc.,Kirkland,United States,Developer,Developer,47.7387,-122.4147
Studio Wildcard,Kirkland,United States,Developer,Developer,47.5383,-122.1092
Take This,Kirkland,United States,Organization,Other,47.8397,-122.135
Unchained Entertainment,Kirkland,United States,Online,Other,47.5946,-122.4313
Virtual Therapeutics,Kirkland,United States,Health,Other,47.6428,-121.9472
prettysmart games,Kirkland,United States,Developer,Developer,47.8345,-122.3686
Urban Games,Schaffhausen,Switzerland,Developer,Developer,47.69732,8.63493
Spry Fox,Juanita,United States,Developer,Developer,47.7065,-122.2015
Amber,Botosani,Romania,Developer,Developer,47.75,26.66667
DarkScreen Games,Mulhouse,France,Developer,Developer,47.75205,7.32866
The Spiraloid Workshop,Shoreline,United States,Extended Reality (XR),XR (VR/AR),47.75565,-122.34152
House of How,Bothell,United States,Developer,Developer,47.76232,-122.2054
Outerloop Games,Bothell,United States,Extended Reality (XR),XR (VR/AR),47.7961,-122.2602
Akos Makovics,Esztergom,Hungary,Microstudio,Developer,47.7928,18.74148
Redox Interactive,Salzburg,Austria,Developer,Developer,47.79941,13.04399
Games for Love,Lynnwood,United States,Organization,Other,47.82093,-122.31513
Smitner Studio,Todtnau,Germany,Developer,Developer,47.82941,7.9438
Periscope Games,Thourie,France,Online,Other,47.85524,-1.48062
What Up Games,Monroe,United States,Developer,Developer,47.85538,-121.97096
Beer Night Studio,Ulaanbaatar,Mongolia,Developer,Developer,47.90771,106.88324
Nomadic Bear Games,Ulaanbaatar,Mongolia,Mobile,Mobile,47.9415,106.8282
Underflow Studios,Everett,United States,Developer,Developer,47.97898,-122.20208
b-alive,Ummendorf,Germany,Developer,Developer,48.06667,9.83333
Deep Silver Germany (Koch Media),Planegg,Germany,Publisher,Publisher,48.10672,11.42483
PLAION,Planegg,Germany,Publisher,Publisher,48.1405,11.3696
Ravenscourt,Planegg,Germany,Publisher,Publisher,48.0363,11.4341
DRAMA,Rennes,France,Developer,Developer,48.11109,-1.67431
Pixelnest,Rennes,France,Developer,Developer,48.1449,-1.7295
WILD WITS GAMES,Rennes,France,Developer,Developer,48.0407,-1.6651
Wild Wits,Rennes,France,Developer,Developer,48.1798,-1.5954
Aesir Interactive,Munich,Germany,Developer,Developer,48.13743,11.57549
Amazon Games,Munich,Germany,Developer,Developer,48.1712,11.5202
Bonus Level Entertainment,Munich,Germany,Publisher,Publisher,48.067,11.5848
Bulkhead Darkhorse,Munich,Germany,Developer,Developer,48.2062,11.6544
Chimera Entertainment,Munich,Germany,Developer,Developer,48.12,11.4279
Cobalt Lane,Munich,Germany,Developer,Developer,48.0774,11.7168
CodePEAS,Munich,Germany,Developer,Developer,48.2557,11.5278
Delightex,Munich,Germany,Extended Reality (XR),XR (VR/AR),48.02,11.4841
Dev-Zoo,Munich,Germany,Microstudio,Developer,48.1859,11.7745
Dionic Software,Munich,Germany,Developer,Developer,48.1947,11.3677
Drake Star Partners,Munich,Germany,Investment,Other,47.9942,11.6759
EMK Capital,Munich,Germany,Investment,Other,48.2957,11.6499
FDG Entertainment,Munich,Germany,Developer and Publisher,Publisher,48.0506,11.3509
Grimlore Games (THQ Nordic),Munich,Germany,Developer,Developer,48.0987,11.8393
Hologate,Munich,Germany,Extended Reality (XR),XR (VR/AR),48.2905,11.4143
Icebird Studios,Munich,Germany,Developer,Developer,47.9454,11.5382
Innoactive,Munich,Germany,Serious Games,Other,48.2663,11.8047
Irox Games,Munich,Germany,Developer,Developer,48.1459,11.2668
Koch Media,Munich,Germany,Publisher,Publisher,47.9878,11.8008
L-F Studio,Munich,Germany,Developer,Developer,48.3551,11.5604
MegaZebra,Munich,Germany,Developer,Developer,47.9657,11.3608
Mimimi Productions,Munich,Germany,Developer,Developer,48.168,11.9158
Mixtvision Games Publishing,Munich,Germany,Developer and Publisher,Publisher,48.2714,11.287
Morphicon,Munich,Germany,Online,Other,47.9035,11.6544
Potato Games Studio,Munich,Germany,Developer,Developer,48.35,11.758
Prime Matter (PLAION),Munich,Germany,Developer,Developer,48.0614,11.2186
Reality Twist,Munich,Germany,Developer,Developer,48.0305,11.9223
RealmForge Studios,Munich,Germany,Developer,Developer,48.3771,11.4252
Salmi Games,Munich,Germany,Extended Reality (XR),XR (VR/AR),47.8885,11.4413
Schine,Munich,Germany,Developer,Developer,48.2627,11.9326
SenAm Games,Munich,Germany,Developer,Developer,48.2072,11.1787
Shin'en,Munich,Germany,Developer,Developer,47.9033,11.8011
Shin'en Multimedia,Munich,Germany,Developer,Developer,48.4162,11.6473
Take 2 Interactive,Munich,Germany,Publisher,Publisher,47.9616,11.2352
Team STEP,Munich,Germany,Developer,Developer,48.1134,12.0109
Thera Bytes,Munich,Germany,Health,Other,48.3546,11.2745
ThreeDee,Munich,Germany,Serious Games,Other,47.8374,11.5777
Travian Games,Munich,Germany,Online,Other,48.3627,11.8817
Travian Publishing,Munich,Germany,Publisher,Publisher,48.109,11.1156
Welevel,Munich,Germany,Developer,Developer,47.9487,11.9482
Wolpertinger Games,Munich,Germany,Developer,Developer,48.4486,11.4907
eXplore Studio,Munich,Germany,Developer,Developer,47.8665,11.32
remote control productions,Munich,Germany,Organization,Other,48.2231,12.0438
Atomontage,Bratislava,Slovakia,Developer,Developer,48.14816,17.10674
Bitmap Galaxy,Bratislava,Slovakia,Developer,Developer,48.1819,17.0515
Blue Brain Games,Bratislava,Slovakia,Developer,Developer,48.0777,17.116
Cauldron,Bratislava,Slovakia,Online,Other,48.2169,17.1857
Doublequote Studio,Bratislava,Slovakia,Developer,Developer,48.1307,16.9592
Fatbot Games,Bratislava,Slovakia,Developer,Developer,48.0882,17.2481
GRIP Studios,Bratislava,Slovakia,Developer and Publisher,Publisher,48.2664,17.0591
Mad Cookies Studio,Bratislava,Slovakia,Developer,Developer,48.0308,17.0154
Nine Rock Games (Embracer Group),Bratislava,Slovakia,Developer,Developer,48.1967,17.3058
Nine Rocks Games (THQ Nordic),Bratislava,Slovakia,Developer,Developer,48.2054,16.8989
Pixel Federation,Bratislava,Slovakia,Developer,Developer,48.005,17.2072
Powerplay Manager,Bratislava,Slovakia,Developer,Developer,48.3064,17.1811
Slovak Game Developers Association (SGDA),Bratislava,Slovakia,Organization,Other,48.0613,16.8821
We Make Games,Bratislava,Slovakia,Developer,Developer,48.1095,17.3706
Thogli Studios,Furstenfeldbruck,Germany,Developer,Developer,48.17904,11.2547
Blanksword,Vienna,Austria,Developer,Developer,48.20849,16.37208
Broken Rules,Vienna,Austria,Developer,Developer,48.2423,16.3168
Clockwork Bird,Vienna,Austria,Microstudio,Developer,48.1381,16.3814
Fantastic Humans,Vienna,Austria,Microstudio,Developer,48.2772,16.4511
Follow the Feathers,Vienna,Austria,Developer,Developer,48.1911,16.2243
Game Gestalt,Vienna,Austria,Microstudio,Developer,48.1485,16.5136
Hugging Dragons,Vienna,Austria,Developer,Developer,48.3268,16.3244
Ichbinhamma,Vienna,Austria,Microstudio,Developer,48.0911,16.2806
Lemuria Games,Vienna,Austria,Microstudio,Developer,48.257,16.5714
Mi'pu'mi Games,Vienna,Austria,Developer,Developer,48.2657,16.164
Microbird Games,Vienna,Austria,Developer,Developer,48.0653,16.4726
Moon Studios,Vienna,Austria,Developer,Developer,48.3667,16.4466
Owned by Gravity,Vienna,Austria,Developer,Developer,48.1216,16.1472
Pioneers of Game Development Austria (PGDA),Vienna,Austria,Organization,Other,48.1698,16.6363
Poink Games,Vienna,Austria,Developer,Developer,48.3615,16.2106
Purple Lamp (THQ Nordic),Vienna,Austria,Developer,Developer,48.0164,16.3347
Rarebyte,Vienna,Austria,Developer,Developer,48.3374,16.6016
Reignite Games,Vienna,Austria,Developer,Developer,48.217,16.063
SUNFOX Games,Vienna,Austria,Online,Other,48.0589,16.5977
Stuffed Wombat,Vienna,Austria,Microstudio,Developer,48.4262,16.357
THQ Nordic,Vienna,Austria,Publisher,Publisher,48.0368,16.1571
Unmade Games,Vienna,Austria,Developer,Developer,48.239,16.7128
Zeppelin Studio,Vienna,Austria,Developer,Developer,48.3424,16.0832
ByteParrot,Linz,Austria,Developer,Developer,48.30639,14.28611
Lonely Troops,Halič,Slovakia,Developer,Developer,48.35,19.583
Vivid Storm Interactive,Fahrenzhausen,Germany,Developer,Developer,48.35317,11.55521
Picster,Augsburg,Germany,Microstudio,Developer,48.37154,10.89851
Rafaelle Picca,Augsburg,Germany,Developer,Developer,48.4053,10.843
Digitalmindsoft,Ulm,Germany,Developer,Developer,48.39841,9.99155
Lilith,Pocking,Germany,Extended Reality (XR),XR (VR/AR),48.40149,13.31315
Totema Studios,Saguenay,Canada,Developer,Developer,48.41675,-71.06573
Ubisoft Saguenay,Saguenay,Canada,Developer,Developer,48.4505,-71.1213
Moulin Aux Bulles Studio,Alencon,France,Developer,Developer,48.43476,0.09311
Moulin aux Bulles Studio,Alencon,France,Developer,Developer,48.4685,0.0375
270sims,Victoria,Canada,Developer,Developer,48.4359,-123.35155
Ashdar Games,Victoria,Canada,Microstudio,Developer,48.4697,-123.4071
Blastworks Inc (Gaming Realms),Victoria,Canada,Developer,Developer,48.3655,-123.3422
Cloudhead Games,Victoria,Canada,Extended Reality (XR),XR (VR/AR),48.5046,-123.2721
Codename Entertainment,Victoria,Canada,Developer,Developer,48.4185,-123.5
EA Sports (Electronic Arts),Victoria,Canada,Developer,Developer,48.3759,-123.2094
Fancy Skeleton Games,Victoria,Canada,Mobile,Mobile,48.5542,-123.3995
Gaslamp Games,Victoria,Canada,Developer,Developer,48.3185,-123.4435
Hololabs,Victoria,Canada,Developer,Developer,48.4844,-123.1513
KIXEYE (Stillfront Group),Victoria,Canada,Online,Other,48.4931,-123.5605
Kano Apps,Victoria,Canada,Mobile,Mobile,48.2927,-123.2505
Metalhead (Electronic Arts),Victoria,Canada,Developer,Developer,48.5941,-123.2767
RaceRocks,Victoria,Canada,Serious Games,Other,48.3491,-123.5774
Red Nexus Games,Victoria,Canada,Developer,Developer,48.3972,-123.0862
Secret Plan Games,Victoria,Canada,Microstudio,Developer,48.5889,-123.5137
Spacewave Software,Victoria,Canada,Developer,Developer,48.2439,-123.3891
Stillfront Group,Victoria,Canada,Developer,Developer,48.5648,-123.121
Superbrothers,Victoria,Canada,Developer,Developer,48.4444,-123.662
Tiny Mob Games,Victoria,Canada,Developer,Developer,48.2863,-123.1249
Texel Raptor,Ortenberg,Germany,Developer,Developer,48.45158,7.97178
Absolutist,Dnipro,Ukraine,Online,Other,48.46664,35.04066
Amrita Studio,Dnipro,Ukraine,Developer,Developer,48.5004,34.9851
Bagelcode,Dnipro,Ukraine,Mobile,Mobile,48.3962,35.05
DMND GAMES,Dnipro,Ukraine,Mobile,Mobile,48.5354,35.1201
Fractured Byte,Dnipro,Ukraine,Developer,Developer,48.4492,34.8921
Nordcurrent,Dnipro,Ukraine,Developer and Publisher,Publisher,48.4066,35.1829
Painted Black Games,Dnipro,Ukraine,Developer,Developer,48.5849,34.9927
Playtika,Dnipro,Ukraine,Mobile,Mobile,48.3492,34.9487
Pushka,Dnipro,Ukraine,Developer,Developer,48.5152,35.241
Smart Project,Dnipro,Ukraine,Mobile,Mobile,48.5239,34.8315
Black Forest Games (THQ Nordic),Offenburg,Germany,Developer,Developer,48.47377,7.94495
Sixteen Tons Entertainment,Tübingen,Germany,Developer,Developer,48.52266,9.05222
Almedia,Strasbourg,France,Developer,Developer,48.58392,7.74553
Embers,Strasbourg,France,Developer,Developer,48.6177,7.6898
Goblinz Studio,Strasbourg,France,Developer and Publisher,Publisher,48.5135,7.7549
Toe Bean Club,Strasbourg,France,Developer,Developer,48.6526,7.8252
Red Mountain Games,Uzhhorod,Ukraine,Developer,Developer,48.6242,22.2947
ININ Games,Kirchheim unter Teck,Germany,Publisher,Publisher,48.64683,9.45378
Elsewhere Experience,Saint-Malo,France,Developer,Developer,48.64738,-2.00877
Seabird Interactive,Saint Malo,France,Developer,Developer,48.6812,-2.0646
Fluidfury Interactive,Juvisy-sur-Orge,France,Developer,Developer,48.68333,2.38333
Sperasoft,Volgograd,Russian Federation,Developer,Developer,48.71378,44.4976
3DIVISION,Kosice,Slovakia,Developer,Developer,48.71441,21.25802
Eastworks,Kosice,Slovakia,Developer,Developer,48.7482,21.2021
Fishcow Studio,Kosice,Slovakia,Online,Other,48.644,21.2674
Games Farm,Kosice,Slovakia,Developer,Developer,48.7831,21.3379
Grindstone,Kosice,Slovakia,Publisher,Publisher,48.697,21.1088
InLogic Software,Kosice,Slovakia,Mobile,Mobile,48.6544,21.401
Matsuko,Kosice,Slovakia,Developer,Developer,48.8327,21.2098
Rembrosoft,Kosice,Slovakia,Developer,Developer,48.597,21.1656
Superstructure Games,Kosice,Slovakia,Developer,Developer,48.7629,21.4594
Triple Hill Interactive,Kosice,Slovakia,Developer,Developer,48.7716,21.0479
Take 2 Interactive France,Palaiseau,France,Publisher,Publisher,48.71828,2.2498
TA Publishing (Forever Entertainment),Lannion,France,Publisher,Publisher,48.73264,-3.45657
Triskell Interactive,Lannion,France,Developer,Developer,48.7664,-3.5125
Inlogic Software,Banska Bystrica,Slovakia,Mobile,Mobile,48.73947,19.14932
Poetic Studio,Banská Bystrica,Slovakia,Developer,Developer,48.7732,19.0934
Heavydelic Studio,Horná Ves,Slovakia,Microstudio,Developer,48.748,18.617
Cypronia,Michalovce,Slovakia,Developer,Developer,48.75434,21.9195
Twin Sails Interactive,Guyancourt,France,Publisher,Publisher,48.77334,2.07393
Chasing Carrots,Stuttgart,Germany,Developer,Developer,48.78232,9.17702
Clarity Games,Stuttgart,Germany,Developer,Developer,48.8161,9.1211
Studio Seufz,Stuttgart,Germany,Developer,Developer,48.7119,9.1864
Pix'n Love Games,Houdan,France,Publisher,Publisher,48.79044,1.60007
Sanuk Games,Villejuif,France,Developer,Developer,48.7939,2.35992
Realcast,Ivry-sur-Seine,France,Extended Reality (XR),XR (VR/AR),48.81568,2.38487
Tea For Two,Ivry-sur-Seine,France,Developer,Developer,48.8495,2.3289
ARTE France,Issy-Les-Moulineaux,France,Publisher,Publisher,48.82104,2.27718
Microsoft France,Issy les Moulineaux,France,Publisher,Publisher,48.8548,2.2212
Nadeo (Ubisoft),Issy-les-Moulineaux,France,Developer,Developer,48.7506,2.2866
New Tales,Issy-les-Moulineaux,France,Developer and Publisher,Publisher,48.8898,2.3572
Realcast,Issy-les-Moulineaux,France,Extended Reality (XR),XR (VR/AR),48.8036,2.1276
Eversim,Lognes,France,Developer,Developer,48.83541,2.62998
SPACE Cowboys,Boulogne-Billancourt,France,Developer,Developer,48.83545,2.24128
Wargaming Europe,Boulogne-Billancourt,France,Online,Other,48.8692,2.1853
Streum on Studio,Nogent sur Marne,France,Developer,Developer,48.83669,2.48255
Tuesday Quest,Champs-sur-Marne,France,Mobile,Mobile,48.85,2.6
Magic Pockets,Torcy,France,Developer,Developer,48.85064,2.65078
5pm Studio,Paris,France,Developer,Developer,48.85341,2.3488
8SEC,Paris,France,Mobile,Mobile,48.8872,2.2928
ARC System Works Europe,Paris,France,Publisher,Publisher,48.783,2.3582
Adictiz,Paris,France,Mobile,Mobile,48.9221,2.4289
Agooloo Studios,Paris,France,Mobile,Mobile,48.836,2.1991
Alven,Paris,France,Investment,Other,48.7934,2.4922
Amazon Games,Paris,France,Developer,Developer,48.9717,2.3005
Amplitude Studios,Paris,France,Developer,Developer,48.736,2.2561
Anklebreaker Studio,Paris,France,Developer,Developer,48.9019,2.5507
Atari,Paris,France,Publisher,Publisher,48.9106,2.1381
Atlas V,Paris,France,Extended Reality (XR),XR (VR/AR),48.7102,2.4506
Backlight,Paris,France,Extended Reality (XR),XR (VR/AR),49.0116,2.4242
Bastinus Rex,Paris,France,Microstudio,Developer,48.7666,2.121
Bethesda Softworks (Zenimax Media),Paris,France,Publisher,Publisher,48.8147,2.6164
Black Sheep Studio,Paris,France,Developer,Developer,49.0065,2.1853
Breakpoint Games,Paris,France,Developer,Developer,48.6614,2.311
Capital Games,Paris,France,Organization,Other,48.9823,2.5812
Carpool Studio,Paris,France,Developer,Developer,48.8619,2.0358
Celsius Online,Paris,France,Developer,Developer,48.7038,2.5773
Club Sandwich,Paris,France,Developer,Developer,49.0711,2.3335
Cosmografik,Paris,France,Developer,Developer,48.6817,2.1311
Cow Cat Games,Paris,France,Developer,Developer,48.884,2.6939
Crimson Tales,Paris,France,Developer,Developer,48.9874,2.0562
DONTNOD Entertainment,Paris,France,Developer and Publisher,Publisher,48.6195,2.4288
Darjeeling,Paris,France,Developer,Developer,49.0659,2.5339
Days of Wonder,Paris,France,Developer,Developer,48.7774,1.9868
DotEmu,Paris,France,Developer and Publisher,Publisher,48.7465,2.7005
Double Jack,Paris,France,Extended Reality (XR),XR (VR/AR),49.0931,2.1964
Drake Star Partners,Paris,France,Investment,Other,48.6044,2.2127
Dreamcentury,Paris,France,Online,Other,48.9787,2.711
EMK Capital,Paris,France,Investment,Other,48.9232,1.9463
Eko Software,Paris,France,Developer,Developer,48.6193,2.5776
Ekosystem,Paris,France,Developer,Developer,49.1322,2.4216
Eugen Systems,Paris,France,Developer,Developer,48.6775,2.0037
Excurio,Paris,France,Extended Reality (XR),XR (VR/AR),48.8293,2.7904
F4 Group,Paris,France,Developer,Developer,49.0705,2.0435
Farsky Interactive,Paris,France,Developer,Developer,48.5534,2.351
Firesquid,Paris,France,Developer and Publisher,Publisher,49.0787,2.6594
Focus Entertainment,Paris,France,Publisher,Publisher,48.825,1.8824
Focus Home Interactive,Paris,France,Publisher,Publisher,48.6646,2.7268
Frog Collective,Paris,France,Developer,Developer,49.1645,2.2628
Gameloft,Paris,France,Mobile,Mobile,48.5824,2.0897
Gaminho,Paris,France,Mobile,Mobile,48.9391,2.8238
Globz,Paris,France,Mobile,Mobile,49.0031,1.9055
Green Panda Games,Paris,France,Developer and Publisher,Publisher,48.5424,2.524
Homa Games,Paris,France,Mobile,Mobile,49.1641,2.541
Honeyfrost,Paris,France,Developer,Developer,48.7082,1.8831
ITIC Game,Paris,France,Developer,Developer,48.7524,2.8466
Ikimasho,Paris,France,Extended Reality (XR),XR (VR/AR),49.1523,2.0826
Immersive Factory,Paris,France,Serious Games,Other,48.5112,2.2371
Innerspace VR,Paris,France,Extended Reality (XR),XR (VR/AR),49.0582,2.7869
IoPixel,Paris,France,Mobile,Mobile,48.8976,1.8103
Irregular Shapes,Paris,France,Developer,Developer,48.5788,2.704
James Bang,Paris,France,Microstudio,Developer,49.2172,2.369
Kameha Ventures,Paris,France,Investment,Other,48.5917,1.9568
KineQuantum,Paris,France,Health,Other,48.8723,2.9116
Koch Media,La Plaine Saint-Denis,France,Publisher,Publisher,49.0917,1.9104
Konami France,Paris,France,Publisher,Publisher,48.4795,2.4281
Kwalee,Paris,France,Developer and Publisher,Publisher,49.167,2.677
LOLTap,Paris,France,Mobile,Mobile,48.7673,1.78
La Belle Games,Paris,France,Microstudio,Developer,48.6625,2.8609
La Grange,Paris,France,Developer,Developer,49.2249,2.1657
La Moutarde,Paris,France,Developer,Developer,48.4952,2.1005
Lapsus Games,Paris,France,Developer,Developer,49.0084,2.904
Le Cartel Studio,Paris,France,Microstudio,Developer,48.987,1.7758
Lightbulb Crew,Paris,France,Developer,Developer,48.4975,2.6365
Little Workshop,Paris,France,Developer,Developer,49.2467,2.5032
Lizardcube,Paris,France,Developer,Developer,48.6304,1.8273
Lucid Realities Studio,Paris,France,Extended Reality (XR),XR (VR/AR),48.7856,2.9669
MadBox,Paris,France,Mobile,Mobile,49.1805,1.9599
Mana Cube,Paris,France,Mobile,Mobile,48.4363,2.2994
Masseka Game Studio,Paris,France,Developer,Developer,49.141,2.8167
Migami,Paris,France,Developer,Developer,48.8493,1.704
Monochrome Paris,Paris,France,Developer,Developer,48.5679,2.8318
Mudita Games,Paris,France,Developer,Developer,49.2815,2.2853
NAGA Publishing,Paris,France,Publisher,Publisher,48.5072,1.9535
NanoPiko,Paris,France,Developer,Developer,48.9335,3.0
Netcore Games,Paris,France,Developer,Developer,49.0853,1.7827
Nevrax,Paris,France,Developer,Developer,48.4281,2.5293
Not a Shark Company,Paris,France,Publisher,Publisher,49.2498,2.6542
Novaquark,Paris,France,Developer,Developer,48.6959,1.7127
Novelab,Paris,France,Developer,Developer,48.6858,2.9835
Ocelot Society,Paris,France,Developer,Developer,49.2616,2.0511
Oh BiBi,Paris,France,Developer,Developer,48.4175,2.1481
Opus Major,Paris,France,Developer,Developer,49.087,2.9479
Oribtal VIews,Paris,France,Extended Reality (XR),XR (VR/AR),48.948,1.6631
Paradox Interactive,Paris,France,Developer and Publisher,Publisher,48.4767,2.7597
Parallel Studio,Paris,France,Extended Reality (XR),XR (VR/AR),49.3165,2.433
Pastagames,Paris,France,Developer,Developer,48.5477,1.8082
Persistant Studios,Paris,France,Developer,Developer,48.8385,3.0653
Pinpin Team,Paris,France,Developer,Developer,49.1847,1.8329
PixCapital,Paris,France,Investment,Other,48.3772,2.3893
Pixel Wizards,Paris,France,Developer,Developer,49.2246,2.8103
Playrion,Paris,France,Developer,Developer,48.7845,1.6235
Playsoft Games,Paris,France,Developer,Developer,48.5804,2.9576
Playtouch,Paris,France,Developer,Developer,49.3278,2.1792
Plug In Digital,Paris,France,Publisher,Publisher,48.426,1.9849
Pretty Simple Games,Paris,France,Online,Other,49.0077,3.0595
PulluP Entertainment,Paris,France,Publisher,Publisher,49.0566,1.6629
Quantic Dream,Paris,France,Developer and Publisher,Publisher,48.3964,2.6475
Ragequit Corporation,Paris,France,Developer,Developer,49.3255,2.599
Red Art Games,Paris,France,Developer and Publisher,Publisher,48.6153,1.6763
Reissad Studio,Paris,France,Developer,Developer,48.7295,3.0928
Skrice,Paris,France,Developer,Developer,49.2775,1.9254
Sleepy Mill Studio,Paris,France,Developer,Developer,48.3501,2.225
Sloclap (Kepler Interactive),Paris,France,Online,Other,49.1711,2.9597
Sony Computer Entertainment France,Paris,France,Publisher,Publisher,48.8909,1.5685
Sylvain Seccia,Paris,France,Developer,Developer,48.4772,2.8882
Syndicat National Du Jeu Video (SNJV),Paris,France,Organization,Other,49.373,2.3372
THQ Nordic France,Paris,France,Publisher,Publisher,48.4634,1.8215
TOTEM Studio,Paris,France,Developer,Developer,48.9069,3.1416
Tactical Adventures,Paris,France,Developer,Developer,49.1678,1.7064
Tap4Fun France,Paris,France,Mobile,Mobile,48.3338,2.5005
Tapnation,Paris,France,Publisher,Publisher,49.306,2.7723
Tara Gaming,Paris,France,Developer,Developer,48.7073,1.5684
The Arcade Crew,Paris,France,Publisher,Publisher,48.6133,3.0774
The Game Atelier,Paris,France,Mobile,Mobile,49.3565,2.0568
The Pixel Hunt,Paris,France,Mobile,Mobile,48.3505,2.0463
Tindalos Interactive,Paris,France,Developer,Developer,49.0908,3.0912
Twin Sails Interactive (Asmodee),Paris,France,Publisher,Publisher,49.009,1.5543
Two Tiny Dice,Paris,France,Developer,Developer,48.3836,2.7767
Ubisoft Paris,Paris,France,Developer and Publisher,Publisher,49.3923,2.5163
Vhalenn,Paris,France,Developer,Developer,48.5292,1.6693
Voodoo,Paris,France,Mobile,Mobile,48.7902,3.1861
Voxler (Embracer Group),Paris,France,Developer,Developer,49.2739,1.7941
White Star Capital,Paris,France,Investment,Other,48.2946,2.3261
Wild Factor,Paris,France,Developer,Developer,49.257,2.9416
Witty Wings,Paris,France,Developer,Developer,48.8191,1.494
XiLabs Smartgaming,Paris,France,Developer,Developer,48.4974,3.0169
Yamago,Paris,France,Developer,Developer,49.4151,2.2212
Yorf Studio,Paris,France,Mobile,Mobile,48.3807,1.8644
Yukim,Paris,France,Developer,Developer,48.9872,3.1944
ZDT Studio,Paris,France,Developer,Developer,49.1317,1.585
Zero Games Studios,Paris,France,Developer,Developer,48.3067,2.6273
int13,Paris,France,Mobile,Mobile,49.3823,2.706
isCool Entertainment,Paris,France,Mobile,Mobile,48.6213,1.5394
manzalab,Paris,France,Developer,Developer,48.6641,3.187
Brute Force,Neuilly-sur-Marne,France,Developer,Developer,48.85373,2.54903
Attu Games,Znojmo,Czechia,Developer,Developer,48.8555,16.0488
Chonky Frog Studio,Montreuil Sous Bois,France,Developer,Developer,48.86415,2.44322
Deimos Games,Montreuil Sous Bois,France,Developer,Developer,48.8979,2.3872
Koalabs,Montreuil Sous Bois,France,Developer,Developer,48.7937,2.4526
Microids (Anuman Interactive),Montreuil Sous Bois,France,Developer,Developer,48.9329,2.5233
Playdigious,Montreuil Sous Bois,France,Publisher,Publisher,48.8467,2.2935
Teo Chhim,Montreuil Sous Bois,France,Developer,Developer,48.8041,2.5866
Ubisoft Owlient,Montreuil Sous Bois,France,Developer and Publisher,Publisher,48.9824,2.3949
ooblada,Montreuil Sous Bois,France,Mobile,Mobile,48.7468,2.3505
Streum On Studio,Chelles,France,Developer,Developer,48.88109,2.59295
Chapatiz,Puteaux,France,Developer,Developer,48.88341,2.23894
Square Enix France,Levallois-Perret,France,Publisher,Publisher,48.89389,2.28864
Capcom Entertainment France,Saint-Germain-en-Laye,France,Publisher,Publisher,48.89643,2.0904
Bread Panda Games,Courbevoie,France,Microstudio,Developer,48.89672,2.25666
Navel,Ludwigsburg,Germany,Developer,Developer,48.89731,9.19161
Spellgarden Games,Ludwigsburg,Germany,Developer,Developer,48.9311,9.1355
Studio Sterneck,Ludwigsburg,Germany,Developer,Developer,48.8269,9.201
Walk The Frog Studio,Ludwigsburg,Germany,Microstudio,Developer,48.966,9.2718
Zeitland,Ludwigsburg,Germany,Developer,Developer,48.8799,9.0418
kaleidoscube,Ludwigsburg,Germany,Developer,Developer,48.8373,9.3351
NINPO,Bondy,France,Developer,Developer,48.9018,2.48931
Douze Dixiemes (Focus Entertainment),Saint Ouen,France,Developer,Developer,48.90654,2.33339
Maximum Entertainment France,Saint Ouen,France,Publisher,Publisher,48.9403,2.2773
Podoba Interactive,Ivano-Frankivsk,Ukraine,Developer,Developer,48.92312,24.71248
straka.studio,Nova Dubnica,Slovakia,Developer,Developer,48.93479,18.14632
TopWare Interactive,Ettlingen,Germany,Developer and Publisher,Publisher,48.94094,8.40763
Ristretto Studios,Villeparisis,France,Mobile,Mobile,48.94208,2.61463
Magma Mobile,Argenteuil,France,Mobile,Mobile,48.94788,2.24744
Best Way Games,Sieverodonetsk,Ukraine,Developer,Developer,48.9481,38.4916
StarvingFox Studio,Juziers,France,Developer,Developer,48.99137,1.8476
Brozef,Presov,Slovakia,Developer and Publisher,Publisher,48.99923,21.2355
Functu,Presov,Slovakia,Mobile,Mobile,49.033,21.1793
Causa Creations,Karlsruhe,Germany,Developer,Developer,49.00937,8.40444
Flaregames,Karlsruhe,Germany,Mobile,Mobile,49.0431,8.3482
Gaijin Network,Karlsruhe,Germany,Developer,Developer,48.9389,8.4139
GameForge,Karlsruhe,Germany,Online,Other,49.0781,8.4848
Productivkeller,Karlsruhe,Germany,Developer,Developer,48.992,8.2543
Walking Tree Games,Karlsruhe,Germany,Developer,Developer,48.9494,8.5483
CipSoft,Regensburg,Germany,Online,Other,49.01513,12.10161
Sickscore Games,Regensburg,Germany,Developer,Developer,49.0489,12.0454
Corbie Games,White Rock,Canada,Developer,Developer,49.02049,-122.79507
Simply Sweet Games,Osoyoos,Canada,Developer,Developer,49.03306,-119.45237
Yummy Games,Cergy,France,Developer and Publisher,Publisher,49.03645,2.07613
Nintendo France,Cergy-Pontoise,France,Publisher,Publisher,49.03894,2.07805
Conquer Experience,Surrey,Canada,Serious Games,Other,49.10635,-122.82509
Flying Oak Games,Metz,France,Developer,Developer,49.11911,6.17269
Goblinz Studio,Metz,France,Developer and Publisher,Publisher,49.1529,6.1164
Lozange Lab,Metz,France,Developer,Developer,49.0487,6.1821
Red Art Studios,Metz,France,Developer and Publisher,Publisher,49.1878,6.2532
Actera,Saint Helier,States of Jersey,Investment,Other,49.18804,-2.10491
EMK Capital,Saint Helier,States of Jersey,Investment,Other,49.2218,-2.1613
Studio [2.21],Chantilly,France,Developer,Developer,49.19461,2.47124
2k Czech,Brno,Czechia,Developer and Publisher,Publisher,49.19522,16.60796
Alda Games,Brno,Czechia,Developer,Developer,49.229,16.5515
Artax,Brno,Czechia,Mobile,Mobile,49.1248,16.6174
Ashborne Games (THQ Nordic),Brno,Czechia,Developer,Developer,49.2639,16.6886
Bohemia Interactive,Brno,Czechia,Developer and Publisher,Publisher,49.1778,16.4573
CBE Software,Brno,Czechia,Developer,Developer,49.1352,16.7523
Fairy Mount Games,Brno,Czechia,Microstudio,Developer,49.3135,16.5593
Fineway Studios,Brno,Czechia,Developer,Developer,49.0778,16.5147
GRIP Studios,Brno,Czechia,Developer and Publisher,Publisher,49.2437,16.8112
Gamajun Games,Brno,Czechia,Mobile,Mobile,49.2525,16.3958
GameDev Area,Brno,Czechia,Organization,Other,49.052,16.7105
Gamebaze,Brno,Czechia,Incubator/Accelerator,Other,49.3535,16.6839
Hangar 13 (2K),Brno,Czechia,Developer,Developer,49.1084,16.3786
Hangonit,Brno,Czechia,Developer,Developer,49.1565,16.8774
Hey Bird!,Brno,Czechia,Developer,Developer,49.3483,16.4433
Ingame Studios,Brno,Czechia,Developer,Developer,49.0032,16.5699
KUBI Games,Brno,Czechia,Microstudio,Developer,49.3241,16.842
Krystof Knesl,Brno,Czechia,Developer,Developer,49.2037,16.2928
MADFINGER Games,Brno,Czechia,Developer,Developer,49.0456,16.8381
NOXGAMES,Brno,Czechia,Mobile,Mobile,49.4129,16.5926
PixelAnt (Sumo Digital),Brno,Czechia,Mobile,Mobile,49.0235,16.3887
Running Pillow,Brno,Czechia,Mobile,Mobile,49.2258,16.9555
SZEINER,Brno,Czechia,Developer,Developer,49.3292,16.3134
Straitjacket Entertainment,Brno,Czechia,Developer,Developer,48.9613,16.6885
Tinysoft,Brno,Czechia,Developer,Developer,49.4077,16.7943
Trickster Arts,Brno,Czechia,Mobile,Mobile,49.1192,16.2435
505 Games (Digital Bros),Burglengenfeld,Germany,Publisher,Publisher,49.20379,12.04452
Activision Burglengenfeld,Burglengenfeld,Germany,Publisher,Publisher,49.2376,11.9881
Epic Story Interactive,New Westminster,Canada,Mobile,Mobile,49.20678,-122.91092
Redstone Interactive,New Westminster,Canada,Developer,Developer,49.2406,-122.9674
polyperfect,Zlin,Czechia,Developer,Developer,49.22645,17.67065
DigiTales,Saarbrucken,Germany,Developer,Developer,49.23262,7.00982
Radical Fish Games,Saarbrucken,Germany,Developer,Developer,49.2664,6.9534
Playtika,Vinnitsya,Ukraine,Mobile,Mobile,49.2331,28.4682
2K Sports Lab,Vancouver,Canada,Developer and Publisher,Publisher,49.24966,-123.11934
2TG Entertainment,Vancouver,Canada,Developer,Developer,49.2834,-123.1758
81monkeys,Vancouver,Canada,Developer,Developer,49.1792,-123.1099
A Thinking Ape,Vancouver,Canada,Mobile,Mobile,49.3184,-123.0386
Activision Vancouver,Vancouver,Canada,Developer and Publisher,Publisher,49.2322,-123.2702
Adamvision Studios,Vancouver,Canada,Developer,Developer,49.1897,-122.9748
Avatone,Vancouver,Canada,Health,Other,49.3679,-123.168
Bergamot Games,Vancouver,Canada,Developer,Developer,49.1323,-123.2127
Biba,Vancouver,Canada,Mobile,Mobile,49.2982,-122.9158
Bit Byters,Vancouver,Canada,Developer,Developer,49.3069,-123.3317
Blackbird Interactive,Vancouver,Canada,Developer,Developer,49.1065,-123.0167
Brace Yourself Games,Vancouver,Canada,Developer,Developer,49.4079,-123.0433
Brass Token,Vancouver,Canada,Developer,Developer,49.1628,-123.3489
Buffalo Buffalo,Vancouver,Canada,Developer,Developer,49.211,-122.8496
CD PROJEKT RED,Vancouver,Canada,Developer and Publisher,Publisher,49.4027,-123.2842
Captain Games,Vancouver,Canada,Mobile,Mobile,49.0576,-123.1575
Casual Immersions Entertainment,Vancouver,Canada,Mobile,Mobile,49.3785,-122.8851
Charm Games,Vancouver,Canada,Extended Reality (XR),XR (VR/AR),49.2582,-123.4349
Cheesemaster Games,Vancouver,Canada,Developer,Developer,49.1,-122.889
Chevy Ray,Vancouver,Canada,Microstudio,Developer,49.4674,-123.1348
Chorus Worldwide,Vancouver,Canada,Publisher,Publisher,49.078,-123.3388
Coal Car Studio,Vancouver,Canada,Developer,Developer,49.2802,-122.7715
Coldblood Inc,Vancouver,Canada,Developer,Developer,49.3836,-123.4143
Curiobot,Vancouver,Canada,Developer,Developer,49.0157,-123.0387
Cuzus Games,Vancouver,Canada,Developer,Developer,49.4622,-122.9328
Dapper Labs,Vancouver,Canada,Developer,Developer,49.1737,-123.4842
Demonware (Activision),Vancouver,Canada,Developer and Publisher,Publisher,49.1427,-122.7648
DigiBC,Vancouver,Canada,Organization,Other,49.4893,-123.273
Dinosire,Vancouver,Canada,Developer,Developer,49.0007,-123.2565
Dogfish Games,Vancouver,Canada,Developer,Developer,49.3749,-122.7542
Dropfake,Vancouver,Canada,Developer,Developer,49.3195,-123.525
EA Vancouver (Electronic Arts),Vancouver,Canada,Publisher,Publisher,49.0155,-122.8887
East Side Games,Vancouver,Canada,Developer,Developer,49.5284,-123.0459
Emerald City Games,Vancouver,Canada,Mobile,Mobile,49.0738,-123.4672
Endnight,Vancouver,Canada,Developer,Developer,49.2256,-122.6742
Epic Games,Vancouver,Canada,Developer and Publisher,Publisher,49.4668,-123.4271
Extremely OK Games,Vancouver,Canada,Developer,Developer,48.9497,-123.1171
Floating Origin Studios,Vancouver,Canada,Developer,Developer,49.4749,-122.8063
FlowMotion Entertainment,Vancouver,Canada,Publisher,Publisher,49.2212,-123.5895
Fluffy Dog Games Studio,Vancouver,Canada,Developer,Developer,49.0609,-122.7383
Frosty Pop Games,Vancouver,Canada,Developer and Publisher,Publisher,49.5608,-123.206
Full Indie,Vancouver,Canada,Organization,Other,48.9787,-123.3806
Funplus,Vancouver,Canada,Mobile,Mobile,49.3353,-122.6406
Funselektor Labs,Vancouver,Canada,Developer,Developer,49.3994,-123.5662
Gasket Games Corp,Vancouver,Canada,Developer,Developer,48.9387,-122.9427
Greg Lobanov,Vancouver,Canada,Developer,Developer,49.5603,-122.9256
Guide Stone Studios,Vancouver,Canada,Developer,Developer,49.1044,-123.5888
HO! Games,Vancouver,Canada,Developer,Developer,49.1487,-122.6175
Half Asleep,Vancouver,Canada,Developer,Developer,49.5485,-123.3877
Hildring Studios,Vancouver,Canada,Developer,Developer,48.9075,-123.2319
Hinterland Studio,Vancouver,Canada,Developer,Developer,49.4544,-122.6778
Hollow Tree Games,Vancouver,Canada,Developer,Developer,49.2938,-123.6622
IGDA British Columbia - Vancouver,Vancouver,Canada,Organization,Other,48.9751,-122.7613
IGG,Vancouver,Canada,Online,Other,49.6134,-123.099
Illseer Games,Vancouver,Canada,Developer,Developer,48.988,-123.5144
Inkwell Games,Vancouver,Canada,Developer,Developer,49.2686,-122.552
Interdimensional Games,Vancouver,Canada,Developer,Developer,49.488,-123.5612
IronOak Games,Vancouver,Canada,Developer,Developer,48.8758,-123.0394
Ironclad Games,Vancouver,Canada,Developer,Developer,49.5633,-122.7885
Jetpack Interactive,Vancouver,Canada,Developer,Developer,49.1635,-123.6927
Journey Bound Games,Vancouver,Canada,Developer,Developer,49.0587,-122.6031
Kabam,Vancouver,Canada,Online,Other,49.6211,-123.3039
Kerberos Productions,Vancouver,Canada,Developer,Developer,48.8915,-123.3696
Kettle Games,Vancouver,Canada,Extended Reality (XR),XR (VR/AR),49.4047,-122.5597
Klei Entertainment,Vancouver,Canada,Developer,Developer,49.3832,-123.697
Koolhaus Games,Vancouver,Canada,Developer,Developer,48.8937,-122.8294
LBC Studio,Vancouver,Canada,Mobile,Mobile,49.6429,-122.9637
Lifetap Studios,Vancouver,Canada,Developer,Developer,49.0266,-123.645
LocalThunk,Vancouver,Canada,Developer,Developer,49.1818,-122.4963
Loligo Games Canada,Vancouver,Canada,Developer,Developer,49.5768,-123.5114
Maison Bap,Vancouver,Canada,Developer,Developer,48.8326,-123.1691
Matt Makes Games,Vancouver,Canada,Developer,Developer,49.5373,-122.6477
Maxis (Electronic Arts),Vancouver,Canada,Developer,Developer,49.2455,-123.7693
Meowza Games,Vancouver,Canada,Developer,Developer,48.9642,-122.6325
Metanaut,Vancouver,Canada,Extended Reality (XR),XR (VR/AR),49.6777,-123.1833
Minmax Games,Vancouver,Canada,Developer,Developer,48.9035,-123.5178
MrSuicideSheep,Vancouver,Canada,Developer,Developer,49.3298,-122.463
Mythical City Games,Vancouver,Canada,Developer,Developer,49.4815,-123.69
Next Level Games,Vancouver,Canada,Developer,Developer,48.8244,-122.9374
Nickervision Studios,Vancouver,Canada,Developer,Developer,49.646,-122.8115
Night Garden Studio,Vancouver,Canada,Mobile,Mobile,49.0922,-123.7606
Ninja Robot Dinosaur,Vancouver,Canada,Developer,Developer,49.082,-122.4796
Nintendo of Canada,Vancouver,Canada,Publisher,Publisher,49.6579,-123.4194
Non-Euclidean,Vancouver,Canada,Developer,Developer,48.8137,-123.3217
Northway Games,Vancouver,Canada,Extended Reality (XR),XR (VR/AR),49.4833,-122.5154
Offworld Industries,Vancouver,Canada,Developer,Developer,49.3442,-123.8105
Original Fire Games,Vancouver,Canada,Developer,Developer,48.873,-122.7052
Over the Moon Games,Vancouver,Canada,Developer,Developer,49.7127,-123.0344
Peartree Games,Vancouver,Canada,Developer,Developer,48.9439,-123.6642
Pickled Sword,Vancouver,Canada,Microstudio,Developer,49.2348,-122.3971
Piranha Games (Enad Global 7),Vancouver,Canada,Developer,Developer,49.581,-123.6394
Popcap (Electronic Arts),Vancouver,Canada,Developer,Developer,48.7734,-123.0785
PrecisionOS,Vancouver,Canada,Health,Other,49.6209,-122.6541
RAC7 (Apple),Vancouver,Canada,Developer,Developer,49.1807,-123.8504
Raccoopack Media,Vancouver,Canada,Mobile,Mobile,48.9767,-122.5056
Radial Games,Vancouver,Canada,Developer,Developer,49.7241,-123.2903
RattleAxe Games,Vancouver,Canada,Developer,Developer,48.8222,-123.4861
Ravenwake Games,Vancouver,Canada,Developer,Developer,49.4039,-122.4029
Ravine Studios,Vancouver,Canada,Developer,Developer,49.4529,-123.8108
Red Hook Studios (Behaviour Interactive),Vancouver,Canada,Developer,Developer,48.7926,-122.8183
Redcell Games,Vancouver,Canada,Mobile,Mobile,49.7218,-122.8671
Relic Entertainment,Vancouver,Canada,Developer,Developer,49.0116,-123.7972
Respawn Entertainment (Electronic Arts),Vancouver,Canada,Developer,Developer,49.1257,-122.3694
Righteous Hammer Games,Vancouver,Canada,Mobile,Mobile,49.6738,-123.5461
Ripple Effect (Electronic Arts),Vancouver,Canada,Developer,Developer,48.7463,-123.2441
Roarty Digital,Vancouver,Canada,Microstudio,Developer,49.5673,-122.5035
Sillysoft,Vancouver,Canada,Developer,Developer,49.2872,-123.9059
Silverstring Media,Vancouver,Canada,Developer,Developer,48.8734,-122.5756
Smoking Gun Interactive,Vancouver,Canada,Developer,Developer,49.7692,-123.131
Sonderlust Studios,Vancouver,Canada,Developer,Developer,48.8596,-123.6508
Space Bullet Dynamics Corporation,Vancouver,Canada,Developer,Developer,49.3031,-122.3202
Studio Capital Mangement,Vancouver,Canada,Investment,Other,49.564,-123.7669
Sunset Visitor,Vancouver,Canada,Developer,Developer,48.73,-122.9665
SuperNatural Studios,Vancouver,Canada,Developer,Developer,49.7022,-122.6924
Take-Two Interactive Software,Vancouver,Canada,Developer and Publisher,Publisher,49.1035,-123.9059
The Coalition (Microsoft Studios),Vancouver,Canada,Developer,Developer,49.0095,-122.3849
This Game Studio,Vancouver,Canada,Online,Other,49.7527,-123.4136
Thorium,Vancouver,Canada,Developer,Developer,48.7468,-123.4242
Thunderous Games,Vancouver,Canada,Developer,Developer,49.487,-122.371
Tiny Ghost Studios,Vancouver,Canada,Developer,Developer,49.4053,-123.9202
Trepang Studios,Vancouver,Canada,Developer,Developer,48.7798,-122.688
Tuatara Games,Vancouver,Canada,Developer,Developer,49.7885,-122.9505
Vancouver Game Garden,Vancouver,Canada,Organization,Other,48.9255,-123.8043
Vankrupt Games,Vancouver,Canada,Extended Reality (XR),XR (VR/AR),49.1865,-122.2754
Vblank Entertainment,Vancouver,Canada,Developer,Developer,49.6701,-123.6785
Wishes Unlimited,Vancouver,Canada,Developer,Developer,48.6908,-123.1422
Women in Games International (WIGI) Vancouver,Vancouver,Canada,Organization,Other,49.6532,-122.5218
airG,Vancouver,Canada,Online,Other,49.2154,-123.981
ePlay Digital,Vancouver,Canada,Mobile,Mobile,48.8936,-122.4459
Reality Games,Volklingen,Germany,Mobile,Mobile,49.25162,6.85873
Pixode,Stryi,Ukraine,Mobile,Mobile,49.26103,23.84845
Bramvale Studios,Burnaby,Canada,Developer,Developer,49.26636,-122.95263
EA Sports (Electronic Arts),Burnaby,Canada,Developer,Developer,49.3001,-123.0091
Electronic Arts,Burnaby,Canada,Developer and Publisher,Publisher,49.1959,-122.9432
Hellbent Games,Burnaby,Canada,Developer,Developer,49.3351,-122.8719
Ossian Studios,Burnaby,Canada,Developer,Developer,49.2489,-123.1035
SkyBox Labs,Burnaby,Canada,Developer,Developer,49.2064,-122.8081
Saurav Bhagat,British Columbia,Canada,Developer,Developer,49.2827,-123.1207
Clicktoy Interactive,Coquitlam,Canada,Developer,Developer,49.2846,-122.78217
Let Us Cook,Coquitlam,Canada,Microstudio,Developer,49.3184,-122.8387
Visual Concepts Blueshift (2K),Parksville,Canada,Developer,Developer,49.31947,-124.31575
Moonbyte Games,Neustadt,Germany,Developer,Developer,49.3539,8.1386
Application Systems Heidelberg,Heidelberg,Germany,Developer,Developer,49.40768,8.69079
Lab132,Heidelberg,Germany,Developer,Developer,49.4415,8.6341
Cuddling Raccoons Studio,Nuremburg,Germany,Developer,Developer,49.45421,11.07752
Neobird,Nuremberg,Germany,Developer,Developer,49.488,11.0208
Pixel Maniacs,Nuremberg,Germany,Developer,Developer,49.3838,11.087
SPREE Interactive,Nuremberg,Germany,Extended Reality (XR),XR (VR/AR),49.5229,11.1586
Zockrates Labs,Nuremburg,Germany,Developer,Developer,49.4368,10.926
smuttlewerk interactive,Ludwigshafen,Germany,Mobile,Mobile,49.48121,8.44641
Hemisphere Games,Nelson,Canada,Developer,Developer,49.49985,-117.28553
Icefall Interactive,Nelson,Canada,Extended Reality (XR),XR (VR/AR),49.5336,-117.3423
Orange Bridge Studios,Nelson,Canada,Extended Reality (XR),XR (VR/AR),49.4294,-117.276
Nementic Games,Herzogenaurach,Germany,Mobile,Mobile,49.56798,10.88565
Thunderrock Innovations,Borrstadt,Germany,Developer,Developer,49.57772,7.94245
Boolat Games (Playrix),Poltava,Ukraine,Developer,Developer,49.58925,34.55367
Boxelware,Erlangen,Germany,Developer,Developer,49.59099,11.00783
GIANTS Software,Erlangen,Germany,Developer,Developer,49.6248,10.951
Proxy Studios,Erlangen,Germany,Developer,Developer,49.5206,11.0174
Quiet Dimensions,Olomouc,Czechia,Developer,Developer,49.59552,17.25175
Big Fish Games (Aristocrat),Luxembourg,Luxembourg,Developer and Publisher,Publisher,49.60982,6.13268
Bubblebird Studio,Luxembourg,Luxembourg,Developer,Developer,49.6436,6.0758
Fireflies,Luxembourg,Luxembourg,Developer,Developer,49.5394,6.1422
Goblinz Studio,Luxembourg,Luxembourg,Developer and Publisher,Publisher,49.6785,6.214
Grand Duck Games,Luxembourg,Luxembourg,Developer,Developer,49.5924,5.9807
Luxembourg Video Game Association,Luxembourg,Luxembourg,Organization,Other,49.5498,6.2783
Nexon Europe,Luxembourg,Luxembourg,Publisher,Publisher,49.7281,6.0836
The Lordz Game Studio,Luxembourg,Luxembourg,Developer,Developer,49.4924,6.0386
Kalypso Media,Worms,Germany,Developer and Publisher,Publisher,49.63278,8.35916
HandyGames (THQ Nordic),Giebelstadt,Germany,Developer and Publisher,Publisher,49.65308,9.94441
Blue Wizard Games,Comox,Canada,Developer,Developer,49.68294,-124.93613
Asarge,Courtenay,Canada,Developer,Developer,49.68657,-124.9936
Gear Worx Productions,Lethbridge,Canada,Developer,Developer,49.69999,-112.81856
Simulacrum Interactive,Lethbridge,Canada,Extended Reality (XR),XR (VR/AR),49.7338,-112.8756
Nejcraft,Pilsen,Czechia,Developer and Publisher,Publisher,49.74747,13.37759
SOEDESCO,Pilsen,Czechia,Developer and Publisher,Publisher,49.7812,13.3205
Gentlymad,Trier,Germany,Developer,Developer,49.75565,6.63935
Gentle Troll,Wurzburg,Germany,Serious Games,Other,49.79391,9.95121
Gentle Troll Entertainment,Wurzburg,Germany,Serious Games,Other,49.8277,9.8941
Kritzelkratz 3000,Wurzburg,Germany,Developer,Developer,49.7235,9.9608
PartTimeIndie,Wurzburg,Germany,Microstudio,Developer,49.8626,10.0328
Fool’s Theory,Bielsko-Biala,Poland,Developer,Developer,49.82245,19.04686
IMGN.PRO,Bielsko-Biala,Poland,Developer and Publisher,Publisher,49.8562,18.9897
kamibox,Riedstadt,Germany,Microstudio,Developer,49.83411,8.49621
Gregstr,Ostrava,Czechia,Developer,Developer,49.83465,18.28204
Borna Tech,Lviv,Ukraine,Mobile,Mobile,49.83826,24.02324
G5 Entertainment,Lviv,Ukraine,Developer and Publisher,Publisher,49.872,23.9661
Gameloft,Lviv,Ukraine,Mobile,Mobile,49.7678,24.0328
Hologryph,Lviv,Ukraine,Microstudio,Developer,49.907,24.1049
Lion's Shade,Lviv,Ukraine,Microstudio,Developer,49.8208,23.8706
Moon Active,Lviv,Ukraine,Mobile,Mobile,49.7783,24.1695
Plarium,Lviv,Ukraine,Developer,Developer,49.9565,23.9739
Product Madness Ukraine (Aristocrat),Lviv,Ukraine,Mobile,Mobile,49.7209,23.9287
Stepico Games,Lviv,Ukraine,Developer,Developer,49.8868,24.2292
Bohemia Interactive,Mnisek,Czechia,Developer and Publisher,Publisher,49.8665,14.26176
Hexage,Mnisek pod Brdy,Czechia,Developer,Developer,49.9003,14.2046
Claymore Game Studios,Darmstadt,Germany,Developer,Developer,49.87167,8.65027
Rokaplay,Darmstadt,Germany,Publisher,Publisher,49.9054,8.5931
Arcanaut Studios,Kelowna,Canada,Developer,Developer,49.88307,-119.48568
Hyper Hippo Entertainment,Kelowna,Canada,Developer,Developer,49.9168,-119.5429
Okanagan Game Developers Association,Kelowna,Canada,Organization,Other,49.8126,-119.4761
Sad Panda Studios,Kelowna,Canada,Developer,Developer,49.9518,-119.4039
Samobee Games,Kelowna,Canada,Developer,Developer,49.8657,-119.6385
Tavernlight Games,Kelowna,Canada,Developer,Developer,49.8231,-119.3393
Bacon Bandit Games,Winnipeg,Canada,Mobile,Mobile,49.8844,-97.14704
Complex Games,Winnipeg,Canada,Developer,Developer,49.9182,-97.2043
Cozy Cube Games,Winnipeg,Canada,Developer,Developer,49.814,-97.1374
FlightyFelon Games,Winnipeg,Canada,Microstudio,Developer,49.9531,-97.0653
Infinite Ammo,Winnipeg,Canada,Developer,Developer,49.867,-97.2999
Kaiclavier,Winnipeg,Canada,Developer,Developer,49.8244,-97.0006
New Media Manitoba,Winnipeg,Canada,Organization,Other,50.0027,-97.1964
Project Whitecard,Winnipeg,Canada,Online,Other,49.767,-97.2417
TMFX Studios,Winnipeg,Canada,Developer,Developer,49.9329,-96.9409
Tactica Interactive,Winnipeg,Canada,Mobile,Mobile,49.9416,-97.3622
Winnipeg Game Collective,Winnipeg,Canada,Organization,Other,49.7412,-97.043
Zenfri,Winnipeg,Canada,Developer,Developer,50.0426,-97.07
Upjers,Bamberg,Germany,Online,Other,49.89873,10.90067
Emergo Entertainment,Bayreuth,Germany,Extended Reality (XR),XR (VR/AR),49.94782,11.57893
NightinGames,Bayreuth,Germany,Developer,Developer,49.9816,11.5216
Envision Entertainment,Ingelheim,Germany,Developer,Developer,49.97078,8.05883
Game Seer Publishing,Aschaffenburg,Germany,Publisher,Publisher,49.97704,9.15214
Game Seer Venture Partners,Aschaffenburg,Germany,Investment,Other,50.0108,9.0948
AB Games,Kharkiv,Ukraine,Mobile,Mobile,49.98177,36.25475
Catalyst Apps,Kharkiv,Ukraine,Mobile,Mobile,50.0155,36.1974
G5 Entertainment,Kharkiv,Ukraine,Developer and Publisher,Publisher,49.9113,36.2644
Gameloft,Kharkiv,Ukraine,Mobile,Mobile,50.0505,36.3367
Kadka,Kharkiv,Ukraine,Mobile,Mobile,49.9644,36.1016
Mempic Game Studio,Kharkiv,Ukraine,Publisher,Publisher,49.9218,36.4015
Plarium,Kharkiv,Ukraine,Developer,Developer,50.1,36.2053
Sigma Software,Kharkiv,Ukraine,Extended Reality (XR),XR (VR/AR),49.8644,36.1599
Alchemical Works,Mainz,Germany,Developer,Developer,49.98185,8.28008
Monolith of Minds,Mainz,Germany,Developer,Developer,50.0156,8.2227
Ubisoft Mainz,Mainz,Germany,Developer and Publisher,Publisher,49.9114,8.2897
Common Colors,Langen,Germany,Developer,Developer,49.98955,8.66852
Limbic Entertainment,Langen,Germany,Developer,Developer,50.0233,8.6112
Detalion,Rzeszow,Poland,Developer,Developer,50.04132,21.99901
Flying Wild Hog,Rzeszow,Poland,Developer,Developer,50.0751,21.9416
People Can Fly,Rzeszow,Poland,Developer,Developer,49.9709,22.0086
PlayWay,Rzeszow,Poland,Publisher,Publisher,50.11,22.0811
Prime Bit Games SA,Rzeszow,Poland,Developer,Developer,50.0239,21.8457
Red Dot Games,Rzeszow,Poland,Developer,Developer,49.9813,22.1459
2Dynamic Games,Krakow,Poland,Developer,Developer,50.06143,19.93658
All In Games,Krakow,Poland,Publisher,Publisher,50.0952,19.8791
Antistatic Studios,Krakow,Poland,Developer,Developer,49.991,19.9462
Awesome Games Studio,Krakow,Poland,Developer,Developer,50.1302,20.0187
Bit Golem,Krakow,Poland,Microstudio,Developer,50.044,19.7832
Black Lantern Collective,Krakow,Poland,Developer and Publisher,Publisher,50.0014,20.0835
Bloober Team,Krakow,Poland,Online,Other,50.1797,19.8871
Broken Spear Inc.,Krakow,Poland,Developer,Developer,49.944,19.8416
CD PROJEKT RED,Krakow,Poland,Developer,Developer,50.1099,20.1435
Digital Dragons Accelerator,Krakow,Poland,Incubator/Accelerator,Other,50.1187,19.7206
Drago Entertainment,Krakow,Poland,Developer,Developer,49.9182,20.041
Draw Distance,Krakow,Poland,Developer,Developer,50.2197,20.0139
Flying Wild Hog,Krakow,Poland,Developer,Developer,49.9746,19.7031
Frozen District,Krakow,Poland,Developer,Developer,50.0227,20.2109
Frozen Way,Krakow,Poland,Developer,Developer,50.2145,19.769
G2A Dev Studio,Krakow,Poland,Extended Reality (XR),XR (VR/AR),49.8694,19.8978
Gamesture,Krakow,Poland,Mobile,Mobile,50.1903,20.1748
Ganymede Entertainment,Krakow,Poland,Developer,Developer,50.0699,19.6157
Infinity Ward Poland (Activision),Krakow,Poland,Developer,Developer,49.9118,20.1708
Ironbird Creations,Krakow,Poland,Developer,Developer,50.2791,19.9209
Lumino Games,Krakow,Poland,Developer,Developer,49.8897,19.7134
Mateusz Skutnik,Krakow,Poland,Developer,Developer,50.092,20.2903
My Next Games,Krakow,Poland,Developer,Developer,50.1954,19.6367
Nano Games,Krakow,Poland,Mobile,Mobile,49.8275,20.0186
One More Level,Krakow,Poland,Developer,Developer,50.274,20.1263
Paradark Studio,Krakow,Poland,Developer,Developer,49.9854,19.5656
Played With Fire,Krakow,Poland,Extended Reality (XR),XR (VR/AR),49.9545,20.2971
Playstack,Krakow,Poland,Publisher,Publisher,50.3011,19.7803
Rage Quit Games,Krakow,Poland,Mobile,Mobile,49.8125,19.7971
Reality Pump Studios,Krakow,Poland,Developer,Developer,50.1867,20.3079
Sodigital,Krakow,Poland,Online,Other,50.1312,19.5241
Soft Crunch Games,Krakow,Poland,Developer,Developer,49.8273,20.1711
Sperasoft,Krakow,Poland,Developer,Developer,50.3402,20.0112
Starward Industries,Krakow,Poland,Developer,Developer,49.8856,19.5828
THE PARASIGHT,Krakow,Poland,Developer,Developer,50.0374,20.3892
Teyon,Krakow,Poland,Developer,Developer,50.2786,19.6237
Tiny Cloud,Krakow,Poland,Developer,Developer,49.7614,19.9389
Triassic Games,Krakow,Poland,Developer,Developer,50.2867,20.2549
Voodoo,Krakow,Poland,Mobile,Mobile,50.033,19.4585
Wooden Alien,Krakow,Poland,Developer,Developer,49.8727,20.324
LK Avalon,Swilcza,Poland,Online,Other,50.07179,21.89798
3d-io,Wiesbaden,Germany,Developer,Developer,50.08601,8.24435
Assemble Entertainment,Wiesbaden,Germany,Publisher,Publisher,50.1198,8.1869
Weltenbauer,Wiesbaden,Germany,Serious Games,Other,50.0156,8.254
2k Czech,Prague,Czechia,Developer and Publisher,Publisher,50.08804,14.42076
About Fun,Prague,Czechia,Developer,Developer,50.1218,14.3633
Amanita Design,Prague,Czechia,Developer,Developer,50.0176,14.4304
Anttka4,Prague,Czechia,Developer,Developer,50.1568,14.5029
Ascendant Studio,Prague,Czechia,Extended Reality (XR),XR (VR/AR),50.0706,14.2673
Beresnev Games,Prague,Czechia,Developer,Developer,50.028,14.5678
Blue Brain Games,Prague,Czechia,Developer,Developer,50.2063,14.3712
Bohemia Interactive,Prague,Czechia,Developer and Publisher,Publisher,49.9706,14.3257
Brainz Gamify,Prague,Czechia,Extended Reality (XR),XR (VR/AR),50.1366,14.6278
Charles Games,Prague,Czechia,Developer,Developer,50.1453,14.2047
Cinemax,Prague,Czechia,Developer,Developer,49.9448,14.5252
Czech Game Developers Association (GDACZ),Prague,Czechia,Organization,Other,50.2463,14.4981
DIVR Labs,Prague,Czechia,Extended Reality (XR),XR (VR/AR),50.0012,14.1872
Fiolasoft Studios,Prague,Czechia,Developer,Developer,50.0493,14.6952
Fulqrum Publishing,Prague,Czechia,Developer and Publisher,Publisher,50.2411,14.2531
GRIP Studios,Prague,Czechia,Developer and Publisher,Publisher,49.896,14.382
Hangar 13 (2K),Prague,Czechia,Developer,Developer,50.2169,14.6591
Honestly Games,Prague,Czechia,Microstudio,Developer,50.0966,14.0997
Keen Software House,Prague,Czechia,Developer,Developer,49.9384,14.6551
Kube Games (Kubat Software),Prague,Czechia,Developer,Developer,50.3058,14.4051
McMagic Productions,Prague,Czechia,Microstudio,Developer,49.9164,14.1975
Nepos Games,Prague,Czechia,Developer,Developer,50.1186,14.7747
North Beach Games,Prague,Czechia,Developer,Developer,50.222,14.1207
Paperash Studio,Prague,Czechia,Developer,Developer,49.8541,14.5028
Rake In Grass,Prague,Czechia,Developer,Developer,50.3006,14.6106
Rendlike,Prague,Czechia,Developer,Developer,50.0121,14.0495
SCS Software,Prague,Czechia,Developer,Developer,49.9811,14.7815
Unigine Europe,Prague,Czechia,Developer,Developer,50.3277,14.2644
Wargaming Prague,Prague,Czechia,Online,Other,49.8391,14.2812
Warhorse Studios,Prague,Czechia,Developer,Developer,50.2133,14.7922
Wube Software,Prague,Czechia,Developer,Developer,50.1578,14.008
Lost Token,Helston,England,Microstudio,Developer,50.10319,-5.27045
Bandai Namco Entertainment Germany,Frankfurt am Main,Germany,Publisher,Publisher,50.11552,8.68417
Cloud Imperium Games,Frankfurt am Main,Germany,Online,Other,50.1493,8.6267
Crytek,Frankfurt am Main,Germany,Developer,Developer,50.0451,8.6938
Deck13 Interactive,Frankfurt am Main,Germany,Developer and Publisher,Publisher,50.1842,8.7663
Deck13 Spotlight,Frankfurt am Main,Germany,Publisher,Publisher,50.0981,8.5306
Dustflake,Frankfurt am Main,Germany,Mobile,Mobile,50.0555,8.8313
EMK Capital,Frankfurt am Main,Germany,Investment,Other,50.2338,8.6346
Gunzilla Games,Frankfurt am Main,Germany,Developer,Developer,49.9981,8.5891
KAIKO (THQ Nordic),Frankfurt am Main,Germany,Developer,Developer,50.164,8.8913
Keen Games,Frankfurt am Main,Germany,Developer,Developer,50.1728,8.4679
Kinmoku Games,Frankfurt,Germany,Developer,Developer,49.9723,8.7887
Sony Computer Entertainment,Frankfurt am Main,Germany,Publisher,Publisher,50.2738,8.7616
metricminds (THQ Nordic),Frankfurt am Main,Germany,Extended Reality (XR),XR (VR/AR),50.0287,8.4505
videoreality,Frankfurt am Main,Germany,Extended Reality (XR),XR (VR/AR),50.0768,8.9588
Kittens in Timespace,Penzance,England,Developer,Developer,50.11861,-5.53715
Pixelsplit,Eschborn,Germany,Developer,Developer,50.14328,8.57111
bitComposer Interactive,Eschborn,Germany,Developer and Publisher,Publisher,50.1771,8.5136
This Way Up Studio,Penryn,England,Developer,Developer,50.16812,-5.10416
Engine House,Redruth,England,Extended Reality (XR),XR (VR/AR),50.23315,-5.22434
Studio 316,Redruth,England,Developer,Developer,50.2669,-5.282
Evil Pug Games,Walcourt,Belgium,Developer,Developer,50.25401,4.43796
Spil Games Eastern Europe,Ruda Slaska,Poland,Developer and Publisher,Publisher,50.2584,18.85632
Anshar Studios,Katowice,Poland,Developer,Developer,50.2597,19.02173
Artifex Mundi,Katowice,Poland,Developer,Developer,50.2935,18.9641
Code Horizon,Katowice,Poland,Developer,Developer,50.1893,19.0314
Iron Wolf Studio,Katowice,Poland,Developer,Developer,50.3284,19.1042
Jujubee,Katowice,Poland,Developer,Developer,50.2423,18.8677
Laki Studios,Katowice,Poland,Developer,Developer,50.1997,19.1693
Live Motion Games,Katowice,Poland,Developer,Developer,50.378,18.972
Spectral Games,Katowice,Poland,Developer,Developer,50.1423,18.9264
Take IT Studio!,Katowice,Poland,Developer,Developer,50.3082,19.2295
TakeIT Studio,Katowice,Poland,Developer,Developer,50.3169,18.8049
The Farm 51,Katowice,Poland,Developer,Developer,50.1165,19.1266
Torquemada Games,Katowice,Poland,Developer,Developer,50.4179,19.0994
Truck World Studio,Katowice,Poland,Developer,Developer,50.1729,18.7873
Darkling Room,Truro,England,Developer,Developer,50.26526,-5.05436
Carbon Studios,Gliwice,Poland,Extended Reality (XR),XR (VR/AR),50.29761,18.67658
Crimson Pine Games,Gliwice,Poland,Mobile,Mobile,50.3314,18.6189
Destructive Creations,Gliwice,Poland,Developer,Developer,50.2272,18.6863
Glivi Games,Gliwice,Poland,Developer,Developer,50.3663,18.7591
Infinite Dreams,Gliwice,Poland,Developer,Developer,50.2802,18.5224
Punk Notion,Gliwice,Poland,Developer,Developer,50.2376,18.8243
The Farm 51,Gliwice,Poland,Developer,Developer,50.4159,18.6268
Carbon Studios,Chorzow,Poland,Extended Reality (XR),XR (VR/AR),50.30582,18.9742
Baked Games,Czeladź,Poland,Developer,Developer,50.31542,19.07824
PlayWay,Zabrze,Poland,Publisher,Publisher,50.32492,18.78576
Kodera Software,Będzin,Poland,Microstudio,Developer,50.32607,19.12565
Petums,Bytom,Poland,Developer,Developer,50.34802,18.93282
Lotum,Bad Nauheim,Germany,Mobile,Mobile,50.36463,8.73859
Star Game Studios,Plymouth,England,Developer,Developer,50.37153,-4.14305
Bitwad Entertainment,Moose Jaw,Canada,Developer,Developer,50.40005,-105.53445
Binary Impacts,Niederelbert,Germany,Developer,Developer,50.40775,7.8099
Appeal Studios (THQ Nordic),Charleroi,Belgium,Developer,Developer,50.41136,4.44448
Maracas Studio,Charleroi,Belgium,Developer,Developer,50.4451,4.3866
Maratus,Charleroi,Belgium,Developer,Developer,50.3409,4.4542
ModalVR Studio,Newquay,England,Extended Reality (XR),XR (VR/AR),50.41557,-5.07319
Vigo Creative,Wepion,Belgium,Extended Reality (XR),XR (VR/AR),50.42153,4.86403
Balloon Studios,Totnes,England,Developer,Developer,50.43107,-3.6843
Bitcutter Studios,Regina,Canada,Developer,Developer,50.45008,-104.6178
Cheekynauts Entertainment,Regina,Canada,Developer,Developer,50.4839,-104.6757
Massive Corporation Game Studios,Regina,Canada,Developer,Developer,50.3796,-104.6081
Melcher Studios,Regina,Canada,Developer,Developer,50.5188,-104.535
SaskGameDev,Regina,Canada,Organization,Other,50.4327,-104.7724
SaskInteractive,Regina,Canada,Organization,Other,50.3901,-104.4696
Sleepy Dragon Games,Regina,Canada,Microstudio,Developer,50.5684,-104.6677
Studio MDHR,Regina,Canada,Developer,Developer,50.3327,-104.7136
Studio Nevermore,Regina,Canada,Microstudio,Developer,50.4986,-104.4092
Wily Steed Entertainment,Regina,Canada,Microstudio,Developer,50.5073,-104.8355
Fishing Cactus,Mons,Belgium,Developer,Developer,50.45413,3.95229
Flipit Games,Mons,Belgium,Developer,Developer,50.4879,3.8944
Vetasoft,Mons,Belgium,Mobile,Mobile,50.3837,3.962
AB Games,Kyiv,Ukraine,Mobile,Mobile,50.45466,30.5238
Amber,Kyiv,Ukraine,Developer,Developer,50.4884,30.4659
Amrita Studio,Kyiv,Ukraine,Developer,Developer,50.3842,30.5335
Apps Ministry,Kyiv,Ukraine,Mobile,Mobile,50.5234,30.6066
Arrible,Kyiv,Ukraine,Developer,Developer,50.4372,30.3691
Artificial Core,Kyiv,Ukraine,Developer and Publisher,Publisher,50.3947,30.672
AtentGames,Kyiv,Ukraine,Developer,Developer,50.5729,30.4739
Beatshapers,Kyiv,Ukraine,Developer,Developer,50.3373,30.428
Belka Games,Kyiv,Ukraine,Mobile,Mobile,50.5032,30.7324
Berko Games,Kyiv,Ukraine,Developer,Developer,50.5119,30.306
Bluembo,Kyiv,Ukraine,Developer,Developer,50.3115,30.6291
Boolat Games (Playrix),Kyiv,Ukraine,Developer,Developer,50.6129,30.6018
Brinemedia,Kyiv,Ukraine,Mobile,Mobile,50.3678,30.2884
Creoteam,Kyiv,Ukraine,Developer,Developer,50.416,30.8003
Crytek,Kyiv,Ukraine,Developer,Developer,50.6077,30.3548
Digital Dreams Entertainment,Kyiv,Ukraine,Developer,Developer,50.2626,30.4847
Dragon's Lake Entertainment (Room 8 Group),Kyiv,Ukraine,Developer,Developer,50.5835,30.764
Fair Pixel,Kyiv,Ukraine,Developer,Developer,50.4632,30.2003
Fishing Planet,Kyiv,Ukraine,Developer,Developer,50.305,30.76
Flexus Games,Kyiv,Ukraine,Mobile,Mobile,50.6724,30.508
Fractured Byte,Kyiv,Ukraine,Developer,Developer,50.283,30.2988
Frag Lab,Kyiv,Ukraine,Developer,Developer,50.4852,30.8805
Friendly Fox Studio,Kyiv,Ukraine,Developer,Developer,50.5886,30.2214
Frogwares,Kyiv,Ukraine,Developer,Developer,50.2207,30.6065
GSC Game World,Kyiv,Ukraine,Developer,Developer,50.6672,30.7151
Game Labs,Kyiv,Ukraine,Developer,Developer,50.3787,30.1497
GrandMA Studios,Kyiv,Ukraine,Developer,Developer,50.3477,30.8873
Gunzilla Games,Kyiv,Ukraine,Developer,Developer,50.6943,30.3663
Hitica,Kyiv,Ukraine,Mobile,Mobile,50.2057,30.3832
Huuuge Games,Kyiv,Ukraine,Mobile,Mobile,50.5799,30.8982
Icegoo Games,Kyiv,Ukraine,Mobile,Mobile,50.5245,30.1079
Jutiful,Kyiv,Ukraine,Mobile,Mobile,50.2205,30.7603
Mirowin,Kyiv,Ukraine,Extended Reality (XR),XR (VR/AR),50.7334,30.599
Moon Active,Kyiv,Ukraine,Mobile,Mobile,50.2788,30.1671
Native Games Studio,Kyiv,Ukraine,Mobile,Mobile,50.4306,30.9801
Plarium,Kyiv,Ukraine,Developer,Developer,50.6718,30.2083
PlayQ,Kyiv,Ukraine,Developer,Developer,50.1547,30.5261
Playcus,Kyiv,Ukraine,Developer,Developer,50.6799,30.8448
Playtika,Kyiv,Ukraine,Mobile,Mobile,50.4262,30.0418
Qumaron,Kyiv,Ukraine,Developer and Publisher,Publisher,50.2659,30.9145
Reburn,Kyiv,Ukraine,Developer,Developer,50.7658,30.4349
RetroStyle Games,Kyiv,Ukraine,Developer,Developer,50.1837,30.256
SciPlay,Kyiv,Ukraine,Mobile,Mobile,50.5403,31.0146
Social Quantum,Kyiv,Ukraine,Mobile,Mobile,50.6044,30.0656
Starni Games,Kyiv,Ukraine,Developer,Developer,50.1437,30.7049
Tatem Games,Kyiv,Ukraine,Mobile,Mobile,50.7653,30.7224
Timecode,Kyiv,Ukraine,Developer,Developer,50.3094,30.0425
Ubisoft Kyiv,Kyiv,Ukraine,Developer,Developer,50.3537,31.0383
Upscale Studio,Kyiv,Ukraine,Publisher,Publisher,50.7535,30.2487
VG Entertainment,Kyiv,Ukraine,Developer,Developer,50.1125,30.4084
VOKI Games,Kyiv,Ukraine,Mobile,Mobile,50.6594,30.9765
VOLMI Games,Kyiv,Ukraine,Developer,Developer,50.4988,29.9673
Wargaming Kyiv / Persha Studia,Kyiv,Ukraine,Online,Other,50.1801,30.8909
WhaleApp,Kyiv,Ukraine,Mobile,Mobile,50.8184,30.5446
Terragame Center,Namur,Belgium,Extended Reality (XR),XR (VR/AR),50.4669,4.86746
Wallonia Games Association (WALGA),Namur,Belgium,Organization,Other,50.5007,4.8095
Bitfall Studios,Petersberg,Germany,Developer,Developer,50.56002,9.71295
Rebelle Productions,Gembloux,Belgium,Developer,Developer,50.56149,4.69889
Rablo Games,Pepinster,Belgium,Developer,Developer,50.56568,5.80386
Pugware (Steve Gal),Portland,England,Microstudio,Developer,50.56748,-2.44472
Rubicon Development,Ventnor,England,Mobile,Mobile,50.59449,-1.20672
Pixonic,Belgorod,Russian Federation,Mobile,Mobile,50.60343,36.58091
Abrakam Entertainment,Angleur,Belgium,Developer,Developer,50.6113,5.59942
N-zone,Angleur,Belgium,Developer,Developer,50.6451,5.5413
AB Games,Rivne,Ukraine,Mobile,Mobile,50.62036,26.23695
Zagrava Games (Playrix),Rivne,Ukraine,Mobile,Mobile,50.6541,26.1788
Funtomata,Chaineux,Belgium,Developer,Developer,50.63183,5.83478
Igor Sandman,Liege,Belgium,Microstudio,Developer,50.63373,5.56749
Adictiz,Lille,France,Mobile,Mobile,50.63391,3.05512
Couch Game Crafters,Lille,France,Developer,Developer,50.6677,2.997
Ishtar Games,Lille,France,Developer,Developer,50.5635,3.0649
Les Crafteurs,Lille,France,Developer,Developer,50.7026,3.1382
Ludogram,Lille,France,Developer,Developer,50.6165,2.8999
Seaven Studio,Lille,France,Developer,Developer,50.5739,3.2038
Skeleton Business,Lille,France,Developer,Developer,50.7522,3.005
Ankama,Roubaix,France,Online,Other,50.69421,3.17456
Humble Reeds,Roubaix,France,Microstudio,Developer,50.728,3.1164
Macrales Studio,Roubaix,France,Developer,Developer,50.6238,3.1843
Stainless Games,Newport,England,Developer,Developer,50.7009,-1.2883
Bag of Holding,Poole,England,Developer,Developer,50.71429,-1.98458
Cubenary,Poole,England,Developer,Developer,50.7481,-2.0428
Nimso Studios,Poole,England,Developer,Developer,50.6439,-1.9748
Starlit Lion Games,Poole,England,Developer,Developer,50.783,-1.9014
Trickjump Games,Dorchester,England,Developer,Developer,50.71667,-2.43333
A La Mode Games,Bournemouth,England,Microstudio,Developer,50.72048,-1.8795
Ace High Sports,Bournemouth,England,Developer,Developer,50.7543,-1.9377
CooCooSqueaky,Bournemouth,England,Developer,Developer,50.65,-1.8697
Rebourne Studios,Bournemouth,England,Developer,Developer,50.7892,-1.7963
Land & Sea,Exeter,England,Developer,Developer,50.7236,-3.52751
1P2P Studios,Tourcoing,France,Developer,Developer,50.72391,3.16117
2054 Games,Tourcoing,France,Developer,Developer,50.7577,3.1029
Abiding Bridge,Tourcoing,France,Publisher,Publisher,50.6535,3.1709
Accidental Queens,Tourcoing,France,Mobile,Mobile,50.7926,3.2444
EuraCreative Take Off,Tourcoing,France,Incubator/Accelerator,Other,50.7065,3.0056
Fakt Software,Zwickau,Germany,Developer,Developer,50.72724,12.48839
Grey Alien Games,Bridport,England,Developer and Publisher,Publisher,50.7338,-2.75831
9FingerGames,Eastbourne,England,Microstudio,Developer,50.76871,0.28453
Mindscape Germany,Aachen,Germany,Publisher,Publisher,50.77664,6.08342
Vertex Forge,Aachen,Germany,Developer and Publisher,Publisher,50.8104,6.0251
tobspr Games,Aachen,Germany,Publisher,Publisher,50.7062,6.0932
WatchDaToast,Rudelswalde,Germany,Developer,Developer,50.796,12.385
Climax Studios (Keywords),Portsmouth,England,Developer,Developer,50.79899,-1.09125
Headup Games,Düren,Germany,Publisher,Publisher,50.80434,6.49299
Soerb Games,Marburg,Germany,Developer,Developer,50.80904,8.77069
Spiritus Games,Littlehampton,England,Developer,Developer,50.81137,-0.54078
Fateless Games,Worthing,England,Mobile,Mobile,50.81795,-0.37538
Stupendium Softworks,Worthing,England,Developer,Developer,50.8517,-0.4337
Egosoft,Würselen,Germany,Developer,Developer,50.81809,6.1347
Cronos Interactive,Kortrijk,Belgium,Publisher,Publisher,50.82803,3.26487
Flanders Game Hub,Kortrijk,Belgium,Incubator/Accelerator,Other,50.8618,3.2065
ForsVC,Kortrijk,Belgium,Investment,Other,50.7576,3.2747
Glowfish Interactive,Kortrijk,Belgium,Developer,Developer,50.8968,3.3483
Godspear Games,Kortrijk,Belgium,Developer,Developer,50.8106,3.109
MoonMonster Studios,Kortrijk,Belgium,Developer,Developer,50.768,3.4142
Salty Lemon Entertainment,Kortrijk,Belgium,Developer,Developer,50.9463,3.2145
Slappy Inc,Kortrijk,Belgium,Developer,Developer,50.7106,3.1683
All Possible Futures,Brighton,England,Developer,Developer,50.82838,-0.13947
Badgerhammer Games,Brighton,England,Developer,Developer,50.8622,-0.1978
Brightrock Games,Brighton,England,Developer,Developer,50.7579,-0.1297
Bytten Studio,Brighton,England,Developer,Developer,50.8971,-0.056
Canteen,Brighton,England,Developer,Developer,50.811,-0.2954
Curiscope,Brighton,England,Extended Reality (XR),XR (VR/AR),50.7684,0.0099
Damp Gnat,Brighton,England,Microstudio,Developer,50.9467,-0.1898
Delve Interactive,Brighton,England,Developer,Developer,50.711,-0.236
Electric Square (Keywords),Brighton,England,Developer,Developer,50.8769,0.0708
Fallen Tree Games,Brighton,England,Developer,Developer,50.8856,-0.359
Fat Plankton,Brighton,England,Developer,Developer,50.6852,-0.0334
FuturLab,Brighton,England,Developer,Developer,50.9866,-0.0609
Future Friends Games,Brighton,England,Publisher,Publisher,50.7415,-0.3767
Hangar 13 (2K),Brighton,England,Developer,Developer,50.7897,0.1393
Hatsumi VR,Brighton,England,Health,Other,50.9814,-0.3098
Hesketh Studios,Brighton,England,Microstudio,Developer,50.6363,-0.1789
IO Interactive,Brighton,England,Developer,Developer,50.9573,0.1026
ITEM42,Brighton,England,Developer,Developer,50.8369,-0.4656
Into Games,Brighton,England,Organization,Other,50.6787,0.0986
Jaw Drop Games,Brighton,England,Developer,Developer,51.0461,-0.1554
Jawdrop Games,Brighton,England,Developer,Developer,50.6567,-0.3663
John William Evelyn (Robot House Games),Brighton,England,Microstudio,Developer,50.8589,0.22
Little Loud,Brighton,England,Online,Other,50.9623,-0.4442
Lovely Hellplace,Brighton,England,Developer,Developer,50.5944,-0.0561
MAG Interactive,Brighton,England,Mobile,Mobile,51.0409,0.0533
Mediatonic,Brighton,England,Developer,Developer,50.7524,-0.5165
NaturalMotion Games (Zynga),Brighton,England,Developer,Developer,50.7214,0.2269
Nullpointer Games,Brighton,England,Developer,Developer,51.068,-0.2983
Pixel Envision,Brighton,England,Mobile,Mobile,50.5794,-0.2812
Playmint,Brighton,England,Developer,Developer,50.9536,0.2379
Plug-in Media,Brighton,England,Developer,Developer,50.8982,-0.5587
Red Beard Games (Hi-Rez Studios),Brighton,England,Online,Other,50.5942,0.0989
Riot Games,Brighton,England,Online,Other,51.1071,-0.0636
Second Impact Games,Brighton,England,Developer,Developer,50.6525,-0.499
Snap Finger Click,Brighton,England,Developer,Developer,50.8043,0.3205
South Westerly Games,Brighton,England,Developer,Developer,51.0455,-0.4575
Studio Gobo,Brighton,England,Developer,Developer,50.5284,-0.1372
The Chinese Room,Brighton,England,Developer,Developer,51.0536,0.184
The Indepenent Game Developers Association (TIGA),Brighton,England,Organization,Other,50.7999,-0.6254
Toxic Games,Brighton,England,Developer,Developer,50.6396,0.2543
West Pier Studio,Brighton,England,Mobile,Mobile,51.1395,-0.2291
Zynga,Brighton,England,Mobile,Mobile,50.5574,-0.4094
nDreams Studio Near Light (Aonic),Brighton,England,Extended Reality (XR),XR (VR/AR),50.914,0.3553
thechineseroom,Brighton,England,Developer,Developer,50.9781,-0.6013
Spiderling Studios,Shoreham By Sea,England,Developer,Developer,50.83413,-0.27431
Nintendo Europe,Farlington,England,Publisher,Publisher,50.848,-1.031
Goal043,Maastricht,Netherlands,Serious Games,Other,50.84833,5.68889
Mystique Studios,Maastricht,Netherlands,Microstudio,Developer,50.8821,5.6305
Montebearo,Bexhill-on-Sea,England,Developer,Developer,50.85023,0.47095
Belgian Games,Brussels,Belgium,Organization,Other,50.85045,4.34878
EXiin,Brussels,Belgium,Developer,Developer,50.8842,4.2904
Ervya Studios,Brussels,Belgium,Developer,Developer,50.78,4.3586
Flemish Games Association (FLEGA),Brussels,Belgium,Organization,Other,50.9192,4.4322
Hyperion Entertainment,Brussels,Belgium,Developer and Publisher,Publisher,50.833,4.1928
I-Illusions,Brussels,Belgium,Developer,Developer,50.7904,4.4982
Poti Poti Studio,Brussels,Belgium,Developer,Developer,50.9687,4.2984
Ram Ram Games,Brussels,Belgium,Developer,Developer,50.7331,4.2522
Studio Tolima,Brussels,Belgium,Developer,Developer,50.899,4.5592
Studio Waterzooi,Brussels,Belgium,Developer,Developer,50.9077,4.1292
West Flanders,Brussels,Belgium,Incubator/Accelerator,Other,50.7072,4.4549
Proxima Studio,Havant,England,Developer,Developer,50.8567,-0.98559
Kenney,Kerkrade,Netherlands,Developer,Developer,50.86583,6.0625
Outline Development,Siegen,Germany,Developer,Developer,50.87481,8.02431
CrazyGames,Leuven,Belgium,Online,Other,50.87959,4.70093
Happy Volcano,Leuven,Belgium,Developer,Developer,50.9134,4.6425
On a Roll Studio,Leuven,Belgium,Developer,Developer,50.8092,4.7107
Rocket Vulture,Leuven,Belgium,Developer,Developer,50.9483,4.7844
Say It Labs,Leuven,Belgium,Health,Other,50.8622,4.5449
CodeJungle,Przystajn,Poland,Developer,Developer,50.88495,18.69169
Bitmap Bureau,Southampton,England,Developer,Developer,50.90395,-1.40428
Kinetic Games,Southampton,England,Developer,Developer,50.9377,-1.4627
Long Way Home Games,Southampton,England,Developer,Developer,50.8335,-1.3945
Massive Monster,Southampton,England,Developer,Developer,50.9727,-1.3207
Propulsion Games,Southampton,England,Developer,Developer,50.8865,-1.5604
Bolt Blaster Games,Diepenbeek,Belgium,Developer,Developer,50.90769,5.41875
Quaternion Software,Diepenbeek,Belgium,Extended Reality (XR),XR (VR/AR),50.9415,5.3603
Alevgor,Sumy,Ukraine,Developer,Developer,50.91741,34.79906
PlayWay,Klomnice,Poland,Publisher,Publisher,50.92165,19.35679
AlterEyes,Hasselt,Belgium,Developer,Developer,50.93106,5.33781
Business Goose,Hasselt,Belgium,Developer,Developer,50.9648,5.2793
LuGus Studios,Hasselt,Belgium,Developer,Developer,50.8606,5.3476
Sixtyfour,Hasselt,Belgium,Developer,Developer,50.9998,5.4214
Wee Taps,Hasselt,Belgium,Developer,Developer,50.9136,5.1816
Argonwood,Cologne,Germany,Developer,Developer,50.93333,6.95
Bright Future,Cologne,Germany,Developer,Developer,50.9671,6.8915
Cologne Game Lab,Cologne,Germany,Incubator/Accelerator,Other,50.8629,6.9598
Dressed Monkeys,Cologne,Germany,Online,Other,51.0021,7.0336
EA Cologne (Electronic Arts),Cologne,Germany,Publisher,Publisher,50.9159,6.7938
EA Sports (Electronic Arts),Cologne,Germany,Developer,Developer,50.8733,7.0997
Encurio,Cologne,Germany,Developer,Developer,51.0516,6.8995
Epic Games,Cologne,Germany,Developer and Publisher,Publisher,50.8159,6.8533
Farbspiel Interactive,Cologne,Germany,Developer,Developer,50.9818,7.1608
Gora Games,Cologne,Germany,Developer,Developer,50.9906,6.73
Hammer Labs,Cologne,Germany,Developer,Developer,50.7901,7.0563
Jeldrik,Cologne,Germany,Microstudio,Developer,51.0916,7.0288
Ludopium,Cologne,Germany,Developer,Developer,50.8465,6.7122
MELLOW Games,Cologne,Germany,Developer,Developer,50.8946,7.2294
MOVR,Cologne,Germany,Extended Reality (XR),XR (VR/AR),51.0864,6.7793
Mad Vulture Games,Cologne,Germany,Developer,Developer,50.7413,6.9105
Maggese,Cologne,Germany,Microstudio,Developer,51.0622,7.1927
Massive Miniteam (THQ Nordic),Cologne,Germany,Developer,Developer,50.9418,6.6232
Monokel,Cologne,Germany,Developer,Developer,50.7837,7.1886
Mysteria Studio,Cologne,Germany,Developer,Developer,51.151,6.934
Nurogames,Cologne,Germany,Developer,Developer,50.7616,6.7227
OFM Studios,Cologne,Germany,Developer,Developer,50.9639,7.3103
Playing Mantis Studio,Cologne,Germany,Developer,Developer,51.0673,6.6445
RTL Enterprises,Cologne,Germany,Publisher,Publisher,50.6994,7.0335
Slow Bros,Cologne,Germany,Developer,Developer,51.1459,7.1432
Stillfront Group,Cologne,Germany,Developer,Developer,50.8573,6.5721
Sunlight Games,Cologne,Germany,Microstudio,Developer,50.8264,7.3172
The Good Evil,Cologne,Germany,Mobile,Mobile,51.173,6.7908
Third Shift Studios,Cologne,Germany,Developer,Developer,50.6844,6.8079
btf (bildundtonfabrik),Cologne,Germany,Developer,Developer,51.0586,7.3282
iCandy Interactive,Cologne,Germany,Developer,Developer,51.0031,6.5298
Oro Interactive,Aalst,Belgium,Publisher,Publisher,50.93604,4.0355
Size Five Games,Sherborne,England,Developer,Developer,50.94599,-2.51776
Bigben Interactive,Bergheim,Germany,Publisher,Publisher,50.95572,6.63986
Gradient Games,Genk,Belgium,Developer,Developer,50.965,5.50082
LuGus Studios,Genk,Belgium,Developer,Developer,50.9988,5.4423
The Artistocrats,Maasmechelen,Belgium,Developer,Developer,50.96545,5.69452
brokenworm,Weimar,Germany,Publisher,Publisher,50.9803,11.32903
withVR,Merelbeke,Belgium,Health,Other,50.99447,3.74621
Hanako Games,Haywards Heath,England,Developer,Developer,50.99769,-0.10313
Max Ritters,Pulheim,Germany,Developer,Developer,50.99965,6.80632
Three Fields Entertainment,Petersfield,England,Developer,Developer,51.00495,-0.93375
PreviewLabs,Wetteren,Belgium,Developer,Developer,51.00526,3.88341
Forlorn Alex,Leverkusen,Germany,Developer,Developer,51.0303,6.98432
J’s Labratory,Dunkirk,France,Developer,Developer,51.0344,2.37681
Magnussoft,Kesselsdorf,Germany,Publisher,Publisher,51.045,13.59
Perfect Crime Games,Ticehurst,England,Developer,Developer,51.04652,0.4086
A Llama in a Pajama,Ghent,Belgium,Developer,Developer,51.05,3.71667
CatLab Interactive,Ghent,Belgium,Online,Other,51.0838,3.658
Daisy Games,Ghent,Belgium,Developer,Developer,50.9796,3.7265
EUROSIS - ETI,Ghent-Zwijnaarde,Belgium,Organization,Other,51.1187,3.8005
Fancy Cat Interactive,Ghent,Belgium,Developer,Developer,51.0326,3.56
Get Up Games,Ghent,Belgium,Developer,Developer,50.99,3.8667
Larian Studios,Ghent,Belgium,Developer,Developer,51.1683,3.6661
Mantis Games,Ghent,Belgium,Developer,Developer,50.9326,3.6197
Neopica (NACON),Ghent,Belgium,Developer,Developer,51.0985,3.928
Oddshot Games,Ghent,Belgium,Developer,Developer,51.1072,3.4961
Oisoi Studios,Ghent,Belgium,Extended Reality (XR),XR (VR/AR),50.9068,3.8233
Pajama Llama Games,Ghent,Belgium,Developer,Developer,51.2082,3.7956
Sandbag Games,Ghent,Belgium,Mobile,Mobile,50.9632,3.4783
Tale of Tales,Ghent,Belgium,Developer,Developer,51.0113,3.9968
Tovenaar Games,Ghent,Belgium,Developer,Developer,51.203,3.5455
Triangle Factory,Ghent,Belgium,Developer,Developer,50.858,3.6771
Banyango Software,Calgary,Canada,Developer,Developer,51.05011,-114.08529
Calgary Game Developers Association,Calgary,Canada,Organization,Other,51.0839,-114.1439
Copychaser Games,Calgary,Canada,Developer,Developer,50.9797,-114.0755
Creative Storm Entertainment,Calgary,Canada,Developer,Developer,51.1188,-114.0015
Dead Unicorn,Calgary,Canada,Developer,Developer,51.0327,-114.2419
Eggnog Games,Calgary,Canada,Developer,Developer,50.9901,-113.9352
Evil Objective Interactive,Calgary,Canada,Developer,Developer,51.1684,-114.1359
Giant Sandbox Games,Calgary,Canada,Developer,Developer,50.9327,-114.1823
Grizzly Moose Games,Calgary,Canada,Developer,Developer,51.0986,-113.874
Isto Inc,Calgary,Canada,Microstudio,Developer,51.1073,-114.3058
Kitty Lambda Games,Calgary,Canada,Developer,Developer,50.9069,-113.9787
Mad Capacity Studios,Calgary,Canada,Developer,Developer,51.2083,-114.0063
Melcher Studios,Calgary,Canada,Developer,Developer,50.9633,-114.3237
Metawe,Calgary,Canada,Developer,Developer,51.0114,-113.8052
Naturally Intelligent,Calgary,Canada,Developer,Developer,51.2032,-114.2564
New World Interactive,Calgary,Canada,Developer,Developer,50.8581,-114.1249
Proton Studio,Calgary,Canada,Developer,Developer,51.179,-113.842
Red Iron Labs,Calgary,Canada,Developer,Developer,51.0586,-114.4129
Shifty Eye Games,Calgary,Canada,Mobile,Mobile,50.9005,-113.8461
Smartly Dressed Games,Calgary,Canada,Developer,Developer,51.2678,-114.1013
Theory Studios,Calgary,Canada,Developer,Developer,50.8784,-114.3132
Vivid Helix,Calgary,Canada,Developer,Developer,51.0807,-113.7241
Zugalu Entertainment,Calgary,Canada,Developer,Developer,51.1841,-114.3915
Fourexo Entertainment,Dresden,Germany,Developer,Developer,51.05089,13.73832
Claeys Brothers Arts,Willebroek,Belgium,Microstudio,Developer,51.06041,4.36019
Creative Assembly,Horsham,England,Developer,Developer,51.06314,-0.32757
Doku Games,Horsham,England,Developer,Developer,51.0969,-0.3862
Lost Forest Games,Horsham,England,Developer,Developer,50.9927,-0.3177
Teazelcat Games,Horsham,England,Developer,Developer,51.1319,-0.2437
Game Smithing,Winchester,England,Developer,Developer,51.06513,-1.3187
RedKar Devs,Salisbury,England,Developer,Developer,51.06931,-1.79569
Small Loan Studio,Salisbury,England,Developer,Developer,51.1031,-1.8544
Zadbox Entertainment,Folkestone,England,Developer,Developer,51.08169,1.16734
Nooskewl,Canmore,Canada,Developer,Developer,51.08335,-115.35206
Caspar Croes,Aalter,Belgium,Developer,Developer,51.09017,3.44693
42 Bits Entertainment,Juchen,Germany,Developer,Developer,51.1,6.5
Bitrunner,Wroclaw,Poland,Microstudio,Developer,51.10286,17.03006
CD PROJEKT RED,Wroclaw,Poland,Developer,Developer,51.1366,16.9713
Cat-astrophe Games,Wroclaw,Poland,Developer,Developer,51.0324,17.0399
ChaosForge,Wroclaw,Poland,Developer,Developer,51.1716,17.114
Chicken Launcher,Wroclaw,Poland,Developer,Developer,51.0854,16.8732
Digital Daredevils,Wroclaw,Poland,Developer,Developer,51.0429,17.1803
Donkey Crew,Wroclaw,Poland,Developer,Developer,51.2211,16.9794
Electric Succubi,Wroclaw,Poland,Developer,Developer,50.9855,16.933
Eremite Games,Wroclaw,Poland,Developer,Developer,51.1514,17.2416
Far From Home,Wroclaw,Poland,Developer,Developer,51.1601,16.8093
Far From Home Games,Wroclaw,Poland,Developer,Developer,50.9597,17.1368
Free Fall Entertainment,Wroclaw,Poland,Developer,Developer,51.2611,17.1091
Michal Wiklinski,Wroclaw,Poland,Developer,Developer,51.016,16.7914
Moral Anxiety Studio,Wroclaw,Poland,Developer,Developer,51.0642,17.3105
PixelAnt (Sumo Digital),Wroclaw,Poland,Developer,Developer,51.2559,16.8587
PlayWay,Wroclaw,Poland,Publisher,Publisher,50.9108,16.9904
Polished Games,Wroclaw,Poland,Developer,Developer,51.2317,17.2736
Questline (Awaken Realms),Wrocław,Poland,Developer,Developer,51.1114,16.702
Techland,Wroclaw,Poland,Developer,Developer,50.9532,17.2695
Ten Square Games,Wroclaw,Poland,Mobile,Mobile,51.3206,17.014
The Knights of Unity,Wroclaw,Poland,Developer,Developer,50.9312,16.8019
Two Horizons,Wroclaw,Poland,Developer,Developer,51.1334,17.3917
Bippinbits,Radeberg,Germany,Developer,Developer,51.11112,13.91199
BiteMe Games,Koksijde,Belgium,Developer,Developer,51.11642,2.63772
Hachi’s Cache,Dover,England,Developer,Developer,51.12598,1.31257
Pawley Games,Dover,England,Microstudio,Developer,51.1598,1.2538
Avid Games,Turnbridge Wells,England,Mobile,Mobile,51.13321,0.26256
Abonneer,Zedelgem,Belgium,Developer,Developer,51.14236,3.1368
Rogueside,Geel,Belgium,Developer,Developer,51.16557,4.98917
Warcave,Geel,Belgium,Developer,Developer,51.1993,4.9304
GabaGoo Games,Banff,Canada,Developer,Developer,51.17622,-115.56982
Fleetyard Studios,Dunster,England,Developer,Developer,51.184,-3.445
edyoutec,Monchengladbach,Germany,Developer,Developer,51.18539,6.44172
rondomedia,Monchengladbach,Germany,Publisher,Publisher,51.2192,6.3829
Escapist Games,Godalming,England,Developer,Developer,51.1858,-0.61489
Upstream Arcade,Godalming,England,Developer,Developer,51.2196,-0.6737
Badger Beard Games,Tonbridge,England,Developer,Developer,51.19532,0.27363
Two Point Studios (SEGA),Farnham,England,Developer,Developer,51.21444,-0.80054
Cybernetic Walrus,Antwerp,Belgium,Developer,Developer,51.22047,4.40026
Cyborn,Antwerp,Belgium,Developer,Developer,51.2542,4.3414
Poppins & Wayne,Antwerp,Belgium,Developer,Developer,51.15,4.4101
First Press Games,Erkrath,Germany,Publisher,Publisher,51.22235,6.90831
Mad Data,Erkrath,Germany,Developer,Developer,51.2561,6.8494
A4VR,Dusseldorf,Germany,Extended Reality (XR),XR (VR/AR),51.22319,6.77927
Alchemist Interactive,Dusseldorf,Germany,Developer,Developer,51.257,6.7204
Astragon Entertainment,Dusseldorf,Germany,Publisher,Publisher,51.1528,6.7891
CUREosity,Dusseldorf,Germany,Health,Other,51.2919,6.8634
FIRECHICK,Dusseldorf,Germany,Developer,Developer,51.2058,6.622
Hurdy-Gurdy Games,Dusseldorf,Germany,Developer,Developer,51.1632,6.9299
Sega Gesellschaft für Videospiele mbH,Dusseldorf,Germany,Publisher,Publisher,51.3415,6.7285
Snowstep Development,Dusseldorf,Germany,Developer,Developer,51.1058,6.6819
SpielFabrique,Dusseldorf,Germany,Incubator/Accelerator,Other,51.2717,6.9914
Suricate Software,Dusseldorf,Germany,Developer,Developer,51.2804,6.5579
Ubisoft Dusseldorf,Dusseldorf,Germany,Developer and Publisher,Publisher,51.08,6.8863
astragon Development (Team17),Dusseldorf,Germany,Developer and Publisher,Publisher,51.3814,6.8585
Abandon Ship,Guildford,England,Developer,Developer,51.23536,-0.57427
Absolutely Games,Guildford,England,Developer,Developer,51.2691,-0.6332
Born Ready Games,Guildford,England,Developer,Developer,51.1649,-0.5644
Cavalier Game Studios,Guildford,England,Developer,Developer,51.3041,-0.4901
Codemasters (Electronic Arts),Guildford,England,Developer,Developer,51.2179,-0.7315
Criterion Games (Electronic Arts),Guildford,England,Developer,Developer,51.1754,-0.4236
DPS Games (Wargaming UK),Guildford,England,Online,Other,51.3536,-0.6251
DPS Games (Wargaming),Guildford,England,Developer,Developer,51.118,-0.6717
EA Guildford (Electronic Arts),Guildford,England,Developer and Publisher,Publisher,51.2839,-0.3621
Electric Elephant Games,Guildford,England,Mobile,Mobile,51.2926,-0.7957
Epic Games UK,Guildford,England,Developer and Publisher,Publisher,51.0922,-0.4672
Fireblade Software,Guildford,England,Developer,Developer,51.3936,-0.495
Fireproof Games,Guildford,England,Developer,Developer,51.1485,-0.8136
Flaming Fowl Studios,Guildford,England,Developer,Developer,51.1967,-0.2931
Glowmade,Guildford,England,Developer,Developer,51.3884,-0.7461
Hello Games,Guildford,England,Developer,Developer,51.0433,-0.614
Jumpship,Guildford,England,Developer,Developer,51.3642,-0.33
Larian Studios,Guildford,England,Developer,Developer,51.2439,-0.9032
Media Molecule (Sony),Guildford,England,Developer,Developer,51.0857,-0.3341
Mediatonic,Guildford,England,Developer,Developer,51.4531,-0.5903
MojiWorks,Guildford,England,Online,Other,51.0637,-0.8031
Perchang,Guildford,England,Mobile,Mobile,51.2659,-0.2116
Playsport Games,Guildford,England,Developer,Developer,51.3693,-0.8817
REMEX Software,Guildford,England,Developer,Developer,51.0014,-0.4902
Rocketdesk,Guildford,England,Organization,Other,51.4479,-0.3798
Salix Games,Guildford,England,Developer,Developer,51.1594,-0.9547
Sledgehammer Games (Activision),Guildford,England,Mobile,Mobile,51.1284,-0.2046
Stellar Entertainment,Guildford,England,Developer,Developer,51.475,-0.7345
Supermassive Games,Guildford,England,Developer,Developer,50.9864,-0.7173
Thunderbox Entertainment,Guildford,England,Developer,Developer,51.3606,-0.1936
Timeproof Games,Guildford,England,Developer,Developer,51.3052,-0.9972
TwistPlay,Guildford,England,Mobile,Mobile,51.0012,-0.3338
Ubisoft UK,Guildford,England,Developer and Publisher,Publisher,51.5141,-0.4978
Big Head Games,Surrey,England,Developer,Developer,51.2362,-0.5704
Aftabi Games,Redhill,England,Developer,Developer,51.24048,-0.17044
Pixel Ghost,Redhill,England,Microstudio,Developer,51.2743,-0.2293
Paperhead Te4m,Oral,Kazakhstan,Developer,Developer,51.24601,51.42558
Evil Entity,Lublin,Poland,Microstudio,Developer,51.25058,22.57009
Lubsoft,Lublin,Poland,Microstudio,Developer,51.2844,22.5112
Mighty Koi,Lublin,Poland,Developer,Developer,51.1801,22.58
Pyramid Games,Lublin,Poland,Developer,Developer,51.3193,22.6543
Story Giant Games,Weert,Netherlands,Developer,Developer,51.25167,5.70694
Briganti,Schoten,Belgium,Developer,Developer,51.25251,4.50268
SilentFuture,Wuppertal,Germany,Developer,Developer,51.25627,7.14816
Positech Games,Westbury,England,Developer,Developer,51.26,-2.1875
Puppygames,Basingstoke,England,Developer,Developer,51.26249,-1.08708
1TK,Canterbury,England,Developer,Developer,51.27904,1.07992
Imaginary Friend Games,Canterbury,England,Developer,Developer,51.3128,1.021
OMNI Systems,Canterbury,England,Developer,Developer,51.2086,1.0898
Mythwright,Farnborough,England,Publisher,Publisher,51.29424,-0.75565
Purple Bean Games,Farnborough,England,Microstudio,Developer,51.328,-0.8146
nDreams Studio (Aonic),Farnborough,England,Extended Reality (XR),XR (VR/AR),51.2238,-0.7458
nDreams Studio Elevation (Aonic),Farnborough,England,Extended Reality (XR),XR (VR/AR),51.363,-0.6714
nDreams Studio Orbital (Aonic),Farnborough,England,Extended Reality (XR),XR (VR/AR),51.2768,-0.9131
Black Pants Game Studio,Kassel,Germany,Developer,Developer,51.31667,9.5
ad-artists,Kassel,Germany,Publisher,Publisher,51.3504,9.441
Atmospheric,Woking,England,Developer,Developer,51.31903,-0.55893
Atom Republic,Woking,England,Developer,Developer,51.3528,-0.6179
Slitherine Software,Epsom,England,Developer,Developer,51.3305,-0.27011
Actrio Studio,Leipzig,Germany,Developer,Developer,51.33962,12.37129
FusionPlay,Leipzig,Germany,Developer,Developer,51.3734,12.3123
Hypnotic Owl,Leipzig,Germany,Developer,Developer,51.2692,12.3812
Resistance204X,Leipzig,Germany,Developer,Developer,51.4083,12.4556
Team Nava Games,Leipzig,Germany,Developer,Developer,51.3222,12.2137
VR Bits,Leipzig,Germany,Serious Games,Other,51.2796,12.5223
Titan Roc,Weston-Super-Mare,England,Developer,Developer,51.34603,-2.97665
Abstraction Games,Valkenswaard,Netherlands,Developer,Developer,51.35083,5.45972
Glass Head Dolls,Broadstairs,England,Developer,Developer,51.35845,1.44185
Silver Script Games,Broadstairs,England,Microstudio,Developer,51.3922,1.3828
Topograph Interactive,Broadstairs,England,Developer,Developer,51.288,1.4517
Studio HEFT,Whitstable,England,Developer,Developer,51.3607,1.0257
Bad Viking Games,Chessington,England,Developer,Developer,51.3624,-0.30427
Mytholite Games,Herne Bay,England,Developer and Publisher,Publisher,51.373,1.12857
Quarantine Studios,Orpington,England,Extended Reality (XR),XR (VR/AR),51.37457,0.09785
Meeple Corp,Bath,England,Developer,Developer,51.3751,-2.36172
Suspicious Developments,Bath,England,Developer,Developer,51.4089,-2.4208
Dovetail Games,Chatham,England,Developer,Developer,51.37891,0.52786
Reef Entertainment,Croydon,England,Developer and Publisher,Publisher,51.38333,-0.1
Skyrocket,Croydon,England,Developer,Developer,51.4171,-0.1591
Hulan,Waalre,Netherlands,Serious Games,Other,51.38667,5.44444
Introversion Software,Walton-on-Thames,England,Developer,Developer,51.38678,-0.41319
Mindflair Games,Newbury,England,Developer,Developer,51.40148,-1.32471
Splash Damage,Bromley,England,Developer,Developer,51.40606,0.01519
Strangely Interactive,Bromley,England,Developer,Developer,51.4398,-0.0439
Cathedral Studios,Wokingham,England,Developer and Publisher,Publisher,51.4112,-0.83565
Little Bird Studios (Cathedral Studios),Wokingham,England,Developer,Developer,51.445,-0.8948
Kalypso Media UK,Bracknell,England,Developer and Publisher,Publisher,51.41363,-0.75054
Aruba Studios,Mulheim an der Ruhr,Germany,Developer,Developer,51.43218,6.87967
Voodoo Duck Games,Duisburg,Germany,Developer,Developer,51.43247,6.76516
Zoroarts,Duisburg,Germany,Developer,Developer,51.4662,6.706
Koch Media,Theale,England,Publisher,Publisher,51.43694,-1.077
Chimpworks,Eindhoven,Netherlands,Mobile,Mobile,51.44083,5.47778
Fablegate,Eindhoven,Netherlands,Microstudio,Developer,51.4746,5.4186
GameHouse - Eindhoven,Eindhoven,Netherlands,Developer,Developer,51.3704,5.4877
GamePie,Eindhoven,Netherlands,Microstudio,Developer,51.5096,5.5623
Hulan Studio,Eindhoven,Netherlands,Developer,Developer,51.4234,5.3198
Purple Flame Studio,Eindhoven,Netherlands,Developer,Developer,51.3808,5.6291
Sugar Rush Studio,Eindhoven,Netherlands,Developer,Developer,51.5591,5.4268
Vanilla,Eindhoven,Netherlands,Mobile,Mobile,51.3234,5.38
RedOctane Games (Embracer),Clevedon,England,Developer,Developer,51.44227,-2.85786
3-Fold Games,Bristol,England,Developer,Developer,51.45523,-2.59665
Aardman Animations,Bristol,England,Developer,Developer,51.489,-2.6558
Auroch Digital (Sumo Group),Bristol,England,Developer,Developer,51.3848,-2.5867
Benji,Bristol,England,Developer,Developer,51.524,-2.5121
Bristol Game Hub,Bristol,England,Organization,Other,51.4378,-2.7547
CATASTROPHIC_OVERLOAD,Bristol,England,Developer,Developer,51.3952,-2.4453
Codebyfire,Bristol,England,Developer,Developer,51.5735,-2.6477
ColePowered Games,Bristol,England,Developer,Developer,51.3378,-2.6945
Comet Game Studio,Bristol,England,Developer,Developer,51.5037,-2.3835
CreativeUK,Bristol,England,Organization,Other,51.5125,-2.8192
Deadpan Games,Bristol,England,Developer,Developer,51.312,-2.4891
Force of Habit,Bristol,England,Developer,Developer,51.6135,-2.517
Friday Sundae,Bristol,England,Developer,Developer,51.3684,-2.8371
Ground Shatter (Reforged Studios),Bristol,England,Developer,Developer,51.4165,-2.3141
Headware Games,Bristol,England,Developer,Developer,51.6083,-2.7693
Innoverse,Bristol,England,Extended Reality (XR),XR (VR/AR),51.2632,-2.6366
Lo-Fi Games,Bristol,England,Developer,Developer,51.5841,-2.3512
MINSKWORKS,Bristol,England,Microstudio,Developer,51.4637,-2.9272
Mobile Pie,Bristol,England,Mobile,Mobile,51.3056,-2.3553
Moonana,Bristol,England,Developer,Developer,51.6729,-2.6128
Ndemic Creations,Bristol,England,Developer,Developer,51.2835,-2.8266
Opposable VR,Bristol,England,Extended Reality (XR),XR (VR/AR),51.4858,-2.2322
Out of Bounds Games,Bristol,England,Developer,Developer,51.5892,-2.9056
Red Wasp Design,Bristol,England,Developer,Developer,51.2213,-2.5122
Rumpus Animation,Bristol,England,Developer,Developer,51.6678,-2.4012
Spectrum 48 Games,Bristol,England,Developer,Developer,51.3792,-2.9789
Spiral Circus,Bristol,England,Developer,Developer,51.3483,-2.2252
Sugar Creative,Bristol,England,Extended Reality (XR),XR (VR/AR),51.6949,-2.7576
Sun and Moon Studios,Bristol,England,Developer,Developer,51.2063,-2.7404
Twice Circled,Bristol,England,Developer,Developer,51.5805,-2.2142
carrotcake.studio,Bristol,England,Developer,Developer,51.525,-3.0216
Llamasoft,Reading,England,Developer,Developer,51.45625,-0.97113
Xbox Game Studios Europe,Reading,England,Publisher,Publisher,51.49,-1.0303
Sluggerfly,Essen,Germany,Developer,Developer,51.45657,7.01228
Bandai Namco Amusement Europe,Richmond Upon Thames,England,Developer,Developer,51.4613,-0.3037
Bandai Namco Entertainment UK,Richmond Upon Thames,England,Developer,Developer,51.4951,-0.3629
Lightfoot Bros,Isleworth,England,Developer,Developer,51.47518,-0.34246
Fancy Bytes,Oberhausen,Germany,Developer,Developer,51.47805,6.8625
Atomic Theory (Rocket Science Group),Cardiff,Wales,Developer,Developer,51.48,-3.18
COPA Gaming,Cardiff,Wales,Developer,Developer,51.5138,-3.2392
Cloth Cat Games,Cardiff,Wales,Mobile,Mobile,51.4096,-3.1701
Creative Wales,Cardiff,Wales,Organization,Other,51.5487,-3.0954
Dragon Scale Studios,Cardiff,Wales,Developer,Developer,51.4626,-3.3381
Good Gate Media,Cardiff,Wales,Developer,Developer,51.42,-3.0285
Huw Millward,Cardiff,Wales,Microstudio,Developer,51.5983,-3.2311
STARGAZY,Cardiff,Wales,Developer,Developer,51.3626,-3.2779
Space Colony Studios,Cardiff,Wales,Developer,Developer,51.5285,-2.9667
Sugar Creative,Cardiff,Wales,Extended Reality (XR),XR (VR/AR),51.5372,-3.4026
Terminal Velocity (Rocket Science Group),Cardiff,Wales,Developer,Developer,51.3368,-3.0724
Tiny Rebel Games,Cardiff,Wales,Online,Other,51.6382,-3.1003
Wales Interactive,Cardiff,Wales,Mobile,Mobile,51.3932,-3.4206
dakko dakko,Cardiff,Wales,Developer,Developer,51.4413,-2.8973
Animation Arts,Halle,Germany,Developer,Developer,51.48158,11.97947
Rat King,Halle,Germany,Developer,Developer,51.5154,11.9203
Rat King Entertainment,Halle (Saale),Germany,Microstudio,Developer,51.4111,11.9894
Echolox,Bochum,Germany,Developer,Developer,51.48165,7.21648
Pithead Studio,Bochum,Germany,Developer,Developer,51.5154,7.1573
Konami Digital Entertainment,Windsor,England,Publisher,Publisher,51.48333,-0.6
Sega Europe,Brentford,England,Publisher,Publisher,51.48619,-0.3083
1CC Games,London,England,Developer,Developer,51.50853,-0.12574
8Floor,London,England,Developer,Developer,51.5423,-0.185
ATAY GAMES,London,England,Mobile,Mobile,51.4381,-0.1158
Aartform Games,London,England,Developer,Developer,51.5773,-0.0411
Acureus,London,England,Developer,Developer,51.4911,-0.284
Ada Eden,London,England,Developer,Developer,51.4485,0.0258
Alibi Games,London,England,Publisher,Publisher,51.6268,-0.1768
Alvera Studios,London,United Kingdom,Developer,Developer,51.3911,-0.2237
Amazon Games,London,England,Developer,Developer,51.557,0.0877
Amplified Games,London,England,Publisher,Publisher,51.5658,-0.3485
Amused Sloth,London,England,Developer,Developer,51.3653,-0.0181
Anji Games,London,England,Developer,Developer,51.6668,-0.046
Aquila Interactive,London,United Kingdom,Developer and Publisher,Publisher,51.4217,-0.3665
Arcadia Gaming Partners,London,England,Investment,Other,51.4698,0.1572
Autumn Pioneer,London,England,Developer,Developer,51.6616,-0.2986
Avokiddo,London,England,Mobile,Mobile,51.3165,-0.1657
Balderton Capital,London,England,Investment,Other,51.6374,0.12
Bare Mettle Entertainment,London,England,Developer,Developer,51.517,-0.4567
Beard Envy Games,London,England,Microstudio,Developer,51.3589,0.1159
Beatnik Games,London,England,Developer,Developer,51.7262,-0.1419
Beautiful Game Studios (Square-Enix Europe),London,England,Developer,Developer,51.3368,-0.3559
Bellyflop Games,London,England,Developer,Developer,51.5391,0.2391
BerserkBoy Games,London,United Kingdom,Developer,Developer,51.6425,-0.435
Beyond the Pixels,London,England,Developer,Developer,51.2746,-0.0412
Big Pig Studios,London,England,Developer,Developer,51.7211,0.0699
BigSeed Studio,London,England,Developer,Developer,51.4325,-0.5084
Birdmask Studio,London,United Kingdom,Developer,Developer,51.4016,0.2461
Bithell Games,London,England,Developer,Developer,51.7482,-0.2869
Blue Dot Games,London,England,Developer and Publisher,Publisher,51.2596,-0.2696
Blue Gravity Studios,London,England,Developer,Developer,51.6338,0.2572
Bocata Games,London,England,Developer,Developer,51.5783,-0.5512
Bossa Games (News Corp/Shine),London,England,Online,Other,51.2744,0.1162
Brain Rack Games,London,England,Developer,Developer,51.7873,-0.0488
Brain Seal,London,England,Developer,Developer,51.3327,-0.4906
BrainsparkGames,London,England,Serious Games,Other,51.4845,0.3411
Broken Spaceship,London,United Kingdom,Developer,Developer,51.7257,-0.4485
Broxcorp,London,United Kingdom,Developer,Developer,51.2085,-0.1234
Calligram Studio,London,United Kingdom,Developer,Developer,51.7338,0.2026
Capcom Entertainment Europe,London,England,Publisher,Publisher,51.4801,-0.6188
Casual Brothers,London,England,Developer,Developer,51.3198,0.2739
Cat Commandos,London,England,Extended Reality (XR),XR (VR/AR),51.8197,-0.2167
Chorus Worldwide,London,England,Publisher,Publisher,51.2376,-0.3997
Chucklefish,London,England,Developer and Publisher,Publisher,51.5942,0.3764
Ci Games,London,England,Developer and Publisher,Publisher,51.6582,-0.5944
Climax Studios (Keywords),London,England,Developer,Developer,51.1976,0.0595
Cloak and Dagger Games,London,England,Developer,Developer,51.8192,0.0774
Coal Supper,London,England,Developer,Developer,51.3633,-0.6181
Colossal Games,London,England,Developer,Developer,51.4075,0.4006
Conradical Games,London,England,Developer,Developer,51.8074,-0.4072
Curve Digital,London,England,Developer and Publisher,Publisher,51.1663,-0.2438
Curve Games (Nazara Technologies),London,England,Publisher,Publisher,51.7133,0.3374
Curve Studios,London,England,Publisher,Publisher,51.5527,-0.695
Dark Math Games,London,England,Developer,Developer,51.234,0.2497
Digital Matters,London,England,Publisher,Publisher,51.8723,-0.1044
Distractionware,London,England,Developer,Developer,51.2468,-0.5401
Door407,London,England,Developer,Developer,51.5275,0.4693
Drake Star Partners,London,England,Investment,Other,51.7469,-0.5892
Draknek & Friends,London,England,Developer,Developer,51.1347,-0.0419
Dream Games,London,England,Mobile,Mobile,51.8222,0.2212
Drest,London,England,Mobile,Mobile,51.4224,-0.7271
EMK Capital,London,England,Investment,Other,51.3176,0.4157
EightyEight Games,London,England,Mobile,Mobile,51.88,-0.3194
Electric Saint,London,England,Developer,Developer,51.1503,-0.3882
Electrolyte Games,London,England,Microstudio,Developer,51.6635,0.4613
Emona Capital,London,United Kingdom,Investment,Other,51.6421,-0.7315
Enchanted Arcade,London,United Kingdom,Developer,Developer,51.1526,0.1784
Endless Investments,London,England,Investment,Other,51.9018,0.0375
Engage VR,London,England,Extended Reality (XR),XR (VR/AR),51.2855,-0.6771
Enlight Software,London,England,Developer,Developer,51.4407,0.5277
Epic Games,London,England,Developer and Publisher,Publisher,51.8357,-0.5369
Episod Studio,London,England,Developer,Developer,51.0915,-0.178
Eteo Games,London,England,Developer,Developer,51.7961,0.3689
Evening Star,London,England,Developer,Developer,51.5044,-0.8074
Everguild,London,England,Developer,Developer,51.223,0.3849
FOXBOY Productions,London,United Kingdom,Developer,Developer,51.9366,-0.1929
Failbetter Games,London,England,Developer,Developer,51.1623,-0.5436
Fallen Flag Studios,London,England,Developer,Developer,51.5886,0.5627
FanStudio,London,England,Developer,Developer,51.7404,-0.7242
Fenris Creations,London,England,Online,Other,51.0832,0.0651
Feral Interactive,London,England,Publisher,Publisher,51.9049,0.1972
Field of Vision,London,England,Extended Reality (XR),XR (VR/AR),51.351,-0.7982
Firefly Studios,London,England,Developer,Developer,51.3409,0.5452
Fireshine Games (Enad Global 7),London,England,Publisher,Publisher,51.9167,-0.4405
Fit XR,London,England,Extended Reality (XR),XR (VR/AR),51.0726,-0.338
Floating Origin Interactive,London,England,Developer,Developer,51.7422,0.5077
Foam Sword Games,London,England,Mobile,Mobile,51.6031,-0.8506
Formation Games,London,England,Developer,Developer,51.1318,0.3087
Foulball Hangover,London,England,Developer,Developer,51.9716,-0.0367
Fourfold Games,London,England,Developer,Developer,51.2028,-0.6972
Fumb Games,London,England,Mobile,Mobile,51.4936,0.6318
FundamentalVR,London,England,Serious Games,Other,51.8398,-0.6712
Fundamentally Games,London,England,Publisher,Publisher,51.0323,-0.0829
Fusebox Games (Nazara),London,England,Developer,Developer,51.8797,0.3622
Future Games of London (Ubisoft),London,England,Mobile,Mobile,51.4396,-0.8925
Gaijin Entertainment,London,England,Developer,Developer,51.2356,0.5179
Galatico Studios,London,England,Developer,Developer,51.9829,-0.305
GamelabUK,London,England,Developer,Developer,51.0811,-0.5104
Gameloft,London,England,Mobile,Mobile,51.6628,0.6257
Games Co London,London,England,Publisher,Publisher,51.7117,-0.8509
Games London,London,England,Organization,Other,51.0515,0.19
Games London Accelerator,London,England,Incubator/Accelerator,Other,51.9807,0.1388
GamesAid,London,England,Organization,Other,51.2704,-0.8367
George Batchelor,London,England,Developer,Developer,51.3846,0.6608
GestureTek Health,London,England,Health,Other,51.9327,-0.5734
Ghost Citadel,London,England,Mobile,Mobile,51.0052,-0.2566
GigXR,London,England,Serious Games,Other,51.8262,0.5201
Gizmo Garden,London,England,Developer,Developer,51.546,-0.9506
Goldhawk Interactive,London,England,Developer,Developer,51.1323,0.4445
Gram Games (Zynga),London,England,Mobile,Mobile,52.0281,-0.138
Green Man Gaming,London,England,Developer and Publisher,Publisher,51.1185,-0.6832
Grumpy Rhino Games,London,England,Mobile,Mobile,51.562,0.7124
Hand Circus,London,England,Developer,Developer,51.8229,-0.8049
Hidden Place,London,England,Developer,Developer,50.9889,0.0346
Hiro Capital,London,England,Investment,Other,51.9611,0.322
Hobo Interactive,London,England,Developer,Developer,51.3624,-0.9507
Hole in the Sleeve Game Studios,London,England,Developer,Developer,51.2684,0.6445
Hollow Ponds,London,England,Developer,Developer,52.0116,-0.4344
Hound Picked Games,London,England,Publisher,Publisher,51.0056,-0.4455
Humble Grove,London,England,Developer,Developer,51.7459,0.6592
Hundred Star Games,London,England,Developer,Developer,51.6641,-0.9657
Huskrafts,London,England,Microstudio,Developer,51.0387,0.3266
Hutch Games,London,England,Mobile,Mobile,52.0474,0.0514
IGDA England - London,London,England,Organization,Other,51.1843,-0.8441
IMMERSIV GAMES,London,England,Developer,Developer,51.4453,0.7594
Improbable Games UK,London,England,Developer,Developer,51.929,-0.7122
Infinity Vector,London,England,Developer,Developer,50.9497,-0.1497
Interior Night,London,England,Developer,Developer,51.9121,0.5009
Jump Over the Age,London,England,Developer,Developer,51.4743,-1.0294
Juno Capital Partners,London,England,Investment,Other,51.1525,0.5805
Kayabros,London,England,Microstudio,Developer,52.0702,-0.2606
Kedoo Entertainment,London,England,Publisher,Publisher,51.0359,-0.6378
Kepler Interactive,London,England,Publisher,Publisher,51.6423,0.7683
Kestrel Games,London,England,Developer,Developer,51.7868,-0.9332
Kid Onion Studio,London,England,Developer,Developer,50.9618,0.1687
Kindred Spirit Games,London,England,Developer,Developer,52.0374,0.2519
King.com (Activision),London,England,Mobile,Mobile,51.2764,-0.9814
Koffeecup,London,England,Developer,Developer,51.3192,0.7604
Kowloon Nights,London,England,Investment,Other,52.0225,-0.5753
LAVABIRD,London,England,Developer,Developer,50.9384,-0.3529
Lambic Studios,London,England,Microstudio,Developer,51.8346,0.6633
Liquid City,London,England,Extended Reality (XR),XR (VR/AR),51.6002,-1.0648
Little Orbit,London,England,Publisher,Publisher,51.0445,0.4693
Lunar Division (Bithell Games),London,England,Publisher,Publisher,52.103,-0.0607
Lunaris Games,London,England,Developer,Developer,51.0961,-0.8213
Lvp,London,England,Investment,Other,51.5202,0.8381
Many Cats Studios,London,United Kingdom,Developer,Developer,51.9065,-0.8517
Marmalade Game Studio,London,England,Developer,Developer,50.9078,-0.022
Maze Theory,London,England,Extended Reality (XR),XR (VR/AR),51.9967,0.4517
Mediatonic,London,England,Developer,Developer,51.3909,-1.0846
Mercury Game Studio,London,England,Developer,Developer,51.1911,0.7118
Micazook,London,England,Mobile,Mobile,52.0967,-0.3997
Microsoft Lift London,London,England,Mobile,Mobile,50.9579,-0.5636
Milo Games,London,England,Developer,Developer,51.7313,0.7978
Mind Candy,London,England,Mobile,Mobile,51.7333,-1.0515
Mindthunk,London,England,Developer,Developer,50.9518,0.3143
Miniclip,London,England,Mobile,Mobile,52.106,0.1549
Mode 7,London,England,Developer,Developer,51.1849,-0.9839
Modern Wolf,London,England,Publisher,Publisher,51.386,0.8614
Moon Active,London,England,Mobile,Mobile,52.0155,-0.7225
MoonHub,London,England,Serious Games,Other,50.8818,-0.2363
Moonbug Entertainment,London,England,Developer,Developer,51.9255,0.6383
NaturalMotion Games (Zynga),London,England,Developer,Developer,51.5224,-1.1448
Nerial,London,England,Developer,Developer,51.0685,0.613
Netspeak Games,London,England,Developer,Developer,52.1455,-0.1931
Newfangled Games,London,England,Developer,Developer,51.009,-0.7694
Nexus Studios,London,England,Developer,Developer,51.6066,0.8941
Niantic,London,England,Extended Reality (XR),XR (VR/AR),51.8661,-0.9867
Niffler,London,England,Developer and Publisher,Publisher,50.881,0.1218
Nitrome,London,England,Online,Other,52.077,0.3742
NotGames,London,England,Developer,Developer,51.2989,-1.1143
OKRE,London,England,Investment,Other,51.2467,0.8335
Odd Tales,London,England,Developer,Developer,52.1066,-0.5501
Offroad Games,London,United Kingdom,Developer,Developer,50.8873,-0.4629
Omeda Studios,London,England,Online,Other,51.8258,0.7998
Onion Soup Interactive,London,England,Developer,Developer,51.6642,-1.1555
Orbifold Software,London,England,Developer,Developer,50.9593,0.4664
Outfit7,London,England,Mobile,Mobile,52.1643,0.0342
Oxalis Games,London,England,Developer,Developer,51.091,-0.9578
PES Productions Europe (Konami),London,England,Developer,Developer,51.4664,0.9439
Palringo,London,England,Mobile,Mobile,51.9906,-0.8709
Panic Barn!,London,England,Developer,Developer,50.8379,-0.0995
Panic Stations,London,England,Developer,Developer,52.0155,0.5847
Party for Introverts,London,England,Developer,Developer,51.4332,-1.2027
Payload Studios,London,England,Developer,Developer,51.1102,0.7526
Perp Games,London,England,Publisher,Publisher,52.1733,-0.3417
Pixel Spill,London,England,Developer,Developer,50.926,-0.6895
Pixel Trickery,London,England,Microstudio,Developer,51.7016,0.9251
Pixion Games,London,England,Mobile,Mobile,51.8088,-1.1127
Pixward Games,London,England,Developer,Developer,50.8705,0.2772
PlanetPlay,London,England,Organization,Other,52.1501,0.2706
Playdeo,London,England,Mobile,Mobile,51.2013,-1.1169
Playerthree,London,England,Developer,Developer,51.3179,0.9414
Playstack,London,England,Publisher,Publisher,52.0993,-0.7072
Playwing,London,England,Mobile,Mobile,50.8267,-0.3387
Poncle,London,England,Developer,Developer,51.9228,0.7736
Portkey Games (Warner Brothers Games),London,England,Mobile,Mobile,51.5813,-1.2414
Postceramic Technology,London,England,Developer,Developer,50.9844,0.6198
Preloaded,London,England,Developer,Developer,52.2102,-0.1066
Product Madness United Kingdom (Aristocrat),London,England,Mobile,Mobile,50.9979,-0.9033
Psytec Games,London,England,Extended Reality (XR),XR (VR/AR),51.5583,1.0047
QXR Studios,London,England,Extended Reality (XR),XR (VR/AR),51.9482,-1.0155
RapidEyeMovers,London,England,Developer,Developer,50.8085,0.0536
Reality Lab: London,London,England,Extended Reality (XR),XR (VR/AR),52.1016,0.5033
Robust Games,London,England,Developer,Developer,51.3353,-1.236
Rockstar International,London,England,Publisher,Publisher,51.1687,0.8834
Rockstar London,London,England,Developer,Developer,52.185,-0.502
Rocksteady Studios (Warner Brothers Games),London,England,Developer,Developer,50.8499,-0.5837
Roundtable Interactive,London,England,Developer and Publisher,Publisher,51.8024,0.9293
Roundtable Interactive Group,London,England,Investment,Other,51.736,-1.2252
RubberBand Games,London,United Kingdom,Developer,Developer,50.8771,0.4395
SFB Games,London,England,Developer,Developer,52.2135,0.1434
SUPER HYPER MEGA,London,England,Developer,Developer,51.1009,-1.0916
Scopely,London,England,Publisher,Publisher,51.4028,1.0315
Secret Sauce,London,England,Publisher,Publisher,52.0744,-0.866
Sectordub,London,England,Developer,Developer,50.7783,-0.1942
Sharkmob,London,England,Developer,Developer,52.0194,0.7192
Shedworks,London,England,Developer,Developer,51.487,-1.3059
Sigil Initiative,London,England,Developer,Developer,51.0271,0.7699
Silver Rain Games,London,England,Developer,Developer,52.2417,-0.264
Singer Studios,London,England,Extended Reality (XR),XR (VR/AR),50.9084,-0.8212
Six to Start,London,England,Mobile,Mobile,51.659,1.041
Solar Sail Games,London,England,Developer,Developer,51.889,-1.1517
Sony Computer Entertainment London Studio,London,England,Developer,Developer,50.7951,0.2187
Sports Interactive,London,England,Developer,Developer,52.1809,0.3958
Sporty Group,London,England,Investment,Other,51.2314,-1.2426
Square Enix Limited,London,England,Publisher,Publisher,51.2428,1.0011
Square Enix London Studios,London,England,Publisher,Publisher,52.1797,-0.6694
SquarePlay Games,London,England,Developer,Developer,50.7834,-0.454
State of Play,London,England,Online,Other,51.906,0.9055
Stick Sports,London,England,Mobile,Mobile,51.6493,-1.3202
Studio Morgan,London,England,Developer,Developer,50.9012,0.6038
Studio Wife,London,England,Microstudio,Developer,52.2647,-0.0043
Sundawn Studios,London,England,Developer,Developer,51.0009,-1.0379
Sunday Studios,London,England,Microstudio,Developer,51.4993,1.1004
Super Rare Games,London,England,Developer and Publisher,Publisher,52.0319,-1.0218
Super Rare Originals,London,England,Publisher,Publisher,50.7442,-0.0329
Supercell London,London,England,Mobile,Mobile,52.1124,0.6369
Supersolid,London,England,Developer,Developer,51.3836,-1.3461
Tahla and Jack Co,London,England,Developer,Developer,51.0867,0.9119
Take 2 Interactive UK,London,England,Publisher,Publisher,52.2574,-0.4337
Takeaway Reality,London,England,Extended Reality (XR),XR (VR/AR),50.8255,-0.7126
Talha & Jack Co,London,England,Microstudio,Developer,51.766,1.0508
Tara Gaming Limited,London,England,Developer,Developer,51.814,-1.2751
Team Artichoke,London,England,Developer,Developer,50.7986,0.3913
Team FOLON,London,England,Developer,Developer,52.2509,0.2642
Ted Sterchi,London,England,Developer,Developer,51.1243,-1.2212
Tencent UK,London,England,Online,Other,51.3309,1.1015
Terahard,London,England,Mobile,Mobile,52.1568,-0.8394
The Bitmap Brothers (Rebellion),London,England,Mobile,Mobile,50.7289,-0.3034
The CoLab,London,England,Publisher,Publisher,52.0097,0.8534
The Hollow Ponds,London,England,Developer,Developer,51.5507,-1.3941
The Irregular Corportion (Epic),London,England,Publisher,Publisher,50.943,0.7655
The Pokemon Company International,London,England,Developer,Developer,52.3018,-0.1693
The Secret Games Company,London,England,Developer,Developer,50.9041,-0.9562
The Third Floor,London,England,Extended Reality (XR),XR (VR/AR),51.6053,1.1451
TigerRoll Studios,London,England,Developer,Developer,51.9724,-1.1699
TikiPod,London,England,Developer,Developer,50.726,0.1412
Tonic Games Group,London,England,Publisher,Publisher,52.1991,0.528
Tower Studios,London,England,Mobile,Mobile,51.2737,-1.3597
Trailmix Games,London,England,Mobile,Mobile,51.1622,1.0413
Triangular Pixels,London,England,Extended Reality (XR),XR (VR/AR),52.256,-0.6114
Tributary Games,London,England,Developer,Developer,50.7518,-0.5797
Triple Dragon,London,England,Investment,Other,51.8764,1.0325
Tripledot Studios,London,England,Mobile,Mobile,51.7247,-1.3814
Twin Swans,London,England,Developer,Developer,50.8199,0.5669
UK Games Talent and Finance,London,England,Incubator/Accelerator,Other,52.309,0.1113
UK Interactive Entertainment (Ukie),London,England,Organization,Other,51.017,-1.1712
UKIYO Publishing,London,England,Publisher,Publisher,51.4313,1.1811
UMA Games,London,England,Developer,Developer,52.116,-1.0071
Under the Stairs,London,England,Developer,Developer,50.6885,-0.1352
Underdog,London,England,Developer,Developer,52.1103,0.7729
Unit9,London,England,Developer,Developer,51.4425,-1.4439
United JOY,London,England,Social,Other,51.0021,0.9199
Variable State,London,England,Developer,Developer,52.323,-0.3475
Village Studio Games,London,England,Developer,Developer,50.8134,-0.8475
Villainous Game Studio,London,England,Developer,Developer,51.718,1.1632
Virtually Live,London,England,Extended Reality (XR),XR (VR/AR),51.8967,-1.3057
Virtually Sports,London,England,Developer,Developer,50.7248,0.3239
Voodoo,London,England,Mobile,Mobile,52.2768,0.3942
Warp Digital,London,England,Developer,Developer,51.16,-1.3452
Weather Factory,London,England,Developer,Developer,51.2524,1.154
Whatboy Games,London,England,Developer,Developer,52.2367,-0.7926
White Star Capital,London,England,Investment,Other,50.6898,-0.4249
ZA/UM Studio,London,England,Developer,Developer,51.9873,0.9854
Zwift,London,England,Developer,Developer,51.6228,-1.4671
Zynga,London,England,Mobile,Mobile,50.8592,0.7408
com2us,London,England,Mobile,Mobile,52.3531,-0.0599
gamoola,London,England,Developer,Developer,50.9124,-1.0926
milktooth,London,England,Microstudio,Developer,51.5416,1.2365
outofthebit,London,England,Mobile,Mobile,52.0578,-1.168
tann,London,England,Microstudio,Developer,50.6639,0.0469
ustwo,London,England,Developer,Developer,52.2052,0.665
vladkudas,London,United Kingdom,,Other,51.327,-1.4672
Upgraded Studio,Riel,Netherlands,Microstudio,Developer,51.524,5.022
TT Games Publishing,Burnham,England,Developer,Developer,51.53534,-0.66579
Pill Bug Interactive,Llanharan,Wales,Developer,Developer,51.53805,-3.43906
CULT Games,Camden Town,England,Publisher,Publisher,51.54057,-0.14334
Aristocrat Leisure Limited,Uxbridge,England,Developer,Developer,51.5489,-0.48211
Aerosoft,Buren,Germany,Developer,Developer,51.55109,8.55956
Blewscreen,Tilburg,Netherlands,Microstudio,Developer,51.55551,5.0913
Rage Squid,Tilburg,Netherlands,Developer,Developer,51.5893,5.032
Middle Man Games,Basildon,England,Extended Reality (XR),XR (VR/AR),51.56844,0.45782
Codename Red,Etten-Leur,Netherlands,Developer,Developer,51.5706,4.6356
Stickylock,Etten-Leur,Netherlands,Developer,Developer,51.6044,4.5763
Duckland Games,Breda,Netherlands,Developer,Developer,51.58656,4.77596
HomeBearStudio,Breda,Netherlands,Developer,Developer,51.6203,4.7166
Jampics,Breda,Netherlands,Microstudio,Developer,51.5161,4.7859
JoTo Games,Breda,Netherlands,Organization,Other,51.6553,4.8608
Koch Media,Breda,Netherlands,Publisher,Publisher,51.5691,4.6175
Monkey Strike Games,Breda,Netherlands,Developer,Developer,51.5266,4.9278
Nifty Llama Games,Breda,Netherlands,Developer,Developer,51.7048,4.7248
SK98,Breda,Netherlands,Developer,Developer,51.4692,4.6778
Sassybot,Breda,Netherlands,Developer,Developer,51.6351,4.9898
Starbrew Games,Breda,Netherlands,Developer,Developer,51.6438,4.5528
StitchHeads,Breda,Netherlands,Developer,Developer,51.4434,4.8838
Twirlbound,Breda,Netherlands,Developer,Developer,51.7448,4.8558
Verdant Games,Breda,Netherlands,Developer,Developer,51.4997,4.5348
Hindsight Studios,Herten,Germany,Developer,Developer,51.59638,7.14387
AI Factory,Hatch End,England,Developer,Developer,51.60789,-0.37367
Argonaut Games,Edgware,England,Publisher,Publisher,51.6128,-0.27539
Secret Item Games,Lünen,Germany,Developer,Developer,51.61634,7.52872
Curveball Games,Swansea,Wales,Publisher,Publisher,51.62079,-3.94323
DragonfiAR,Swansea,Wales,Developer,Developer,51.6546,-4.0026
Hotel Outlaw,Swansea,Wales,Developer,Developer,51.5504,-3.9333
Tin Fox,Swansea,Wales,Microstudio,Developer,51.6895,-3.8584
Deceptive Games,Ynysybwl,Wales,Developer,Developer,51.63922,-3.36036
Safe in Our World,Watford,England,Organization,Other,51.65531,-0.39602
Spacebot Interactive,Watford,England,Developer,Developer,51.6891,-0.4554
Wired Productions,Watford,England,Developer and Publisher,Publisher,51.5849,-0.3861
VestGames,Datteln,Germany,Social,Other,51.65598,7.3453
Pug Fugly Games,Pontllanfraith,Wales,Developer,Developer,51.657,-3.188
Apps Ministry,Voronezh,Russian Federation,Mobile,Mobile,51.66833,39.19204
Dynamic Pixels,Voronezh,Russian Federation,Developer,Developer,51.7021,39.1326
My.Games,Voronezh,Russian Federation,Online,Other,51.5979,39.202
Independent Arts,Hamm,Germany,Developer,Developer,51.68033,7.82089
Retrific,Hamm,Germany,Developer,Developer,51.7141,7.7614
Funatics (Jumpgate),Schermbeck,Germany,Developer,Developer,51.68333,6.86667
Fantazm,s-Hertogenbosch,Netherlands,Extended Reality (XR),XR (VR/AR),51.69917,5.30417
Lost in Cult,Cirencester,England,Publisher,Publisher,51.71927,-1.97145
Neon Play,Cirencester,England,Developer,Developer,51.753,-2.031
Goldborough Studio,Lawrenny,Wales,Developer,Developer,51.724,-4.875
Stunforge,Wadersloh,Germany,Developer,Developer,51.73333,8.25
ESDigital Games,St. Albans,England,Developer and Publisher,Publisher,51.75,-0.33333
Magnopus,Saint Albans,England,Extended Reality (XR),XR (VR/AR),51.7838,-0.3929
Antler Studios,Oxford,England,Developer,Developer,51.75222,-1.25596
Ben Olding Games,Oxford,England,Extended Reality (XR),XR (VR/AR),51.786,-1.3155
Rebellion,Oxford,England,Developer,Developer,51.6818,-1.246
Tundra,Oxford,England,Microstudio,Developer,51.8209,-1.1708
Yeah Us! Games,Oxford,England,Developer,Developer,51.7348,-1.415
Pixel Perfect Dude,Kalisz,Poland,Developer,Developer,51.76109,18.09102
Afterburn,Lodz,Poland,Developer,Developer,51.77058,19.47395
Disco Angels,Lodz,Poland,Developer,Developer,51.8044,19.4144
FUMES Team,Lodz,Poland,Developer,Developer,51.7001,19.4839
People Can Fly,Lodz,Poland,Developer,Developer,51.8393,19.5591
Render Cube,Lodz,Poland,Developer,Developer,51.7532,19.3148
Something Random Games,Lodz,Poland,Extended Reality (XR),XR (VR/AR),51.7106,19.6264
Superhot Team,Lodz,Poland,Developer,Developer,51.8889,19.4226
Psytech Games,Blaenavon,Wales,Extended Reality (XR),XR (VR/AR),51.77402,-3.08537
GLITCH,Witney,England,Investment,Other,51.7836,-1.4854
PQube,Hertfordshire,England,Publisher,Publisher,51.796,-0.0786
Dlala Studios,Witham,England,Developer and Publisher,Publisher,51.80007,0.64038
Numskull Games,Welwyn Garden City,England,Publisher,Publisher,51.80174,-0.20691
Saebo,Welwyn Garden City,England,Health,Other,51.8355,-0.2665
FGL Games,Lith,Netherlands,Publisher,Publisher,51.80583,5.43889
Tamalaki,Lith,Netherlands,Microstudio,Developer,51.8396,5.3793
Dragonspirit Games,Nieuwaal,Netherlands,Developer,Developer,51.81,5.17778
The Simulation Crew,Nijmegen,Netherlands,Extended Reality (XR),XR (VR/AR),51.8425,5.85278
Squarehead Studios,Llangynidr,Wales,Developer,Developer,51.8673,-3.22762
Ghostlight,Bishops Stortford,England,Publisher,Publisher,51.87113,0.15868
Midas Interactive,Bishops Stortford,England,Publisher,Publisher,51.9049,0.099
SpecialEffect,Charlbury,England,Organization,Other,51.8727,-1.48247
Astral Forge,Colchester,England,Developer,Developer,51.88921,0.90421
Fourth State,Colchester,England,Developer,Developer,51.923,0.8445
Sketchbook Games,Colchester,England,Developer,Developer,51.8188,0.9142
Strategy First,Colchester,England,Developer and Publisher,Publisher,51.9579,0.9896
Tundra,Colchester,England,Microstudio,Developer,51.8718,0.7447
Blizzard Entertainment,Cork,Ireland,Developer,Developer,51.89797,-8.47061
Freakzone Games,Cheltenham,England,Developer,Developer,51.90006,-2.07972
Glitch Games,Cheltenham,England,Developer,Developer,51.9338,-2.1395
Tiny Lagoon Studios,Cheltenham,England,Developer,Developer,51.8296,-2.0697
Gaming Minds Studios,Gutersloh,Germany,Developer,Developer,51.90693,8.37853
Appelmoes,Rotterdam,Netherlands,Developer,Developer,51.9225,4.47917
Behaviour Rotterdam,Rotterdam,Netherlands,Developer,Developer,51.9563,4.4194
Jaywalkers Interactive,Rotterdam,Netherlands,Microstudio,Developer,51.8521,4.4892
Picomy,Rotterdam,Netherlands,Mobile,Mobile,51.9912,4.5646
Qudical,Rotterdam,Netherlands,Developer,Developer,51.9051,4.3195
Ra.nj,Rotterdam,Netherlands,Developer,Developer,51.8625,4.6321
SOEDESCO,Rotterdam,Netherlands,Developer and Publisher,Publisher,52.0408,4.4276
Savanna Developments,Rotterdam,Netherlands,Mobile,Mobile,51.8051,4.3803
Sparrow Night,Rotterdam,Netherlands,Developer,Developer,51.971,4.6946
Stark Learning,Rotterdam,Netherlands,Serious Games,Other,51.9797,4.2544
Studio Brain Muffin,Rotterdam,Netherlands,Developer,Developer,51.7793,4.5878
Total Mayhem,Rotterdam,Netherlands,Developer,Developer,52.0807,4.5596
VSTEP,Rotterdam,Netherlands,Developer,Developer,51.8357,4.2362
YipYip,Rotterdam,Netherlands,Mobile,Mobile,51.8838,4.7647
snekflat,Rotterdam,Netherlands,Developer,Developer,52.0755,4.3047
TRAGSoft,Zevenaar,Netherlands,Developer,Developer,51.93,6.07083
Desert Fox,Zielona Góra,Poland,Microstudio,Developer,51.93548,15.50643
Raba Games,Zielona Gora,Poland,Developer,Developer,51.9693,15.4466
Rising Star Games (Thunderful),Bancroft,England,Publisher,Publisher,51.954,-0.212
Pumpernickel Studio,Munster,Germany,Developer,Developer,51.96236,7.62571
Tendershoot,Munster,Germany,Developer,Developer,51.9961,7.5659
Engine Software,Doetinchem,Netherlands,Developer,Developer,51.965,6.28889
Barrel Roll Games,Eilenstedt,Germany,Developer,Developer,51.969,11.147
FrogVibes,Wageningen,Netherlands,Developer,Developer,51.97,5.66667
Koei Tecmo Europe,Letchworth Garden City,England,Developer and Publisher,Publisher,51.97938,-0.22664
Skunkx Games,Moordrecht,Netherlands,Developer,Developer,51.985,4.668
RedwaterOne,Oosterbeek,Netherlands,Microstudio,Developer,51.98583,5.84583
National Insecurities,Tewkesbury,England,Developer,Developer,51.99244,-2.1601
New Star Games,Buckingham,England,Mobile,Mobile,51.99968,-0.98779
CleVR,Delft,Netherlands,Health,Other,52.00667,4.35556
Game Tailors,Delft,Netherlands,Serious Games,Other,52.0404,4.2957
Paradox Interactive,Delft,Netherlands,Developer and Publisher,Publisher,51.9362,4.3656
Sparkling Society,Delft,Netherlands,Developer,Developer,52.0754,4.4412
The Barn,Delft,Netherlands,Serious Games,Other,51.9893,4.1956
Triumph Studios,Delft,Netherlands,Developer,Developer,51.9467,4.5088
Excalibur Games,Bloxham,England,Developer,Developer,52.02039,-1.37321
Studio Inkyfox,Bielefeld,Germany,Developer,Developer,52.03333,8.53333
Awe Interactive,Shefford,England,Developer,Developer,52.0387,-0.33399
505 Games (Digital Bros),Central Milton Keynes,England,Publisher,Publisher,52.04172,-0.75583
Binary Spiders,Central Milton Keynes,England,Developer,Developer,52.0755,-0.8158
DR Studios (Digital Bros),Broughton,England,Developer,Developer,52.054,-0.696
Global Games Alliance,Suffolk,England,Organization,Other,52.0567,1.1482
Gamebasics (Miniclip),Zoetermeer,Netherlands,Developer,Developer,52.0575,4.49306
Jagaco,Zoetermeer,Netherlands,Developer,Developer,52.0913,4.4331
Seven Mages Studio,Zoetermeer,Netherlands,Developer,Developer,51.9871,4.5031
The Dutch Games Association (DGA),Zoetermeer,Netherlands,Organization,Other,52.1262,4.5788
Game Anglia,Ipswich,England,Organization,Other,52.05917,1.15545
Miracle Tea Studios,Ipswich,England,Mobile,Mobile,52.0929,1.0955
Palringo,Ipswich,England,Mobile,Mobile,51.9887,1.1655
Pinfall Games,Ipswich,England,Microstudio,Developer,52.1279,1.2411
Blast Mode Games,Den Haag,Netherlands,Developer,Developer,52.07667,4.29861
Firi Games,Den Haag,Netherlands,Mobile,Mobile,52.1104,4.2386
GamePoint,Den Haag,Netherlands,Developer,Developer,52.0062,4.3087
Good Shepherd Entertainment,Den Haag,Netherlands,Publisher,Publisher,52.1454,4.3843
Lucky Kat,Den Haag,Netherlands,Developer,Developer,52.0593,4.1384
Talisman Games,Den Haag,Netherlands,Developer,Developer,52.0167,4.4521
TurtleBlaze,Den Haag,Netherlands,Developer,Developer,52.1949,4.2469
Surgent Studios,Pentlow,England,Developer,Developer,52.079,0.658
RageSquid,De Meern,Netherlands,Developer,Developer,52.08167,5.03611
Dutch Game Studio,Woerden,Netherlands,Developer,Developer,52.085,4.88333
SilverFit,Woerden,Netherlands,Health,Other,52.1188,4.8233
Abbey Games,Utrecht,Netherlands,Developer,Developer,52.09083,5.12222
Bonte Avond,Utrecht,Netherlands,Microstudio,Developer,52.1246,5.0622
Celine and the Silly Stars,Utrecht,Netherlands,Developer,Developer,52.0204,5.1323
Collateral Damage,Utrecht,Netherlands,Mobile,Mobile,52.1596,5.208
Crimson Owl Studios,Utrecht,Netherlands,Developer,Developer,52.0734,4.962
Digital Dreams,Utrecht,Netherlands,Mobile,Mobile,52.0308,5.2758
Dutch Games Association,Utrecht,Netherlands,Organization,Other,52.2091,5.0705
Fresh Game Studio,Utrecht,Netherlands,Serious Games,Other,51.9734,5.023
Frog Vibes,Utrecht,Netherlands,Developer,Developer,52.1393,5.3384
Froglet Games,Utrecht,Netherlands,Microstudio,Developer,52.1481,4.8966
Galaxy Grove,Utrecht,Netherlands,Developer,Developer,51.9476,5.2313
Knucklehead Studios,Utrecht,Netherlands,Developer,Developer,52.2491,5.203
Mardt,Utrecht,Netherlands,Microstudio,Developer,52.004,4.8783
Monkey Bizniz,Utrecht,Netherlands,Developer,Developer,52.0521,5.4088
Mystic Forge,Utrecht,Netherlands,Publisher,Publisher,52.2439,4.9471
Nixxes,Utrecht,Netherlands,Developer,Developer,51.8988,5.0817
Nixxes Software (PlayStation Studios),Utrecht,Netherlands,Developer,Developer,52.2197,5.3711
Oogbaard Games,Utrecht,Netherlands,Developer,Developer,52.0993,4.787
Rangatang,Utrecht,Netherlands,Developer,Developer,51.9412,5.367
Roost Games,Utrecht,Netherlands,Developer,Developer,52.3085,5.1058
Sokpop Collective,Utrecht,Netherlands,Microstudio,Developer,51.9191,4.889
Springlab,Utrecht,Netherlands,Serious Games,Other,52.1214,5.4918
Stolen Couch Games,Utrecht,Netherlands,Mobile,Mobile,52.2248,4.8089
Studio Mantasaur,Utrecht,Netherlands,Developer,Developer,51.8569,5.2079
Studio Pix,Utrecht,Netherlands,Developer,Developer,52.3034,5.3204
Veelpoot,Utrecht,Netherlands,Developer,Developer,52.0148,4.7346
Virtual Play,Utrecht,Netherlands,Developer,Developer,51.9839,5.4989
Vlambeer,Utrecht,Netherlands,Developer,Developer,52.3305,4.959
Wikkl Works,Utrecht,Netherlands,Developer,Developer,51.8419,4.9765
Wispfire,Utrecht,Netherlands,Developer,Developer,52.2161,5.5101
Xform Games,Utrecht,Netherlands,Online,Other,52.1606,4.6912
haute technique,Utrecht,Netherlands,Developer,Developer,51.8567,5.3673
Digital Melody,Grodzisk Mazowiecki,Poland,Mobile,Mobile,52.10387,20.6337
Robotality,Hameln,Germany,Developer,Developer,52.10397,9.35623
2tainment,Magdeburg,Germany,Publisher,Publisher,52.13129,11.63189
Just2D,Magdeburg,Germany,Developer,Developer,52.1651,11.5718
Amuses Me Games,Saskatoon,Canada,Microstudio,Developer,52.13238,-106.66892
BiMonocle Games,Saskatoon,Canada,Developer,Developer,52.1662,-106.729
DragonFly Games,Saskatoon,Canada,Microstudio,Developer,52.0619,-106.6588
Everglow Interactive,Saskatoon,Canada,Developer,Developer,52.2011,-106.5831
Foolish Mortals Games,Saskatoon,Canada,Developer,Developer,52.115,-106.8293
Funkylung Studios,Saskatoon,Canada,Microstudio,Developer,52.0724,-106.5152
Melcher Studios,Saskatoon,Canada,Developer,Developer,52.2507,-106.7207
Moonlit Works,Saskatoon,Canada,Microstudio,Developer,52.015,-106.7682
Noodlecake Studios,Saskatoon,Canada,Developer and Publisher,Publisher,52.1809,-106.4525
Sour Circuit Studios,Saskatoon,Canada,Developer,Developer,52.1896,-106.8948
Winter Pixel Games,Saskatoon,Canada,Microstudio,Developer,51.9892,-106.5597
WyvernStorm Games,Saskatoon,Canada,Microstudio,Developer,52.2906,-106.5881
The Rabbit Indie Games Residency,Bad Belzig,Germany,Incubator/Accelerator,Other,52.14184,12.59272
Improvive,Amersfoort,Netherlands,Serious Games,Other,52.155,5.3875
One Two Play,Amersfoort,Netherlands,Mobile,Mobile,52.1888,5.3274
BLUE BOX Game Studios,Leiden,Netherlands,Developer,Developer,52.15833,4.49306
Blue Box Games,Leiden,Netherlands,Microstudio,Developer,52.1921,4.433
Kerkerkruip Team,Leiden,Netherlands,Microstudio,Developer,52.0879,4.5031
Hyperlite,Denston,England,Mobile,Mobile,52.16,0.55
Eggcode,Vlotho,Germany,Developer,Developer,52.1653,8.85996
Fragile Continuum,Worcester,England,Developer,Developer,52.18935,-2.22001
Aurora Game Studios,Cambridge,England,Developer,Developer,52.2,0.11667
Daniel Ratcliffe,Cambridge,England,Developer,Developer,52.2338,0.0565
Fen Research,Cambridge,England,Developer,Developer,52.1296,0.1268
Frontier Developments,Cambridge,England,Developer,Developer,52.2687,0.2026
Ghost Town Games,Cambridge,England,Developer,Developer,52.1826,-0.044
Golden Horde Studios,Cambridge,United Kingdom,Developer,Developer,52.14,0.2706
Inertia Games,Cambridge,England,Developer,Developer,52.3183,0.0648
Jagex,Cambridge,England,Online,Other,52.0826,0.0172
Just Won't Die Games,Cambridge,England,Developer,Developer,52.2485,0.3334
Late Night Games,Cambridge,England,Developer,Developer,52.2572,-0.1095
Ninja Theory (Microsoft),Cambridge,England,Developer,Developer,52.0568,0.226
Noisy Head Games,Cambridge,England,Developer,Developer,52.3582,0.1976
Polyfox Gaming,Cambridge,England,Mobile,Mobile,52.1132,-0.1278
Polygon Treehouse,Cambridge,England,Developer,Developer,52.1613,0.4039
Triangle Wave,Cambridge,England,Developer,Developer,52.353,-0.0589
inkle,Cambridge,England,Mobile,Mobile,52.008,0.0761
miniBeast Game Studios,Cambridge,England,Microstudio,Developer,52.3289,0.3662
Lirio Games,Apeldoorn,Netherlands,Developer,Developer,52.21,5.96944
Living Story,Baarn,Netherlands,Serious Games,Other,52.21167,5.2875
Deadbug Projects,Enschede,Netherlands,Microstudio,Developer,52.21833,6.89583
Tradosoft,Nijkerk,Netherlands,Microstudio,Developer,52.22,5.48611
Bearbit,Voorhout,Netherlands,Mobile,Mobile,52.22167,4.48472
Eerie Guest Studios (tinyBuild),Hilversum,Netherlands,Developer,Developer,52.22333,5.17639
Mind Control Games,Hilversum,Netherlands,Developer,Developer,52.2571,5.1162
Ratsi Bambam,Hilversum,Netherlands,Mobile,Mobile,52.1529,5.1865
Spil Games Europe,Hilversum,Netherlands,Developer and Publisher,Publisher,52.2921,5.2624
Team Reptile,Hilversum,Netherlands,Developer,Developer,52.2059,5.0156
Feel Free Games,Sassenheim,Netherlands,Developer,Developer,52.225,4.52222
11bit studios,Warsaw,Poland,Developer and Publisher,Publisher,52.22977,21.01178
Above the Desk,Warsaw,Poland,Developer,Developer,52.2635,20.9516
Another Angle Games,Warsaw,Poland,Developer,Developer,52.1593,21.0219
Arclight Creations,Warsaw,Poland,Developer,Developer,52.2985,21.0978
Art Games Studio,Warsaw,Poland,Publisher,Publisher,52.2124,20.851
Artifex Mundi,Warsaw,Poland,Developer,Developer,52.1698,21.1658
Artificer (Devolver Digital),Warsaw,Poland,Developer,Developer,52.348,20.9599
Baby Bison Games,Warsaw,Poland,Developer,Developer,52.1124,20.9122
Bearded Brothers Games,Warsaw,Poland,Developer,Developer,52.2783,21.2287
Blank Game Studios,Warsaw,Poland,Developer,Developer,52.287,20.7854
Buckshot Software,Warsaw,Poland,Developer,Developer,52.0866,21.1212
CD PROJEKT RED,Warsaw,Poland,Developer and Publisher,Publisher,52.388,21.0928
Cenega Group,Warsaw,Poland,Publisher,Publisher,52.1429,20.7671
Cherrypick Games,Warsaw,Poland,Mobile,Mobile,52.1911,21.2992
Chess & Checkers Games,Warsaw,Poland,Developer,Developer,52.3828,20.8361
Ci Games,Warsaw,Poland,Developer and Publisher,Publisher,52.0377,20.9711
Cogwheel Software,Warsaw,Poland,Developer,Developer,52.3587,21.2615
Covenant.dev,Warsaw,Poland,Publisher,Publisher,52.2383,20.6755
CrazyLabs (Embracer Group),Warsaw,Poland,Mobile,Mobile,52.0801,21.2573
CreativeForge Games,Warsaw,Poland,Developer,Developer,52.4475,20.9953
Creepy Jar,Warsaw,Poland,Developer,Developer,52.0581,20.7779
Critical Hit Games,Warsaw,Poland,Developer,Developer,52.2603,21.3825
Crunching Koalas,Warsaw,Poland,Developer and Publisher,Publisher,52.3637,20.6975
Deep Matrix,Warsaw,Poland,Extended Reality (XR),XR (VR/AR),51.9958,21.0977
Deep Water Studio,Warsaw,Poland,Microstudio,Developer,52.4423,21.2106
Demolish Games,Warsaw,Poland,Microstudio,Developer,52.1538,20.6229
Different Tales,Warsaw,Poland,Developer,Developer,52.1228,21.3896
Digifox Games,Warsaw,Poland,Developer,Developer,52.4694,20.848
Digital Vortex Entertainment,Warsaw,Poland,Publisher,Publisher,51.9808,20.8656
Elsewhere Entertainment,Warsaw,Poland,Developer,Developer,52.355,21.4009
Flying Wild Hog,Warsaw,Poland,Developer,Developer,52.2996,20.5794
Fractured Byte,Warsaw,Poland,Developer,Developer,51.9956,21.2576
Fulqrum Games,Warsaw,Poland,Developer and Publisher,Publisher,52.5085,21.09
Fumi Games,Warsaw,Poland,Developer,Developer,52.0539,20.641
GameHunters Studio,Warsaw,Poland,Developer,Developer,52.2057,21.4862
GameLoad,Warsaw,Poland,Developer,Developer,52.4469,20.6838
Games Incubator,Warsaw,Poland,Developer,Developer,51.9298,21.0142
Games Operators,Warsaw,Poland,Publisher,Publisher,52.455,21.3454
Gaming Factory,Warsaw,Poland,Developer and Publisher,Publisher,52.2013,20.5107
Gruby Entertainment,Warsaw,Poland,Developer,Developer,52.041,21.4179
Happy Corruption,Warsaw,Poland,Developer,Developer,52.5409,20.9194
Huuuge Games,Warsaw,Poland,Mobile,Mobile,51.9588,20.7334
Hyperstrange,Warsaw,Poland,Developer,Developer,52.3154,21.522
Ice Code Games,Warsaw,Poland,Developer,Developer,52.3795,20.5355
J4nw,Warsaw,Poland,Microstudio,Developer,51.9188,21.2
Juggler Games,Warsaw,Poland,Developer,Developer,52.5404,21.2183
Jutsu Games,Warsaw,Poland,Developer,Developer,52.0845,20.5115
Kevuru Games,Warsaw,Poland,Developer,Developer,52.1288,21.5466
Klabater,Warsaw,Poland,Developer and Publisher,Publisher,52.5286,20.7258
Kool2Play,Warsaw,Poland,Developer,Developer,51.8876,20.8918
Larian Studios,Warsaw,Poland,Developer,Developer,52.4345,21.4824
Last Qubit,Warsaw,Poland,Mobile,Mobile,52.2739,20.4333
Licht Hund,Warsaw,Poland,Developer,Developer,51.9552,21.3933
Live Motion Games,Warsaw,Poland,Developer,Developer,52.5935,21.0334
MS Games,Warsaw,Poland,Developer,Developer,51.9681,20.5907
Marcin Borkowski (Borek),Warsaw,Poland,Microstudio,Developer,52.2487,21.6164
Mass Creation,Warsaw,Poland,Developer,Developer,52.4681,20.5408
Mesote Games,Warsaw,Poland,Microstudio,Developer,51.8559,21.0969
MoaCube,Warsaw,Poland,Developer,Developer,52.5434,21.3644
Monsarrat,Warsaw,Poland,Extended Reality (XR),XR (VR/AR),52.1436,20.4007
Moon Active,Warsaw,Poland,Mobile,Mobile,52.0389,21.5619
Movie Games,Warsaw,Poland,Publisher,Publisher,52.6012,20.815
Movie Games Lunarium,Warsaw,Poland,Developer,Developer,51.8716,20.745
Mythic Owl Games,Warsaw,Poland,Developer,Developer,52.3848,21.6083
Nakana Games,Warsaw,Poland,Publisher,Publisher,52.3633,20.3962
Naptime Games,Warsaw,Poland,Developer,Developer,51.8739,21.3208
Ninth Exodus,Warsaw,Poland,Developer,Developer,52.6231,21.1777
Nordcurrent,Warsaw,Poland,Developer and Publisher,Publisher,52.0067,20.4515
OhNoo Studio,Warsaw,Poland,Developer,Developer,52.1619,21.6758
Orbital Knight,Warsaw,Poland,Mobile,Mobile,52.5569,20.594
Orchid Games,Warsaw,Poland,Developer,Developer,51.8127,20.9587
Ovid Works,Warsaw,Poland,Developer,Developer,52.5174,21.5144
Paranoid Interactive,Warsaw,Poland,Developer,Developer,52.2256,20.3191
People Can Fly,Warsaw,Poland,Developer,Developer,51.9443,21.5306
Persis Play,Warsaw,Poland,Developer,Developer,52.6579,20.9436
Phobia Game Studio,Warsaw,Poland,Developer,Developer,51.8836,20.5871
Pineapple Works,Warsaw,Poland,Publisher,Publisher,52.3099,21.7113
PixelAnt (Sumo Digital),Warsaw,Poland,Developer,Developer,52.4616,20.4037
Pixelated Milk,Warsaw,Poland,Developer,Developer,51.8045,21.2057
Play2Chill,Warsaw,Poland,Developer,Developer,52.6261,21.3399
PlayWay,Warsaw,Poland,Publisher,Publisher,52.0723,20.3284
Playtika,Warsaw,Poland,Mobile,Mobile,52.0621,21.6936
Polish Games Association (PGA),Warsaw,Poland,Organization,Other,52.638,20.6919
President Studio,Warsaw,Poland,Developer and Publisher,Publisher,51.7938,20.7961
Pretty Soon,Warsaw,Poland,Publisher,Publisher,52.4634,21.6554
Punch Punk Games,Warsaw,Poland,Developer,Developer,52.3244,20.2752
Qubic Games,Warsaw,Poland,Developer and Publisher,Publisher,51.8531,21.4532
Quite OK Games,Warsaw,Poland,Developer,Developer,52.6928,21.1023
Rebel Wolves,Warsaw,Poland,Developer,Developer,51.924,20.4311
RedDeer.Games,Warsaw,Poland,Developer and Publisher,Publisher,52.2149,21.7815
Reikon Games,Warsaw,Poland,Developer,Developer,52.5611,20.4575
Retrovibe,Warsaw,Poland,Developer,Developer,51.7535,21.0553
RockGame,Warsaw,Poland,Developer and Publisher,Publisher,52.601,21.5076
SONKA,Warsaw,Poland,Developer and Publisher,Publisher,52.1608,20.2326
SQRT3,Warsaw,Poland,Developer and Publisher,Publisher,51.9568,21.6658
Say Games,Warsaw,Poland,Publisher,Publisher,52.7042,20.8296
Serious Sim,Warsaw,Poland,Developer,Developer,51.8024,20.6209
Space Goblin Studio,Warsaw,Poland,Developer,Developer,52.384,21.7753
Spirit Games Studio,Warsaw,Poland,Developer,Developer,52.433,20.2749
Spokko,Warsaw,Poland,Mobile,Mobile,51.7727,21.3326
Star Drifters,Warsaw,Poland,Developer,Developer,52.7019,21.2806
SuperPlay,Warsaw,Poland,Mobile,Mobile,51.9917,20.2893
Tate Multimedia,Warsaw,Poland,Developer and Publisher,Publisher,52.1058,21.811
Techland,Warsaw,Poland,Developer,Developer,52.6539,20.5569
Ten Square Games,Warsaw,Poland,Mobile,Mobile,51.7264,20.8788
The Astronauts,Warsaw,Poland,Developer,Developer,52.5474,21.6681
Thing Trunk,Warsaw,Poland,Developer,Developer,52.2673,20.1735
Ultimate Publishing,Warsaw,Poland,Publisher,Publisher,51.8536,21.5912
Ultimate VR,Warsaw,Poland,Extended Reality (XR),XR (VR/AR),52.7493,20.9994
Underdog Studio (CI Games),Warsaw,Poland,Developer,Developer,51.8397,20.4453
United Label (CI Games),Warsaw,Poland,Publisher,Publisher,52.2833,21.8635
Untold Tales,Warsaw,Poland,Publisher,Publisher,52.5441,20.3217
Varsav Game Studios,Warsaw,Poland,Developer,Developer,51.7101,21.1747
Vavel Games,Warsaw,Poland,Online,Other,52.6824,21.4668
VeCube Studio,Warsaw,Poland,Developer,Developer,52.0836,20.1735
Vile Monarch,Warsaw,Poland,Developer,Developer,51.9896,21.7945
Virtual Alchemy,Warsaw,Poland,Developer,Developer,52.7329,20.6981
Wargaming Warsaw,Warsaw,Poland,Publisher,Publisher,51.7269,20.6868
White Raven Games,Warsaw,Poland,Microstudio,Developer,52.4672,21.8094
Wulo,Warsaw,Poland,Microstudio,Developer,52.3854,20.1583
Yaza Games,Warsaw,Poland,Developer,Developer,51.7599,21.4714
ZAKAZANE,Warsaw,Poland,Developer,Developer,52.7686,21.1917
Arganoid Industries,Newmarket,England,Microstudio,Developer,52.24467,0.40418
Codemasters (Electronic Arts),Southam,England,Developer,Developer,52.25266,-1.3884
Toosmart,Deventer,Netherlands,Developer,Developer,52.255,6.16389
Linx Interactive,Laren,Netherlands,Developer,Developer,52.25667,5.22778
ENGAGE Studio,Waterford,Ireland,Extended Reality (XR),XR (VR/AR),52.25833,-7.11194
Engage VR,Waterford,Ireland,Extended Reality (XR),XR (VR/AR),52.2921,-7.1722
Immersive VR Education,Waterford,Ireland,Extended Reality (XR),XR (VR/AR),52.1879,-7.1018
Studio MX,Nieuw-Vennep,Netherlands,Serious Games,Other,52.26417,4.63056
Denda Games,Hengelo,Netherlands,Developer,Developer,52.26583,6.79306
Serious Brothers,Braunschweig,Germany,Microstudio,Developer,52.26594,10.52673
PlayWay,Przesmyki,Poland,Publisher,Publisher,52.26816,22.58394
1000 Orks,Osnabruck,Germany,Developer,Developer,52.27264,8.0498
Miami Avalon,Warwick,England,Developer,Developer,52.28333,-1.58333
fish in a bottle,Warwick,England,Developer,Developer,52.3171,-1.6436
Broken Bear Games,Leamington Spa,England,Microstudio,Developer,52.2852,-1.52
Epic Games UK,Leamington Spa,England,Developer and Publisher,Publisher,52.319,-1.5803
Exient,Leamington Spa,England,Developer,Developer,52.2148,-1.5099
Flump Studios,Leamington Spa,England,Microstudio,Developer,52.3539,-1.4339
Geometa,Leamington Spa,England,Developer,Developer,52.2678,-1.681
Hard Light Studios (SEGA),Leamington Spa,England,Developer,Developer,52.2252,-1.3658
Just Flight,Leamington Spa,England,Developer,Developer,52.4035,-1.572
Just Trains,Leamington Spa,England,Developer,Developer,52.1678,-1.6197
KISS LTD,Leamington Spa,England,Publisher,Publisher,52.3337,-1.3028
Kwalee,Leamington Spa,England,Developer and Publisher,Publisher,52.3424,-1.7467
Kwalee Gaming,Leamington Spa,England,Developer and Publisher,Publisher,52.142,-1.4104
Kwalee Labs,Leamington Spa,England,Developer,Developer,52.4434,-1.4389
Lab42 (Sumo Digital),Leamington Spa,England,Developer,Developer,52.1984,-1.765
Lighthouse Games,Leamington Spa,England,Developer,Developer,52.2465,-1.2322
Lockwood Publishing,Leamington Spa,England,Mobile,Mobile,52.4382,-1.6959
Mad Fellows,Leamington Spa,England,Developer,Developer,52.0932,-1.5607
Maverick Games,Leamington Spa,England,Developer,Developer,52.4141,-1.27
Midoki Games,Leamington Spa,England,Mobile,Mobile,52.2937,-1.8567
Modern Dream,Leamington Spa,England,Developer,Developer,52.1356,-1.2742
Monster and Monster,Leamington Spa,England,Mobile,Mobile,52.5029,-1.5365
Pixel Toys,Leamington Spa,England,Mobile,Mobile,52.1135,-1.7542
Playground Games,Leamington Spa,England,Developer,Developer,52.3158,-1.1488
Rebellion Warwick,Leamington Spa,England,Developer,Developer,52.4191,-1.8347
Red Phantom Games,Leamington Spa,England,Developer,Developer,52.0513,-1.434
Secret Mode,Leamington Spa,England,Publisher,Publisher,52.4977,-1.3209
Supersonic Software,Leamington Spa,England,Mobile,Mobile,52.2092,-1.9093
Third Kind Games,Leamington Spa,England,Developer,Developer,52.1783,-1.1417
Viewpoint Games,Leamington Spa,England,Extended Reality (XR),XR (VR/AR),52.5249,-1.684
StrategyLabs,Hornowek,Poland,Developer,Developer,52.28638,20.80793
Enchanted Works,Amstelveen,Netherlands,Developer,Developer,52.30083,4.86389
Kakao Games Europe,Amstelveen,Netherlands,Publisher,Publisher,52.3346,4.8036
KeokeN Interactive,Hoofddorp,Netherlands,Developer,Developer,52.3025,4.68889
Maximum Entertainment,St. Ives,England,Publisher,Publisher,52.33251,-0.07656
The Crayon Eating Company,Wexford,Ireland,Developer,Developer,52.33417,-6.4575
Flix Interactive,Bromsgrove,England,Developer,Developer,52.33574,-2.05983
GameSqule,Badhoevedorp,Netherlands,Developer,Developer,52.33723,4.78523
Mercurial Dance,Kenilworth,England,Extended Reality (XR),XR (VR/AR),52.34958,-1.58276
No Gravity Games,Olszewnica Stara,Poland,Publisher,Publisher,52.35,20.83
NUKKLEAR Digital Minds (Jumpgate),Hannover,Germany,Developer,Developer,52.37052,9.73322
Nord XR,Hannover,Germany,Extended Reality (XR),XR (VR/AR),52.4043,9.6728
REAKKTOR Studios,Hannover,Germany,Developer,Developer,52.3001,9.7433
Soulpix,Hannover,Germany,Extended Reality (XR),XR (VR/AR),52.4392,9.8195
exDream entertainment,Hannover,Germany,Developer,Developer,52.3531,9.5719
Funsolve,Rugby,England,Developer,Developer,52.37092,-1.26417
Active Theory,Amsterdam,Netherlands,Developer,Developer,52.37403,4.88969
Adriaan de Jongh,Amsterdam,Netherlands,Developer,Developer,52.4078,4.8293
Arc Games,Amsterdam,Netherlands,Publisher,Publisher,52.3036,4.8998
Artificial Core,Amsterdam,Netherlands,Developer and Publisher,Publisher,52.4428,4.976
Azerion,Amsterdam,Netherlands,Developer and Publisher,Publisher,52.3566,4.7284
Black Cube Games,Amsterdam,Netherlands,Developer,Developer,52.314,5.0442
Blender Studio,Amsterdam,Netherlands,Developer,Developer,52.4923,4.8376
Bohemia Interactive,Amsterdam,Netherlands,Developer and Publisher,Publisher,52.2566,4.7898
Caboodle Games,Amsterdam,Netherlands,Publisher,Publisher,52.4225,5.1073
Chronix Pulse,Amsterdam,Netherlands,Developer,Developer,52.4313,4.6626
CoolGames,Amsterdam,Netherlands,Developer,Developer,52.2308,4.9995
Copper Coin,Amsterdam,Netherlands,Microstudio,Developer,52.5323,4.971
Daum Games Europe,Amsterdam,Netherlands,Online,Other,52.2872,4.6442
Degoma Games,Amsterdam,Netherlands,Developer,Developer,52.3353,5.1781
EMK Capital,Amsterdam,Netherlands,Investment,Other,52.5271,4.7134
Gamious,Amsterdam,Netherlands,Developer,Developer,52.182,4.8489
Ghoul School Games,Amsterdam,Netherlands,Developer,Developer,52.5029,5.1402
Good Shephard Entertainment,Amsterdam,Netherlands,Publisher,Publisher,52.3825,4.5523
Grimmwyrd Studios,Amsterdam,Netherlands,Developer,Developer,52.2244,5.136
Guerilla Games (Sony),Amsterdam,Netherlands,Developer,Developer,52.5917,4.8732
Hackshield,Amsterdam,Netherlands,Serious Games,Other,52.2023,4.655
Huuuge Games,Amsterdam,Netherlands,Mobile,Mobile,52.4046,5.2616
Ijsfontein,Amsterdam,Netherlands,Developer,Developer,52.508,4.5744
Knights Peak Interactive (My.Games),Amsterdam,Netherlands,Publisher,Publisher,52.1401,4.9759
Knuist & Perzik,The Randstad,Netherlands,Developer,Developer,52.5866,5.0892
Konafa Games,Amsterdam,Netherlands,Developer,Developer,52.298,4.4996
Laton Ventures,Amsterdam,Netherlands,Investment,Other,52.2671,5.2688
Lente,Amsterdam,Netherlands,Developer,Developer,52.6137,4.7254
Little Chicken Game Company,Amsterdam,Netherlands,Developer,Developer,52.1251,4.743
Ludomotion,Amsterdam,Netherlands,Developer,Developer,52.4993,5.2801
My.Games,Amsterdam,Netherlands,Online,Other,52.4438,4.4559
Ninja VR,Amsterdam,Netherlands,Extended Reality (XR),XR (VR/AR),52.1399,5.1363
PLAYERUNKNOWN Productions,Amsterdam,Netherlands,Developer,Developer,52.6528,4.9682
Pixel Doors,Amsterdam,Netherlands,Developer,Developer,52.1982,4.5177
Playtika,Amsterdam,Netherlands,Mobile,Mobile,52.35,5.3656
Poki,Amsterdam,Netherlands,Online,Other,52.5912,4.5607
Radical Graphics Studio,Amsterdam,Netherlands,Developer,Developer,52.074,4.8921
Resistance Studio,Amsterdam,Netherlands,Developer,Developer,52.5993,5.2244
Rusty Lake,Amsterdam,Netherlands,Developer,Developer,52.3456,4.387
Second Maze Studios,Amsterdam,Netherlands,Publisher,Publisher,52.1853,5.2971
Speculative Agency,Amsterdam,Netherlands,Developer,Developer,52.6852,4.797
Studio Interlude,Amsterdam,Netherlands,Developer,Developer,52.1031,4.6104
Studio05,Amsterdam,Netherlands,Extended Reality (XR),XR (VR/AR),52.4597,5.4016
Swag Masha,Amsterdam,Netherlands,Mobile,Mobile,52.5237,4.4119
Tencent,Amsterdam,Netherlands,Developer and Publisher,Publisher,52.0631,5.0785
The 4 Winds Entertainment,Amsterdam,Netherlands,Publisher,Publisher,52.6847,5.0968
VILLIAN Studios,Amsterdam,Netherlands,Developer,Developer,52.2288,4.3877
Vanguard Entertainment,Amsterdam,Netherlands,Developer,Developer,52.273,5.4262
Vertigo Games (PLAION),Amsterdam,Netherlands,Developer and Publisher,Publisher,52.6729,4.6028
Voodoo,Amsterdam,Netherlands,Mobile,Mobile,52.0318,4.7693
WeirdBeard Games,Amsterdam,Netherlands,Developer,Developer,52.5788,5.3618
tinyBuild Games,Amsterdam,Netherlands,Developer and Publisher,Publisher,52.4182,4.3093
4Growth,Haarlem,Netherlands,Serious Games,Other,52.38084,4.63683
Iceberg Interactive,Haarlem,Netherlands,Publisher,Publisher,52.4146,4.5764
Mindscape Northern Europe,Haarlem,Netherlands,Publisher,Publisher,52.3104,4.647
Tidbits Play,Haarlem,Netherlands,Developer,Developer,52.4496,4.7232
Wanted 5 Games,Haarlem,Netherlands,Developer,Developer,52.3634,4.4755
Telescope Game Studios,Babelsburg,Germany,Developer,Developer,52.391,13.093
Bad Logic Studios,Coventry,United Kingdom,Developer,Developer,52.40656,-1.51217
Full Fat Productions,Coventry,England,Developer,Developer,52.4403,-1.5726
Kaizen Game Works,Coventry,England,Developer,Developer,52.3361,-1.502
Totem Learning,Coventry,England,Developer,Developer,52.4753,-1.4258
VideoDojo Games,Coventry,England,Developer,Developer,52.3891,-1.6736
Gamedust,Poznan,Poland,Developer and Publisher,Publisher,52.40692,16.92993
Monster Couch,Poznan,Poland,Developer,Developer,52.4407,16.8695
MuHa Games,Poznan,Poland,Microstudio,Developer,52.3365,16.9401
Robot Gentlemen,Poznan,Poland,Developer,Developer,52.4756,17.0163
Schleuder Games,Brandenburg,Germany,Microstudio,Developer,52.41667,12.55
Afoot Games,Birmingham,England,Developer,Developer,52.48142,-1.89983
Anointed Games,Birmingham,England,Developer and Publisher,Publisher,52.5152,-1.9604
Codemasters (Electronic Arts),Birmingham,England,Developer,Developer,52.411,-1.8897
EA Sports (Electronic Arts),Birmingham,England,Developer,Developer,52.5501,-1.8133
Gamkat,Birmingham,England,Developer,Developer,52.464,-2.0615
Gesinimo Games,Birmingham,England,Developer,Developer,52.4214,-1.7449
NaturalMotion Games (Zynga),Birmingham,England,Developer,Developer,52.5997,-1.952
Zynga,Birmingham,England,Mobile,Mobile,52.364,-1.9999
VR-Innovations,Zwolle,Netherlands,Extended Reality (XR),XR (VR/AR),52.5125,6.09444
Maple Bay,Ommen,Netherlands,Developer,Developer,52.52083,6.42083
5th Planet Games,Berlin,Germany,Mobile,Mobile,52.52437,13.41053
ALDAMAMI GAMES,Berlin,Germany,Microstudio,Developer,52.5581,13.3499
Aeria Games,Berlin,Germany,Online,Other,52.4539,13.4207
Anomaly Games,Berlin,Germany,Developer,Developer,52.5931,13.4971
AppLovin,Berlin,Germany,Mobile,Mobile,52.507,13.2487
Beyond Bytes,Berlin,Germany,Serious Games,Other,52.4644,13.5656
Bigpoint (Yoozoo),Berlin,Germany,Online,Other,52.6426,13.3583
Black Pants Game Studio,Berlin,Germany,Developer,Developer,52.407,13.3103
Bleak Mill Games,Berlin,Germany,Developer,Developer,52.5729,13.6289
Blue Backpack,Berlin,Germany,Developer,Developer,52.5816,13.1826
BoomByte Games (InGame Group),Berlin,Germany,Mobile,Mobile,52.3812,13.5207
Butter By the Fish,Berlin,Germany,Microstudio,Developer,52.6826,13.4921
Byterockers’ Games,Berlin,Germany,Developer and Publisher,Publisher,52.4375,13.1642
Crafting Legends,Berlin,Germany,Developer,Developer,52.4857,13.6999
Crowdpark,Berlin,Germany,Online,Other,52.6774,13.2337
Crunchy Leaf Games,Berlin,Germany,Developer and Publisher,Publisher,52.3323,13.3696
DECA Games (Embracer Group),Berlin,Germany,Publisher,Publisher,52.6533,13.6619
Dead Idle Games,Berlin,Germany,Microstudio,Developer,52.5329,13.072
Deep Sky Games Coop,Berlin,Germany,Developer,Developer,52.3747,13.6577
Dopavision,Berlin,Germany,Health,Other,52.7421,13.394
Drake Star Partners,Berlin,Germany,Investment,Other,52.3527,13.1751
Emberstorm Entertainment,Berlin,Germany,Developer,Developer,52.5549,13.7838
Epic Games,Berlin,Germany,Developer and Publisher,Publisher,52.6583,13.0941
Etermax,Berlin,Germany,Mobile,Mobile,52.2904,13.497
Exit VR,Berlin,Germany,Extended Reality (XR),XR (VR/AR),52.7369,13.6107
Findling Games,Berlin,Germany,Developer,Developer,52.4484,13.0191
Finitude,Berlin,Germany,Developer,Developer,52.4174,13.7909
Flow Fire Games,Berlin,Germany,Developer,Developer,52.764,13.2457
Fox and Sheep,Berlin,Germany,Mobile,Mobile,52.2754,13.2634
Friedemann,Berlin,Germany,Developer,Developer,52.6496,13.8023
Gameloft,Berlin,Germany,Mobile,Mobile,52.5942,12.9753
Gamigo,Berlin,Germany,Mobile,Mobile,52.2902,13.658
Ghostbutter,Berlin,Germany,Developer,Developer,52.8031,13.4893
Grizzly Games,Berlin,Germany,Microstudio,Developer,52.3485,13.0373
Happy Brocc Games,Berlin,Germany,Microstudio,Developer,52.5003,13.8881
Happy Broccoli Games,Berlin,Germany,Developer,Developer,52.7415,13.0804
Happy Tuesday,Berlin,Germany,Developer,Developer,52.2244,13.4129
Hidden Folks,Berlin,Germany,Developer,Developer,52.7496,13.7464
Honig Studios,Berlin,Germany,Developer,Developer,52.4959,12.9061
IGDA Berlin,Berlin,Germany,Organization,Other,52.3356,13.8193
Inbetween Games,Berlin,Germany,Developer,Developer,52.8355,13.3175
Information Superhighway Games,Berlin,Germany,Microstudio,Developer,52.2534,13.1303
Inoutbox,Berlin,Germany,Developer,Developer,52.61,13.9242
Ion Lands,Berlin,Germany,Developer,Developer,52.6741,12.9311
Jam City,Berlin,Germany,Mobile,Mobile,52.2134,13.6
Jo-Mei Games,Berlin,Germany,Developer,Developer,52.835,13.6184
King.com (Activision),Berlin,Germany,Mobile,Mobile,52.3791,12.9069
Klang Games,Berlin,Germany,Developer,Developer,52.4234,13.9489
Kolibri Games,Berlin,Germany,Mobile,Mobile,52.8232,13.1227
Lenja Kaufman / Findling Games,Berlin,Germany,Microstudio,Developer,52.1822,13.2898
Lessmore (Miniclip),Berlin,Germany,Mobile,Mobile,52.7291,13.8843
Little Bat Games,Berlin,Germany,Developer,Developer,52.5685,12.8282
Maschinen-Mensch,Berlin,Germany,Developer,Developer,52.2498,13.7946
Megagon Industries,Berlin,Germany,Developer,Developer,52.8881,13.4323
Moonlit Games,Berlin,Germany,Developer,Developer,52.2627,12.9866
Moonlite Games,Berlin,Germany,Mobile,Mobile,52.5433,14.0192
Morphcat Games,Berlin,Germany,Developer,Developer,52.7627,12.9364
Mostly Games,Berlin,Germany,Developer,Developer,52.1505,13.4963
My.Games,Berlin,Germany,Online,Other,52.838,13.7655
Noctiluca,Berlin,Germany,Developer,Developer,52.4382,12.7954
Noio,Berlin,Germany,Developer,Developer,52.3335,13.9644
Out of the Box Games,Berlin,Germany,Developer,Developer,52.8958,13.2125
PLAION,Berlin,Germany,Publisher,Publisher,52.1662,13.142
Paintbucket Games,Berlin,Germany,Mobile,Mobile,52.6794,14.011
Pixonic,Berlin,Germany,Mobile,Mobile,52.6579,12.7908
Point Blank Games,Berlin,Germany,Developer,Developer,52.1685,13.7216
Popcore (Take-Two Interactive Software),Berlin,Germany,Mobile,Mobile,52.9177,13.5776
Riot Games,Berlin,Germany,Online,Other,52.3013,12.8465
SOFTGAMES,Berlin,Germany,Mobile,Mobile,52.4565,14.079
Saftladen,Berlin,Germany,Organization,Other,52.8515,12.9899
Sandbox Interactive (Stillfront Group),Berlin,Germany,Online,Other,52.1073,13.3571
Schleuder Games,Berlin,Germany,Microstudio,Developer,52.812,13.9165
Sentiment Games,Berlin,Germany,Developer,Developer,52.5202,12.7132
Serious Bros,Berlin,Germany,Developer,Developer,52.2389,13.9329
Sidekick Publishing,Berlin,Germany,Publisher,Publisher,52.9525,13.3419
Six Foot,Berlin,Germany,Developer and Publisher,Publisher,52.1782,12.983
Skylab Interactive,Berlin,Germany,Developer,Developer,52.6045,14.1148
Snowprint Studios,Berlin,Germany,Mobile,Mobile,52.7562,12.7983
Spaces of Play,Berlin,Germany,Developer,Developer,52.0991,13.6058
Starberry Games,Berlin,Germany,Mobile,Mobile,52.9207,13.7408
Stellar Cartography Interactive,Berlin,Germany,Developer,Developer,52.3669,12.7226
Stratosphere Games,Berlin,Germany,Mobile,Mobile,52.3567,14.0969
Studio Firlefanz,Berlin,Germany,Developer,Developer,52.9326,13.0886
Studio Nachtwerk,Berlin,Germany,Microstudio,Developer,52.0884,13.1934
Sven Ahlgrimm,Berlin,Germany,Developer,Developer,52.758,14.0585
Swift Games (Ares Interactive),Berlin,Germany,Mobile,Mobile,52.619,12.669
Tarock Interactive,Berlin,Germany,Developer,Developer,52.1477,13.8549
The German Games Industry Association (game),Berlin,Germany,Organization,Other,52.9874,13.5016
Thoughtfish,Berlin,Germany,Developer,Developer,52.2186,12.8259
Tiny Crocodile Studios,Berlin,Germany,Developer,Developer,52.5095,14.1854
Torpor Games,Berlin,Germany,Developer,Developer,52.8557,12.8526
Toukana,Berlin,Germany,Developer,Developer,52.0481,13.4544
Twisted Fingers Games,Berlin,Germany,Developer,Developer,52.8956,13.9096
Ubisoft Berlin,Berlin,Germany,Developer and Publisher,Publisher,52.4554,12.6262
Voodoo,Berlin,Germany,Mobile,Mobile,52.2514,14.069
Voya Games,Berlin,Germany,Mobile,Mobile,52.9988,13.2271
Wargaming Germany,Berlin,Germany,Mobile,Mobile,52.097,13.017
Wooga,Berlin,Germany,Online,Other,52.6786,14.1792
Yager Development,Berlin,Germany,Developer,Developer,52.7276,12.6687
btf (bildundtonfabrik),Berlin,Germany,Developer,Developer,52.0673,13.7335
edyoutec,Berlin,Germany,Developer,Developer,52.9965,13.6811
gumi Germany,Berlin,Germany,Online,Other,52.2863,12.6832
it Matters Games,Berlin,Germany,Mobile,Mobile,52.4004,14.2151
silvergames.com,Berlin,Germany,Publisher,Publisher,52.9485,12.9526
waza! Games,Berlin,Germany,Developer,Developer,52.021,13.2766
Facepunch Studios,Walsall,England,Developer,Developer,52.58528,-1.98396
TVM Studios,Norwich,England,Developer,Developer,52.62783,1.29834
BlackMill Games,Alkmaar,Netherlands,Developer,Developer,52.63167,4.74861
GAMEDIA,Alkmaar,Netherlands,Developer,Developer,52.6654,4.6879
M2H,Alkmaar,Netherlands,Developer,Developer,52.5612,4.7588
Nyamyam,Tamworth,England,Developer,Developer,52.63399,-1.69587
Bulldog Interactive,Leicester,England,Developer,Developer,52.6386,-1.13169
Kasedo Games,Leicester,England,Publisher,Publisher,52.6724,-1.1924
NSC Creative,Leicester,England,Extended Reality (XR),XR (VR/AR),52.5682,-1.1215
Small Impact Games,Leicester,England,Developer,Developer,52.7073,-1.0449
Rare,Twycross,England,Developer,Developer,52.639,-1.497
Rare (Microsoft),Twycross,England,Developer,Developer,52.6728,-1.5578
4Players-Studio,Coevorden,Netherlands,Extended Reality (XR),XR (VR/AR),52.66103,6.74046
Miomi Game Studio,Heerhugowaard,Netherlands,Mobile,Mobile,52.67144,4.84862
Tall Story Games,Telford,England,Microstudio,Developer,52.67659,-2.44926
D'Avekki Studios,Gorefield,England,Developer,Developer,52.687,0.079
Maskwa Games,Batoche,Canada,Microstudio,Developer,52.755,-106.115
Interactive Games Entertainment,Emmen,Netherlands,Mobile,Mobile,52.77917,6.90694
No Pressure Studios,Emmen,Netherlands,Microstudio,Developer,52.8129,6.846
Spawnpoint,Stafford,England,Developer,Developer,52.80521,-2.11636
Strolll,Stafford,England,Health,Other,52.839,-2.1773
PlayTonic Games,Burton-on-Trent,England,Developer,Developer,52.80728,-1.64263
Playtonic Friends,Burton-on-Trent,England,Publisher,Publisher,52.8411,-1.7036
Cyberlamb Studios,Pwllheli,Wales,Developer,Developer,52.8899,-4.41451
Bulkhead Phoenix,Derby,England,Developer,Developer,52.92277,-1.47663
Sudden Kebab Studios,Derby,England,Developer,Developer,52.9565,-1.5378
Tactile Games UK,Derby,England,Mobile,Mobile,52.8523,-1.4664
Chance Agency,Nottingham,England,Developer,Developer,52.9536,-1.15047
Dambuster Studios (Deep Silver),Nottingham,England,Developer,Developer,52.9874,-1.2117
FortuneFish,Nottingham,England,Mobile,Mobile,52.8832,-1.1402
Lockwood Publishing,Nottingham,England,Mobile,Mobile,53.0223,-1.063
Penny Black Studios,Nottingham,England,Extended Reality (XR),XR (VR/AR),52.9362,-1.3139
Sumo Digital,Nottingham,England,Extended Reality (XR),XR (VR/AR),52.8936,-0.9939
Team17,Nottingham,England,Developer and Publisher,Publisher,53.0719,-1.2032
Hangry Owl Games,Wicklow,Ireland,Developer,Developer,52.975,-6.04944
Lion Castle Entertainment,Assen,Netherlands,Publisher,Publisher,52.99667,6.5625
Reignite,Assen,Netherlands,Publisher,Publisher,53.0304,6.5012
Astraware,Keele,England,Developer,Developer,53.00382,-2.28741
PlayWay,Torun,Poland,Publisher,Publisher,53.01375,18.59814
Silden,Torun,Poland,Developer,Developer,53.0475,18.5369
BeamNG,Bremen,Germany,Developer,Developer,53.07582,8.80717
Creature Factory,Bremen,Germany,Developer,Developer,53.1096,8.7458
KING Art,Bremen,Germany,Developer,Developer,53.0054,8.8175
SUN AND SERPENT Creations,Bremen,Germany,Developer,Developer,53.1445,8.8949
Adria Games,Bydgoszcz,Poland,Developer,Developer,53.1235,18.00762
Huuuge Games,Bydgoszcz,Poland,Mobile,Mobile,53.1573,17.9462
Vivid Games,Bydgoszcz,Poland,Mobile,Mobile,53.0531,18.0179
Artur Smiarowski,Białystok,Poland,Microstudio,Developer,53.13333,23.16433
Buckethead Entertainment,Haren,Netherlands,Extended Reality (XR),XR (VR/AR),53.17209,6.60931
Rockstar Lincoln (Rockstar Games),North Hykeham,England,Developer,Developer,53.183,-0.593
Paw Print Games,Chester,England,Developer,Developer,53.1905,-2.89189
My.Games,Penza,Russian Federation,Online,Other,53.19568,45.01075
8D Games,Leeuwarden,Netherlands,Serious Games,Other,53.20271,5.80973
Broken Bag Games,Leeuwarden,Netherlands,Developer,Developer,53.2365,5.7482
Convoy Games,Leeuwarden,Netherlands,Developer,Developer,53.1323,5.8201
Critical Bit,Leeuwarden,Netherlands,Developer,Developer,53.2714,5.8977
Dolphin Swim Club,Leeuwarden,Netherlands,Health,Other,53.1853,5.6453
Ewoud van der Werf,Leeuwarden,Netherlands,Developer,Developer,53.1427,5.9672
Extra Nice,Leeuwarden,Netherlands,Developer,Developer,53.321,5.7566
Triangle Studios,Leeuwarden,Netherlands,Developer,Developer,53.0853,5.7079
SkyRiver Studios,Samara,Russian Federation,Developer,Developer,53.20767,50.13553
Big Bang Studio,Groningen,Netherlands,Developer,Developer,53.21917,6.56667
BoterJan,Groningen,Netherlands,Microstudio,Developer,53.2529,6.5051
By Bleep,Groningen,Netherlands,Microstudio,Developer,53.1487,6.577
Fantastimaker,Groningen,Netherlands,Microstudio,Developer,53.2879,6.6547
Indietopia,Groningen,Netherlands,Organization,Other,53.2018,6.4022
Plukit,Groningen,Netherlands,Microstudio,Developer,53.1592,6.7242
Polygon Interactive,Groningen,Netherlands,Developer,Developer,53.3374,6.5136
Sfinx Games,Groningen,Netherlands,Serious Games,Other,53.1018,6.4648
Square Glade Games,Groningen,Netherlands,Developer,Developer,53.2677,6.7885
Stark Learning,Groningen,Netherlands,Serious Games,Other,53.2764,6.3351
Studio Bleep,Groningen,Netherlands,Serious Games,Other,53.076,6.6786
Tweetal Studios,Groningen,Netherlands,Microstudio,Developer,53.3774,6.6496
VRROOM,Groningen,Netherlands,Extended Reality (XR),XR (VR/AR),53.1323,6.3164
Claymatic Games,Chesterfield,England,Developer,Developer,53.25,-1.41667
Psyanotek Limited,St. Asaph,Wales,Developer,Developer,53.25815,-3.44524
Miami Avalon,Northwich,England,Developer,Developer,53.25882,-2.52025
EA Chillingo,Macclesfield,England,Mobile,Mobile,53.26023,-2.12564
Things3D,Macclesfield,England,Extended Reality (XR),XR (VR/AR),53.294,-2.1873
Raptagon Studios,Lloydminster,Canada,Developer,Developer,53.27237,-110.02256
Ardan,Galway,Ireland,Incubator/Accelerator,Other,53.27245,-9.05095
EA Galway (Electronic Arts),Galway,Ireland,Publisher,Publisher,53.3062,-9.1126
Enigma Studio,Galway,Ireland,Developer,Developer,53.202,-9.0406
Howling Hamster Games,Galway,Ireland,Developer,Developer,53.3412,-8.9628
Psychic Software,Galway,Ireland,Developer,Developer,53.255,-9.2156
Romero Games,Galway,Ireland,Developer,Developer,53.2124,-8.8932
Spooky Doorway,Galway,Ireland,Developer,Developer,53.3907,-9.1041
Studio RUCACH,Galway,Ireland,Developer,Developer,53.1551,-9.1529
Travellers Tales (Warner Brothers Games),Knutsford,England,Developer,Developer,53.30289,-2.37482
Bird in Sky,Rhyl,Wales,Microstudio,Developer,53.31929,-3.49228
Playdemic (Electronic Arts),Wilmslow,England,Mobile,Mobile,53.32803,-2.23148
TT Fusion,Wilmslow,England,Developer,Developer,53.3618,-2.2932
Activision Dublin,Dublin,Ireland,Developer and Publisher,Publisher,53.33306,-6.24889
Balor Games,Dublin,Ireland,Publisher,Publisher,53.3668,-6.3106
Berry Bite,Dublin,Ireland,Developer,Developer,53.2626,-6.2385
Biscuit Factory Games,Dublin,Ireland,Developer,Developer,53.4018,-6.1607
Black Shamrock (Virtuos),Dublin,Ireland,Developer,Developer,53.3156,-6.4138
Bluebear,Dublin,Ireland,Mobile,Mobile,53.2731,-6.0909
Boon Studios,Dublin,Ireland,Mobile,Mobile,53.4513,-6.3021
Bura Games,Dublin,Ireland,Online,Other,53.2157,-6.351
DIGIT Game Studios (Scopely),Dublin,Ireland,Developer,Developer,53.3816,-6.0264
Day Off Interactive,Dublin,Ireland,Developer,Developer,53.3903,-6.4811
Demonware (Activision),Dublin,Ireland,Developer and Publisher,Publisher,53.1899,-6.1367
Dreamfeel,Dublin,Ireland,Developer,Developer,53.4913,-6.1658
Electric Square (Keywords),Dublin,Ireland,Developer,Developer,53.2462,-6.4998
Fierce Fun,Dublin,Ireland,Developer,Developer,53.2944,-5.954
Final Game Studio,Dublin,Ireland,Mobile,Mobile,53.4861,-6.4291
Frogwares,Dublin,Ireland,Developer,Developer,53.141,-6.2906
Gambrinous,Dublin,Ireland,Developer,Developer,53.4619,-5.9928
Idle Burch,Dublin,Ireland,Developer,Developer,53.3416,-6.5938
Imirt,Dublin,Ireland,Organization,Other,53.1834,-5.9971
Larian Studios,Dublin,Ireland,Developer,Developer,53.5508,-6.2657
LoPoly Games,Dublin,Ireland,Microstudio,Developer,53.1614,-6.4888
Neon Doctrine,Dublin,Ireland,Publisher,Publisher,53.3636,-5.8686
Outlier,Dublin,Ireland,Developer,Developer,53.467,-6.5713
Pewter Games,Dublin,Ireland,Developer,Developer,53.0991,-6.1608
Playrix,Dublin,Ireland,Mobile,Mobile,53.5456,-6.045
Renxo,Dublin,Ireland,Publisher,Publisher,53.2571,-6.6477
RetroNeo Games,Dublin,Ireland,Developer,Developer,53.2261,-5.8613
Rhino Games,Dublin,Ireland,Developer,Developer,53.5727,-6.4169
Riot Games,Dublin,Ireland,Online,Other,53.0841,-6.3988
Scarecrow Studio,Dublin,Ireland,Developer and Publisher,Publisher,53.4583,-5.8498
Social Quantum,Dublin,Ireland,Mobile,Mobile,53.4029,-6.6923
Space Lion Studios,Dublin,Ireland,Microstudio,Developer,53.0989,-5.9968
Story Toys,Dublin,Ireland,Developer,Developer,53.6118,-6.1687
The Pokemon Company International,Dublin,Ireland,Developer,Developer,53.1572,-6.6292
Touch Press,Dublin,Ireland,Publisher,Publisher,53.309,-5.7623
VOID Interactive,Dublin,Ireland,Developer,Developer,53.5502,-6.5853
Vela Games,Dublin,Ireland,Developer,Developer,53.0331,-6.2464
Viridian Software,Dublin,Ireland,Developer,Developer,53.5583,-5.9067
Wildlife Studios,Dublin,Ireland,Mobile,Mobile,53.3046,-6.7628
Anawiki Games,Stargard Szczecinski,Poland,Online,Other,53.33672,15.0499
D3T Limited,Runcom,England,Developer,Developer,53.3417,-2.7299
Alawar Stargaze,Barnaul,Russian Federation,Developer,Developer,53.36199,83.72786
Redwood Games,Barnaul,Russian Federation,Developer,Developer,53.3958,83.6661
Huey Games,New Mills,England,Developer and Publisher,Publisher,53.36592,-1.99986
Sunscorched Studios,Louth,England,Developer,Developer,53.36664,-0.00438
Nomad Games,Lymm,England,Mobile,Mobile,53.38105,-2.47763
Slice Bar Games,South Yorkshire,England,Developer,Developer,53.3811,-1.4701
Beardy Ramblin Games,Sheffield,England,Developer,Developer,53.38297,-1.4659
Boneloaf,Sheffield,England,Developer,Developer,53.4167,-1.5277
Brett Jackson,Sheffield,England,Extended Reality (XR),XR (VR/AR),53.3125,-1.4555
Cave Monsters,Sheffield,England,Developer,Developer,53.4517,-1.3776
Devil's Details,Sheffield,England,Developer,Developer,53.3656,-1.631
Distinctive Developments,Sheffield,England,Mobile,Mobile,53.323,-1.3077
Dumpling Design,Sheffield,England,Mobile,Mobile,53.5012,-1.5192
Jumbli,Sheffield,England,Developer,Developer,53.2656,-1.5681
Lab 42 Games,Sheffield,England,Developer,Developer,53.4315,-1.2432
Mars on a Stick,Sheffield,England,Mobile,Mobile,53.4402,-1.6984
Moonpod,Sheffield,England,Developer,Developer,53.2398,-1.3535
PixelManta,Sheffield,England,Developer,Developer,53.5412,-1.3827
ProjectorGames,Sheffield,England,Microstudio,Developer,53.2961,-1.7171
Steel Arts Software,Sheffield,England,Developer,Developer,53.3443,-1.1707
Steel City Interactive,Sheffield,England,Developer,Developer,53.536,-1.6463
Sumo Digital,Sheffield,England,Developer,Developer,53.1909,-1.5076
Triplevision Games,Sheffield,England,Developer,Developer,53.5119,-1.2095
Tuna Technologies,Sheffield,England,Mobile,Mobile,53.3915,-1.8112
Absurd Ventures,Altrincham,England,Developer,Developer,53.38752,-2.34848
10:10 Games,Warrington,England,Developer,Developer,53.39254,-2.58024
Activision Warrington,Warrington,England,Developer and Publisher,Publisher,53.4263,-2.6421
Second Star Games,Warrington,England,Developer,Developer,53.3221,-2.5699
Sumo North West,Warrington,England,Developer,Developer,53.4613,-2.4919
Climax Studios (Keywords),Liverpool,England,Developer,Developer,53.41058,-2.97794
Cosmonaut Studios,Liverpool,England,Developer,Developer,53.4444,-3.0398
Cyberdreams,Liverpool,England,Mobile,Mobile,53.3401,-2.9676
Draw & Code,Liverpool,England,Extended Reality (XR),XR (VR/AR),53.4793,-2.8895
Expansive Worlds (Avalanche Studios Group),Liverpool,England,Developer,Developer,53.3932,-3.1431
Firesprite (Playstation Studios),Liverpool,England,Developer,Developer,53.3506,-2.8197
Lucid Games,Liverpool,England,Developer,Developer,53.5289,-3.0313
Matt Sephton,Liverpool,England,Microstudio,Developer,53.2932,-3.0802
Mechabit,Liverpool,England,Extended Reality (XR),XR (VR/AR),53.4591,-2.7551
Milky Tea Studios (Aonic),Liverpool,England,Developer,Developer,53.4678,-3.2105
North Star Video Games,Liverpool,England,Developer,Developer,53.2674,-2.8655
Ripstone,Liverpool,England,Developer and Publisher,Publisher,53.5688,-2.8947
Scallywag Arcade,Liverpool,England,Developer,Developer,53.3237,-3.2293
Skyhook Games,Liverpool,England,Developer,Developer,53.3719,-2.6826
Slug Disco Studios,Liverpool,England,Developer,Developer,53.5636,-3.1584
Space Lizard Studio,Liverpool,England,Developer,Developer,53.2185,-3.0197
Spiral House,Liverpool,England,Developer,Developer,53.5395,-2.7214
Starlight Games,Liverpool,England,Developer,Developer,53.4191,-3.3235
Starship,Liverpool,England,Developer,Developer,53.2609,-2.7257
Tencent UK,Liverpool,England,Online,Other,53.6283,-2.9948
Wushu Studios,Liverpool,England,Developer,Developer,53.2389,-3.2183
vTime,Liverpool,England,Extended Reality (XR),XR (VR/AR),53.4411,-2.597
Exor Studios,Szczecin,Poland,Developer,Developer,53.42894,14.55302
Huuuge Games,Szczecin,Poland,Mobile,Mobile,53.4627,14.4911
Illusion Ray,Szczecin,Poland,Developer,Developer,53.3585,14.5634
Nocturnal Interactive,Rotheram,United Kingdom,Developer,Developer,53.43012,-1.35678
Nequinox Studios,Hyde,England,Developer,Developer,53.45131,-2.07943
Acid Nerve,Manchester,England,Developer,Developer,53.48095,-2.23743
Alex Rose,Manchester,England,Microstudio,Developer,53.5147,-2.2994
Boomerang Games,Manchester,England,Developer,Developer,53.4105,-2.227
Clever Beans,Manchester,England,Developer,Developer,53.5497,-2.1489
Cloud Imperium Games,Manchester,England,Online,Other,53.4635,-2.4029
Dan Smith Studios,Manchester,England,Microstudio,Developer,53.4209,-2.0789
Desk Dragons,Manchester,England,Developer,Developer,53.5992,-2.2909
DinoBoss,Manchester,England,Developer,Developer,53.3636,-2.3399
Dream on a Stick,Manchester,England,Microstudio,Developer,53.5295,-2.0142
Forthstar Games,Manchester,England,Developer,Developer,53.5382,-2.4704
Gelato Games,Manchester,England,Developer,Developer,53.3377,-2.1248
Hugecalf Studios,Manchester,England,Developer,Developer,53.6392,-2.154
Iteration Games,Manchester,England,Microstudio,Developer,53.3941,-2.4893
Machinefun,Manchester,England,Developer,Developer,53.4422,-1.9416
Manchester Games Network,Manchester,England,Organization,Other,53.634,-2.4182
Manchester Ludo Game Labs,Manchester,England,Incubator/Accelerator,Other,53.2889,-2.2792
Merge Games,Manchester,England,Developer and Publisher,Publisher,53.6098,-1.9804
No More Robots,Manchester,England,Publisher,Publisher,53.4895,-2.5836
Odd Bug Studio,Manchester,England,Extended Reality (XR),XR (VR/AR),53.3313,-1.9848
Parallel Circles,Manchester,England,Developer,Developer,53.6987,-2.2543
Phigames,Manchester,England,Microstudio,Developer,53.3093,-2.4782
Seventh Disorder,Manchester,England,Developer,Developer,53.5115,-1.8558
Silver Lining Interactive,Manchester,England,Publisher,Publisher,53.6149,-2.5609
Team17,Manchester,England,Developer and Publisher,Publisher,53.247,-2.149
Tri-Heart Interactive,Manchester,England,Developer,Developer,53.6935,-2.0328
Turned On Digital,Manchester,England,Mobile,Mobile,53.405,-2.6377
Urban Logic Games,Manchester,England,Developer,Developer,53.374,-1.8485
VoxelStorm,Manchester,England,Developer,Developer,53.7206,-2.406
Xtended Realities,Manchester,England,Extended Reality (XR),XR (VR/AR),53.232,-2.3879
CreativeUK,Salford,England,Organization,Other,53.48771,-2.29042
Alchemy Interactive,Stony Plain,Canada,Developer,Developer,53.53343,-114.00205
Flashpoint AG,Glinde,Germany,Publisher,Publisher,53.54046,10.21301
Boss Baddie,Saddleworth,England,Developer,Developer,53.54846,-2.00455
Arcanaut Studios,Edmonton,Canada,Developer,Developer,53.55014,-113.46871
Baby Ghosts Alberta,Edmonton,Canada,Incubator/Accelerator,Other,53.5839,-113.5308
Beamdog,Edmonton,Canada,Developer,Developer,53.4797,-113.4583
BioWare Edmonton (Electronic Arts),Edmonton,Canada,Developer,Developer,53.6189,-113.38
Bluecurse Studios,Edmonton,Canada,Developer,Developer,53.5327,-113.6345
Caldera Interactive,Edmonton,Canada,Developer,Developer,53.4901,-113.3099
Cozy Comet Games,Edmonton,Canada,Developer,Developer,53.6684,-113.5222
Crimson Herring Studios (Zugalu Entertainment),Edmonton,Canada,Developer,Developer,53.4327,-113.5713
Digital Alberta,Edmonton,Canada,Organization,Other,53.5987,-113.2451
Double Blit Games,Edmonton,Canada,Developer,Developer,53.6074,-113.7021
Epic Games,Edmonton,Canada,Developer and Publisher,Publisher,53.4069,-113.3559
Exane Games,Edmonton,Canada,Developer,Developer,53.7084,-113.3852
Fluik Entertainment,Edmonton,Canada,Microstudio,Developer,53.4633,-113.7209
Improbable Games Canada,Edmonton,Canada,Developer,Developer,53.5114,-113.1724
Interactive Arts Alberta,Edmonton,Canada,Organization,Other,53.7032,-113.6498
Iron Goblin,Edmonton,Canada,Developer,Developer,53.3581,-113.5106
Itzy Interactive,Edmonton,Canada,Developer,Developer,53.679,-113.2113
KOVR,Edmonton,Canada,Extended Reality (XR),XR (VR/AR),53.5587,-113.8154
Lucid Rain Studios,Edmonton,Canada,Developer,Developer,53.4005,-113.2156
Mint in Box Digital Games,Edmonton,Canada,Developer,Developer,53.7679,-113.4857
MoneyPrep,Edmonton,Canada,Serious Games,Other,53.3785,-113.7099
North Mist Studios,Edmonton,Canada,Developer,Developer,53.5807,-113.0865
Only By Midnight,Edmonton,Canada,Developer,Developer,53.6841,-113.7927
Parallel Space,Edmonton,Canada,Developer,Developer,53.3162,-113.3801
Polar Tabby Interactive,Edmonton,Canada,Developer,Developer,53.7627,-113.2637
PolyHobby Studios,Edmonton,Canada,Developer,Developer,53.4742,-113.8696
Schadenfreude Studios,Edmonton,Canada,Developer,Developer,53.4432,-113.0792
ScopeAR,Edmonton,Canada,Serious Games,Other,53.7898,-113.6375
Serious Labs,Edmonton,Canada,Extended Reality (XR),XR (VR/AR),53.3012,-113.6194
Snaketakes Studios,Edmonton,Canada,Developer,Developer,53.6754,-113.0675
Story City,Edmonton,Canada,Mobile,Mobile,53.6199,-113.9144
Studio Reset,Edmonton,Canada,Developer,Developer,53.316,-113.2153
Swordmonkey Studios,Edmonton,Canada,Developer,Developer,53.8289,-113.3881
The Frozen Machine Studios,Edmonton,Canada,Mobile,Mobile,53.3743,-113.8509
ThirtyThree Games,Edmonton,Canada,Developer,Developer,53.5261,-112.9797
Violet Games,Edmonton,Canada,Developer and Publisher,Publisher,53.7673,-113.8068
Xgen Studios,Edmonton,Canada,Developer,Developer,53.2501,-113.4662
eQube Gaming,Edmonton,Canada,Developer,Developer,53.7754,-113.1248
gskinner,Edmonton,Canada,Online,Other,53.5217,-113.9853
k-critical,Edmonton,Canada,Developer,Developer,53.3614,-113.0501
pixelStorm,Edmonton,Canada,Developer,Developer,53.8613,-113.564
vrCAVE,Edmonton,Canada,Extended Reality (XR),XR (VR/AR),53.2792,-113.7557
Amberdive Interactive,Hamburg,Germany,Developer,Developer,53.55073,9.99302
Bad Monkee,Hamburg,Germany,Mobile,Mobile,53.5845,9.931
Barrell Roll Games,Hamburg,Germany,Developer,Developer,53.4803,10.0034
Bigpoint (Yoozoo),Hamburg,Germany,Online,Other,53.6195,10.0817
BrutalHack,Hamburg,Germany,Developer,Developer,53.5333,9.8273
Buckfish Games,Hamburg,Germany,Microstudio,Developer,53.4907,10.1518
Bytro Labs,Hamburg,Germany,Online,Other,53.669,9.9395
Cannons and Sparrows Creative Studio,Hamburg,Germany,Developer,Developer,53.4333,9.8904
Capcom Entertainment Deutschland,Hamburg,Germany,Publisher,Publisher,53.5992,10.2166
Curio Compass,Hamburg,Germany,Developer,Developer,53.608,9.7596
Curvature Games,Hamburg,Germany,Extended Reality (XR),XR (VR/AR),53.4075,10.1058
Daedalic Entertainment,Hamburg,Germany,Developer and Publisher,Publisher,53.709,10.0766
Deck13 Interactive,Hamburg,Germany,Developer,Developer,53.4639,9.7408
Distant Blue,Hamburg,Germany,Developer,Developer,53.512,10.2894
Duck n’ Run Games,Hamburg,Germany,Microstudio,Developer,53.7038,9.8119
Fishlabs,Hamburg,Germany,Developer,Developer,53.3587,9.9511
GameCity Hamburg,Hamburg,Germany,Organization,Other,53.6796,10.2504
Games Lift Incubator,Hamburg,Germany,Incubator/Accelerator,Other,53.5592,9.6463
Gamigo,Hamburg,Germany,Online,Other,53.4011,10.2461
GoodGame Studios,Hamburg,Germany,Online,Other,53.7684,9.9761
Hexagon Game Labs,Hamburg,Germany,Online,Other,53.379,9.7519
InnoGames,Hamburg,Germany,Developer and Publisher,Publisher,53.5813,10.3752
Kalypso Media Mobile,Hamburg,Germany,Developer and Publisher,Publisher,53.6847,9.669
LITE Games,Hamburg,Germany,Online,Other,53.3168,10.0816
MBL Development,Hamburg,Germany,Developer,Developer,53.7633,10.198
Mathilde Hoffmann,Hamburg,Germany,Developer,Developer,53.4747,9.5921
Mobile Bits,Hamburg,Germany,Developer,Developer,53.4438,10.3826
Moi Rai Games,Hamburg,Germany,Developer,Developer,53.7904,9.8242
Mooneye Studios,Hamburg,Germany,Developer and Publisher,Publisher,53.3018,9.8423
New Moon Production,Hamburg,Germany,Developer,Developer,53.676,10.3942
Niantic,Hamburg,Germany,Extended Reality (XR),XR (VR/AR),53.6205,9.5473
Osmotic Studios,Hamburg,Germany,Developer,Developer,53.3166,10.2464
Overhype Studios,Hamburg,Germany,Developer,Developer,53.8295,10.0737
Pipapo Games,Hamburg,Germany,Developer,Developer,53.3749,9.6108
Pixelpizza,Hamburg,Germany,Developer,Developer,53.5267,10.4821
Playa Games,Hamburg,Germany,Developer,Developer,53.7679,9.6549
Pop Rocket Games,Hamburg,Germany,Publisher,Publisher,53.2507,9.9955
Positive Impact Games,Hamburg,Germany,Developer,Developer,53.776,10.337
Radiation Blue,Hamburg,Germany,Developer,Developer,53.5223,9.4764
Rockfish Games,Hamburg,Germany,Developer,Developer,53.362,10.4117
Rose Engine,Hamburg,Germany,Online,Other,53.8619,9.8978
Skaule,Hamburg,Germany,Developer,Developer,53.2798,9.706
Slime King Games,Hamburg,Germany,Developer,Developer,53.6364,10.519
Splitscreen Studios,Hamburg,Germany,Online,Other,53.7004,9.502
Stillfront Group,Hamburg,Germany,Developer,Developer,53.2398,10.1871
Super Good Games,Hamburg,Germany,Publisher,Publisher,53.8614,10.2059
Supyrb,Hamburg,Germany,Mobile,Mobile,53.4055,9.4772
Symmetry Break,Hamburg,Germany,Developer,Developer,53.4497,10.5444
Symmetry Break Studios,Hamburg,Germany,Developer,Developer,53.8496,9.6982
ThinMatrix,Hamburg,Germany,Microstudio,Developer,53.2085,9.8693
Threaks,Hamburg,Germany,Developer,Developer,53.7555,10.4782
Tiny Roar,Hamburg,Germany,Developer,Developer,53.5949,9.3966
Tivola (Jumpgate),Hamburg,Germany,Developer and Publisher,Publisher,53.2762,10.3864
XYRALITY,Hamburg,Germany,Online,Other,53.9145,10.0153
gameXcite (Jumpgate),Hamburg,Germany,Developer,Developer,53.289,9.5589
gamecity:Hamburg,Hamburg,Germany,Organization,Other,53.5697,10.6163
Microwave Games,Grimsby,England,Developer,Developer,53.56539,-0.07553
Impiresoft,Schwerin,Germany,Developer,Developer,53.62937,11.41316
Mistik Studios,Leoville,Canada,Developer,Developer,53.633,-107.55
Brave at Night,Huddersfield,England,Developer,Developer,53.64904,-1.78416
Canalside Studios,Huddersfield,England,Developer,Developer,53.6828,-1.8464
Marvelous Europe,Huddersfield,England,Developer and Publisher,Publisher,53.5786,-1.7737
Red Kite Games,Huddersfield,England,Developer,Developer,53.7178,-1.6953
Retroburn,Huddersfield,England,Developer,Developer,53.6316,-1.9503
Sigtrap Games,Huddersfield,England,Developer,Developer,53.589,-1.625
Baggy Cat Games,Chorley,England,Developer,Developer,53.65,-2.61667
Tick Tock Games,Horbury,England,Developer,Developer,53.66051,-1.56014
Cast Iron Games (Pneuma Games Group),Wakefield,England,Developer,Developer,53.68331,-1.49768
Everplay Group,Wakefield,England,Developer and Publisher,Publisher,53.7171,-1.5599
Team17,Wakefield,England,Developer and Publisher,Publisher,53.6129,-1.4872
Game Digits,Liversedge,England,Mobile,Mobile,53.70514,-1.69327
Alternative Software,Castleford,England,Publisher,Publisher,53.72587,-1.36256
SlugGlove,Hebden Bridge,England,Microstudio,Developer,53.74093,-2.01337
Level Eleven Games,Kingston upon Hull,England,Developer and Publisher,Publisher,53.7446,-0.33525
a2z Interactive,Hull,England,Developer,Developer,53.7784,-0.3976
Archangel Softworks,Preston,England,Developer,Developer,53.76282,-2.70452
Digital Cybercherries,Preston,England,Developer,Developer,53.7966,-2.7669
Invincibles Studio,Preston,England,Mobile,Mobile,53.6924,-2.6941
Lunar Software,Preston,England,Developer,Developer,53.8315,-2.6154
White Paper Games,Preston,England,Developer,Developer,53.7454,-2.8711
Egobounds,Olsztyn,Poland,Developer,Developer,53.78376,20.49272
Mooneaters,Olsztyn,Poland,Developer,Developer,53.8175,20.4303
Brickmouse,Leeds,England,Extended Reality (XR),XR (VR/AR),53.79648,-1.54785
Closed Forum,Leeds,England,Developer,Developer,53.8303,-1.6103
Cooperative Innovations,Leeds,England,Extended Reality (XR),XR (VR/AR),53.726,-1.5374
Crows Crows Crows,Leeds,England,Developer,Developer,53.8652,-1.4586
Dubit,Leeds,England,Online,Other,53.7791,-1.7146
Fierce Kaiju,Leeds,England,Extended Reality (XR),XR (VR/AR),53.7365,-1.3881
Galactic Cafe,Leeds,England,Developer,Developer,53.9148,-1.6017
Just Add Water,Leeds,England,Developer,Developer,53.6791,-1.6511
Just Add Water (Developments),Leeds,England,Developer,Developer,53.845,-1.3229
Laser Dog,Leeds,England,Mobile,Mobile,53.8537,-1.7826
Pixelteriyaki,Leeds,England,Microstudio,Developer,53.6533,-1.4344
Reflex Arc,Leeds,England,Extended Reality (XR),XR (VR/AR),53.9547,-1.4638
Rockstar Leeds,Leeds,England,Developer,Developer,53.7096,-1.8016
Slate Games,Leeds,England,Mobile,Mobile,53.7578,-1.2498
Stephen Allen Games,Leeds,England,Microstudio,Developer,53.9495,-1.73
Thunkd Games,Leeds,England,Developer,Developer,53.6044,-1.59
Weaseltron Entertainment,Leeds,England,Developer,Developer,53.9254,-1.2889
XR Games,Leeds,England,Extended Reality (XR),XR (VR/AR),53.805,-1.8966
Bitbeast Games,Lübeck,Germany,Microstudio,Developer,53.86893,10.68729
Aliasworlds Entertainment,Minsk,Belarus,Developer,Developer,53.90019,27.56653
Easybrain (Miniclip),Minsk,Belarus,Mobile,Mobile,53.934,27.504
Game Insight,Minsk,Belarus,Mobile,Mobile,53.8298,27.577
Game Stream (Wargaming),Minsk,Belarus,Online,Other,53.9689,27.656
Gameloft,Minsk,Belarus,Mobile,Mobile,53.8828,27.3994
Neskin,Minsk,Belarus,Mobile,Mobile,53.8402,27.7266
Playtika,Minsk,Belarus,Mobile,Mobile,54.0185,27.5126
Saber Interactive,Minsk,Belarus,Developer and Publisher,Publisher,53.7828,27.463
Swag Masha,Minsk,Belarus,Mobile,Mobile,53.9487,27.792
Vizor Interactive,Minsk,Belarus,Mobile,Mobile,53.9574,27.3312
Deer Flip Games,York,England,Developer,Developer,53.95763,-1.08271
Inglenook Games,York,England,Developer,Developer,53.9914,-1.1454
Midnight Vikings Games,York,England,Developer,Developer,53.8872,-1.0722
Recluse Industries,York,England,Developer,Developer,54.0264,-0.9932
Revolution Software,York,England,Developer,Developer,53.9402,-1.2501
Heavy Shield Games,Starogardzki,Poland,Microstudio,Developer,53.966,18.53
PlayWay,Koszalin,Poland,Publisher,Publisher,54.19438,16.17222
Blue Sunset Games,Gdansk,Poland,Developer,Developer,54.35227,18.64912
Boombit,Gdansk,Poland,Developer and Publisher,Publisher,54.386,18.5859
ByteBarrel,Gdansk,Poland,Developer,Developer,54.2818,18.6597
Dark Jay Studio,Gdansk,Poland,Developer,Developer,54.421,18.7395
Mechanistry,Gdansk,Poland,Developer,Developer,54.3349,18.4802
Moonmana,Gdansk,Poland,Developer,Developer,54.2923,18.811
Nawia Games,Gdansk,Poland,Developer,Developer,54.4705,18.5946
Playsoft Games,Gdansk,Poland,Developer,Developer,54.2349,18.5445
Product Madness Poland (Aristocrat),Gdansk,Poland,Mobile,Mobile,54.4008,18.8771
Sad Cat Studios,Gdansk,Poland,Developer,Developer,54.4095,18.4112
Slavic Magic,Gdansk,Poland,Developer,Developer,54.2091,18.7641
Vixa Games,Gdansk,Poland,Developer,Developer,54.5105,18.7343
Caipirinha Games,Altenholz,Germany,Developer and Publisher,Publisher,54.39793,10.1279
Split Light Studios,Slupsk,Poland,Developer,Developer,54.46405,17.02872
Event Horizon,Gdynia,Poland,Developer,Developer,54.51889,18.53188
Forever Entertainment,Gdynia,Poland,Developer and Publisher,Publisher,54.5527,18.4684
Forever Seed Fund,Gdynia,Poland,Investment,Other,54.4485,18.5425
Super Sexy Software,Gdynia,Poland,Developer,Developer,54.5876,18.6227
Behaviour UK - North,Middlesbrough,England,Developer,Developer,54.57623,-1.23483
Bumbleborn,Middlesbrough,England,Developer,Developer,54.61,-1.2984
Cardboard Sword,Middlesbrough,England,Developer,Developer,54.5058,-1.2242
Double Eleven (Pneuma Games Group),Middlesbrough,England,Developer and Publisher,Publisher,54.645,-1.1439
Observer Interactive,Middlesbrough,England,Developer,Developer,54.5588,-1.4047
Otterweave Studios,Middlesbrough,England,Developer,Developer,54.5162,-1.0721
Pneuma Games Group,Middlesbrough,England,Publisher,Publisher,54.6945,-1.2897
Radical Forge,Middlesbrough,England,Developer,Developer,54.4588,-1.34
Scyte Studios,Middlesbrough,England,Developer,Developer,54.6247,-1.0056
Ambertail Games,Belfast,Northern Ireland,Developer,Developer,54.59682,-5.92541
Ben Leggett Games,Belfast,Northern Ireland,Developer,Developer,54.6306,-5.9891
BillyGoat Entertainment,Belfast,Northern Ireland,Developer,Developer,54.5264,-5.9147
Bitwave Studios,Belfast,Northern Ireland,Mobile,Mobile,54.6655,-5.8345
Blackstaff Games,Belfast,Northern Ireland,Mobile,Mobile,54.5794,-6.0954
Boom Clap Games,Belfast,Northern Ireland,Mobile,Mobile,54.5368,-5.7626
Brain and Nerd,Belfast,Northern Ireland,Developer,Developer,54.7151,-5.9803
Classy Games,Belfast,Northern Ireland,Developer,Developer,54.4794,-6.0307
Cupboard Games,Belfast,Northern Ireland,Developer,Developer,54.6453,-5.6961
INCISIV,Belfast,Northern Ireland,Extended Reality (XR),XR (VR/AR),54.6541,-6.1647
Level 91 Entertainment,Belfast,Northern Ireland,Developer,Developer,54.4536,-5.8097
Northern Ireland Screen,Belfast,Northern Ireland,Organization,Other,54.7551,-5.8397
Outsider Games,Belfast,Northern Ireland,Developer,Developer,54.51,-6.1841
Prism Studios,Belfast,Northern Ireland,Extended Reality (XR),XR (VR/AR),54.5581,-5.6215
Saltstone Studios,Belfast,Northern Ireland,Developer,Developer,54.7499,-6.1111
Shallow Sky Studios,Belfast,Northern Ireland,Developer,Developer,54.4048,-5.9684
Soft Leaf Studios,Belfast,Northern Ireland,Developer,Developer,54.7257,-5.6614
Story Toys,Belfast,Northern Ireland,Developer,Developer,54.6053,-6.281
Whitepot Studios,Belfast,Northern Ireland,Developer,Developer,54.4472,-5.6659
Electric Succubi,Wejherowski,Poland,Developer,Developer,54.606,18.235
Italic Pig,Crawfordsburn,Northern Ireland,Developer,Developer,54.656,-5.724
Belka Games,Vilnius,Lithuania,Mobile,Mobile,54.68916,25.2798
Button Mash,Vilnius,Lithuania,Developer,Developer,54.7229,25.216
Estoty,Vilnius,Lithuania,Mobile,Mobile,54.6187,25.2905
Flazm,Vilnius,Lithuania,Developer,Developer,54.7579,25.371
Game Insight,Vilnius,Lithuania,Mobile,Mobile,54.6717,25.1094
Glera Games,Vilnius,Lithuania,Mobile,Mobile,54.6292,25.443
Hidden Layer Games,Vilnius,Lithuania,Microstudio,Developer,54.8074,25.2248
Jollybits Games,Vilnius,Lithuania,Developer,Developer,54.5718,25.1743
Lazy Bear Games,Vilnius,Lithuania,Developer,Developer,54.7377,25.5096
Lazy Flock,Vilnius,Lithuania,Developer,Developer,54.7464,25.0399
Moon Active,Vilnius,Lithuania,Mobile,Mobile,54.546,25.3957
Nieko,Vilnius,Lithuania,Developer,Developer,54.8474,25.3657
NightCat Studios,Vilnius,Lithuania,Developer,Developer,54.6023,25.0205
No Brakes Games,Vilnius,Lithuania,Developer,Developer,54.6505,25.5844
Nordcurrent,Vilnius,Lithuania,Developer and Publisher,Publisher,54.8422,25.0937
On5,Vilnius,Lithuania,Mobile,Mobile,54.4971,25.2367
Pixel Punch,Vilnius,Lithuania,Developer,Developer,54.818,25.5444
Tag of Joy,Vilnius,Lithuania,Developer,Developer,54.6977,24.9234
Wargaming Vilnius,Vilnius,Lithuania,Developer and Publisher,Publisher,54.5395,25.5399
tutoTOONs (Aonic),Vilnius,Lithuania,Mobile,Mobile,54.9069,25.2624
Inklingwood Studios,Spennymoor,England,Developer,Developer,54.6988,-1.60229
Daily Magic Productions,Kaliningrad,Russian Federation,Developer,Developer,54.70639,20.51102
G5 Entertainment,Kaliningrad,Russian Federation,Developer and Publisher,Publisher,54.7402,20.4472
HeroCraft,Kaliningrad,Russian Federation,Developer and Publisher,Publisher,54.636,20.5217
Katauri Interactive,Kaliningrad,Russian Federation,Developer,Developer,54.7751,20.6022
My.Games,Kaliningrad,Russian Federation,Online,Other,54.689,20.3406
Sobaka Studio,Kaliningrad,Russian Federation,Developer,Developer,54.6464,20.6743
Tortuga Team,Kaliningrad,Russian Federation,Developer,Developer,54.8247,20.456
Sirocco Racing,Carrickfergus,Northern Ireland,Developer,Developer,54.7158,-5.8058
Tiny Magicians,Pasilaiciai,Lithuania,Developer,Developer,54.73429,25.21912
Epsilon Games,Ufa,Russian Federation,Developer,Developer,54.74306,55.96779
Gravity Lagoon,Petropavl,Kazakhstan,Developer,Developer,54.87343,69.15065
Pixel Punch,Kaunas,Lithuania,Developer,Developer,54.90156,23.90909
SneakyBox,Kaunas,Lithuania,Developer,Developer,54.9353,23.845
tutoTOONs (Aonic),Kaunas,Lithuania,Mobile,Mobile,54.8311,23.9198
Ace Viral,Sunderland,England,Developer and Publisher,Publisher,54.90465,-1.38222
Coatsink,Sunderland,England,Developer and Publisher,Publisher,54.9384,-1.4463
Epic Games UK,Sunderland,England,Developer and Publisher,Publisher,54.8342,-1.3715
ASBO Interactive,Gateshead,England,Extended Reality (XR),XR (VR/AR),54.96209,-1.60168
Bunnyhug Games,Gateshead,England,Developer,Developer,54.9959,-1.6659
Last Arrow Games (Pneuma Games Group),Gateshead,England,Developer,Developer,54.8917,-1.5909
Wolf and Wood,Gateshead,England,Extended Reality (XR),XR (VR/AR),55.0308,-1.5099
Circle Entertainment,Newcastle-Upon-Tyne,England,Publisher,Publisher,54.97328,-1.61396
Mega Giant Studio,Newcastle-Upon-Tyne,England,Microstudio,Developer,55.0071,-1.6782
Silent Games,Newcastle-Upon-Tyne,England,Developer,Developer,54.9028,-1.6032
Casual Arts,Newcastle,England,Developer,Developer,54.9783,-1.6178
Funcom (Tencent),Newcastle,England,Developer,Developer,55.0121,-1.682
Nosebleed Interactive,Newcastle,England,Developer,Developer,54.9079,-1.607
Palringo,Newcastle,England,Mobile,Mobile,55.047,-1.526
People Can Fly,Newcastle,England,Developer,Developer,54.9609,-1.7894
Ubisoft Reflections,Newcastle,England,Developer,Developer,54.9183,-1.4534
Alawar,Novosibirsk,Russian Federation,Developer and Publisher,Publisher,55.02259,82.93175
Alawar Cheerdealers,Novosibirsk,Russian Federation,Developer,Developer,55.0564,82.8674
Forward Development,Novosibirsk,Russian Federation,Serious Games,Other,54.9522,82.9425
Game Mavericks,Novosibirsk,Russian Federation,Mobile,Mobile,55.0913,83.0237
Matryoshka Games,Novosibirsk,Russian Federation,Mobile,Mobile,55.0052,82.76
Nostalgames Studio (Kremlingames),Novosibirsk,Russian Federation,Developer,Developer,54.9626,83.0963
Social Quantum,Novosibirsk,Russian Federation,Mobile,Mobile,55.1409,82.8763
Stereo7 Games,Novosibirsk,Russian Federation,Mobile,Mobile,54.9052,82.8254
RTS Dimon,Chelyabinsk,Russian Federation,Developer,Developer,55.1611,61.42877
All Parts Connected,Labanoras,Lithuania,Developer,Developer,55.25,25.783
Nordic Game Ventures,Skanor,Sweden,Investment,Other,55.4,12.85
Spelmakare Jens Nilsson,Skurup,Sweden,Microstudio,Developer,55.47839,13.50186
Trancenders Media,Tomelilla,Sweden,Microstudio,Developer,55.54293,13.9546
A Million Flies,Malmo,Sweden,Microstudio,Developer,55.60587,13.00073
Act None,Malmo,Sweden,Mobile,Mobile,55.6396,12.9355
Aldgard Studio,Malmo,Sweden,Developer,Developer,55.5354,13.0117
Apog Labs,Malmo,Sweden,Developer,Developer,55.6746,13.094
Avalanche Studios Group,Malmo,Sweden,Developer,Developer,55.5885,12.8264
Bloom & Gloom Games,Malmo,Sweden,Developer,Developer,55.5459,13.1677
Bloom and Gloom,Malmo,Sweden,Developer,Developer,55.7241,12.9444
Carry Castle,Malmo,Sweden,Developer,Developer,55.4885,12.8928
Chimera Garden Games,Malmo,Sweden,Microstudio,Developer,55.6544,13.2359
Codeborn,Malmo,Sweden,Microstudio,Developer,55.6631,12.7553
Confoxing,Malmo,Sweden,Microstudio,Developer,55.4627,13.1194
Cross Reality,Malmo,Sweden,Extended Reality (XR),XR (VR/AR),55.7641,13.0886
Dead Astronauts,Malmo,Sweden,Developer,Developer,55.519,12.7354
DeadToast Entertainment,Malmo,Sweden,Developer,Developer,55.5672,13.3124
Diatomic,Malmo,Sweden,Microstudio,Developer,55.7589,12.8103
Divine Robot,Malmo,Sweden,Serious Games,Other,55.4138,12.9567
Donut Games,Malmo,Sweden,Mobile,Mobile,55.7348,13.2715
Dunderbit,Malmo,Sweden,Microstudio,Developer,55.6144,12.6361
EB Studio,Malmo,Sweden,Developer,Developer,55.4562,13.2669
Elsewhere Entertainment,Malmo,Sweden,Developer,Developer,55.8236,12.9829
Everywhen Games,Malmo,Sweden,Mobile,Mobile,55.4342,12.7471
Flotsam Interactive,Malmo,Sweden,Developer,Developer,55.6364,13.4027
Folded Fox,Malmo,Sweden,Developer,Developer,55.7398,12.6599
Frogsong Studios,Malmo,Sweden,Developer,Developer,55.3719,13.0939
Game Habitat,Malmo,Sweden,Organization,Other,55.8184,13.2163
Gameflame,Malmo,Sweden,Microstudio,Developer,55.5299,12.5791
Grapefrukt,Malmo,Sweden,Microstudio,Developer,55.4989,13.4104
Haenir Studio,Malmo,Sweden,Developer,Developer,55.8455,12.8232
Hazel Interval,Malmo,Sweden,Developer,Developer,55.3569,12.8422
IO Interactive,Malmo,Sweden,Developer,Developer,55.7311,13.4227
Icehelm,Malmo,Sweden,Developer,Developer,55.6757,12.5319
Illusion Labs,Malmo,Sweden,Mobile,Mobile,55.3717,13.2673
Illwinter Game Design,Malmo,Sweden,Microstudio,Developer,55.8846,13.0855
Imaginative Ones,Malmo,Sweden,Developer,Developer,55.43,12.5987
Impact Unified,Malmo,Sweden,Developer,Developer,55.5818,13.5151
Kaguya Project,Malmo,Sweden,Developer and Publisher,Publisher,55.823,12.6451
King.com (Activision),Malmo,Sweden,Mobile,Mobile,55.3059,13.0033
Leripa,Malmo,Sweden,Serious Games,Other,55.8311,13.3625
Longhand Electric,Malmo,Sweden,Microstudio,Developer,55.5774,12.4574
Magnetic Games,Malmo,Sweden,Mobile,Mobile,55.4171,13.441
Massive Entertainment (Ubisoft),Malmo,Sweden,Developer,Developer,55.917,12.9005
Mediocre,Malmo,Sweden,Mobile,Mobile,55.3349,12.6989
Midnight Hub,Malmo,Sweden,Developer,Developer,55.6915,13.554
Minc,Malmo,Sweden,Investment,Other,55.7556,12.4843
Nena Innovation,Malmo,Sweden,Developer,Developer,55.2949,13.2048
Neon Noroshi,Malmo,Sweden,Developer and Publisher,Publisher,55.9165,13.2246
Not My Jeans,Malmo,Sweden,Developer,Developer,55.4606,12.4582
PapaQuark,Malmo,Sweden,Mobile,Mobile,55.5049,13.5806
Plausible Concept,Malmo,Sweden,Developer,Developer,55.9047,12.6907
Psychic Sidekick,Malmo,Sweden,Developer,Developer,55.2637,12.8706
Rashidi Interactive,Malmo,Sweden,Microstudio,Developer,55.8106,13.511
Redikod,Malmo,Sweden,Developer,Developer,55.65,12.3735
Section 9 Interactive,Malmo,Sweden,Developer,Developer,55.3313,13.4144
Serious Games Interactive,Malmo,Sweden,Serious Games,Other,55.9696,13.0242
Sharkmob,Malmo,Sweden,Developer,Developer,55.3442,12.5442
She Was Such a Good Horse,Malmo,Sweden,Developer,Developer,55.6248,13.6563
Simogo,Malmo,Sweden,Developer,Developer,55.8442,12.4901
Snapbreak Games,Malmo,Sweden,Publisher,Publisher,55.232,13.0931
Star Vault,Malmo,Sweden,Online,Other,55.9195,13.383
Systemic Reaction (Avalanche Studios Group),Malmo,Sweden,Developer,Developer,55.5197,12.3382
Tarsier Studios (Embracer Group),Malmo,Sweden,Developer,Developer,55.415,13.5973
The Sleeping Machine,Malmo,Sweden,Developer,Developer,55.9773,12.7874
Thunderful Malmo,Malmo,Sweden,Developer and Publisher,Publisher,55.2477,12.7115
Tinyhag Games,Malmo,Sweden,Microstudio,Developer,55.7609,13.6475
Tuxedo Labs,Malmo,Sweden,Developer,Developer,55.7394,12.3332
VoDoo Studios,Malmo,Sweden,Microstudio,Developer,55.25,13.3358
Vreski,Malmo,Sweden,Microstudio,Developer,55.9992,13.1806
WhyKev,Malmo,Sweden,Developer,Developer,55.3828,12.3932
Wounded Bird Games,Malmo,Sweden,Microstudio,Developer,55.538,13.7207
Yotsuba Interactive (Neon Noroshi),Malmo,Sweden,Publisher,Publisher,55.933,12.5477
Happi Papi,Burlov,Sweden,Serious Games,Other,55.638,13.093
Dalen Studios,Dalby,Sweden,Developer,Developer,55.66655,13.34976
5th Planet Games,Copenhagen,Denmark,Mobile,Mobile,55.67594,12.56553
"Benjamin ""ThingOnItsOwn"" Hauer",Copenhagen,Denmark,Microstudio,Developer,55.7097,12.5001
BetaDwarf,Copenhagen,Denmark,Developer,Developer,55.6055,12.5765
Bolverk Games,Copenhagen,Denmark,Extended Reality (XR),XR (VR/AR),55.7447,12.659
Campfire Cabal (THQ Nordic),Copenhagen,Denmark,Developer,Developer,55.6585,12.3909
Carlsen Games,Copenhagen,Denmark,Developer,Developer,55.6159,12.7328
Copenhagen Game Collective,Copenhagen,Denmark,Organization,Other,55.7942,12.5091
Corner Studio Games,Copenhagen,Denmark,Developer,Developer,55.5585,12.4574
Crinkle Cut Games,Copenhagen,Denmark,Developer,Developer,55.7245,12.8011
Flashbulb Games,Copenhagen,Denmark,Developer,Developer,55.7332,12.3196
Flatponies (VRUnicorns),Copenhagen,Denmark,Developer,Developer,55.5327,12.6844
Framebunker,Copenhagen,Denmark,Developer,Developer,55.8342,12.6535
Game Swing,Copenhagen,Denmark,Developer,Developer,55.5891,12.2998
GameClub,Copenhagen,Denmark,Publisher,Publisher,55.6372,12.8778
Gameloft,Copenhagen,Denmark,Mobile,Mobile,55.829,12.3747
Games Denmark,Copenhagen,Denmark,Organization,Other,55.4839,12.5214
Gears for Breakfast,Copenhagen,Denmark,Developer,Developer,55.8048,12.8367
Geometric Interactive,Copenhagen,Denmark,Developer,Developer,55.6845,12.2002
Ghost Ship Games (Coffee Stain),Copenhagen,Denmark,Developer,Developer,55.5263,12.8322
Grynsoft,Copenhagen,Denmark,Microstudio,Developer,55.8937,12.5477
Guppyworks,Copenhagen,Denmark,Developer,Developer,55.5043,12.3115
Half Past Yellow,Copenhagen,Denmark,Developer,Developer,55.7065,12.9682
House on Fire,Copenhagen,Denmark,Developer,Developer,55.8099,12.2241
Hovgaard Games,Copenhagen,Denmark,Developer,Developer,55.442,12.6589
Hutlihut Games,Copenhagen,Denmark,Developer,Developer,55.8885,12.7815
IO Interactive,Copenhagen,Denmark,Developer,Developer,55.6,12.1431
Indoor Sunglasses,Copenhagen,Denmark,Developer,Developer,55.569,12.976
Invisible Walls (Amplifier Game Invest),Copenhagen,Denmark,Developer,Developer,55.9156,12.3877
JoyPac,Copenhagen,Denmark,Publisher,Publisher,55.427,12.4067
Klassefilm,Copenhagen,Denmark,Developer,Developer,55.8012,12.9882
Light Brick Studio,Copenhagen,Denmark,Developer,Developer,55.7457,12.0959
Lost Umbrella Games,Copenhagen,Denmark,Developer,Developer,55.4418,12.8325
MP2 Games,Copenhagen,Denmark,Developer and Publisher,Publisher,55.9547,12.6505
MeetinVR,Copenhagen,Denmark,Extended Reality (XR),XR (VR/AR),55.5001,12.1628
Moonmen Games,Copenhagen,Denmark,Developer,Developer,55.6519,13.0808
MovieStarPlanet,Copenhagen,Denmark,Online,Other,55.8931,12.2093
Napnok Games,Copenhagen,Denmark,Social,Other,55.3759,12.5681
Neon Aurelius,Copenhagen,Denmark,Developer,Developer,55.9012,12.9279
Northplay,Copenhagen,Denmark,Developer,Developer,55.6475,12.0212
Other Tales,Copenhagen,Denmark,Developer,Developer,55.4872,13.0066
Playdead,Copenhagen,Denmark,Developer,Developer,55.9871,12.4652
Raw Power Games,Copenhagen,Denmark,Developer,Developer,55.405,12.2631
Rovio Copenhagen,Copenhagen,Denmark,Mobile,Mobile,55.7616,13.1198
Rune Vision,Copenhagen,Denmark,Developer,Developer,55.8256,12.0482
SYBO,Copenhagen,Denmark,Mobile,Mobile,55.365,12.77
Savivo,Copenhagen,Denmark,Developer,Developer,55.9866,12.7898
Serious Games Interactive,Copenhagen,Denmark,Serious Games,Other,55.5307,12.0221
Silkroad Studios,Copenhagen,Denmark,Developer,Developer,55.5749,13.1465
Tactile Games,Copenhagen,Denmark,Mobile,Mobile,55.9748,12.2549
The Outer Zone,Copenhagen,Denmark,Developer,Developer,55.3337,12.4352
Throughline Games,Copenhagen,Denmark,Developer,Developer,55.8807,13.0767
Triband,Copenhagen,Denmark,Developer,Developer,55.7201,11.9371
Trophy Games,Copenhagen,Denmark,Developer,Developer,55.4014,12.98
Unity Technologies,Copenhagen,Denmark,Developer,Developer,56.0397,12.5891
VRUnicorns,Copenhagen,Denmark,Extended Reality (XR),XR (VR/AR),55.4142,12.1082
Virsabi,Copenhagen,Denmark,Serious Games,Other,55.6949,13.2223
Wombo Games,Copenhagen,Denmark,Developer,Developer,55.9143,12.054
frecle,Copenhagen,Denmark,Developer,Developer,55.3021,12.658
Aroko Game Studio,Lund,Sweden,Developer,Developer,55.70584,13.19321
Athletic Design,Lund,Sweden,Developer,Developer,55.7396,13.1278
Blackdoor,Lund,Sweden,Microstudio,Developer,55.6354,13.2042
Exiom's Corner,Lund,Sweden,Microstudio,Developer,55.7746,13.2867
Venturous Games,Lund,Sweden,Developer,Developer,55.6884,13.0184
Wing It Games,Lund,Sweden,Developer,Developer,55.6458,13.3606
Rhombico Games,Vejle,Denmark,Developer,Developer,55.70927,9.5357
Pine Creek Games,Havnso,Denmark,Developer,Developer,55.752,11.334
1C Company,Moscow,Russian Federation,Publisher,Publisher,55.75204,37.61781
1C Game Studios,Moscow,Russian Federation,Developer,Developer,55.7858,37.5523
AZAMATIKA,Moscow,Russian Federation,Developer,Developer,55.6816,37.6288
Alter Games,Moscow,Russian Federation,Developer,Developer,55.8208,37.7114
Apps Ministry,Moscow,Russian Federation,Mobile,Mobile,55.7346,37.4428
Astrum Entertainment,Moscow,Russian Federation,Developer and Publisher,Publisher,55.692,37.7854
Battlecruiser Games,Moscow,Russian Federation,Developer,Developer,55.8703,37.5613
Buka Entertainment,Moscow,Russian Federation,Publisher,Publisher,55.6346,37.5095
CHK-Games (SNK-Games),Moscow,Russian Federation,Developer,Developer,55.8006,37.8539
CarX Technologies,Moscow,Russian Federation,Developer,Developer,55.8093,37.3714
Cats Who Play,Moscow,Russian Federation,Developer,Developer,55.6088,37.7369
Clarus Victoria,Moscow,Russian Federation,Developer,Developer,55.9103,37.706
Dynamic Pixels,Moscow,Russian Federation,Developer,Developer,55.6652,37.3515
Eagle Dynamics,Moscow,Russian Federation,Developer,Developer,55.7133,37.9307
Enraven Games,Moscow,Russian Federation,Mobile,Mobile,55.9051,37.4266
Entertainment Factory,Moscow,Russian Federation,Developer and Publisher,Publisher,55.56,37.5736
Esprit Games,Moscow,Russian Federation,Online,Other,55.8809,37.8896
Fibrum,Moscow,Russian Federation,Extended Reality (XR),XR (VR/AR),55.7606,37.2518
FourQuarters Team,Moscow,Russian Federation,Developer,Developer,55.6024,37.885
G5 Entertainment,Moscow,Russian Federation,Developer and Publisher,Publisher,55.9698,37.5999
Gaijin Entertainment,Moscow,Russian Federation,Developer,Developer,55.5804,37.3632
Game Art Pioneers,Moscow,Russian Federation,Developer,Developer,55.7826,38.0213
Game Insight,Moscow,Russian Federation,Mobile,Mobile,55.886,37.2757
Game-Labs,Moscow,Russian Federation,Developer,Developer,55.5181,37.7113
GameTrek,Moscow,Russian Federation,Serious Games,Other,55.9646,37.8342
Gameloft,Moscow,Russian Federation,Mobile,Mobile,55.6761,37.1946
Hungry Couch Games (tinyBuild),Moscow,Russian Federation,Developer,Developer,55.6451,38.0291
Joy Way,Moscow,Russian Federation,Extended Reality (XR),XR (VR/AR),55.9917,37.4396
KK Game Studio / KK Softworks,Moscow,Russian Federation,Developer,Developer,55.5031,37.4587
Kedoo Entertainment,Moscow,Russian Federation,Publisher,Publisher,55.8773,38.0413
Lesser Evil Games,Moscow,Russian Federation,Developer,Developer,55.8218,37.1473
Lingrimm,Moscow,Russian Federation,Microstudio,Developer,55.5179,37.8853
Mandragora Team,Moscow,Russian Federation,Developer,Developer,56.0308,37.7029
Midhard Games,Moscow,Russian Federation,Developer,Developer,55.5762,37.2143
My.Games,Moscow,Russian Federation,Online,Other,55.728,38.1341
Nexters (GDEV),Moscow,Russian Federation,Mobile,Mobile,55.9692,37.2609
Noclip,Moscow,Russian Federation,Developer,Developer,55.452,37.6204
Perelesoq,Moscow,Russian Federation,Developer,Developer,55.9773,37.9809
Pixonic,Moscow,Russian Federation,Mobile,Mobile,55.7236,37.0725
Riot Games,Moscow,Russian Federation,Online,Other,55.5633,38.0598
Sobaka Studio,Moscow,Russian Federation,Developer,Developer,56.0632,37.5172
Social Quantum,Moscow,Russian Federation,Mobile,Mobile,55.4811,37.3148
SoftClub (1C),Moscow,Russian Federation,Publisher,Publisher,55.8377,38.1731
Sometimes You,Moscow,Russian Federation,Publisher,Publisher,55.9017,37.0995
Ubisoft Moscow,Moscow,Russian Federation,Publisher,Publisher,55.4411,37.8227
Vintorog,Moscow,Russian Federation,Developer,Developer,56.0627,37.8425
Watt Games,Moscow,Russian Federation,Developer,Developer,55.6068,37.0733
Watt Studio,Moscow,Russian Federation,Developer,Developer,55.651,38.1999
luden.io,Moscow,Russian Federation,Developer,Developer,56.0509,37.3066
yeo,Moscow,Russian Federation,Developer,Developer,55.4098,37.4872
Fair Games,Kazan,Russian Federation,Developer,Developer,55.78874,49.12214
Chimera Tales,Glasgow,Scotland,Microstudio,Developer,55.86515,-4.25763
Dave Sapien,Glasgow,Scotland,Developer,Developer,55.8989,-4.3233
EM Studios,Glasgow,Scotland,Developer,Developer,55.7947,-4.2466
Extra Mile Studios (Reforged Studios),Glasgow,Scotland,Developer,Developer,55.9339,-4.1637
Hairy Heart Games,Glasgow,Scotland,Developer,Developer,55.8477,-4.4331
Hexterion,Glasgow,Scotland,Microstudio,Developer,55.8051,-4.0895
Kupo Games,Glasgow,Scotland,Developer,Developer,55.9834,-4.3143
Ludus Pax,Glasgow,Scotland,Developer,Developer,55.7478,-4.3663
Neon Wave Studios,Glasgow,Scotland,Microstudio,Developer,55.9137,-4.0209
ResByte Games,Glasgow,Scotland,Developer,Developer,55.9224,-4.5047
Screen Burn,Glasgow,Scotland,Developer,Developer,55.7219,-4.1382
Tub Club,Glasgow,Scotland,Developer,Developer,56.0234,-4.1692
Unusual Undertaking,Glasgow,Scotland,Developer,Developer,55.7783,-4.5247
Bleak Mill Games,Kirkintilloch,Scotland,Developer,Developer,55.93933,-4.15262
Arboreta Games,West Dunbartonshire,Scotland,Microstudio,Developer,55.947,-4.567
GameXPlosion,Greenock,Scotland,Mobile,Mobile,55.94838,-4.76121
8bitSkull,Edinburgh,Scotland,Developer,Developer,55.95206,-3.19648
Aetheric Games,Edinburgh,Scotland,Microstudio,Developer,55.9858,-3.2623
Amicable Animal,Edinburgh,Scotland,Developer,Developer,55.8816,-3.1854
Ant Workshop,Edinburgh,Scotland,Developer,Developer,56.0208,-3.1024
Bearhammer,Edinburgh,Scotland,Extended Reality (XR),XR (VR/AR),55.9346,-3.3724
Blazing Griffin,Edinburgh,Scotland,Developer,Developer,55.8921,-3.028
Build a Rocket Boy,Edinburgh,Scotland,Developer,Developer,56.0703,-3.2533
Carnyx Studios,Edinburgh,Scotland,Developer,Developer,55.8347,-3.3054
Climax Studios (Keywords),Edinburgh,Scotland,Developer,Developer,56.0006,-2.9592
College Fun Games,Edinburgh,Scotland,Developer,Developer,56.0093,-3.4441
Epic Games,Edinburgh,Scotland,Developer and Publisher,Publisher,55.8089,-3.0768
Firewood Digital,Edinburgh,Scotland,Microstudio,Developer,56.1103,-3.1078
Glitchers,Edinburgh,Scotland,Mobile,Mobile,55.8652,-3.4641
Haiku Interactive,Edinburgh,Scotland,Developer,Developer,55.9134,-2.882
Incentive Games,Edinburgh,Scotland,Developer,Developer,56.1051,-3.3887
Insane Gorilla,Edinburgh,Scotland,Developer,Developer,55.76,-3.2409
Keelworks,Edinburgh,Scotland,Developer,Developer,56.0809,-2.9233
Kyle Banks,Edinburgh,Scotland,Developer,Developer,55.9606,-3.5644
Lazy Monday Games,Edinburgh,Scotland,Developer,Developer,55.8024,-2.9279
Made With Numbers,Edinburgh,Scotland,Developer,Developer,56.1698,-3.2145
More Fun With Games,Edinburgh,Scotland,Microstudio,Developer,55.7804,-3.4524
Pawsmonaut Games,Edinburgh,Scotland,Microstudio,Developer,55.9826,-2.7909
Relentless Games,Edinburgh,Scotland,Extended Reality (XR),XR (VR/AR),56.086,-3.5403
Robotical,Edinburgh,Scotland,Serious Games,Other,55.7181,-3.1025
Rockstar North,Edinburgh,Scotland,Developer,Developer,56.1646,-2.979
Something Something Games,Edinburgh,Scotland,Developer,Developer,55.8761,-3.6219
Somewhat Unsettling,Edinburgh,Scotland,Microstudio,Developer,55.8451,-2.7831
Superforest,Edinburgh,Scotland,Microstudio,Developer,56.1917,-3.3756
Talha & Jack Co,Edinburgh,Scotland,Microstudio,Developer,55.7031,-3.3564
Twiddly Studio,Edinburgh,Scotland,Mobile,Mobile,56.0773,-2.7708
Vismaya,Edinburgh,Scotland,Microstudio,Developer,56.0219,-3.6695
Yaldi Games,Edinburgh,Scotland,Developer,Developer,55.7179,-2.9276
4J Studios,East Linton,Scotland,Developer,Developer,55.98737,-2.65682
JE Software,Kristianstad,Sweden,Developer,Developer,56.03129,14.15242
Dekovir Game Studios,Krasnoyarsk,Russian Federation,Developer,Developer,56.03742,92.93136
Luxorix Games,Krasnoyarsk,Russian Federation,Developer,Developer,56.0712,92.8654
Decemberborn Interactive,Helsingborg,Sweden,Developer,Developer,56.04673,12.69437
Frictional Games,Helsingborg,Sweden,Developer,Developer,56.0805,12.6284
Monsuta,Helsingborg,Sweden,Microstudio,Developer,55.9763,12.7054
Pixelbite,Helsingborg,Sweden,Mobile,Mobile,56.1155,12.7887
Triassic Games,Helsingborg,Sweden,Developer,Developer,56.0293,12.5181
Cloud Colony Games,Dunfermline,Scotland,Developer and Publisher,Publisher,56.07156,-3.45887
Grenaa Games,Vinslov,Sweden,Developer,Developer,56.1,13.91667
Hyperfocus Games,Stirling,Scotland,Developer,Developer,56.11903,-3.93682
Ping Creates,Stirling,Scotland,Mobile,Mobile,56.1528,-4.003
Rivet Games,Stirling,Scotland,Developer,Developer,56.0486,-3.9257
Chop Chop Games,Aarhus,Denmark,Developer,Developer,56.15674,10.21076
Funday Games,Aarhus,Denmark,Developer,Developer,56.1905,10.1446
Game Hub Denmark,Aarhus,Denmark,Incubator/Accelerator,Other,56.0863,10.2219
Kiloo,Aarhus,Denmark,Mobile,Mobile,56.2255,10.3054
Kong Orange,Aarhus,Denmark,Developer,Developer,56.1393,10.0339
Lunch Money Games,Aarhus,Denmark,Developer,Developer,56.0967,10.3801
Mads Skovgaard,Aarhus,Denmark,Microstudio,Developer,56.275,10.1537
Wiredfly,Aarhus,Denmark,Developer,Developer,56.0393,10.1013
Blackdrop Interactive,Karlskrona,Sweden,Developer,Developer,56.16156,15.58661
Global Fun,Karlskrona,Sweden,Publisher,Publisher,56.1953,15.5204
ManagerZone,Karlskrona,Sweden,Online,Other,56.0911,15.5977
Svavelstickan,Karlskrona,Sweden,Microstudio,Developer,56.2303,15.6812
Whacky Mole Studio,Karlskrona,Sweden,Developer,Developer,56.1441,15.4098
Gameport,Karlshamn,Sweden,Developer,Developer,56.1706,14.86188
Mana Brigade,Karlshamn,Sweden,Microstudio,Developer,56.2044,14.7957
Noumenon Games,Karlshamn,Sweden,Developer,Developer,56.1002,14.873
Slugware Games,Karlshamn,Sweden,Developer,Developer,56.2393,14.9565
Something We Made Games,Karlshamn,Sweden,Developer,Developer,56.1532,14.685
Thunderful Karlshamn,Karlshamn,Sweden,Developer and Publisher,Publisher,56.1106,15.0313
Hazelight,Hoganas,Sweden,Developer,Developer,56.19971,12.55795
Nodbrim,Ronneby,Sweden,Developer,Developer,56.20999,15.27602
Deep Crypt Games,Anstruther,Scotland,Microstudio,Developer,56.22345,-2.70278
Powersnake,Brakne-Hoby,Sweden,Developer,Developer,56.23333,15.11667
Gamer Realities,Angelholms kommun,Sweden,Developer,Developer,56.2428,12.8622
KEP Games,Molle,Sweden,Mobile,Mobile,56.28333,12.5
KO Studio,Cupar,Scotland,Developer,Developer,56.31876,-3.01204
Evilkookey,Perth,Scotland,Microstudio,Developer,56.39522,-3.43139
Reality Park,Kungsgatan,Sweden,Extended Reality (XR),XR (VR/AR),56.46135,13.59644
4J Studios,Dundee,Scotland,Developer,Developer,56.46913,-2.97489
532 Design,Dundee,Scotland,Mobile,Mobile,56.5029,-3.0416
Arcade Badgers,Dundee,Scotland,Microstudio,Developer,56.3987,-2.9637
Biome Collective,Dundee,Scotland,Organization,Other,56.5379,-2.8795
Bit Loom,Dundee,Scotland,Developer,Developer,56.4517,-3.1532
Damage State,Dundee,Scotland,Developer,Developer,56.4091,-2.8041
Denki,Dundee,Scotland,Developer,Developer,56.5874,-3.0324
Earthbound Games,Dundee,Scotland,Developer,Developer,56.3517,-3.0853
Etherplay,Dundee,Scotland,Developer,Developer,56.5176,-2.7344
Fish Tin Games,Dundee,Scotland,Developer,Developer,56.5264,-3.2259
Hutch Games,Dundee,Scotland,Mobile,Mobile,56.3259,-2.8536
Hyper Luminal Games,Dundee,Scotland,Developer,Developer,56.6274,-2.885
Icebeam Studios,Dundee,Scotland,Developer,Developer,56.3823,-3.2462
JBSB Studios,Dundee,Scotland,Developer,Developer,56.4304,-2.6561
Konglomerate Games,Dundee,Scotland,Serious Games,Other,56.6222,-3.1697
Lowtek Games,Dundee,Scotland,Developer,Developer,56.2771,-3.0199
Ninja Kiwi Europe,Dundee,Scotland,Developer and Publisher,Publisher,56.598,-2.698
Outplay Entertainment,Dundee,Scotland,Developer,Developer,56.4776,-3.3478
Peaty Turf,Dundee,Scotland,Developer,Developer,56.3195,-2.7027
Pocket Sized Hands,Dundee,Scotland,Mobile,Mobile,56.6868,-2.9931
Puny Astronaut,Dundee,Scotland,Developer,Developer,56.2974,-3.2343
Red Rampant Studios,Dundee,Scotland,Microstudio,Developer,56.4997,-2.5638
Riverboat Games,Dundee,Scotland,Developer,Developer,56.6031,-3.3234
Rockstar Dundee,Dundee,Scotland,Developer,Developer,56.2352,-2.8796
Sad Owl Studios,Dundee,Scotland,Developer,Developer,56.6817,-2.7544
Scopely,Dundee,Scotland,Mobile,Mobile,56.3931,-3.4061
Shouty Knot Games,Dundee,Scotland,Microstudio,Developer,56.3622,-2.5559
Sloth Doctor Games,Dundee,Scotland,Developer,Developer,56.7088,-3.1565
Spectral Wrender,Dundee,Scotland,Microstudio,Developer,56.2202,-3.137
Spikey Teeth Studios,Dundee,Scotland,Microstudio,Developer,56.5944,-2.5434
Stormcloud Games,Dundee,Scotland,Developer,Developer,56.5389,-3.4543
Studio Catloaf,Dundee,Scotland,Microstudio,Developer,56.235,-2.7023
Team Junkfish,Dundee,Scotland,Mobile,Mobile,56.7479,-2.8882
Team Terrible,Dundee,Scotland,Developer,Developer,56.2933,-3.386
The Scarlet Bureau,Dundee,Scotland,Microstudio,Developer,56.4451,-2.4489
The Scottish Games Network (SGN),Dundee,Scotland,Organization,Other,56.6863,-3.3385
Umbra Dynamics,Dundee,Scotland,Publisher,Publisher,56.1691,-2.9722
Very Evil Demons,Dundee,Scotland,Developer,Developer,56.6944,-2.605
Unigine,Tomsk,Russian Federation,Developer,Developer,56.50049,84.98216
Yustas Games Studio,Tomsk,Russian Federation,Developer,Developer,56.5343,84.9154
Retronator,Tingsryd,Sweden,Developer,Developer,56.5247,14.97902
INNTQ,Almhult,Sweden,Developer,Developer,56.55146,14.13827
Spelkollektivet,Vackelsang,Sweden,Organization,Other,56.63333,14.91667
Erik Svedang,Halmstad,Sweden,Microstudio,Developer,56.67446,12.85676
Glass Rock Gathering,Nybro,Sweden,Microstudio,Developer,56.74461,15.90714
Wognum Studios,Nybro,Sweden,Developer,Developer,56.7784,15.8399
Chudo-Yudo Games (Targem Games),Ekaterinburg,Russian Federation,Developer and Publisher,Publisher,56.85733,60.61529
Targem Games,Ekaterinburg,Russian Federation,Developer and Publisher,Publisher,56.8911,60.5479
Wildcore,Vaxjo,Sweden,Mobile,Mobile,56.87767,14.80906
AtentGames,Riga,Latvia,Developer,Developer,56.946,24.10589
Beetroot Lab,Riga,Latvia,Mobile,Mobile,56.9798,24.0383
ColdWild Games,Riga,Latvia,Developer,Developer,56.8756,24.1172
Estoty,Riga,Latvia,Mobile,Mobile,57.0147,24.2025
Fantastic Signals,Riga,Latvia,Developer,Developer,56.9286,23.9254
Game Insight,Riga,Latvia,Mobile,Mobile,56.886,24.2788
Gaze in Games,Riga,Latvia,Developer,Developer,57.0643,24.0476
Latvian Game Developers Association (LGDA),Riga,Latvia,Organization,Other,56.8286,23.9941
Latvijas Speļu izstradataju asociacija (LSIA),Riga,Latvia,Organization,Other,56.9945,24.3494
MadSword,Riga,Latvia,Mobile,Mobile,57.0032,23.8517
NOISE_HUM Studio,Riga,Latvia,Developer,Developer,56.8028,24.2288
Neverjam Dev,Riga,Latvia,Microstudio,Developer,57.1042,24.1969
VEOM Studio,Riga,Latvia,Developer,Developer,56.8592,23.8311
tinyBuild Games,Riga,Latvia,Developer and Publisher,Publisher,56.9073,24.4287
Mytona,Ivanovo,Russian Federation,Mobile,Mobile,56.99988,40.97257
Social Quantum,Ivanovo,Russian Federation,Mobile,Mobile,57.0337,40.9049
Bedtime Digital Games,Aalborg,Denmark,Developer,Developer,57.048,9.9187
Slipgate Ironworks,Aalborg,Denmark,Developer,Developer,57.0818,9.8509
Common Profyt Games,Aberdeen,Scotland,Microstudio,Developer,57.14369,-2.09814
Firefly Studios,Aberdeen,Scotland,Developer,Developer,57.1775,-2.1661
Brilliant Skies,Methlick,Scotland,Developer,Developer,57.429,-2.233
Jonnil,Holsbybrunn,Sweden,Microstudio,Developer,57.43333,15.2
Breaker Interactive,Kungsbacka,Sweden,Microstudio,Developer,57.48719,12.07612
HexWar,Fortrose,Scotland,Developer and Publisher,Publisher,57.58087,-4.13263
Caledonia Interactive,Dingwall,Scotland,Developer,Developer,57.59531,-4.42721
Gamatron,Visby,Sweden,Developer,Developer,57.64089,18.29602
Iterative Studios,Visby,Sweden,Developer,Developer,57.6747,18.2271
Photon Forge,Visby,Sweden,Microstudio,Developer,57.5705,18.3076
Pixel Ferrets,Visby,Sweden,Developer,Developer,57.7096,18.3945
Studio F15,Visby,Sweden,Microstudio,Developer,57.6235,18.112
Tableflip Entertainment,Visby,Sweden,Developer,Developer,57.5809,18.4723
Three Gates,Visby,Sweden,Developer,Developer,57.7592,18.2366
Hunted Cow Studios,Elgin,Scotland,Developer,Developer,57.64947,-3.31843
E Games Invest Nordic,Molndal,Sweden,Investment,Other,57.6554,12.01378
Mindforce Game Labs,Molndal,Sweden,Health,Other,57.6892,11.9449
nornware,Molndal,Sweden,Developer,Developer,57.585,12.0253
1337 Game Design,Gothenburg,Sweden,Mobile,Mobile,57.70716,11.96679
A Creative Endeavor,Gothenburg,Sweden,Mobile,Mobile,57.7409,11.8978
An Otter Team,Gothenburg,Sweden,Microstudio,Developer,57.6367,11.9784
Appskeppet,Gothenburg,Sweden,Developer,Developer,57.7759,12.0654
Atvis,Gothenburg,Sweden,Serious Games,Other,57.6897,11.7825
Average Arcade,Gothenburg,Sweden,Microstudio,Developer,57.6472,12.1434
Beardybird,Gothenburg,Sweden,Microstudio,Developer,57.8254,11.9073
Bitwave,Gothenburg,Sweden,Microstudio,Developer,57.5898,11.8527
Box Dragon (Coffee Stain),Gothenburg,Sweden,Developer,Developer,57.7557,12.2154
Choofun Games,Gothenburg,Sweden,Mobile,Mobile,57.7644,11.7073
DICE (Electronic Arts),Gothenburg,Sweden,Developer,Developer,57.564,12.0922
Dennaton Games,Gothenburg,Sweden,Developer,Developer,57.8654,12.0597
Dreamon Studios,Gothenburg,Sweden,Microstudio,Developer,57.6203,11.6863
EA Gothenburg (Electronic Arts),Gothenburg,Sweden,Publisher,Publisher,57.6685,12.2964
El Huervo,Gothenburg,Sweden,Developer,Developer,57.8602,11.7654
Elden Pixels,Gothenburg,Sweden,Developer and Publisher,Publisher,57.5151,11.9202
Elscar Games,Gothenburg,Sweden,Developer,Developer,57.836,12.253
Feeble Minds,Gothenburg,Sweden,Developer,Developer,57.7157,11.5812
Hadoque,Gothenburg,Sweden,Developer,Developer,57.5575,12.2482
Hello There Games,Gothenburg,Sweden,Developer,Developer,57.9249,11.9479
Housefire Games,Gothenburg,Sweden,Developer,Developer,57.5355,11.6986
Imperial Playgrounds,Gothenburg,Sweden,Developer,Developer,57.7377,12.3918
InDirection Games,Gothenburg,Sweden,Developer,Developer,57.8411,11.6065
Itatake,Gothenburg,Sweden,Mobile,Mobile,57.4732,12.0653
Lavapotion (Coffee Stain),Gothenburg,Sweden,Developer,Developer,57.9197,12.1947
Lexip Games,Gothenburg,Sweden,Developer,Developer,57.6312,11.521
LingoLooper,Gothenburg,Sweden,Developer,Developer,57.6002,12.4
MindArk,Gothenburg,Sweden,Online,Other,57.9468,11.779
Mistwave Interactive,Gothenburg,Sweden,Developer,Developer,57.4582,11.7992
MoonHood Studios,Gothenburg,Sweden,Developer,Developer,57.8324,12.4129
Neckbolt,Gothenburg,Sweden,Developer,Developer,57.777,11.4711
Nordcurrent,Gothenburg,Sweden,Developer and Publisher,Publisher,57.473,12.2486
Oddiko,Gothenburg,Sweden,Developer,Developer,57.9859,12.0565
Pathos Interactive,Gothenburg,Sweden,Developer,Developer,57.5313,11.5417
Pathos Interactive,Gothenburg,Sweden,Developer,Developer,57.6831,12.5106
Pax6 Games,Gothenburg,Sweden,Developer,Developer,57.9243,11.5908
Raven Aktiebolag,Gothenburg,Sweden,Developer,Developer,57.4072,11.9695
River End Games (Embracer Group),Gothenburg,Sweden,Developer,Developer,57.9324,12.3493
Rockheart Studios,Gothenburg,Sweden,Developer,Developer,57.6787,11.3923
Skill2Win Studios,Gothenburg,Sweden,Mobile,Mobile,57.5184,12.4324
SkyGoblin,Gothenburg,Sweden,Developer,Developer,58.0183,11.8608
Soupmasters,Gothenburg,Sweden,Developer,Developer,57.4362,11.6476
South North Games,Gothenburg,Sweden,Extended Reality (XR),XR (VR/AR),57.7928,12.5518
SteelRaven7,Gothenburg,Sweden,Microstudio,Developer,57.8569,11.4208
Stormteller Games,Gothenburg,Sweden,Developer,Developer,57.3962,12.1826
Studio Far Out Games,Gothenburg,Sweden,Developer,Developer,58.0178,12.2035
Studio Malosi,Gothenburg,Sweden,Developer,Developer,57.5619,11.3932
Studio Northshade,Gothenburg,Sweden,Developer,Developer,57.6062,12.5799
Surgical Science,Gothenburg,Sweden,Serious Games,Other,58.006,11.6389
Swarm Creations,Gothenburg,Sweden,Microstudio,Developer,57.365,11.8292
Sweden Game Startup,Gothenburg,Sweden,Incubator/Accelerator,Other,57.9119,12.5063
The Fully Arcade,Goteborg,Sweden,Developer,Developer,57.7513,11.3036
Uncloudy Labs,Gothenburg,Sweden,Developer,Developer,57.4326,12.4042
Virtuverse,Gothenburg,Sweden,Developer,Developer,58.0709,11.9916
Warcry Interactive,Gothenburg,Sweden,Developer,Developer,57.4455,11.4841
Wereviz (Dual Decade),Gothenburg,Sweden,Mobile,Mobile,57.7261,12.66
Winteractive,Gothenburg,Sweden,Developer,Developer,57.9455,11.4269
Wishfully Studios,Gothenburg,Sweden,Developer,Developer,57.3333,12.0644
Y/CJ/Y,Gothenburg,Sweden,Microstudio,Developer,58.0208,12.371
YCJY Games,Gothenburg,Sweden,Developer,Developer,57.621,11.2662
albert Group,Gothenburg,Sweden,Serious Games,Other,57.5162,12.5975
Solutions Skovde,Hisingen,Sweden,Serious Games,Other,57.72,11.94
Gigantic Duck,Boras,Sweden,Developer,Developer,57.72101,12.9401
Wobbly Tooth,Lossiemouth,Scotland,Developer,Developer,57.72136,-3.28341
Lxip Games,Ostra Bergsjon,Sweden,Microstudio,Developer,57.755,12.048
Hatokuma Games,Jonkoping,Sweden,Microstudio,Developer,57.78145,14.15618
Konjak,Jonkoping,Sweden,Developer,Developer,57.8152,14.087
Pigs Will Fly Studios,Jonkoping,Sweden,Developer,Developer,57.711,14.1678
Greyish Games,Kungalv,Sweden,Developer,Developer,57.87096,11.98054
Qiiwi Games,Alingsas,Sweden,Mobile,Mobile,57.93033,12.53345
Morteshka,Perm,Russian Federation,Developer,Developer,58.01046,56.25017
Head Coach Games,Tranas,Sweden,Developer,Developer,58.03717,14.9782
Zapray Games,Stenungsund,Sweden,Microstudio,Developer,58.07046,11.8181
Martin Magni,Atvidaberg,Sweden,Mobile,Mobile,58.20152,15.9977
Skaar Game Productions,Ovrebo,Norway,Developer,Developer,58.283,7.85
ActiveQuiz Europe,Trollhättan,Sweden,Mobile,Mobile,58.28365,12.28864
Easy Trigger Games (Coffee Stain),Trollhattan,Sweden,Developer,Developer,58.3174,12.2185
The Bearded Ladies,Trollhattan,Sweden,Developer,Developer,58.2132,12.3004
Interactive Fate,Tartu,Estonia,Developer,Developer,58.38062,26.72509
Perfoon,Tartu,Estonia,Microstudio,Developer,58.4144,26.6548
Odenity Interactive,Vanersborg,Sweden,Extended Reality (XR),XR (VR/AR),58.38075,12.3234
Gamecan,Parnu,Estonia,Developer,Developer,58.38588,24.49711
Aurora Arts,Skoevde,Sweden,Developer,Developer,58.39118,13.84506
Big Mood Studios,Skoevde,Sweden,Developer,Developer,58.425,13.7747
Brimstone Games,Skoevde,Sweden,Developer,Developer,58.3207,13.8569
Christoffer Bodegard,Skoevde,Sweden,Microstudio,Developer,58.4599,13.9456
Coffee Stain Studios,Skoevde,Sweden,Developer and Publisher,Publisher,58.3738,13.6572
Coil Works,Skoevde,Sweden,Microstudio,Developer,58.3312,14.025
Dazed Games,Skoevde,Sweden,Microstudio,Developer,58.5095,13.7844
Double Zero One Zero,Skoevde,Sweden,Developer,Developer,58.2738,13.7287
DoubleMoose Games,Skoevde,Sweden,Developer,Developer,58.4397,14.0985
Elva Entertainment,Skoevde,Sweden,Developer,Developer,58.4484,13.5805
Ember Paw Entertainment,Skoevde,Sweden,Developer,Developer,58.248,13.9729
Ember Paw Games,Skoevde,Sweden,Microstudio,Developer,58.5494,13.9398
Flamebait Games,Skoevde,Sweden,Developer,Developer,58.3043,13.5591
Frame Break (Amplifier Game Invest),Skoevde,Sweden,Developer,Developer,58.3525,14.181
Frostcore,Skoevde,Sweden,Developer,Developer,58.5442,13.6398
Gibbet Games,Skoevde,Sweden,Developer,Developer,58.1991,13.7976
Iron Gate Studio (Coffee Stain),Skoevde,Sweden,Developer,Developer,58.5201,14.1368
JETEBRA Games,Skoevde,Sweden,Developer,Developer,58.3997,13.4521
Knackelibang,Skoevde,Sweden,Microstudio,Developer,58.2415,14.132
Let it Roll,Skoevde,Sweden,Microstudio,Developer,58.6089,13.8259
Ludosity Interactive,Skoevde,Sweden,Developer,Developer,58.2195,13.5717
Madcake Studios,Skoevde,Sweden,Developer,Developer,58.4217,14.2783
Nattland Interactive,Skoevde,Sweden,Developer,Developer,58.5251,13.4778
Nuggets Entertainment,Skoevde,Sweden,Developer,Developer,58.1572,13.9455
Piktiv,Skoevde,Sweden,Developer,Developer,58.6037,14.0774
Red Vault Interactive,Skoevde,Sweden,Microstudio,Developer,58.3152,13.3906
Redbeet Interactive,Skoevde,Sweden,Developer,Developer,58.2842,14.2866
Shortfuse Games,Skoevde,Sweden,Developer,Developer,58.6308,13.6537
Solid Block of Power,Skoevde,Sweden,Developer,Developer,58.1422,13.6742
Speldosa Interactive,Skoevde,Sweden,Developer,Developer,58.5164,14.2998
Studio Downstairs,Skoevde,Sweden,Microstudio,Developer,58.461,13.3398
Stunlock Studios,Skoevde,Sweden,Developer,Developer,58.157,14.1323
Subfrost Interactive,Skoevde,Sweden,Developer,Developer,58.6699,13.9365
Sudden Snail,Skoevde,Sweden,Developer,Developer,58.2153,13.4118
Sweden Game Arena,Skoevde,Sweden,Organization,Other,58.3671,14.3994
Sweden Game Startup,Skoevde,Sweden,Incubator/Accelerator,Other,58.6083,13.4618
Thunderful Skovde,Skoevde,Sweden,Developer and Publisher,Publisher,58.0912,13.8479
Windmill Game Invest,Skoevde,Sweden,Investment,Other,58.6164,14.2349
Zcooly,Skoevde,Sweden,Mobile,Mobile,58.3627,13.2595
Aftnareld,Linkoping,Sweden,Developer,Developer,58.41086,15.62157
Avokodo Studios,Linkoping,Sweden,Mobile,Mobile,58.4446,15.5512
Beartwigs,Linkoping,Sweden,Developer,Developer,58.3404,15.6334
Catalope Games,Linkoping,Sweden,Microstudio,Developer,58.4796,15.7222
Chronocle,Linkoping,Sweden,Microstudio,Developer,58.3934,15.4336
Cutting Corner Games,Linkoping,Sweden,Developer,Developer,58.3509,15.8017
Doublecap,Linkoping,Sweden,Developer,Developer,58.5291,15.5609
East Sweden Game,Linkoping,Sweden,Incubator/Accelerator,Other,58.2935,15.5052
Fancade,Linkoping,Sweden,Mobile,Mobile,58.4594,15.8752
Graewolv,Linkoping,Sweden,Developer,Developer,58.4681,15.3569
Holmcom,Linkoping,Sweden,Microstudio,Developer,58.2677,15.7495
Liopep,Linkoping,Sweden,Health,Other,58.5691,15.7163
Lutra Interactive,Linkoping,Sweden,Serious Games,Other,58.324,15.3355
Mighty Magpie,Linkoping,Sweden,Microstudio,Developer,58.3722,15.9577
Pixleon,Linkoping,Sweden,Microstudio,Developer,58.5639,15.4162
Power Challenge,Linkoping,Sweden,Developer,Developer,58.2188,15.5741
Pugstorm,Linkoping,Sweden,Developer,Developer,58.5397,15.9135
Resolution Games,Linkoping,Sweden,Developer,Developer,58.4194,15.2283
Screenput,Linkoping,Sweden,Developer,Developer,58.2612,15.9086
Strategy Mill,Linkoping,Sweden,Microstudio,Developer,58.6286,15.6024
Therese Kristoffer Publishing,Linkoping,Sweden,Developer,Developer,58.2392,15.3481
Wemotion,Linkoping,Sweden,Developer,Developer,58.4414,16.0551
WuzzyWizard Studio,Linkoping,Sweden,Microstudio,Developer,58.5448,15.2541
VaragtP Studios,Lundsbrunn,Sweden,Developer,Developer,58.47168,13.44727
Code Club,Motala,Sweden,Developer,Developer,58.53706,15.03649
AmberWing,Norrkoping,Sweden,Developer,Developer,58.59419,16.1826
Borrowed Soul Studio,Norrkoping,Sweden,Microstudio,Developer,58.628,16.1118
Correcture Games,Norrkoping,Sweden,Microstudio,Developer,58.5238,16.1945
Modus Studios,Norrkoping,Sweden,Developer,Developer,58.6629,16.2837
Perpetuum Media Sverige,Norrkoping,Sweden,Publisher,Publisher,58.5768,15.9936
Tenstar,Tanumshede,Sweden,Serious Games,Other,58.72385,11.32587
Sozap,Nykoping,Sweden,Mobile,Mobile,58.753,17.00788
Sysiac Games,Nykoping,Sweden,Developer,Developer,58.7868,16.9368
Creative AI Nordic,Stromstad,Sweden,Microstudio,Developer,58.93945,11.1712
Agelvik,Stavanger,Norway,Microstudio,Developer,58.97005,5.73332
Misc Games,Stavanger,Norway,Developer,Developer,59.0038,5.6618
Neon Haze Game Studio,Saffle,Sweden,Developer,Developer,59.13229,12.92888
Crowhill Studios,Skudeneshavn,Norway,Developer,Developer,59.14945,5.25913
Playrix,Vologda,Russian Federation,Mobile,Mobile,59.2239,39.88398
Malformation Games,Tyreso,Sweden,Developer,Developer,59.244,18.228
Spelagon,Tyreso,Sweden,Microstudio,Developer,59.2778,18.1559
Rock Pocket,Tonsberg,Norway,Developer,Developer,59.26754,10.40762
Level Stars,Alvsjo,Sweden,Mobile,Mobile,59.279,18.011
Oxeye Game Studio,Johanneshov,Sweden,Developer,Developer,59.296,18.077
Nordic Software for Entertainment,Arsta,Sweden,Developer,Developer,59.2978,18.0514
FunDoubler,Hagersten,Sweden,Developer,Developer,59.298,17.979
Liquid Swords,Nacka,Sweden,Developer,Developer,59.31053,18.16372
Shellander Games,Nacka,Sweden,Developer,Developer,59.3443,18.0915
Blackfox Studios,Sodermalm,Sweden,Online,Other,59.31278,18.07577
FunRock Development (Fragbite Group),Sodermalm,Sweden,Mobile,Mobile,59.3466,18.0035
Low Peak Studios,Sodermalm,Sweden,Microstudio,Developer,59.2423,18.0879
QuadArk Studio,Karlskoga,Sweden,Developer,Developer,59.32667,14.52386
Omniscapes Interactive,Karlstand,Sweden,Developer and Publisher,Publisher,59.3293,18.0686
10 Chambers,Stockholm,Sweden,Developer,Developer,59.32938,18.06871
2Play Studios,Stockholm,Sweden,Developer,Developer,59.3632,17.9964
A Small Game,Stockholm,Sweden,Mobile,Mobile,59.2589,18.0808
Adventure Party Games,Stockholm,Sweden,Developer,Developer,59.3981,18.172
Antediluvian Interactive,Stockholm,Sweden,Developer,Developer,59.312,17.8757
Aonic,Stockholm,Sweden,Developer and Publisher,Publisher,59.2694,18.2536
Apprope,Stockholm,Sweden,Mobile,Mobile,59.4477,18.0064
Arcticmill,Stockholm,Sweden,Mobile,Mobile,59.212,17.9492
Ark Island Studio,Stockholm,Sweden,Microstudio,Developer,59.3779,18.3291
Arrowhead Game Studios,Stockholm,Sweden,Developer,Developer,59.3866,17.7969
Atvis,Stockholm,Sweden,Serious Games,Other,59.1862,18.2001
Aurora Punks,Stockholm,Sweden,Developer and Publisher,Publisher,59.4876,18.166
Avalanche Studios Group,Stockholm,Sweden,Developer,Developer,59.2425,17.7749
Axolot Games,Stockholm,Sweden,Developer and Publisher,Publisher,59.2907,18.4139
Ballistic Pork,Stockholm,Sweden,Developer,Developer,59.4824,17.8578
Bambino Games,Stockholm,Sweden,Mobile,Mobile,59.1373,18.0199
Bandai Namco Entertainment Nordic,Stockholm,Sweden,Publisher,Publisher,59.4583,18.3685
BandanaKid Games,Stockholm,Sweden,Developer,Developer,59.3379,17.6649
Bandit Island Games,Stockholm,Sweden,Developer,Developer,59.1797,18.3635
Battle Camp (Safe Lane Gaming),Stockholm,Sweden,Mobile,Mobile,59.5471,18.049
Behold Ventures,Stockholm,Sweden,Investment,Other,59.1577,17.7879
Beyond Frames Entertainment,Stockholm,Sweden,Developer and Publisher,Publisher,59.3599,18.5139
Black Voyage Games,Stockholm,Sweden,Developer,Developer,59.4633,17.6913
Blue Scarab Entertainment,Stockholm,Sweden,Developer,Developer,59.0954,18.1719
Bright Gambit,Stockholm,Sweden,Investment,Other,59.5419,18.3075
Burning Planet Digital,Stockholm,Sweden,Microstudio,Developer,59.2534,17.6018
Caketown Interactive,Stockholm,Sweden,Publisher,Publisher,59.2224,18.5224
Chessiverse,Stockholm,Sweden,Online,Other,59.569,17.8721
Chief Rebel,Stockholm,Sweden,Online,Other,59.0804,17.8932
Coffee Stain North,Stockholm,Sweden,Developer,Developer,59.4546,18.536
Coffee Stain Publishing,Stockholm,Sweden,Publisher,Publisher,59.3992,17.5496
Coldwood Interactive,Stockholm,Sweden,Developer,Developer,59.0952,18.3639
Collecting Smiles,Stockholm,Sweden,Microstudio,Developer,59.6081,18.1626
Cortopia Studios,Stockholm,Sweden,Extended Reality (XR),XR (VR/AR),59.1535,17.6235
Cosmico,Stockholm,Sweden,Developer,Developer,59.3053,18.6383
Counterspell,Stockholm,Sweden,Developer,Developer,59.5465,17.6749
Crackshell,Stockholm,Sweden,Developer,Developer,59.0294,18.0716
DICE (Electronic Arts),Stockholm,Sweden,Developer,Developer,59.5546,18.4693
Dark Riviera,Stockholm,Sweden,Developer,Developer,59.3009,17.4671
Darkened Theater Studios,Stockholm,Sweden,Developer,Developer,59.1406,18.5563
Dataspelsbranschen,Stockholm,Sweden,Organization,Other,59.6405,17.9578
Decaying Games,Stockholm,Sweden,Microstudio,Developer,59.0584,17.7344
Defold Foundation,Stockholm,Sweden,Organization,Other,59.415,18.6814
Devm Games,Stockholm,Sweden,Microstudio,Developer,59.4791,17.4969
Digital Agents Interactive,Stockholm,Sweden,Serious Games,Other,59.0184,18.2947
Digital Exception Sthlm,Stockholm,Sweden,Microstudio,Developer,59.64,18.3166
Draconic Interactive,Stockholm,Sweden,Developer,Developer,59.1842,17.468
EA Stockholm (Electronic Arts),Stockholm,Sweden,Publisher,Publisher,59.2284,18.7109
Eagle Games Sweden,Stockholm,Sweden,Mobile,Mobile,59.6282,17.7253
Elda Entertainment,Stockholm,Sweden,Publisher,Publisher,58.9872,17.9247
Eldring Games,Stockholm,Sweden,Microstudio,Developer,59.5341,18.6338
Elemental Games,Stockholm,Sweden,Developer,Developer,59.3735,17.3741
Embark Studios,Stockholm,Sweden,Developer,Developer,59.0548,18.5269
Enad Global 7,Stockholm,Sweden,Developer and Publisher,Publisher,59.6931,18.0947
Envar Games,Stockholm,Sweden,Developer,Developer,59.0677,17.5631
Envar Publishing,Stockholm,Sweden,Publisher,Publisher,59.3483,18.7947
Epic Games,Stockholm,Sweden,Developer and Publisher,Publisher,59.5677,17.5032
European Games Developer Federation (EGDF),Stockholm,Sweden,Organization,Other,58.9555,18.171
Evergreen IT,Stockholm,Sweden,Microstudio,Developer,59.643,18.4921
Evil Landfall,Stockholm,Sweden,Publisher,Publisher,59.2433,17.335
ExoCorp,Stockholm,Sweden,Mobile,Mobile,59.1385,18.7293
Expansive Worlds (Avalanche Studios Group),Stockholm,Sweden,Developer,Developer,59.7008,17.8325
Experiment 101 (THQ Nordic),Stockholm,Sweden,Developer,Developer,58.9712,17.7484
FJRD Interactive,Stockholm,Sweden,Developer,Developer,59.4844,18.7849
Fast Travel Games,Stockholm,Sweden,Developer and Publisher,Publisher,59.4629,17.3295
Fatshark,Stockholm,Sweden,Developer,Developer,58.9735,18.4398
Filimundus,Stockholm,Sweden,Developer,Developer,59.7227,18.2679
Filmic Studios,Stockholm,Sweden,Extended Reality (XR),XR (VR/AR),59.1064,17.396
Flip For Fate,Stockholm,Sweden,Developer,Developer,59.2615,18.866
Fragbite,Stockholm,Sweden,Developer and Publisher,Publisher,59.6565,17.567
Friendly Foe Games,Stockholm,Sweden,Developer,Developer,58.9123,18.005
Frostbite (Electronic Arts),Stockholm,Sweden,Developer,Developer,59.617,18.6723
Frostrok,Stockholm,Sweden,Developer,Developer,59.3252,17.237
Frozen Dev,Stockholm,Sweden,Developer,Developer,59.0439,18.6917
Fula Fisken,Stockholm,Sweden,Developer,Developer,59.7575,17.9868
Full Rogue,Stockholm,Sweden,Microstudio,Developer,58.9832,17.5588
FunRock,Stockholm,Sweden,Mobile,Mobile,59.4095,18.9087
G5 Entertainment,Stockholm,Sweden,Developer and Publisher,Publisher,59.5612,17.3385
GOALS,Stockholm,Sweden,Developer,Developer,58.9041,18.3016
GamersGate,Stockholm,Sweden,Publisher,Publisher,59.7258,18.4627
Gamethrill,Stockholm,Sweden,Developer,Developer,59.1719,17.2482
GeoGuessr,Stockholm,Sweden,Developer,Developer,59.1617,18.8874
Golf Dreams,Stockholm,Sweden,Microstudio,Developer,59.7376,17.6847
Good Night Brave Warrior,Stockholm,Sweden,Microstudio,Developer,58.8934,17.8098
Green Leap Games,Stockholm,Sweden,Developer,Developer,59.563,18.8416
Gro Play Digital,Stockholm,Sweden,Mobile,Mobile,59.424,17.1842
HVNT Entertainment,Stockholm,Sweden,Extended Reality (XR),XR (VR/AR),58.9527,18.5987
Hama Studios,Stockholm,Sweden,Microstudio,Developer,59.7924,18.1774
Hazelight,Stockholm,Sweden,Developer,Developer,59.0236,17.3714
Hexfront,Stockholm,Sweden,Developer,Developer,59.3145,18.993
Hitbox Games,Stockholm,Sweden,Developer,Developer,59.6607,17.4032
Hyperspeed Entertainment,Stockholm,Sweden,Developer,Developer,58.8532,18.121
IDUN Interactive,Stockholm,Sweden,Developer,Developer,59.7006,18.664
ISBIT Games,Stockholm,Sweden,Developer,Developer,59.2604,17.1332
Ichigoichie,Stockholm,Sweden,Developer,Developer,59.0564,18.8541
Jammerdal Games,Stockholm,Sweden,Developer,Developer,59.8038,17.8499
Jaramba (albert Group),Stockholm,Sweden,Serious Games,Other,58.902,17.5994
Jumpgate,Stockholm,Sweden,Developer and Publisher,Publisher,59.4836,18.9855
Kavalri Games,Stockholm,Sweden,Mobile,Mobile,59.5326,17.1839
Kedoo Entertainment,Stockholm,Sweden,Publisher,Publisher,58.8724,18.454
Keepsake Games,Stockholm,Sweden,Developer,Developer,59.8015,18.3914
King.com (Activision),Stockholm,Sweden,Mobile,Mobile,59.0913,17.2012
Koch Media,Stockholm,Sweden,Publisher,Publisher,59.2054,19.0284
Kreator Studios,Stockholm,Sweden,Developer,Developer,59.7535,17.5226
Landfall Games,Stockholm,Sweden,Developer,Developer,58.826,17.909
Laser Rabbit,Stockholm,Sweden,Microstudio,Developer,59.647,18.8568
Lightbulb Crew,Stockholm,Sweden,Developer,Developer,59.3669,17.0622
Lucky Lady Games,Stockholm,Sweden,Developer,Developer,58.9532,18.7645
Lukas Lundin,Stockholm,Sweden,Microstudio,Developer,59.8489,18.0538
MAG Interactive,Stockholm,Sweden,Mobile,Mobile,58.9393,17.3886
Magneticlake,Stockholm,Sweden,Developer,Developer,59.3829,19.0914
Maximum Entertainment,Stockholm,Sweden,Publisher,Publisher,59.6437,17.2401
Megabit Publishing (Aonic),Stockholm,Sweden,Publisher,Publisher,58.8097,18.2643
Mibi Games,Stockholm,Sweden,Microstudio,Developer,59.782,18.615
Midjiwan,Stockholm,Sweden,Developer,Developer,59.1833,17.0621
Might & Delight,Stockholm,Sweden,Developer,Developer,59.0892,19.0085
Might and Delight,Stockholm,Sweden,Developer,Developer,59.8325,17.6921
Mobile Pie,Stockholm,Sweden,Mobile,Mobile,58.8265,17.6786
Modern Times Group (MTG),Stockholm,Sweden,Mobile,Mobile,59.5668,19.0264
Modoyo,Stockholm,Sweden,Developer,Developer,59.485,17.0439
Mojang Studios (Xbox Game Studios),Stockholm,Sweden,Developer,Developer,58.8596,18.6206
Moon Mode,Stockholm,Sweden,Extended Reality (XR),XR (VR/AR),59.8682,18.2848
Mooncat Games,Stockholm,Sweden,Publisher,Publisher,59.0052,17.1922
Morgondag Software Development,Stockholm,Sweden,Microstudio,Developer,59.2662,19.1487
Motvind Studios,Stockholm,Sweden,Microstudio,Developer,59.7498,17.3532
MuddyPixel,Stockholm,Sweden,Microstudio,Developer,58.7706,18.0395
Nampa Design,Stockholm,Sweden,Mobile,Mobile,59.733,18.8333
Neat Corporation,Stockholm,Sweden,Extended Reality (XR),XR (VR/AR),59.2951,16.9661
Neighbourly Games,Ljusslingan,Sweden,Mobile,Mobile,58.9733,18.9305
Neuston,Stockholm,Sweden,Developer,Developer,59.891,17.9041
Noodleloop,Stockholm,Sweden,Developer,Developer,58.8567,17.4439
Nordic Forest Games,Stockholm,Sweden,Health,Other,59.4631,19.1595
Nordlight Games,Stockholm,Sweden,Developer,Developer,59.6077,17.0835
North Kingdom Design & Commu,Tulegatan,Sweden,Developer,Developer,58.7827,18.428
North Modding Company,Stockholm,Sweden,Developer,Developer,59.8583,18.5295
Northerner Games,Stockholm,Sweden,Developer and Publisher,Publisher,59.0973,17.0247
Odd Raven,Stockholm,Sweden,Extended Reality (XR),XR (VR/AR),59.1401,19.1499
Off-Leash Interactive,Stockholm,Sweden,Developer,Developer,59.8434,17.5202
Oldways Studios,Stockholm,Sweden,Developer,Developer,58.7593,17.7915
Omino Games,Stockholm,Sweden,Developer,Developer,59.6554,19.0315
One Potato Kingdom,Stockholm,Sweden,Online,Other,59.421,16.9229
Orsak Verkan,Stockholm,Sweden,Developer,Developer,58.8653,18.7948
Outbreak Studios,Stockholm,Sweden,Developer,Developer,59.9238,18.1481
Overkill Software (Starbreeze),Stockholm,Sweden,Developer,Developer,58.917,17.22
PAN Vision,Stockholm,Sweden,Publisher,Publisher,59.3411,19.2447
Palebits,Stockholm,Sweden,Microstudio,Developer,59.7273,17.183
Palomar Games,Stockholm,Sweden,Microstudio,Developer,58.7287,18.1953
Paperplay Games,Stockholm,Sweden,Mobile,Mobile,59.8176,18.7733
Paradox Interactive,Stockholm,Sweden,Developer and Publisher,Publisher,59.2118,16.8988
Perfect Random,Stockholm,Sweden,Developer,Developer,59.0119,19.0906
Pixel Night,Stockholm,Sweden,Developer,Developer,59.9175,17.7345
Pixel Tales,Stockholm,Sweden,Developer,Developer,58.7787,17.5345
Playcap Angel Investors,Stockholm,Sweden,Investment,Other,59.5521,19.1955
Plink&Plonk Studio,Stockholm,Sweden,Microstudio,Developer,59.5542,16.9392
Pointless Games,Stockholm,Sweden,Developer,Developer,58.7726,18.6057
Polarcade,Stockholm,Sweden,Mobile,Mobile,59.9269,18.4111
Pounce Light,Stockholm,Sweden,Developer,Developer,59.0058,17.0216
Punkzilla,Stockholm,Sweden,Developer,Developer,59.2068,19.2732
Pusselbit Games,Stockholm,Sweden,Microstudio,Developer,59.8364,17.3406
Puzzlebox Studios,Stockholm,Sweden,Mobile,Mobile,58.7027,17.9338
QDE Studio,Stockholm,Sweden,Mobile,Mobile,59.7463,19.001
Quel Solaar,Stockholm,Sweden,Microstudio,Developer,59.3432,16.8253
Rabbits Foot Studios,Stockholm,Sweden,Extended Reality (XR),XR (VR/AR),58.8894,18.97
Radical Sunset,Stockholm,Sweden,Microstudio,Developer,59.9664,17.9865
Raketspel,Stockholm,Sweden,Mobile,Mobile,58.8298,17.2834
Raw Fury,Stockholm,Sweden,Publisher,Publisher,59.4274,19.313
Razzleberries,Stockholm,Sweden,Developer,Developer,59.6869,17.0182
Re-koup,Stockholm,Sweden,Publisher,Publisher,58.7019,18.3708
Really Interactive,Stockholm,Sweden,Extended Reality (XR),XR (VR/AR),59.8979,18.6787
Recycled Humans,Stockholm,Sweden,Developer,Developer,59.1198,16.8625
Red Rose Interactive,Stockholm,Sweden,Developer,Developer,59.0675,19.2391
Refold Games,Stockholm,Sweden,Developer and Publisher,Publisher,59.9275,17.5509
Remedy Entertainment,Stockholm,Sweden,Developer,Developer,58.7081,17.6573
Resolution Games,Stockholm,Sweden,Developer and Publisher,Publisher,59.6466,19.198
Ricpau Studios,Stockholm,Sweden,Microstudio,Developer,59.485,16.8123
Rift Consulting,Stockholm,Sweden,Developer and Publisher,Publisher,58.7801,18.7911
Rightsized Games,Stockholm,Sweden,Developer,Developer,59.9852,18.2639
RimeLime,Stockholm,Sweden,Developer,Developer,58.9119,17.0535
Robtop Games,Stockholm,Sweden,Mobile,Mobile,59.2873,19.3738
Rock A Role Games,Stockholm,Sweden,Developer,Developer,59.8115,17.1595
Roden Games,Stockholm,Sweden,Developer,Developer,58.6588,18.1008
Roro,Stockholm,Sweden,Mobile,Mobile,59.8363,18.9355
Rovio Stockholm,Stockholm,Sweden,Mobile,Mobile,59.254,16.7546
Rusty Pug Entertainment,Stockholm,Sweden,Developer,Developer,58.9311,19.1404
Rymdfall,Stockholm,Sweden,Developer,Developer,59.9942,17.8053
SULLY,Stockholm,Sweden,Developer,Developer,58.7468,17.3808
Safe Lane Gaming,Stockholm,Sweden,Mobile,Mobile,59.5224,19.3508
Sailing Bears Studio,Stockholm,Sweden,Developer,Developer,59.6296,16.8645
Scion Studios,Stockholm,Sweden,Developer,Developer,58.6913,18.5604
Sequel Games,Stockholm,Sweden,Mobile,Mobile,59.971,18.5523
Shaping Games,Stockholm,Sweden,Microstudio,Developer,59.0221,16.8593
Short Circuit Studios,Stockholm,Sweden,Developer,Developer,59.1387,19.3708
Simple Magic Studios,Stockholm,Sweden,Developer,Developer,59.9202,17.3592
Sleipner Games,Stockholm,Sweden,Developer,Developer,58.6475,17.8088
Snowprint Studios,Stockholm,Sweden,Developer,Developer,59.7437,19.1661
Spelkraft,Stockholm,Sweden,Microstudio,Developer,59.4022,16.7074
Spintop Ventures,Stockholm,Sweden,Investment,Other,58.8053,18.9784
Square Dreams,Stockholm,Sweden,Developer,Developer,60.0311,18.092
Star Stable,Stockholm,Sweden,Online,Other,58.8187,17.1199
Starbreeze Studios,Stockholm,Sweden,Developer,Developer,59.3791,19.448
Sticky Games,Stockholm,Sweden,Microstudio,Developer,59.7691,16.9831
Stillfront Group,Stockholm,Sweden,Developer,Developer,58.6294,18.2876
Studio 555,Stockholm,Sweden,Developer,Developer,59.9224,18.8362
Stugan,Stockholm,Sweden,Incubator/Accelerator,Other,59.1561,16.7141
Surgical Science,Stockholm,Sweden,Serious Games,Other,58.9895,19.3
Sutur,Stockholm,Sweden,Microstudio,Developer,60.0059,17.6097
Swedish Games Industry,Stockholm,Sweden,Organization,Other,58.6708,17.51
TENSTACK,Stockholm,Sweden,Developer,Developer,59.6232,19.356
TTK Games,Stockholm,Sweden,Developer,Developer,59.5568,16.7272
Tale Maker Productions,Stockholm,Sweden,Developer,Developer,58.6979,18.7584
Tappily,Stockholm,Sweden,Mobile,Mobile,60.0343,18.3972
Ternios,Stockholm,Sweden,Mobile,Mobile,58.9218,16.8902
The GD Studio,Stockholm,Sweden,Developer,Developer,59.2236,19.4808
The Gang,Stockholm,Sweden,Social,Other,59.8952,17.1655
The Mindball Company,Stockholm,Sweden,Developer,Developer,58.5992,17.9852
Thespian,Stockholm,Sweden,Extended Reality (XR),XR (VR/AR),59.8402,19.0996
Three Friends,Stockholm,Sweden,Publisher,Publisher,59.3079,16.6287
Thriving Ventures,Stockholm,Sweden,Developer,Developer,58.848,19.1615
Tiny Nomads,Stockholm,Sweden,Microstudio,Developer,60.0626,17.9
Toca Boca (Spin Master),Stockholm,Sweden,Mobile,Mobile,58.7292,17.2202
Toppluva,Stockholm,Sweden,Mobile,Mobile,59.4799,19.4923
Tribe Studio,Stockholm,Sweden,Serious Games,Other,59.7098,16.8169
Ubisoft Stockholm,Stockholm,Sweden,Developer and Publisher,Publisher,58.6159,18.489
Unity Technologies Sweden,Stockholm,Sweden,Developer,Developer,60.0018,18.7051
Unleash the Giraffe,Stockholm,Sweden,Developer,Developer,59.0522,16.706
Valiant Game Studio,Stockholm,Sweden,Developer,Developer,59.0636,19.4436
Vanilla Sky Productions,Stockholm,Sweden,Microstudio,Developer,60.0006,17.4054
Villa Gorilla,Stockholm,Sweden,Developer,Developer,58.6043,17.6682
Visiontrick Media,Stockholm,Sweden,Microstudio,Developer,59.7269,19.327
Warm Kitten Games,Stockholm,Sweden,Developer,Developer,59.4701,16.6113
Warpzone Studios,Stockholm,Sweden,Developer,Developer,58.7221,18.9589
Westre Games,Stockholm,Sweden,Microstudio,Developer,60.0855,18.2168
Wilnyl Games,Stockholm,Sweden,Microstudio,Developer,58.8218,16.9557
Woodhill Interactive,Stockholm,Sweden,Microstudio,Developer,59.3202,19.5648
Wrong Organ,Stockholm,Sweden,Developer,Developer,59.8528,16.9754
Ztar Games,Stockholm,Sweden,Developer,Developer,58.5651,18.182
edyoutec,Stockholm,Sweden,Developer,Developer,59.9333,18.9992
gumi Sweden,Stockholm,Sweden,Online,Other,59.2045,16.5797
iorama Studio,Stockholm,Sweden,Mobile,Mobile,58.9075,19.3347
ActFirst Games,Bromma,Sweden,Developer,Developer,59.34,17.94
Nebryx,Bromma,Sweden,Mobile,Mobile,59.3738,17.8677
WINGS Fund,Bromma,Sweden,Incubator/Accelerator,Other,59.2696,17.9521
Bumblebee Studios,Solna,Sweden,Developer,Developer,59.36004,18.00086
Mystwood Studios,Solna,Sweden,Developer,Developer,59.3938,17.9285
Offworld Corporation,Solna,Sweden,Serious Games,Other,59.2896,18.013
DVapps,Eskilstuna,Sweden,Mobile,Mobile,59.36661,16.5077
MythoLogic Interactive,Eskilstuna,Sweden,Microstudio,Developer,59.4004,16.4353
Wildlife Studios,Lidingo,Sweden,Mobile,Mobile,59.36667,18.13333
Clear River Games,Karlstad,Sweden,Publisher,Publisher,59.3793,13.50357
Frostglade,Karlstad,Sweden,Microstudio,Developer,59.4131,13.4312
NetherMoon Game Studio,Karlstad,Sweden,Developer,Developer,59.3089,13.5157
Nimble Giant Entertainment,Karlstad,Sweden,Developer,Developer,59.448,13.607
Nine Lives Game Studio,Karlstad,Sweden,Developer,Developer,59.3619,13.3102
Snovittra,Karlstad,Sweden,Microstudio,Developer,59.3193,13.6888
Somatoform,Karlstad,Sweden,Microstudio,Developer,59.4976,13.4411
THQ Nordic,Karlstad,Sweden,Publisher,Publisher,59.2619,13.3839
Team Velocita,Karlstad,Sweden,Developer,Developer,59.4278,13.7644
The Great Journey,Karlstad,Sweden,Incubator/Accelerator,Other,59.4365,13.2314
The Nuttery Entertainment,Karlstad,Sweden,Developer,Developer,59.2361,13.6351
agera,Karlstad,Sweden,Extended Reality (XR),XR (VR/AR),59.5375,13.601
Ancient Well Entertainment,Arjang,Sweden,Developer,Developer,59.39217,12.13336
Fuyu Games,Kista,Sweden,Microstudio,Developer,59.40316,17.94479
Ullbors Illustrations,Sollentuna,Sweden,Microstudio,Developer,59.42804,17.95093
Bluemoon Interactive,Tallinn,Estonia,Developer,Developer,59.43696,24.75353
CM Games,Tallinn,Estonia,Developer,Developer,59.4707,24.681
Chaosmonger Studio,Tallinn,Estonia,Developer,Developer,59.3665,24.7657
Chosen Bun,Tallinn,Estonia,Developer,Developer,59.5057,24.8572
Creative Mobile,Tallinn,Estonia,Developer and Publisher,Publisher,59.4195,24.5599
Cydonian Games,Tallinn,Estonia,Developer,Developer,59.377,24.9391
DEVGAME,Tallinn,Estonia,Mobile,Mobile,59.5552,24.691
Galaxy4Games,Tallinn,Estonia,Mobile,Mobile,59.3196,24.6336
Game Founders,Tallinn,Estonia,Incubator/Accelerator,Other,59.4855,25.0148
GameFounders,Tallinn,Estonia,Organization,Other,59.4942,24.4809
Gamedev Estonia,Tallinn,Estonia,Organization,Other,59.2938,24.8853
Goose Minded,Tallinn,Estonia,Developer,Developer,59.5952,24.8511
Hammer & Ravens,Tallinn,Estonia,Developer,Developer,59.3501,24.4588
Mike Klubnika,Tallinn,Estonia,Developer,Developer,59.3983,25.0998
Mister Morris Games,Tallinn,Estonia,Developer,Developer,59.59,24.5419
Mr. Morris Games,Tallinn,Estonia,Developer,Developer,59.2449,24.7046
NineZyme Entertainment,Tallinn,Estonia,Developer,Developer,59.5658,25.0543
Placeholder Gameworks,Tallinn,Estonia,Developer and Publisher,Publisher,59.4455,24.3484
Rhea Games,Tallinn,Estonia,Developer,Developer,59.2873,25.0492
Tall Troll Games,Tallinn,Estonia,Developer,Developer,59.6547,24.7337
Badger Punch Games,Holmestrand,Norway,Developer,Developer,59.48761,10.31761
Fredaikis,Upplands Vasby,Sweden,Online,Other,59.51839,17.91128
Insanto Studios,Forshaga,Sweden,Developer,Developer,59.52541,13.48127
Krufs Productions,Forshaga,Sweden,Microstudio,Developer,59.5592,13.4086
aMASE,Balsta,Sweden,Serious Games,Other,59.5671,17.52781
Art in Heart,Vasteras,Sweden,Developer,Developer,59.61617,16.55276
BulletHell Studios,Vasteras,Sweden,Developer,Developer,59.6499,16.4799
Svantech Studios,Sigtuna,Sweden,Microstudio,Developer,59.61731,17.72361
Yoger Games,Enkoping,Sweden,Developer,Developer,59.63607,17.07768
Walrus Game Studios,Surahammar,Sweden,Microstudio,Developer,59.70725,16.22188
Dovora Interactive,Norrtalje,Sweden,Mobile,Mobile,59.75799,18.70496
Rubarb Studio,Kolbotn,Norway,Developer,Developer,59.81056,10.80389
Skildra,Munkfors,Sweden,Developer,Developer,59.83856,13.54361
Skildra Sverige Ekonomisk,Munkfors,Sweden,Social,Other,59.8723,13.4702
Anyone's Game Studio,Uppsala,Sweden,Developer,Developer,59.85882,17.63889
Big Mood Studios,Uppsala,Sweden,Developer,Developer,59.8926,17.5655
Dead People Dreaming,Uppsala,Sweden,Microstudio,Developer,59.7884,17.6512
Dinomite Games,Uppsala,Sweden,Developer,Developer,59.9275,17.7438
Doctor Entertainment,Uppsala,Sweden,Developer and Publisher,Publisher,59.8414,17.4428
Ember Trail,Uppsala,Sweden,Developer,Developer,59.7988,17.8268
Frojo Apps,Uppsala,Sweden,Mobile,Mobile,59.9771,17.5756
Gaming Corps,Uppsala,Sweden,Developer,Developer,59.7414,17.5175
Kinda Brave Entertainment,Uppsala,Sweden,Developer and Publisher,Publisher,59.9073,17.9034
Lost Sock Studio,Uppsala,Sweden,Microstudio,Developer,59.9161,17.3628
MachineGames (ZeniMax Media),Uppsala,Sweden,Developer,Developer,59.7156,17.7724
Neon Giant,Uppsala,Sweden,Developer,Developer,60.0171,17.7377
Nexile,Uppsala,Sweden,Developer,Developer,59.772,17.3404
Oskar Stalberg,Uppsala,Sweden,Online,Other,59.8201,17.9895
Spagank,Uppsala,Sweden,Microstudio,Developer,60.0119,17.4246
Teotl Studios,Uppsala,Sweden,Developer,Developer,59.6668,17.5893
semiwork,Uppsala,Sweden,Developer,Developer,59.9877,17.9435
Agens,Oslo,Norway,Developer,Developer,59.91273,10.74609
Antagonist,Oslo,Norway,Developer,Developer,59.9465,10.6725
Bifrost Entertainment,Oslo,Norway,Publisher,Publisher,59.8423,10.7584
BitPet,Oslo,Norway,Developer,Developer,59.9815,10.8512
Bromantic Games,Oslo,Norway,Mobile,Mobile,59.8953,10.5497
EMK Capital,Oslo,Norway,Investment,Other,59.8527,10.9343
Engaged,Oslo,Norway,Developer,Developer,60.031,10.6827
Funcom (Tencent),Oslo,Norway,Developer,Developer,59.7953,10.6245
Hyper Games,Oslo,Norway,Developer,Developer,59.9612,11.0111
Machineboy (Mattis Folkestad),Oslo,Norway,Microstudio,Developer,59.97,10.4695
Megapop Games,Oslo,Norway,Mobile,Mobile,59.7695,10.8798
Red Rover Interactive,Oslo,Norway,Developer,Developer,60.071,10.8451
Red Thread Games,Oslo,Norway,Developer,Developer,59.8259,10.4472
Rubarb Studio,Oslo,Norway,Mobile,Mobile,59.874,11.0973
Snowcastle Games,Oslo,Norway,Developer,Developer,60.0658,10.5315
Team Fugl,Oslo,Norway,Extended Reality (XR),XR (VR/AR),59.7207,10.6964
Tooth Games,Oslo,Norway,Developer,Developer,60.0416,11.0511
Aegik,Sala,Sweden,Developer,Developer,59.91993,16.60655
Battlestate Games,Saint Petersburg,Russian Federation,Developer,Developer,59.93863,30.31413
Creepy Brothers,Saint Petersburg,Russian Federation,Developer,Developer,59.9724,30.2405
Dark Crystal Games,Saint Petersburg,Russian Federation,Mobile,Mobile,59.8682,30.3265
Flashback Games,Saint Petersburg,Russian Federation,Developer,Developer,60.0074,30.4193
Ink Stains Games,Saint Petersburg,Russian Federation,Developer,Developer,59.9212,30.1176
JoyBits,Saint Petersburg,Russian Federation,Mobile,Mobile,59.8786,30.5025
Konfa Games,Saint Petersburg,Russian Federation,Developer,Developer,60.0569,30.2507
Konstantin Koshutin,Saint Petersburg,Russian Federation,Microstudio,Developer,59.8212,30.1924
LLC Blini Games,Saint Petersburg,Russian Federation,Developer,Developer,59.9871,30.5793
Larian Studios,Saint Petersburg,Russian Federation,Developer,Developer,59.9959,30.0373
Last Level,Saint Petersburg,Russian Federation,Mobile,Mobile,59.7954,30.4479
Lesta Games / Lesta Studio,Saint Petersburg,Russian Federation,Developer,Developer,60.0969,30.4132
Moon Moose,Saint Petersburg,Russian Federation,Developer,Developer,59.8518,30.015
My.Games,Saint Petersburg,Russian Federation,Online,Other,59.8999,30.6656
Mytona,Saint Petersburg,Russian Federation,Mobile,Mobile,60.0917,30.0993
NevoSoft,Saint Petersburg,Russian Federation,Developer,Developer,59.7466,30.2645
Ninsar Games,Saint Petersburg,Russian Federation,Developer,Developer,60.0675,30.6194
Playkot,Saint Petersburg,Russian Federation,Mobile,Mobile,59.9471,29.9029
Reaction Games,Saint Petersburg,Russian Federation,Developer,Developer,59.789,30.6143
Saber Interactive,Saint Petersburg,Russian Federation,Developer and Publisher,Publisher,60.1563,30.294
Social Quantum,Saint Petersburg,Russian Federation,Mobile,Mobile,59.7669,30.0281
Sperasoft,Saint Petersburg,Russian Federation,Developer,Developer,59.9692,30.7675
TOR Studio,Saint Petersburg,Russian Federation,Developer,Developer,60.0726,29.9298
The Web Production,Saint Petersburg,Russian Federation,Developer,Developer,59.7047,30.4192
Uroboros Games,Saint Petersburg,Russian Federation,Developer,Developer,60.1512,30.5572
4Bit Games,Lillestrom,Norway,Developer,Developer,59.95597,11.04918
Aniway,Helsinki,Finland,Mobile,Mobile,60.16952,24.93545
Antihero Studios,Helsinki,Finland,Mobile,Mobile,60.2033,24.8613
BIT ODD,Helsinki,Finland,Mobile,Mobile,60.0991,24.9479
Bugbear Entertainment (THQ Nordic),Helsinki,Finland,Developer,Developer,60.2382,25.0414
Channel 37,Helsinki,Finland,Developer,Developer,60.1521,24.7375
Coquito Games,Helsinki,Finland,Developer,Developer,60.1095,25.1251
Cornfox & Brothers,Helsinki,Finland,Developer,Developer,60.2878,24.8715
Cosmic Division,Helsinki,Finland,Developer,Developer,60.0521,24.8129
Dodreams,Helsinki,Finland,Mobile,Mobile,60.218,25.2025
DragonBox Finland,Helsinki,Finland,Serious Games,Other,60.2268,24.6567
End-All Entertainment,Helsinki,Finland,Developer,Developer,60.0263,25.0702
Epic Games,Helsinki,Finland,Developer and Publisher,Publisher,60.3278,25.0352
Everywear Games,Helsinki,Finland,Mobile,Mobile,60.0827,24.6342
Frogmind,Helsinki,Finland,Mobile,Mobile,60.1308,25.2894
Frozenbyte,Helsinki,Finland,Developer,Developer,60.3226,24.7191
Fun Academy,Helsinki,Finland,Serious Games,Other,59.9775,24.8854
Futureplay,Helsinki,Finland,Mobile,Mobile,60.2984,25.2429
Grip Studios Interactive,Helsinki,Finland,Developer,Developer,60.178,24.5214
Hempuli,Helsinki,Finland,Developer,Developer,60.0199,25.2377
HouseMarque,Helsinki,Finland,Developer,Developer,60.3872,24.9152
Huuuge Games,Helsinki,Finland,Mobile,Mobile,59.9978,24.6474
IGDA Finland,Helsinki,Finland,Organization,Other,60.2001,25.392
Jetdogs Studio,Helsinki,Finland,Mobile,Mobile,60.3035,24.5484
Joinplay Games,Helsinki,Finland,Developer,Developer,59.9356,25.0413
Kuuasema,Helsinki,Finland,Developer,Developer,60.382,25.1803
Lightheart Entertainment,Helsinki,Finland,Mobile,Mobile,60.0935,24.4566
Living Game Intelligence Network,Helsinki,Finland,Incubator/Accelerator,Other,60.0626,25.4007
Loiste Interactive,Helsinki,Finland,Developer,Developer,60.4092,24.7338
Lyra Creative,Helsinki,Finland,Developer,Developer,59.9206,24.7554
Mainframe Industries,Helsinki,Finland,Online,Other,60.2948,25.4146
Metacore,Helsinki,Finland,Mobile,Mobile,60.2393,24.4031
Moon Loot Games (Netflix),Helsinki,Finland,Mobile,Mobile,59.9354,25.2381
Mopeful Games,Helsinki,Finland,Microstudio,Developer,60.4483,25.0318
Murska Digital,Helsinki,Finland,Microstudio,Developer,59.9936,24.4789
Neogames,Helsinki,Finland,Organization,Other,60.1454,25.5196
Next Games (Netflix),Helsinki,Finland,Mobile,Mobile,60.3867,24.5316
Nitro Games,Helsinki,Finland,Developer,Developer,59.8695,24.9384
Nolla Games,Helsinki,Finland,Developer,Developer,60.3948,25.3462
Palringo,Helsinki,Finland,Mobile,Mobile,60.1411,24.3185
Panzerdog,Helsinki,Finland,Developer,Developer,59.9807,25.4355
Part Time Monkey,Helsinki,Finland,Developer,Developer,60.4806,24.8217
Playstack,Helsinki,Finland,Publisher,Publisher,59.8986,24.5927
Playtika,Helsinki,Finland,Mobile,Mobile,60.2552,25.5637
Quicksave Interactive,Helsinki,Finland,Social,Other,60.3192,24.349
Reality Crisis,Helsinki,Finland,Mobile,Mobile,59.8585,25.1672
Red Lynx (Ubisoft),Helsinki,Finland,Mobile,Mobile,60.4802,25.1897
Redly Games,Helsinki,Finland,Mobile,Mobile,60.0243,24.3194
Return Entertainment,Helsinki,Finland,Online,Other,60.0685,25.594
Sandsoft Games,Helsinki,Finland,Developer and Publisher,Publisher,60.4684,24.5833
Secret Exit,Helsinki,Finland,Developer,Developer,59.8273,24.7877
Shiver Games,Helsinki,Finland,Developer,Developer,60.3743,25.5149
Sisu Game Ventures,Helsinki,Finland,Investment,Other,60.2137,24.2231
Small Giant Games (Zynga),Helsinki,Finland,Developer,Developer,59.895,25.4053
Snowprint Studios,Helsinki,Finland,Mobile,Mobile,60.5333,24.9621
Soihtu DTx,Helsinki,Finland,Health,Other,59.9078,24.417
Still Running,Helsinki,Finland,Developer,Developer,60.1885,25.6799
Studio 555,Helsinki,Finland,Developer,Developer,60.4078,24.3556
Sulake Labs,Helsinki,Finland,Online,Other,59.7956,25.0403
Supercell,Helsinki,Finland,Online,Other,60.4832,25.3696
Supercell Investments,Helsinki,Finland,Investment,Other,60.0834,24.183
Superplus Games,Helsinki,Finland,Mobile,Mobile,59.9786,25.6129
Sustainable Games Alliance,Helsinki,Finland,Organization,Other,60.541,24.6932
Tensori,Helsinki,Finland,Developer,Developer,59.8113,24.607
Tracktwenty Studio (Electronic Arts),Helsinki,Finland,Mobile,Mobile,60.3245,25.6699
Utu Studios,Helsinki,Finland,Developer,Developer,60.3031,24.1775
Woblyware,Helsinki,Finland,Mobile,Mobile,59.8136,25.316
ZOAN,Helsinki,Finland,Extended Reality (XR),XR (VR/AR),60.5628,25.1397
Almost Human,Espoo,Finland,Developer,Developer,60.2052,24.6522
Antti Mannisto,Espoo,Finland,Developer,Developer,60.239,24.578
Espoo Game LAB,Espoo,Finland,Incubator/Accelerator,Other,60.1348,24.6646
Future Mark,Espoo,Finland,Online,Other,60.2739,24.7582
Hemisquare,Espoo,Finland,Developer,Developer,60.1878,24.454
Odd Latent Games,Espoo,Finland,Developer,Developer,60.1452,24.842
Redbeak Games,Espoo,Finland,Developer,Developer,60.3235,24.5882
Remedy Entertainment,Espoo,Finland,Developer,Developer,60.0878,24.5295
Rovio Finland,Espoo,Finland,Mobile,Mobile,60.2537,24.9195
Startup Sauna,Espoo,Finland,Incubator/Accelerator,Other,60.2624,24.3732
Virtual Air Guitar Company,Espoo,Finland,Developer,Developer,60.062,24.7871
Juhana Myllys,Lohja,Finland,Developer,Developer,60.24859,24.06534
Clifftop Games,Hedemora,Sweden,Developer,Developer,60.27973,15.98855
Killmonday Games,Hedemora,Sweden,Developer,Developer,60.3135,15.9142
Do My Best Games,Vantaa,Finland,Microstudio,Developer,60.29414,25.04099
Draconus Entertainment,Vantaa,Finland,Developer,Developer,60.3279,24.9666
D-Pad Studio,Bergen,Norway,Developer,Developer,60.39299,5.32415
Eduplaytion,Bergen,Norway,Serious Games,Other,60.4268,5.2495
Henchman and Goon,Bergen,Norway,Developer,Developer,60.3226,5.3367
Levato,Bergen,Norway,Serious Games,Other,60.4617,5.4308
Noneda,Bergen,Norway,Organization,Other,60.3756,5.1248
Rain Games,Bergen,Norway,Developer,Developer,60.333,5.5151
Snow Cannon Games,Bergen,Norway,Publisher,Publisher,60.5113,5.2598
Adventure Islands,Kerava,Finland,Microstudio,Developer,60.40338,25.105
Mechanical Head Studios,Tuusula,Finland,Developer,Developer,60.40368,25.02638
Bugbyte,Turku,Finland,Microstudio,Developer,60.45148,22.26869
Fakefish,Turku,Finland,Developer,Developer,60.4853,22.1939
Loren Lemcke,Turku,Finland,Microstudio,Developer,60.381,22.2812
MiTale,Turku,Finland,Developer,Developer,60.5202,22.3755
Rune Skovbo Johansen,Turku,Finland,Microstudio,Developer,60.4341,22.069
Undertow Games,Turku,Finland,Developer,Developer,60.3915,22.46
Good Old Pixel,Borlänge,Sweden,Developer,Developer,60.4858,15.43714
Campground Interactive,Falun,Sweden,Developer,Developer,60.60357,15.62597
Kiwick Studios,Falun,Sweden,Developer,Developer,60.6373,15.5509
Tension Technology,Falun,Sweden,Developer,Developer,60.5331,15.6386
Early Morning Studio,Gavle,Sweden,Developer,Developer,60.67452,17.14174
Giron Software,Gavle,Sweden,Mobile,Mobile,60.7083,17.0665
Cloudberry Pine,Leksand,Sweden,Microstudio,Developer,60.7303,14.99994
Encircle Games,Hamar,Norway,Developer,Developer,60.7945,11.06798
Krillbite Studios,Hamar,Norway,Developer,Developer,60.8283,10.9924
Sarepta Studio,Hamar,Norway,Developer,Developer,60.7241,11.0806
Snow Leaf Studios,Hamar,Norway,Developer,Developer,60.8632,11.176
Teknopilot,Hamar,Norway,Microstudio,Developer,60.7771,10.8662
Team Tyrant,Kouvola,Finland,Developer,Developer,60.86667,26.7
Perfectly Paranormal,Elverum,Norway,Developer,Developer,60.88191,11.56231
Mitorah Games,Hameenlinna,Finland,Developer and Publisher,Publisher,60.99596,24.46434
Kaskuja Studio,South Karelia,Finland,Developer,Developer,61.0587,28.1887
CakeNeq Games,Anchorage,United States,Developer,Developer,61.21806,-149.90028
Codeaclysm Games,Anchorage,United States,Microstudio,Developer,61.2518,-149.9769
10tons,Tampere,Finland,Developer,Developer,61.49911,23.78712
Colossal Order,Tampere,Finland,Developer,Developer,61.5329,23.7099
FRACTiLE Games,Tampere,Finland,Developer,Developer,61.4287,23.8001
Hologram Monster,Tampere,Finland,Developer,Developer,61.5678,23.8975
Hyperkani,Tampere,Finland,Mobile,Mobile,61.4817,23.5808
Iceflake Studios (Paradox Interactive),Tampere,Finland,Developer,Developer,61.4391,23.9848
Joinplay Games,Tampere,Finland,Developer,Developer,61.6174,23.7205
One Trick Entertainment,Tampere,Finland,Developer,Developer,61.3817,23.6593
Osumia Games,Tampere,Finland,Developer,Developer,61.5476,24.0655
Panic Art Studios,Tampere,Finland,Mobile,Mobile,61.5563,23.4966
Paradox Interactive,Tampere,Finland,Developer and Publisher,Publisher,61.3559,23.9276
Tampere Game Hub,Tampere,Finland,Organization,Other,61.6573,23.8911
TeacherGaming,Tampere,Finland,Serious Games,Other,61.4123,23.4731
Traplight,Tampere,Finland,Mobile,Mobile,61.4604,24.1561
Quite Fresh Games,Hudiksvall,Sweden,Developer,Developer,61.72744,17.10558
Mytona,Yakutsk,Russian Federation,Mobile,Mobile,62.03114,129.72288
Moon Flame Games,Ramsjo,Sweden,Microstudio,Developer,62.183,15.65
AnvilBird Interactive,Jyväskylä,Finland,Developer,Developer,62.24147,25.72088
Expa Game Business Cooperative,Jyväskylä,Finland,Incubator/Accelerator,Other,62.2752,25.6417
Instant Kingdom,Jyväskylä,Finland,Microstudio,Developer,62.171,25.7342
Psyon Games,Jyväskylä,Finland,Developer,Developer,62.3102,25.834
Snowhound,Jyväskylä,Finland,Developer,Developer,62.2241,25.5095
System Erasure,Jyväskylä,Finland,Developer,Developer,62.1815,25.9234
Zaibatsu Interactive,Jyväskylä,Finland,Mobile,Mobile,62.3597,25.6526
A Bit Ago,Sundsvall,Sweden,Developer,Developer,62.39129,17.3063
Atomic Elbow,Sundsvall,Sweden,Developer,Developer,62.4251,17.2267
Edym Pixels,Sundsvall,Sweden,Microstudio,Developer,62.3209,17.3196
KONUNGER GAMES,Sundsvall,Sweden,Microstudio,Developer,62.46,17.42
Molntuss Spel,Sundsvall,Sweden,Microstudio,Developer,62.3739,17.0938
Saber Interactive,Sundsvall,Sweden,Developer and Publisher,Publisher,62.3313,17.5099
Parta Games,Suonenjoki,Finland,Mobile,Mobile,62.61667,27.13333
Kalla Gameworks,Kuopio,Finland,Developer,Developer,62.89238,27.67703
Grey Tower,Kramfors,Sweden,Developer,Developer,62.93161,17.77646
Lost Hive Studios,Nordingra,Sweden,Developer,Developer,62.933,18.283
September Games,Vassa,Finland,Microstudio,Developer,63.0951,21.6165
Lingon Studios,Vaasa,Finland,Developer,Developer,63.096,21.61577
Platonic Partnership,Vaasa,Finland,Developer,Developer,63.1298,21.5343
GleeMill,Ostersund,Sweden,Microstudio,Developer,63.1792,14.63566
Breach VR,Trondheim,Norway,Extended Reality (XR),XR (VR/AR),63.43049,10.39506
CakeFish,Trondheim,Norway,Developer,Developer,63.4643,10.3126
Inconspicuous Creations,Trondheim,Norway,Developer,Developer,63.3601,10.4089
Pineleaf Studio,Trondheim,Norway,Online,Other,63.4992,10.5129
Spawn Point Trondheim,Trondheim,Norway,Incubator/Accelerator,Other,63.4131,10.1749
Studio Gauntlet,Trondheim,Norway,Developer,Developer,63.3705,10.606
ablemagic,Trondheim,Norway,Mobile,Mobile,63.5488,10.324
Horsefly Games,Kaustinen,Finland,Developer,Developer,63.54878,23.68845
Allscope,Umea,Sweden,Investment,Other,63.82842,20.25972
Blast Bit Enterprises,Umea,Sweden,Mobile,Mobile,63.8622,20.1761
Cold River Games,Umea,Sweden,Developer,Developer,63.758,20.2737
David Marquardt Studios,Umea,Sweden,Microstudio,Developer,63.8971,20.3792
Frostspektrum Interactive,Umea,Sweden,Microstudio,Developer,63.811,20.0365
Game Boost Sweden,Umea,Sweden,Developer,Developer,63.7684,20.4736
Game Hub Umea,Umea,Sweden,Organization,Other,63.9467,20.1876
Kibix,Umea,Sweden,Organization,Other,63.711,20.1215
MVRX games,Umea,Sweden,Developer,Developer,63.8769,20.5609
Modus Studios (Maximum Games),Umea,Sweden,Developer and Publisher,Publisher,63.8857,19.9454
Oryx Simulations,Umea,Sweden,Extended Reality (XR),XR (VR/AR),63.6852,20.4117
Parrexion Games,Umea,Sweden,Microstudio,Developer,63.9867,20.3722
SideQuest Sweden,Umea,Sweden,Mobile,Mobile,63.7416,19.92
The Fine Arc Nordic,Umea,Sweden,Developer,Developer,63.7897,20.6589
Turborilla,Umea,Sweden,Mobile,Mobile,63.9815,20.0158
Wayfinder Studios,Umea,Sweden,Developer,Developer,63.6364,20.2033
Windup Games,Umea,Sweden,Developer,Developer,63.9573,20.6065
WinterKeep Interactive,Umea,Sweden,Developer,Developer,63.8369,19.7927
Bunkhouse Games,Hafnarfjordur,Iceland,Developer,Developer,64.0671,-21.93774
Lumenox,Hafnarfjordur,Iceland,Developer,Developer,64.1009,-22.022
1939 Games,Reykjavik,Iceland,Mobile,Mobile,64.13548,-21.89541
94 Kelvin,Reykjavik,Iceland,Developer,Developer,64.1693,-21.9799
Aldin Dynamics,Reykjavik,Iceland,Extended Reality (XR),XR (VR/AR),64.065,-21.8812
Aska Studios,Reykjavik,Iceland,Developer,Developer,64.2042,-21.7746
Directive Games,Reykjavik,Iceland,Mobile,Mobile,64.1181,-22.1211
Evolytes,Reykjavik,Iceland,Serious Games,Other,64.0755,-21.6792
Fenris Creations,Reykjavik,Iceland,Online,Other,64.2538,-21.9683
Game Makers Iceland,Reykjavik,Iceland,Organization,Other,64.0181,-22.0352
Gebo Kano,Reykjavik,Iceland,Developer,Developer,64.184,-21.5909
Ghosts,Reykjavik,Iceland,Developer,Developer,64.1927,-22.2132
Icelandic Games Industry (IGI),Reykjavik,Iceland,Organization,Other,63.9923,-21.7418
Joon,Reykjavik,Iceland,Developer,Developer,64.2937,-21.7816
Licorice,Reykjavik,Iceland,Developer,Developer,64.0486,-22.2389
Mainframe Industries,Reykjavik,Iceland,Online,Other,64.0968,-21.4918
Moku,Reykjavik,Iceland,Social,Other,64.2885,-22.1421
Mussila,Reykjavík,Iceland,Mobile,Mobile,63.9434,-21.9525
Myrkur,Reykjavík,Iceland,Developer,Developer,64.2644,-21.5449
Parity,Reykjavík,Iceland,Developer,Developer,64.144,-22.3676
Polar Region Games,Reykjavik,Iceland,Developer,Developer,63.9858,-21.5507
PolyKite Games,Reykjavik,Iceland,Developer,Developer,64.3532,-21.9185
Porcelain Fortress,Reykjavík,Iceland,Developer,Developer,63.9638,-22.2238
Quest Portal,Reykjavik,Iceland,Developer,Developer,64.166,-21.3749
Rocky Road Games,Reykjavik,Iceland,Social,Other,64.2694,-22.3367
Solfar Studios,Reykjavik,Iceland,Extended Reality (XR),XR (VR/AR),63.9015,-21.7748
Tasty Rook,Reykjavik,Iceland,Social,Other,64.348,-21.6162
Torfias,Reykjavik,Iceland,Microstudio,Developer,64.0595,-22.4414
Vitar Games,Reykjavik,Iceland,Developer,Developer,64.0285,-21.3649
Solid Clouds,Seltjarnarnes,Iceland,Online,Other,64.15309,-21.99499
Black Smoke Studios,Kajaani,Finland,Developer,Developer,64.22728,27.72846
Critical Force Entertainment,Kajaani,Finland,Mobile,Mobile,64.2611,27.6437
GameCity Kajaani,Kajaani,Finland,Incubator/Accelerator,Other,64.1568,27.7427
Seven Stars,Kajaani,Finland,Mobile,Mobile,64.296,27.8496
Team Jolly Roger,Kajaani,Finland,Developer,Developer,64.2099,27.502
LUDUS FUTURE,Arkhangelsk,Russian Federation,Developer,Developer,64.5461,40.55183
Arctic Game,Skelleftea,Sweden,Organization,Other,64.75067,20.95279
Creative Crowd,Skelleftea,Sweden,Serious Games,Other,64.7844,20.8664
Feral Flame Studios,Skelleftea,Sweden,Developer,Developer,64.6802,20.9673
Gold Town Games,Skelleftea,Sweden,Mobile,Mobile,64.8194,21.0763
Grand Pike (Gold Town Games),Skelleftea,Sweden,Mobile,Mobile,64.7333,20.7219
Hex Foundry Entertainment,Skelleftea,Sweden,Developer,Developer,64.6907,21.1739
Mind Detonator,Skelleftea,Sweden,Incubator/Accelerator,Other,64.8689,20.8783
Polysoup Interactive,Skelleftea,Sweden,Developer,Developer,64.6333,20.8098
Silent Factory,Skelleftea,Sweden,Developer,Developer,64.7992,21.2642
Spinoff Games,Skelleftea,Sweden,Developer,Developer,64.8079,20.6277
Tarvalley,Skelleftea,Sweden,Extended Reality (XR),XR (VR/AR),64.6075,21.1099
Turborilla,Skelleftea,Sweden,Mobile,Mobile,64.9089,21.0691
Vavel Games,Skelleftea,Sweden,Online,Other,64.6638,20.6015
BorbWare,Oulu,Finland,Microstudio,Developer,65.01236,25.46816
Domesticated Ant Games,Oulu,Finland,Microstudio,Developer,65.0461,25.3809
Fingersoft,Oulu,Finland,Mobile,Mobile,64.9419,25.4828
Ludocraft,Oulu,Finland,Developer,Developer,65.0811,25.5929
Plebeian Studio,Oulu,Finland,Developer,Developer,64.9949,25.235
VRKiwi,Oulu,Finland,Extended Reality (XR),XR (VR/AR),64.9524,25.6915
Ballistic Pork,Jorn,Sweden,Developer,Developer,65.05914,20.03919
Blamorama Games,Lulea,Sweden,Mobile,Mobile,65.58415,22.15465
Metropolis Digital,Lulea,Sweden,Social,Other,65.6179,22.0655
Arctic Bones,Norrbotten,Sweden,Microstudio,Developer,65.5848,22.1547
5 Fortress,Boden,Sweden,Developer,Developer,65.82518,21.68864
Boden Game Incubator,Boden,Sweden,Incubator/Accelerator,Other,65.859,21.5986
House of How Sweden,Boden,Sweden,Developer,Developer,65.7547,21.7037
Miracle Bread,Boden,Sweden,Microstudio,Developer,65.8939,21.8173
Sparrowland,Boden,Sweden,Developer,Developer,65.8078,21.4482
The Notlanders,Boden,Sweden,Developer,Developer,65.7652,21.919
Viktorart,Boden,Sweden,Microstudio,Developer,65.9435,21.611
SetShape Studio,Kiruna,Sweden,Extended Reality (XR),XR (VR/AR),67.85572,20.22513
High North Studios,Vestre Jakobselv,Norway,Developer,Developer,70.106,29.34
