Name,Platform,Year_of_Release,Genre,User_Score,User_Count
Wii Sports,Wii,2006.0,Sports,8.0,322.0
Mario Kart Wii,Wii,2008.0,Racing,8.3,709.0
Wii Sports Resort,Wii,2009.0,Sports,8.0,192.0
New Super Mario Bros.,DS,2006.0,Platform,8.5,431.0
New Super Mario Bros. Wii,Wii,2009.0,Platform,8.4,594.0
Mario Kart DS,DS,2005.0,Racing,8.6,464.0
Wii Fit,Wii,2007.0,Sports,7.7,146.0
Wii Fit Plus,Wii,2009.0,Sports,7.4,52.0
Grand Theft Auto V,PS3,2013.0,Action,8.2,3994.0
Grand Theft Auto: San Andreas,PS2,2004.0,Action,9.0,1588.0
Grand Theft Auto V,X360,2013.0,Action,8.1,3711.0
Grand Theft Auto: Vice City,PS2,2002.0,Action,8.7,730.0
Brain Age 2: More Training in Minutes a Day,DS,2005.0,Puzzle,7.1,19.0
Gran Turismo 3: A-Spec,PS2,2001.0,Racing,8.4,314.0
Call of Duty: Modern Warfare 3,X360,2011.0,Shooter,3.4,8713.0
Call of Duty: Black Ops,X360,2010.0,Shooter,6.3,1454.0
Call of Duty: Black Ops II,PS3,2012.0,Shooter,5.3,922.0
Call of Duty: Black Ops II,X360,2012.0,Shooter,4.8,2256.0
Call of Duty: Modern Warfare 2,X360,2009.0,Shooter,6.3,2698.0
Call of Duty: Modern Warfare 3,PS3,2011.0,Shooter,3.2,5234.0
Grand Theft Auto III,PS2,2001.0,Action,8.5,664.0
Super Smash Bros. Brawl,Wii,2008.0,Fighting,8.9,1662.0
Mario Kart 7,3DS,2011.0,Racing,8.2,632.0
Call of Duty: Black Ops,PS3,2010.0,Shooter,6.4,1094.0
Grand Theft Auto V,PS4,2014.0,Action,8.3,2899.0
Animal Crossing: Wild World,DS,2005.0,Simulation,8.7,242.0
Halo 3,X360,2007.0,Shooter,7.8,4100.0
Gran Turismo 4,PS2,2004.0,Racing,8.5,272.0
Super Mario Galaxy,Wii,2007.0,Platform,8.9,2147.0
Grand Theft Auto IV,X360,2008.0,Action,7.9,2951.0
Gran Turismo,PS,1997.0,Racing,8.7,138.0
Super Mario 3D Land,3DS,2011.0,Platform,8.4,921.0
Gran Turismo 5,PS3,2010.0,Racing,7.5,1112.0
Call of Duty: Modern Warfare 2,PS3,2009.0,Shooter,6.3,2073.0
Grand Theft Auto IV,PS3,2008.0,Action,7.5,2833.0
Call of Duty: Ghosts,X360,2013.0,Shooter,2.6,2117.0
New Super Mario Bros. 2,3DS,2012.0,Platform,7.2,424.0
Halo: Reach,X360,2010.0,Shooter,7.9,2045.0
Final Fantasy VII,PS,1997.0,Role-Playing,9.2,1282.0
Halo 4,X360,2012.0,Shooter,7.0,3260.0
Gran Turismo 2,PS,1999.0,Racing,9.0,135.0
Call of Duty: Ghosts,PS3,2013.0,Shooter,2.6,1047.0
Call of Duty 4: Modern Warfare,X360,2007.0,Shooter,8.4,1320.0
Animal Crossing: New Leaf,3DS,2012.0,Simulation,8.7,626.0
The Elder Scrolls V: Skyrim,X360,2011.0,Role-Playing,8.4,3589.0
FIFA 16,PS4,2015.0,Sports,4.3,896.0
Halo 2,XB,2004.0,Shooter,8.2,1218.0
FIFA Soccer 13,PS3,2012.0,Action,6.6,348.0
Final Fantasy X,PS2,2001.0,Role-Playing,8.7,1056.0
The Sims 3,PC,2009.0,Simulation,7.6,886.0
Final Fantasy VIII,PS,1999.0,Role-Playing,8.6,644.0
Pokémon Platinum Version,DS,2008.0,Role-Playing,8.5,203.0
Grand Theft Auto: Liberty City Stories,PSP,2005.0,Action,7.6,451.0
Call of Duty: Advanced Warfare,PS4,2014.0,Shooter,5.7,1443.0
FIFA 17,PS4,2016.0,Sports,5.0,398.0
Super Mario Galaxy 2,Wii,2010.0,Platform,9.1,1854.0
Call of Duty: World at War,X360,2008.0,Shooter,7.6,580.0
Battlefield 3,X360,2011.0,Shooter,7.4,2142.0
Need for Speed Underground,PS2,2003.0,Racing,8.6,171.0
Battlefield 3,PS3,2011.0,Shooter,7.5,1761.0
Fallout 4,PS4,2015.0,Role-Playing,6.5,4228.0
Tekken 3,PS,1998.0,Fighting,9.1,367.0
The Legend of Zelda: Twilight Princess,Wii,2006.0,Action,9.0,1658.0
Crash Bandicoot 3: Warped,PS,1998.0,Platform,8.9,432.0
Mario Kart 8,WiiU,2014.0,Racing,9.1,1599.0
Super Smash Bros. Melee,GC,2001.0,Fighting,9.1,568.0
Need for Speed Underground 2,PS2,2004.0,Racing,8.6,132.0
Medal of Honor: Frontline,PS2,2002.0,Shooter,8.5,135.0
Gears of War 2,X360,2008.0,Shooter,7.7,2739.0
Uncharted 3: Drake's Deception,PS3,2011.0,Action,8.3,3712.0
Call of Duty 4: Modern Warfare,PS3,2007.0,Shooter,8.4,993.0
Uncharted 2: Among Thieves,PS3,2009.0,Action,8.8,5187.0
Red Dead Redemption,PS3,2010.0,Action,8.8,2456.0
FIFA 14,PS3,2013.0,Sports,4.3,576.0
Assassin's Creed III,PS3,2012.0,Action,6.9,1307.0
Donkey Kong Country Returns,Wii,2010.0,Platform,8.6,368.0
Halo: Combat Evolved,XB,2001.0,Shooter,8.6,1283.0
The Elder Scrolls V: Skyrim,PS3,2011.0,Role-Playing,6.4,2527.0
Pokémon Emerald Version,GBA,2004.0,Role-Playing,9.0,222.0
Kingdom Hearts,PS2,2002.0,Role-Playing,8.8,597.0
Halo 3: ODST,X360,2009.0,Shooter,7.1,1163.0
Red Dead Redemption,X360,2010.0,Action,9.0,2316.0
Super Mario Sunshine,GC,2002.0,Platform,8.6,439.0
World of Warcraft,PC,2004.0,Role-Playing,7.3,2182.0
Driver,PS,1999.0,Action,8.1,78.0
Gears of War 3,X360,2011.0,Shooter,7.8,1504.0
Kinect Sports,X360,2010.0,Sports,7.4,95.0
Gears of War,X360,2006.0,Shooter,8.3,2295.0
FIFA 15,PS4,2014.0,Sports,5.7,988.0
Metal Gear Solid 2: Sons of Liberty,PS2,2001.0,Action,8.7,1026.0
Metal Gear Solid,PS,1998.0,Action,9.4,918.0
Metal Gear Solid 4: Guns of the Patriots,PS3,2008.0,Action,8.7,3558.0
Final Fantasy XII,PS2,2006.0,Role-Playing,7.6,972.0
The Last of Us,PS3,2013.0,Action,9.1,8003.0
LittleBigPlanet,PS3,2008.0,Platform,6.8,5311.0
Resident Evil 2,PS,1998.0,Action,9.2,364.0
Dragon Quest IX: Sentinels of the Starry Skies,DS,2009.0,Role-Playing,8.8,197.0
Tekken 2,PS,1996.0,Fighting,8.9,102.0
Destiny,PS4,2014.0,Shooter,6.1,5380.0
LEGO Star Wars: The Complete Saga,Wii,2007.0,Action,8.9,62.0
Cooking Mama,DS,2006.0,Simulation,7.2,21.0
Assassin's Creed II,PS3,2009.0,Action,8.6,1202.0
Assassin's Creed,X360,2007.0,Adventure,7.7,1074.0
Forza Motorsport 3,X360,2009.0,Racing,8.0,516.0
Super Mario Advance,GBA,2001.0,Platform,7.8,41.0
Monster Hunter Freedom Unite,PSP,2008.0,Role-Playing,8.7,124.0
Batman: Arkham City,PS3,2011.0,Action,8.6,2162.0
Grand Theft Auto V,XOne,2014.0,Action,7.9,764.0
Mario Kart: Super Circuit,GBA,2001.0,Racing,8.3,108.0
Crash Bandicoot: The Wrath of Cortex,PS2,2001.0,Platform,7.1,156.0
Call of Duty: World at War,PS3,2008.0,Shooter,7.6,409.0
Uncharted 4: A Thief's End,PS4,2016.0,Shooter,7.9,7064.0
Final Fantasy XIII,PS3,2009.0,Role-Playing,7.3,2483.0
Final Fantasy IX,PS,2000.0,Role-Playing,8.9,779.0
Assassin's Creed III,X360,2012.0,Action,6.7,1196.0
Final Fantasy X-2,PS2,2003.0,Role-Playing,6.6,400.0
Call of Duty: Advanced Warfare,XOne,2014.0,Shooter,5.4,898.0
Assassin's Creed II,X360,2009.0,Action,8.8,1305.0
Madden NFL 2004,PS2,,Sports,8.5,140.0
New Super Mario Bros. U,WiiU,2012.0,Platform,8.1,733.0
Dragon Quest VIII: Journey of the Cursed King,PS2,2004.0,Role-Playing,8.8,245.0
Professor Layton and the Curious Village,DS,2007.0,Puzzle,8.6,147.0
FIFA Soccer 13,X360,2012.0,Action,6.1,403.0
Diablo III,PC,2012.0,Role-Playing,4.0,9629.0
Medal of Honor: Rising Sun,PS2,2003.0,Shooter,7.6,100.0
Fable III,X360,2010.0,Role-Playing,6.5,604.0
Resident Evil 5,PS3,2009.0,Action,7.5,667.0
The Legend of Zelda: Phantom Hourglass,DS,2007.0,Action,8.0,416.0
FIFA Soccer 11,PS3,2010.0,Sports,8.0,233.0
Resident Evil,PS,1996.0,Action,9.0,266.0
Grand Theft Auto: Vice City Stories,PSP,2006.0,Action,8.0,150.0
Tony Hawk's Pro Skater,PS,1999.0,Sports,9.2,69.0
Link's Crossbow Training,Wii,2007.0,Shooter,7.1,47.0
Fallout 3,X360,2008.0,Role-Playing,8.5,1655.0
Uncharted: Drake's Fortune,PS3,2007.0,Action,8.1,2306.0
Madden NFL 06,PS2,2005.0,Sports,8.0,121.0
StarCraft II: Wings of Liberty,PC,2010.0,Strategy,8.2,3052.0
Assassin's Creed,PS3,2007.0,Adventure,7.3,769.0
God of War III,PS3,2010.0,Action,8.7,2633.0
Crash Team Racing,PS,1999.0,Racing,9.0,233.0
LEGO Star Wars: The Complete Saga,DS,2007.0,Action,5.4,46.0
Driver 2,PS,2000.0,Action,7.7,92.0
Batman: Arkham City,X360,2011.0,Action,8.7,1472.0
Tony Hawk's Pro Skater 2,PS,2000.0,Sports,7.7,299.0
The Lord of the Rings: The Two Towers,PS2,2002.0,Action,8.2,78.0
Tomb Raider,PS,1996.0,Action,8.6,147.0
Animal Crossing: City Folk,Wii,2008.0,Simulation,7.6,119.0
Uncharted: The Nathan Drake Collection,PS4,2015.0,Action,8.1,1264.0
The Legend of Zelda: The Wind Waker,GC,2002.0,Action,8.9,968.0
Luigi's Mansion: Dark Moon,3DS,2013.0,Action,8.4,458.0
Forza Motorsport 4,X360,2011.0,Racing,8.2,617.0
Madden NFL 2005,PS2,2004.0,Sports,7.9,78.0
Madden NFL 07,PS2,2006.0,Sports,8.2,39.0
Halo 5: Guardians,XOne,2015.0,Shooter,6.4,2438.0
Spider-Man: The Movie,PS2,2002.0,Action,7.9,41.0
Call of Duty: Infinite Warfare,PS4,2016.0,Shooter,3.4,1129.0
God of War,PS2,2005.0,Action,8.9,997.0
Splatoon,WiiU,2015.0,Shooter,8.5,1184.0
Tony Hawk's Pro Skater 3,PS2,2001.0,Sports,7.5,298.0
Winning Eleven: Pro Evolution Soccer 2007,PS2,2006.0,Sports,8.9,33.0
The Elder Scrolls IV: Oblivion,X360,2006.0,Role-Playing,8.7,1109.0
Need for Speed: Most Wanted,PS2,2005.0,Racing,9.1,137.0
Call of Duty: Advanced Warfare,PS3,2014.0,Shooter,4.8,207.0
Resistance: Fall of Man,PS3,2006.0,Shooter,8.1,715.0
Kingdom Hearts II,PS2,2005.0,Role-Playing,9.0,766.0
Super Mario 3D World,WiiU,2013.0,Platform,9.0,1607.0
Call of Duty: Advanced Warfare,X360,2014.0,Shooter,4.9,221.0
FIFA 15,PS3,2014.0,Sports,4.5,109.0
Fable II,X360,2008.0,Role-Playing,6.5,2423.0
Batman: Arkham Asylum,PS3,2009.0,Action,8.9,1122.0
Metal Gear Solid 3: Snake Eater,PS2,2004.0,Action,9.3,955.0
Assassin's Creed: Revelations,PS3,2011.0,Action,7.5,613.0
Fallout 4,XOne,2015.0,Role-Playing,6.2,1749.0
FIFA 14,X360,2013.0,Sports,4.2,435.0
Daxter,PSP,2006.0,Platform,8.7,109.0
FIFA Soccer 06,PS2,2005.0,Sports,7.8,47.0
Gran Turismo 5 Prologue,PS3,2007.0,Racing,7.1,120.0
Assassin's Creed: Revelations,X360,2011.0,Action,7.2,564.0
Street Fighter IV,PS3,2009.0,Fighting,7.3,330.0
Madden NFL 2003,PS2,2002.0,Sports,7.7,65.0
Half-Life,PC,1997.0,Shooter,9.1,3161.0
World of Warcraft: The Burning Crusade,PC,2007.0,Role-Playing,7.9,785.0
Battlefield 1,PS4,2016.0,Shooter,8.4,809.0
God of War II,PS2,2007.0,Action,8.9,709.0
World Soccer Winning Eleven 9,PS2,2005.0,Sports,8.2,23.0
Fallout: New Vegas,X360,2010.0,Role-Playing,8.1,769.0
Forza Motorsport 2,X360,2007.0,Racing,8.3,381.0
Watch Dogs,PS4,2014.0,Action,6.3,2996.0
Tekken Tag Tournament,PS2,2000.0,Fighting,8.5,117.0
Far Cry 4,PS4,2014.0,Shooter,7.7,1653.0
Left 4 Dead 2,X360,2009.0,Shooter,8.6,681.0
The Witcher 3: Wild Hunt,PS4,2015.0,Role-Playing,9.2,10179.0
Assassin's Creed: Unity,PS4,2014.0,Action,4.9,2050.0
Batman: Arkham Knight,PS4,2015.0,Action,7.6,2679.0
The Legend of Zelda: Skyward Sword,Wii,2011.0,Action,8.0,1958.0
Fallout 3,PS3,2008.0,Role-Playing,8.0,910.0
Professor Layton and the Diabolical Box,DS,2007.0,Puzzle,8.8,72.0
EA Sports Active,Wii,2009.0,Sports,8.7,39.0
Tony Hawk's Underground,PS2,2003.0,Sports,8.7,121.0
Monster Hunter 4 Ultimate,3DS,2014.0,Role-Playing,8.7,348.0
The Elder Scrolls V: Skyrim,PC,2011.0,Role-Playing,8.1,9073.0
NBA 2K16,PS4,2015.0,Sports,6.7,364.0
Tekken 5,PS2,2005.0,Fighting,8.6,229.0
MotorStorm,PS3,2006.0,Racing,7.4,220.0
World Soccer Winning Eleven 8 International,PS2,2004.0,Sports,9.1,38.0
Sports Champions,PS3,2010.0,Sports,7.9,104.0
Call of Duty: Ghosts,PS4,2013.0,Shooter,3.7,1564.0
Tom Clancy's The Division,PS4,2016.0,Shooter,7.0,2219.0
LEGO Indiana Jones: The Original Adventures,X360,2008.0,Action,7.5,66.0
The Sims: Unleashed,PC,2002.0,Simulation,8.0,29.0
Harry Potter and the Sorcerer's Stone,PS,2001.0,Action,7.5,41.0
Super Paper Mario,Wii,2007.0,Platform,7.9,417.0
Spyro: Year of the Dragon,PS,2000.0,Platform,8.8,207.0
Assassin's Creed IV: Black Flag,PS3,2013.0,Action,8.1,840.0
FIFA Soccer 2005,PS2,2004.0,Sports,7.6,56.0
Tony Hawk's Pro Skater 4,PS2,2002.0,Sports,8.5,128.0
MySims,DS,2007.0,Simulation,7.3,13.0
Midnight Club 3: DUB Edition,PSP,2005.0,Racing,8.4,31.0
SOCOM: U.S. Navy SEALs,PS2,2002.0,Shooter,7.9,82.0
Jak and Daxter: The Precursor Legacy,PS2,2001.0,Platform,8.7,312.0
Pro Evolution Soccer 2008,PS2,2007.0,Sports,7.9,38.0
Resident Evil 4,PS2,2005.0,Action,8.9,1013.0
FIFA Soccer 10,PS3,2009.0,Sports,7.6,203.0
Star Wars: Battlefront,PS2,2004.0,Shooter,8.7,142.0
The Simpsons: Road Rage,PS2,2001.0,Racing,7.7,32.0
Luigi's Mansion,GC,2001.0,Action,8.5,161.0
Battlefield 4,PS4,2013.0,Shooter,6.9,1580.0
Star Wars: Battlefront II,PS2,2005.0,Shooter,9.0,268.0
Cooking Mama 2: Dinner With Friends,DS,2007.0,Simulation,8.0,9.0
Grand Theft Auto: Liberty City Stories,PS2,2006.0,Action,7.8,112.0
The Getaway,PS2,2002.0,Action,6.8,88.0
James Bond 007: Agent Under Fire,PS2,2001.0,Shooter,7.9,48.0
FIFA Soccer 11,X360,2010.0,Sports,7.5,155.0
Left 4 Dead,X360,2008.0,Shooter,7.9,1309.0
Assassin's Creed: Unity,XOne,2014.0,Action,4.1,1005.0
Resident Evil 5,X360,2009.0,Action,7.5,523.0
Assassin's Creed: Brotherhood,X360,2010.0,Action,8.3,693.0
FIFA Soccer 2004,PS2,,Sports,6.4,76.0
Battlefield 4,PS3,2013.0,Shooter,5.8,579.0
Batman: Arkham Asylum,X360,2009.0,Action,8.7,1080.0
Battlefield 4,X360,2013.0,Shooter,5.6,542.0
Battlefield: Bad Company 2,X360,2010.0,Shooter,8.6,869.0
Borderlands,X360,2009.0,Shooter,8.2,715.0
Tekken 4,PS2,2002.0,Fighting,8.3,126.0
Grand Theft Auto 2,PS,1998.0,Action,8.0,67.0
Metal Gear Solid V: The Phantom Pain,PS4,2015.0,Action,8.2,3943.0
Spider-Man 2,PS2,2004.0,Action,8.9,106.0
FIFA Soccer 2003,PS2,2002.0,Sports,6.7,35.0
LittleBigPlanet 2,PS3,2011.0,Platform,8.4,657.0
Assassin's Creed Syndicate,PS4,2015.0,Action,6.8,1319.0
LEGO Batman: The Videogame,X360,2008.0,Action,7.9,75.0
Destiny,XOne,2014.0,Shooter,5.5,1735.0
Far Cry 3,PS3,2012.0,Shooter,8.5,1041.0
James Bond 007: Nightfire,PS2,2002.0,Shooter,8.5,66.0
Star Wars Episode III: Revenge of the Sith,PS2,2005.0,Action,7.2,82.0
The Legend of Zelda: Spirit Tracks,DS,2009.0,Action,7.8,228.0
Max Payne,PS2,2001.0,Shooter,8.5,86.0
Assassin's Creed IV: Black Flag,X360,2013.0,Action,7.9,701.0
The Lord of the Rings: The Return of the King,PS2,2003.0,Action,8.7,105.0
Gears of War: Ultimate Edition,XOne,2015.0,Shooter,7.5,563.0
True Crime: Streets of LA,PS2,2003.0,Action,8.0,94.0
Professor Layton and the Unwound Future,DS,2008.0,Puzzle,9.2,111.0
FIFA 16,XOne,2015.0,Sports,4.4,459.0
Madden NFL 16,PS4,2015.0,Sports,5.9,180.0
Gran Turismo 6,PS3,2013.0,Racing,7.7,758.0
Halo: The Master Chief Collection,XOne,2014.0,Shooter,7.2,1267.0
Super Mario Maker,WiiU,2015.0,Platform,8.7,691.0
God of War: Chains of Olympus,PSP,2008.0,Action,8.6,565.0
Enter the Matrix,PS2,2003.0,Action,8.1,137.0
Crisis Core: Final Fantasy VII,PSP,2007.0,Role-Playing,8.0,463.0
L.A. Noire,PS3,2011.0,Adventure,7.7,1010.0
Ace Combat 04: Shattered Skies,PS2,2001.0,Simulation,9.1,95.0
Animal Crossing,GC,2001.0,Simulation,8.9,137.0
FIFA Soccer 08,PS2,2007.0,Sports,6.5,36.0
Club Penguin: Elite Penguin Force,DS,2008.0,Adventure,8.0,37.0
Spider-Man,PS,2000.0,Action,9.0,107.0
Sonic Rush,DS,2005.0,Platform,8.5,101.0
Fallout: New Vegas,PS3,2010.0,Role-Playing,7.8,492.0
The Elder Scrolls IV: Oblivion,PS3,2007.0,Role-Playing,8.0,604.0
The Legend of Zelda: A Link Between Worlds,3DS,2013.0,Action,8.9,1057.0
Resident Evil 6,PS3,2012.0,Shooter,5.4,1304.0
Mass Effect 2,X360,2010.0,Role-Playing,8.9,3143.0
Dragon Ball Z: Budokai,PS2,2002.0,Fighting,7.9,71.0
Madden NFL 2002,PS2,2001.0,Sports,7.9,46.0
The Sims: Vacation,PC,2002.0,Simulation,7.8,22.0
LEGO Batman: The Videogame,Wii,,Action,7.9,22.0
Animal Crossing: Happy Home Designer,3DS,2015.0,Simulation,6.9,106.0
The Sims 4,PC,2014.0,Simulation,3.9,2057.0
Borderlands 2,X360,2012.0,Shooter,8.2,892.0
LEGO Batman: The Videogame,DS,2008.0,Action,8.0,16.0
Kung Fu Panda,X360,2008.0,Action,7.4,32.0
Mass Effect 3,X360,2012.0,Role-Playing,5.8,3725.0
Heavy Rain,PS3,2010.0,Adventure,7.7,2759.0
Saints Row 2,X360,2008.0,Action,8.1,307.0
Tom Clancy's Splinter Cell,XB,2002.0,Action,8.5,121.0
FIFA 14,PS4,2013.0,Sports,6.3,616.0
Killzone 2,PS3,2009.0,Shooter,8.1,1505.0
Far Cry 3,X360,2012.0,Shooter,8.6,1247.0
Epic Mickey,Wii,2010.0,Platform,7.0,131.0
NBA 2K13,X360,2012.0,Sports,7.2,131.0
Dragon Ball Z: Budokai Tenkaichi 3,PS2,2007.0,Fighting,9.2,173.0
World Soccer Winning Eleven 6 International,PS2,2002.0,Sports,9.1,65.0
Devil May Cry,PS2,2001.0,Action,8.5,466.0
Star Wars: The Old Republic,PC,2011.0,Role-Playing,5.9,2748.0
Middle-Earth: Shadow of Mordor,PS4,2014.0,Action,8.1,1886.0
Sonic Heroes,PS2,2003.0,Platform,7.8,94.0
Hitman 2: Silent Assassin,PS2,2002.0,Action,7.8,78.0
Titanfall,XOne,2014.0,Shooter,6.4,2658.0
Battlefield: Bad Company 2,PS3,2010.0,Shooter,8.5,572.0
SOCOM II: U.S. Navy SEALs,PS2,2003.0,Shooter,9.0,93.0
Pac-Man Collection,GBA,2001.0,Puzzle,7.8,4.0
Street Fighter IV,X360,2009.0,Fighting,7.3,292.0
inFAMOUS,PS3,2009.0,Action,8.3,1172.0
Kirby Super Star Ultra,DS,2008.0,Platform,8.8,76.0
Call of Duty: Ghosts,XOne,2013.0,Shooter,4.3,700.0
FIFA 15,X360,2014.0,Sports,4.2,85.0
Mass Effect,X360,2007.0,Role-Playing,8.7,1692.0
World Soccer Winning Eleven 7 International,PS2,2003.0,Sports,9.0,45.0
Sega Superstars Tennis,X360,2008.0,Sports,6.8,18.0
Hot Shots Golf 3,PS2,2001.0,Sports,8.9,16.0
Cooking Mama: Cook Off,Wii,2007.0,Simulation,5.3,23.0
Call of Duty: Finest Hour,PS2,2004.0,Shooter,7.7,69.0
WarioWare: Smooth Moves,Wii,2006.0,Puzzle,7.4,179.0
Imagine: Babyz,DS,2007.0,Simulation,7.7,15.0
Madden NFL 13,X360,2012.0,Sports,5.8,179.0
The Elder Scrolls III: Morrowind,XB,2002.0,Role-Playing,8.7,111.0
Assassin's Creed IV: Black Flag,PS4,2013.0,Action,7.8,1530.0
Mortal Kombat,PS3,2011.0,Fighting,8.4,494.0
Madden NFL 10,X360,2009.0,Sports,6.1,90.0
BioShock,X360,2007.0,Shooter,8.9,2249.0
Metroid Prime,GC,2002.0,Shooter,9.3,747.0
Assassin's Creed: Brotherhood,PS3,2010.0,Action,8.2,791.0
Finding Nemo,GBA,2003.0,Action,7.0,8.0
Medal of Honor,PS3,2010.0,Shooter,7.5,286.0
Imagine: Fashion Designer,DS,2007.0,Simulation,7.6,7.0
inFAMOUS: Second Son,PS4,2014.0,Action,7.9,2944.0
NBA Street,PS2,2001.0,Sports,8.6,39.0
Jak II,PS2,2003.0,Platform,8.2,241.0
Need for Speed: Hot Pursuit,PS3,2010.0,Racing,7.2,301.0
Skylanders: Spyro's Adventure,Wii,2011.0,Action,5.6,31.0
Battlefield 3,PC,2011.0,Shooter,7.5,4926.0
Mortal Kombat X,PS4,2015.0,Fighting,7.7,836.0
The Sims,PS2,2003.0,Simulation,7.7,46.0
Killzone 3,PS3,2011.0,Shooter,7.9,942.0
Star Wars: The Force Unleashed,X360,2008.0,Action,6.7,389.0
Yoshi's Island DS,DS,2006.0,Platform,7.4,67.0
Saints Row: The Third,X360,2011.0,Action,7.6,490.0
Tekken 6,PS3,2009.0,Fighting,7.4,211.0
Sonic and the Secret Rings,Wii,2007.0,Platform,6.6,174.0
FIFA 16,PS3,2015.0,Sports,3.2,58.0
The Legend of Zelda: A Link to the Past,GBA,2002.0,Action,9.1,314.0
Onimusha: Warlords,PS2,2001.0,Action,8.2,56.0
L.A. Noire,X360,2011.0,Adventure,7.8,893.0
Call of Duty 3,X360,2006.0,Shooter,6.5,233.0
Madden NFL 12,X360,2011.0,Sports,5.9,94.0
LEGO Star Wars II: The Original Trilogy,PS2,2006.0,Action,9.0,41.0
Killzone: Shadow Fall,PS4,2013.0,Shooter,6.8,2102.0
Madden NFL 11,X360,2010.0,Sports,5.7,120.0
Burnout 3: Takedown,PS2,2004.0,Racing,9.1,271.0
Mario vs. Donkey Kong: Mini-Land Mayhem!,DS,2010.0,Puzzle,7.7,18.0
Professor Layton and the Last Specter,DS,2009.0,Puzzle,8.7,52.0
Call Of Duty 2: Big Red One,PS2,2005.0,Shooter,8.2,69.0
Medal of Honor,PS,1998.0,Shooter,8.6,80.0
Fable,XB,2004.0,Role-Playing,8.5,268.0
FIFA 17,XOne,2016.0,Sports,5.5,201.0
Hannah Montana,DS,2006.0,Action,6.7,10.0
Tom Clancy's Splinter Cell,PS2,2003.0,Action,7.7,102.0
Need for Speed: Shift,PS3,2009.0,Racing,6.9,113.0
Medal of Honor Heroes,PSP,2006.0,Shooter,7.9,47.0
Final Fantasy XIII-2,PS3,2011.0,Role-Playing,6.6,707.0
Midnight Club: Street Racing,PS2,2000.0,Racing,7.8,21.0
Skate 3,X360,2010.0,Sports,8.0,127.0
ESPN NFL 2K5,PS2,2004.0,Sports,8.2,84.0
Halo Wars,X360,2009.0,Strategy,7.2,454.0
NBA 2K12,X360,2011.0,Sports,7.7,134.0
FIFA Soccer 10,X360,2009.0,Sports,7.5,133.0
Medal of Honor,X360,2010.0,Shooter,6.7,288.0
Harry Potter and the Chamber of Secrets,PS2,2002.0,Action,7.6,49.0
God of War Collection,PS3,2009.0,Action,8.7,529.0
NBA Live 2005,PS2,2004.0,Sports,8.1,44.0
Mario Strikers Charged,Wii,2007.0,Sports,8.0,124.0
FIFA Soccer 09,PS3,2008.0,Sports,7.5,108.0
Style Savvy,DS,2008.0,Simulation,7.7,7.0
WWE SmackDown vs. RAW 2007,PS2,2006.0,Fighting,8.6,57.0
LEGO Star Wars: The Complete Saga,X360,2007.0,Action,7.4,114.0
Madden NFL 08,PS2,2007.0,Sports,7.8,17.0
Monster Hunter Freedom 2,PSP,2007.0,Role-Playing,8.7,83.0
Sonic Adventure 2 Battle,GC,2001.0,Platform,8.3,179.0
Madden NFL 13,PS3,2012.0,Sports,5.5,101.0
Dragon Age: Origins,X360,2009.0,Role-Playing,7.9,725.0
Pokémon Colosseum,GC,2003.0,Role-Playing,8.0,89.0
LittleBigPlanet,PSP,2009.0,Platform,7.8,98.0
Madden NFL 09,X360,2008.0,Sports,7.0,125.0
Crazy Taxi,PS2,2001.0,Racing,7.9,46.0
NBA 2K14,X360,2013.0,Sports,4.9,150.0
Skylanders Giants,Wii,2012.0,Action,7.0,20.0
Deca Sports,Wii,2008.0,Sports,5.4,16.0
Marvel: Ultimate Alliance,X360,2006.0,Role-Playing,7.5,120.0
Mortal Kombat: Deadly Alliance,PS2,2002.0,Fighting,8.8,96.0
Bloodborne,PS4,2015.0,Action,8.6,6383.0
Pure,X360,2008.0,Racing,7.7,83.0
NBA 2K13,PS3,2012.0,Sports,8.0,99.0
Saints Row: The Third,PS3,2011.0,Action,7.7,384.0
Resistance 2,PS3,2008.0,Shooter,6.1,1889.0
NBA 2K15,PS4,2014.0,Sports,7.0,291.0
Final Fantasy Tactics,PS,1997.0,Role-Playing,8.2,190.0
Midnight Club: Los Angeles,PS3,2008.0,Racing,8.2,100.0
The Sims: Bustin' Out,PS2,2003.0,Simulation,8.4,42.0
LEGO Harry Potter: Years 1-4,Wii,2010.0,Action,8.0,34.0
Call of Duty: Infinite Warfare,XOne,2016.0,Shooter,3.1,290.0
Madden NFL 16,XOne,2015.0,Sports,6.1,124.0
Tom Clancy's Rainbow Six: Vegas 2,X360,2008.0,Shooter,7.8,176.0
Need for Speed Carbon: Own the City,PSP,2006.0,Racing,7.9,39.0
Dragon Ball Z: Budokai 2,PS2,2003.0,Fighting,8.2,92.0
pro evolution soccer 2011,PS3,2010.0,Sports,6.8,85.0
ATV Offroad Fury,PS2,2001.0,Racing,8.4,53.0
Need for Speed: ProStreet,PS2,2007.0,Racing,6.2,34.0
Halo: Combat Evolved Anniversary,X360,2011.0,Shooter,8.1,487.0
Theme Hospital,PC,1997.0,Strategy,9.0,90.0
Madden NFL 11,PS3,2010.0,Sports,6.1,68.0
Dead Island,X360,2011.0,Action,6.9,627.0
Half-Life 2,PC,2004.0,Shooter,9.1,8665.0
The Incredibles,PS2,2004.0,Action,7.6,22.0
Madden NFL 08,X360,2007.0,Sports,6.4,108.0
Tony Hawk's Underground 2,PS2,2004.0,Sports,8.8,55.0
Zumba Fitness,X360,2010.0,Sports,5.5,16.0
Madden NFL 10,PS3,2009.0,Sports,6.8,58.0
Midnight Club: Los Angeles,X360,2008.0,Racing,8.5,142.0
WWE SmackDown vs Raw 2008,PS2,2007.0,Fighting,7.2,31.0
The Legend of Zelda: Majora's Mask 3D,3DS,2015.0,Action,9.0,478.0
LEGO Indiana Jones: The Original Adventures,Wii,,Action,6.6,28.0
Resident Evil - Code: Veronica X,PS2,2001.0,Action,8.4,189.0
NBA 2K16,XOne,2015.0,Sports,6.2,115.0
Kinect Sports: Season Two,X360,2011.0,Sports,6.5,39.0
My Fitness Coach,Wii,2008.0,Sports,8.6,16.0
James Bond 007: Everything or Nothing,PS2,2004.0,Shooter,9.1,51.0
Need For Speed: High Stakes,PS,1999.0,Racing,8.5,28.0
Guild Wars 2,PC,2012.0,Action,7.9,2954.0
Paper Mario: Sticker Star,3DS,2012.0,Role-Playing,5.6,382.0
Batman: Arkham Origins,PS3,2013.0,Action,7.7,668.0
Tomb Raider II,PC,1997.0,Action,8.3,37.0
LEGO Star Wars: The Complete Saga,PS3,2007.0,Action,6.7,87.0
Need for Speed Underground 2,XB,2004.0,Racing,8.7,27.0
Pro Evolution Soccer 2010,PS3,2009.0,Sports,6.7,76.0
FIFA Soccer 09,PS2,2008.0,Sports,6.9,20.0
LEGO Harry Potter: Years 1-4,DS,2010.0,Action,7.2,6.0
The Sims 3,X360,2010.0,Simulation,7.1,71.0
Pokemon Ranger: Shadows of Almia,DS,2008.0,Role-Playing,8.2,27.0
Dead Island,PS3,2011.0,Action,6.6,405.0
Kirby: Nightmare in Dream Land,GBA,2002.0,Platform,8.9,54.0
Wario Land 4,GBA,2001.0,Platform,8.9,42.0
Far Cry: Primal,PS4,2016.0,Action,6.3,635.0
Battlefield 1,XOne,2016.0,Shooter,8.2,440.0
Onimusha 2: Samurai's Destiny,PS2,2002.0,Adventure,9.0,52.0
Paper Mario: The Thousand-Year Door,GC,2004.0,Role-Playing,9.4,306.0
Madden NFL 12,PS3,2011.0,Sports,5.5,56.0
God of War: Ascension,PS3,2013.0,Action,7.5,914.0
Sonic Advance,GBA,2001.0,Platform,8.1,48.0
Call of Duty 3,Wii,,Shooter,6.7,61.0
New Super Luigi U,WiiU,2013.0,Platform,7.9,288.0
Assassin's Creed IV: Black Flag,XOne,2013.0,Action,7.4,355.0
Spyro: Season of Ice,GBA,2001.0,Platform,8.0,13.0
Dissidia: Final Fantasy,PSP,2008.0,Fighting,8.0,139.0
Madden NFL 25,X360,2013.0,Sports,5.6,136.0
Borderlands 2,PS3,2012.0,Shooter,8.2,858.0
Prince of Persia: The Sands of Time,PS2,2003.0,Action,8.8,204.0
Monster Hunter Tri,Wii,2009.0,Role-Playing,8.6,219.0
LEGO Marvel Super Heroes,X360,2013.0,Action,7.6,127.0
Tom Clancy's Rainbow Six: Siege,PS4,2015.0,Shooter,7.3,480.0
Star Wars: The Force Unleashed,PS3,2008.0,Action,6.6,233.0
Forza Motorsport 5,XOne,2013.0,Racing,5.9,1095.0
Need for Speed: Hot Pursuit,X360,2010.0,Racing,7.0,206.0
LEGO Indiana Jones: The Original Adventures,DS,2008.0,Action,7.9,16.0
BioShock 2,X360,2010.0,Shooter,8.2,573.0
Star Wars: Knights of the Old Republic,XB,2003.0,Role-Playing,9.2,317.0
Madden NFL 15,PS4,2014.0,Sports,6.1,208.0
Pro Evolution Soccer 2012,PS3,2011.0,Action,6.6,132.0
Saints Row,X360,2006.0,Action,7.5,211.0
ATV Offroad Fury 2,PS2,2002.0,Racing,8.9,28.0
FIFA 15,XOne,2014.0,Sports,5.4,347.0
Tom Clancy's The Division,XOne,2016.0,Shooter,6.9,614.0
Final Fantasy XIII,X360,2010.0,Role-Playing,6.3,539.0
The Sims: House Party,PC,2001.0,Simulation,7.9,30.0
Scribblenauts,DS,2009.0,Puzzle,7.6,110.0
Sonic Unleashed,Wii,2008.0,Platform,7.3,136.0
Pokemon Ranger,DS,2006.0,Role-Playing,7.6,50.0
Skylanders SWAP Force,Wii,2013.0,Platform,6.6,5.0
Overwatch,PS4,2016.0,Shooter,6.1,1358.0
Hitman: Absolution,PS3,2012.0,Action,7.5,511.0
Call of Duty: Roads to Victory,PSP,2007.0,Shooter,7.5,30.0
Dance Dance Revolution Extreme,PS2,2004.0,Simulation,9.0,20.0
Final Fantasy Tactics Advance,GBA,2003.0,Role-Playing,7.8,212.0
Your Shape featuring Jenny McCarthy,Wii,2009.0,Sports,5.2,54.0
Project Gotham Racing,XB,2001.0,Racing,8.2,28.0
NBA 2K12,PS3,2011.0,Sports,6.7,127.0
Need for Speed: Hot Pursuit 2,PS2,2002.0,Racing,8.5,92.0
Dynasty Warriors 4,PS2,2003.0,Action,9.3,201.0
NBA 2K14,PS3,2013.0,Sports,4.9,142.0
Parasite Eve,PS,1998.0,Role-Playing,8.9,89.0
Tetris DS,DS,2006.0,Puzzle,8.7,44.0
Battlefield: Hardline,PS4,2015.0,Shooter,5.0,845.0
Mortal Kombat,X360,2011.0,Fighting,8.3,382.0
Borderlands,PS3,2009.0,Shooter,7.9,427.0
Devil May Cry 3: Dante's Awakening,PS2,2005.0,Action,9.0,212.0
NBA 2K11,X360,2010.0,Action,8.1,100.0
Dying Light,PS4,2015.0,Action,7.9,1287.0
Dead Rising,X360,2006.0,Action,7.6,520.0
World of Warcraft: Cataclysm,PC,2010.0,Role-Playing,5.6,953.0
Tetris Worlds,PS2,2002.0,Puzzle,6.2,11.0
Final Fantasy III,DS,2006.0,Role-Playing,7.1,136.0
Sim Theme Park,PC,1998.0,Strategy,8.3,14.0
Portal 2,X360,2011.0,Shooter,8.5,997.0
Mario Sports Mix,Wii,2010.0,Sports,7.1,34.0
Need for Speed: Most Wanted 5-1-0,PSP,2005.0,Racing,7.8,54.0
The Sims 2: Pets,DS,2006.0,Simulation,5.2,24.0
Dance Dance Revolution: Hottest Party,Wii,2007.0,Simulation,7.1,27.0
DriveClub,PS4,2014.0,Racing,6.1,1571.0
UFC 2009 Undisputed,X360,2009.0,Fighting,7.9,51.0
Metal Gear Solid: Peace Walker,PSP,2010.0,Action,8.9,443.0
R4: Ridge Racer Type 4,PS,1998.0,Racing,9.2,21.0
Kingdom Hearts: Birth by Sleep,PSP,2010.0,Role-Playing,8.6,208.0
SoulCalibur II,PS2,2003.0,Fighting,8.8,120.0
Need for Speed: ProStreet,X360,2007.0,Racing,7.1,78.0
Madden NFL 15,X360,2014.0,Sports,5.5,29.0
Need For Speed: Undercover,PS3,2008.0,Racing,5.9,71.0
SOCOM: U.S. Navy SEALs: Combined Assault,PS2,2006.0,Shooter,9.0,34.0
Peter Jackson's King Kong: The Official Game of the Movie,PS2,2005.0,Action,8.2,68.0
Need for Speed: ProStreet,PS3,2007.0,Racing,6.0,43.0
Donkey Kong Country,GBA,2003.0,Platform,8.9,53.0
NBA Live 2004,PS2,2003.0,Sports,7.7,41.0
Call of Duty 2,X360,2005.0,Shooter,8.1,307.0
Pokémon Mystery Dungeon: Blue Rescue Team,DS,2005.0,Role-Playing,8.1,97.0
Dark Souls,PS3,2011.0,Role-Playing,8.7,1397.0
Battlefield 4,XOne,2013.0,Shooter,6.6,480.0
Fire Emblem: Awakening,3DS,2012.0,Role-Playing,9.1,1130.0
Need for Speed: The Run,PS3,2011.0,Action,6.4,182.0
Dragon Age: Inquisition,PS4,2014.0,Role-Playing,7.4,1984.0
Dead Space,PS3,2008.0,Action,8.8,545.0
Mortal Kombat vs. DC Universe,PS3,2008.0,Fighting,7.1,107.0
TouchMaster,DS,2007.0,Puzzle,5.7,9.0
Tenchu: Stealth Assassins,PS,1997.0,Action,8.8,45.0
Harry Potter and the Chamber of Secrets,GBA,2002.0,Action,7.9,14.0
Kingdom Hearts 358/2 Days,DS,2009.0,Role-Playing,7.8,162.0
Skate 3,PS3,2010.0,Sports,7.6,82.0
Harry Potter and the Chamber of Secrets,PS,2002.0,Action,8.5,33.0
Need for Speed Rivals,PS4,2013.0,Racing,6.2,667.0
Spyro: Enter the Dragonfly,PS2,2002.0,Platform,4.1,95.0
Devil May Cry 2,PS2,2003.0,Action,6.6,167.0
Hot Shots Golf: Open Tee,PSP,2004.0,Sports,8.7,34.0
Forza Horizon,X360,2012.0,Racing,8.4,431.0
Tom Clancy's Rainbow Six: Vegas,X360,2006.0,Shooter,8.3,225.0
Crash Nitro Kart,PS2,2003.0,Racing,7.7,59.0
Resident Evil 6,X360,2012.0,Shooter,5.0,1407.0
Grand Theft Auto: San Andreas,XB,2005.0,Action,8.6,118.0
NBA Street Vol. 2,PS2,2003.0,Sports,8.8,70.0
Def Jam Vendetta,PS2,2003.0,Fighting,8.9,41.0
Kirby Squeak Squad,DS,2006.0,Platform,8.1,41.0
Burnout Paradise,PS3,2008.0,Racing,7.7,455.0
Scooby Doo and the Cyber Chase,PS,2001.0,Adventure,7.4,10.0
The Sims 3,PS3,2010.0,Simulation,6.4,55.0
FIFA Soccer 09,X360,2008.0,Sports,8.0,106.0
Dragon Ball Z: Budokai 3,PS2,2004.0,Fighting,8.9,137.0
Call of Duty: World at War,Wii,2008.0,Shooter,7.6,78.0
Tom Clancy's Ghost Recon,PS2,2002.0,Shooter,8.3,22.0
BioShock Infinite,X360,2013.0,Shooter,8.5,1647.0
X-Men Legends,PS2,2004.0,Role-Playing,8.5,69.0
Mortal Kombat vs. DC Universe,X360,2008.0,Fighting,7.5,87.0
Destiny: The Taken King,PS4,2015.0,Shooter,6.0,1079.0
Destiny,X360,2014.0,Shooter,4.7,504.0
Red Faction,PS2,2001.0,Shooter,8.0,69.0
The Sims: Makin' Magic,PC,2003.0,Simulation,8.6,31.0
MX Unleashed,PS2,2004.0,Racing,9.2,46.0
Need for Speed: Shift,X360,2009.0,Racing,6.5,134.0
Diablo III,PS3,2013.0,Role-Playing,6.4,557.0
LittleBigPlanet 3,PS4,2014.0,Platform,7.1,506.0
Star Wars Rogue Leader: Rogue Squadron II,GC,2001.0,Simulation,8.6,80.0
Mario Super Sluggers,Wii,2008.0,Sports,7.8,58.0
Madden NFL 09,PS3,2008.0,Sports,4.4,132.0
Batman: Arkham Origins,X360,2013.0,Action,7.5,685.0
Mortal Kombat: Deception,PS2,2004.0,Fighting,8.5,90.0
NBA 2K17,PS4,2016.0,Sports,6.7,162.0
Star Fox Adventures,GC,2002.0,Adventure,7.7,145.0
Madden NFL 25,PS3,2013.0,Sports,4.1,91.0
Dynasty Warriors 3,PS2,2001.0,Action,9.1,90.0
Madden NFL 06,XB,2005.0,Sports,6.7,41.0
Shrek 2,PS2,2004.0,Platform,8.5,24.0
The Legend of Dragoon,PS,1999.0,Role-Playing,8.4,248.0
Star Wars: The Force Unleashed,Wii,2008.0,Action,7.9,75.0
NBA Live 2002,PS2,2001.0,Sports,7.4,8.0
Just Cause 3,PS4,2015.0,Action,6.5,403.0
Chrono Cross,PS,1999.0,Role-Playing,8.1,297.0
Jak 3,PS2,2004.0,Platform,8.6,246.0
Kingdom Hearts: Chain of Memories,GBA,2004.0,Role-Playing,7.9,84.0
Max Payne 3,PS3,2012.0,Shooter,7.8,790.0
LEGO Marvel Super Heroes,PS3,2013.0,Action,7.9,76.0
Phineas and Ferb,DS,2009.0,Action,4.5,8.0
NCAA Football 06,PS2,2005.0,Sports,8.5,36.0
Kirby: Triple Deluxe,3DS,2014.0,Platform,8.8,206.0
Sonic Classic Collection,DS,2010.0,Platform,7.5,28.0
inFAMOUS 2,PS3,2011.0,Action,8.4,932.0
World of Warcraft: Mists of Pandaria,PC,2012.0,Role-Playing,4.8,1265.0
The Sims: Hot Date,PC,2001.0,Simulation,7.9,70.0
Demon's Souls,PS3,2009.0,Role-Playing,8.9,1441.0
The Orange Box,X360,2007.0,Shooter,8.9,797.0
DDRMAX2: Dance Dance Revolution,PS2,2003.0,Simulation,8.2,11.0
Virtua Fighter 4,PS2,2002.0,Fighting,8.0,84.0
Mafia III,PS4,2016.0,Action,5.1,1147.0
Sly 2: Band of Thieves,PS2,2004.0,Platform,9.0,178.0
Sonic Advance 2,GBA,2002.0,Platform,8.3,46.0
Madden NFL 07,X360,2006.0,Sports,6.0,148.0
NBA 2K11,PS3,2010.0,Action,7.6,105.0
Forza Motorsport 6,XOne,2015.0,Racing,7.9,863.0
The Evil Within,PS4,2014.0,Action,7.3,1223.0
Metroid Prime 3: Corruption,Wii,2007.0,Shooter,8.9,491.0
Midnight Club II,PS2,2003.0,Racing,8.5,47.0
The Getaway: Black Monday,PS2,2004.0,Action,7.6,47.0
50 Cent: Bulletproof,PS2,2005.0,Action,6.6,129.0
Dead or Alive 3,XB,2001.0,Fighting,8.6,44.0
Dragon Quest Monsters: Joker,DS,2006.0,Role-Playing,7.4,27.0
LEGO Star Wars III: The Clone Wars,Wii,2011.0,Action,7.7,10.0
UFC 2009 Undisputed,PS3,2009.0,Fighting,8.1,47.0
The SpongeBob SquarePants Movie,PS2,2004.0,Platform,9.0,54.0
Golden Sun,GBA,2001.0,Role-Playing,9.3,198.0
Def Jam: Fight for NY,PS2,2004.0,Fighting,8.9,73.0
Tom Clancy's Ghost Recon,XB,2002.0,Shooter,6.1,27.0
State of Emergency,PS2,2002.0,Action,5.7,33.0
The Urbz: Sims in the City,PS2,2004.0,Simulation,8.2,24.0
Star Wars: Starfighter,PS2,2001.0,Simulation,8.0,21.0
Star Wars: Battlefront,XB,2004.0,Shooter,9.1,57.0
Madden NFL 17,PS4,2016.0,Sports,4.9,83.0
Just Cause 2,PS3,2010.0,Action,8.0,291.0
FIFA Soccer 08,PS3,2007.0,Sports,7.1,47.0
Crackdown,X360,2007.0,Shooter,8.0,340.0
Dance Dance Revolution X,PS2,2008.0,Simulation,6.2,6.0
Xenosaga Episode I: Der Wille zur Macht,PS2,2002.0,Role-Playing,8.7,99.0
Watch Dogs,PS3,2014.0,Action,5.1,383.0
Kinect Star Wars,X360,2012.0,Action,3.5,145.0
Dragon's Dogma,PS3,2012.0,Role-Playing,8.3,444.0
The Order: 1886,PS4,2015.0,Shooter,6.6,3172.0
SSX Tricky,PS2,2001.0,Sports,8.9,71.0
Knack,PS4,2013.0,Platform,6.5,1074.0
Dragon Quest VI: Realms of Revelation,DS,2010.0,Role-Playing,8.1,31.0
Crash Bandicoot: The Huge Adventure,GBA,2002.0,Platform,7.9,27.0
Hitman: Absolution,X360,2012.0,Action,7.1,453.0
The Crew,PS4,2014.0,Racing,5.4,575.0
NBA 2K15,XOne,2014.0,Sports,6.3,101.0
Madden NFL 2005,XB,2004.0,Sports,7.6,26.0
Star Ocean: Till The End of Time,PS2,2003.0,Role-Playing,7.7,134.0
Call of Duty: Modern Warfare 3,PC,2011.0,Shooter,2.5,5664.0
Dishonored,X360,2012.0,Action,7.9,815.0
Ace Combat 5: The Unsung War,PS2,2004.0,Simulation,9.1,81.0
Need for Speed Underground,XB,2003.0,Racing,8.7,35.0
FIFA Soccer 10,PS2,2009.0,Sports,8.4,9.0
Portal 2,PS3,2011.0,Shooter,8.4,937.0
NCAA Football 07,PS2,2006.0,Sports,8.6,23.0
The Sims 3: Late Night Expansion Pack,PC,2010.0,Simulation,5.3,77.0
No Man's Sky,PS4,2016.0,Action,4.5,5096.0
Cabela's Big Game Hunter 2010,Wii,2009.0,Sports,7.8,4.0
SOCOM 3: U.S. Navy SEALs,PS2,2005.0,Shooter,8.8,64.0
BioShock Infinite,PS3,2013.0,Shooter,8.5,1863.0
Harry Potter and the Sorcerer's Stone,GBA,2001.0,Action,7.1,7.0
Dragon Ball Z: The Legacy of Goku,GBA,2002.0,Role-Playing,6.9,28.0
Resident Evil 4,GC,2005.0,Action,9.4,767.0
Need For Speed: Undercover,X360,2008.0,Racing,5.9,104.0
Sonic Colors,Wii,2010.0,Platform,8.5,301.0
Saints Row 2,PS3,2008.0,Action,7.9,135.0
Sid Meier's Civilization V,PC,2010.0,Strategy,7.9,2280.0
The Sims: Superstar,PC,2003.0,Simulation,8.2,25.0
Metroid Fusion,GBA,2002.0,Action,9.1,200.0
We Ski,Wii,2008.0,Sports,8.5,12.0
Star Wars Battlefront: Renegade Squadron,PSP,2007.0,Shooter,7.9,46.0
SSX 3,PS2,2003.0,Sports,9.1,125.0
Madden NFL 2001,PS,2000.0,Sports,6.8,4.0
Star Wars: Battlefront II,XB,2005.0,Shooter,8.9,106.0
Tony Hawk's Pro Skater 3,PS,2001.0,Sports,8.3,36.0
Dragon Age: Origins,PS3,2009.0,Role-Playing,7.9,597.0
Spy Hunter,PS2,2001.0,Racing,7.8,13.0
NCAA Football 2004,PS2,2003.0,Sports,8.8,81.0
Fight Night Round 3,PS3,2006.0,Fighting,7.9,24.0
StarCraft II: Heart of the Swarm,PC,2013.0,Strategy,7.9,1346.0
SpongeBob SquarePants: Battle for Bikini Bottom,PS2,2003.0,Platform,9.0,85.0
Until Dawn,PS4,2015.0,Adventure,8.2,2161.0
Big Beach Sports,Wii,2008.0,Sports,8.0,41.0
SSX,PS2,2000.0,Sports,8.3,33.0
Shaun White Snowboarding: Road Trip,Wii,2008.0,Sports,8.7,22.0
NBA Ballers,PS2,2004.0,Sports,9.2,19.0
Saints Row IV,X360,2013.0,Action,6.5,325.0
NBA Live 2003,PS2,2002.0,Sports,8.3,28.0
LEGO Batman 2: DC Super Heroes,X360,2012.0,Action,7.2,114.0
Dragon Ball Z: Budokai Tenkaichi,PS2,2005.0,Fighting,8.4,71.0
Dark Souls III,PS4,2016.0,Role-Playing,8.8,1940.0
Kirby's Return to Dreamland,Wii,2011.0,Platform,8.5,156.0
Star Wars The Clone Wars: Lightsaber Duels,Wii,2008.0,Action,6.7,18.0
Need for Speed Carbon,X360,2006.0,Racing,6.3,82.0
Heavenly Sword,PS3,2007.0,Action,8.3,544.0
MySims,Wii,2007.0,Simulation,7.2,56.0
Army of Two,X360,2008.0,Shooter,7.6,233.0
Tiger Woods PGA Tour 2003,PS2,2002.0,Sports,8.9,18.0
Prince of Persia: Warrior Within,PS2,2004.0,Action,8.5,120.0
Far Cry 4,XOne,2014.0,Shooter,7.5,383.0
ESPN NFL 2K5,XB,2004.0,Sports,9.1,93.0
Beyond: Two Souls,PS3,2013.0,Adventure,8.1,2652.0
Pikmin,GC,2001.0,Strategy,8.7,121.0
Tiger Woods PGA Tour 2004,PS2,2003.0,Sports,8.8,40.0
NBA 2K15,X360,2014.0,Sports,3.0,40.0
Call of Duty: Black Ops,PC,,Shooter,5.2,1651.0
Ape Escape,PS,1999.0,Platform,8.8,53.0
NCAA Football 2005,PS2,2004.0,Sports,8.8,35.0
Max Payne 3,X360,2012.0,Shooter,7.8,869.0
Viva Pinata,X360,2006.0,Simulation,8.0,131.0
Kinectimals,X360,2010.0,Simulation,3.1,69.0
Kirby Air Ride,GC,2003.0,Racing,7.9,69.0
LEGO Marvel Super Heroes,PS4,2013.0,Action,7.7,262.0
Destiny,PS3,2014.0,Shooter,4.5,445.0
Dragon Quest IV: Chapters of the Chosen,DS,2007.0,Role-Playing,7.9,50.0
NFL Street 2,PS2,2004.0,Sports,8.7,20.0
Super Mario Strikers,GC,2005.0,Sports,8.7,55.0
Rage,X360,2011.0,Shooter,6.7,559.0
Mario Hoops 3 on 3,DS,2006.0,Sports,8.0,37.0
Just Cause 2,X360,2010.0,Action,8.0,267.0
Silent Hill,PS,1999.0,Action,9.2,326.0
Sonic Heroes,GC,2003.0,Platform,7.8,125.0
Disney Infinity,Wii,2013.0,Action,4.2,24.0
ESPN NBA 2K5,PS2,2004.0,Sports,7.5,36.0
Diablo,PC,1996.0,Role-Playing,8.7,850.0
Far Cry 2,X360,2008.0,Action,6.7,288.0
The Legend of Zelda: Twilight Princess,GC,2006.0,Action,9.2,568.0
Pro Evolution Soccer 2008,PS3,2007.0,Sports,6.1,47.0
Pokemon Battle Revolution,Wii,2006.0,Role-Playing,6.7,106.0
Kingdom Hearts 3D: Dream Drop Distance,3DS,2012.0,Action,8.2,267.0
Dance Dance Revolution: Hottest Party 2,Wii,2008.0,Simulation,6.8,6.0
SoulCalibur IV,X360,2008.0,Fighting,7.9,157.0
Sonic Generations,PS3,2011.0,Platform,8.2,253.0
Spyro 2: Season of Flame,GBA,2002.0,Platform,7.6,13.0
Devil May Cry 4,PS3,2008.0,Action,8.2,311.0
Dead Rising 3,XOne,2013.0,Action,6.8,908.0
Pro Evolution Soccer 2010,PS2,2009.0,Sports,8.1,15.0
NCAA Football 2002,PS2,2001.0,Sports,8.7,24.0
Gears of War: Judgment,X360,2013.0,Shooter,5.4,779.0
Watch Dogs,XOne,2014.0,Action,5.8,712.0
FIFA 16,X360,2015.0,Sports,2.9,45.0
Madden NFL 15,XOne,2014.0,Sports,6.4,138.0
Conflict: Desert Storm,PS2,2002.0,Shooter,8.6,45.0
Dragon Quest V: Hand of the Heavenly Bride,DS,2008.0,Role-Playing,8.5,57.0
Smuggler's Run,PS2,2000.0,Racing,6.8,18.0
Fight Night Round 3,PS2,2006.0,Fighting,8.1,41.0
Need for Speed: Most Wanted,X360,2012.0,Racing,8.5,134.0
Carnival Games: Mini Golf,Wii,2008.0,Sports,5.7,7.0
Pokemon Mystery Dungeon: Explorers of Sky,DS,2009.0,Role-Playing,9.0,133.0
LEGO Pirates of the Caribbean: The Video Game,Wii,2011.0,Action,7.0,13.0
Stuntman,PS2,2002.0,Racing,5.7,36.0
Tom Clancy's Rainbow Six 3,XB,2003.0,Shooter,8.5,31.0
LEGO Harry Potter: Years 1-4,X360,2010.0,Action,8.0,62.0
Spider-Man 2: Enter: Electro,PS,2001.0,Action,8.7,35.0
Wolfenstein: The New Order,PS4,2014.0,Shooter,8.1,1116.0
Mafia II,X360,2010.0,Action,7.8,458.0
BioShock 2,PS3,2010.0,Shooter,8.2,492.0
Dark Cloud,PS2,2000.0,Role-Playing,8.2,99.0
Warcraft III: The Frozen Throne,PC,2003.0,Strategy,9.0,713.0
Active Life: Outdoor Challenge,Wii,2008.0,Sports,8.1,14.0
Tom Clancy's Ghost Recon Advanced Warfighter,X360,2006.0,Shooter,8.0,215.0
MVP Baseball 2005,PS2,2005.0,Sports,8.6,47.0
Uncharted: Golden Abyss,PSV,2011.0,Shooter,7.4,770.0
Pro Evolution Soccer 2013,PS3,2012.0,Sports,6.7,146.0
Dishonored,PS3,2012.0,Action,7.9,781.0
Mario Golf: Toadstool Tour,GC,2003.0,Sports,8.0,56.0
Call of Duty: Black Ops II,PC,2012.0,Shooter,4.2,1635.0
Resident Evil: The Umbrella Chronicles,Wii,2007.0,Action,7.6,122.0
The Simpsons Skateboarding,PS2,2002.0,Sports,5.0,26.0
Donkey Kong Country: Tropical Freeze,WiiU,2014.0,Platform,8.9,712.0
Fight Night Round 4,PS3,2009.0,Fighting,7.6,95.0
Super Monkey Ball 2,GC,2002.0,Puzzle,8.5,51.0
Pac-Man World 2,PS2,2002.0,Action,7.8,26.0
Disney Fairies: Tinker Bell,DS,2008.0,Adventure,7.8,5.0
MySims Kingdom,Wii,2008.0,Simulation,8.1,24.0
Dead Space 2,X360,2011.0,Shooter,8.6,679.0
The Simpsons Game,PS2,2007.0,Action,8.2,27.0
The Simpsons Game,DS,2007.0,Action,7.3,18.0
Football Manager 2012,PC,2011.0,Sports,8.0,172.0
Ni no Kuni: Wrath of the White Witch,PS3,2011.0,Role-Playing,8.6,984.0
SoulCalibur II,GC,2003.0,Fighting,9.1,135.0
Call of Duty 3,PS3,2006.0,Shooter,6.9,92.0
Tokyo Xtreme Racer Zero,PS2,2000.0,Racing,8.9,64.0
Red Faction II,PS2,2002.0,Shooter,8.3,35.0
Madden NFL 2001,PS2,2000.0,Sports,7.7,7.0
Star Wars: The Force Unleashed II,PS3,2010.0,Action,6.8,121.0
Final Fantasy: Crystal Chronicles,GC,2003.0,Role-Playing,8.1,94.0
Medal of Honor: Frontline,XB,2002.0,Shooter,6.9,23.0
Madden NFL 09,PS2,2008.0,Sports,7.0,24.0
Dead Rising 2,X360,2010.0,Action,6.9,216.0
Mafia II,PS3,2010.0,Action,7.7,297.0
Batman: Arkham Knight,XOne,2015.0,Action,6.6,694.0
Dirge of Cerberus: Final Fantasy VII,PS2,2006.0,Shooter,6.9,103.0
Sonic Rivals 2,PSP,2007.0,Racing,7.8,35.0
Bratz: Forever Diamondz,DS,2006.0,Adventure,6.5,4.0
Resistance 3,PS3,2011.0,Shooter,7.8,543.0
Drawn To Life: SpongeBob SquarePants Edition,DS,2008.0,Adventure,5.5,4.0
007: Quantum of Solace,X360,2008.0,Action,7.1,71.0
Major League Baseball 2K5,PS2,2005.0,Sports,7.4,20.0
Fight Night 2004,PS2,2004.0,Fighting,9.0,25.0
LEGO Star Wars III: The Clone Wars,X360,2011.0,Action,7.8,42.0
Tom Clancy's Splinter Cell: Pandora Tomorrow,XB,2004.0,Action,8.6,68.0
Call of Duty Black Ops: Declassified,PSV,2012.0,Action,4.8,479.0
Tom Clancy's Ghost Recon: Future Soldier,X360,2012.0,Shooter,7.2,334.0
Fight Night Round 3,X360,2006.0,Fighting,8.8,264.0
Xenogears,PS,1998.0,Role-Playing,8.4,204.0
Super Scribblenauts,DS,2010.0,Puzzle,8.2,46.0
Super Monkey Ball,GC,2001.0,Puzzle,7.9,46.0
SoulCalibur IV,PS3,2008.0,Fighting,7.9,129.0
Mario Superstar Baseball,GC,2005.0,Sports,8.6,41.0
Battlefield: Bad Company,X360,2008.0,Shooter,7.7,263.0
Homefront,X360,2011.0,Shooter,6.0,399.0
Onimusha 3: Demon Siege,PS2,2004.0,Action,8.6,73.0
Madden NFL 15,PS3,2014.0,Sports,2.7,13.0
Red Dead Revolver,PS2,2004.0,Shooter,7.8,70.0
Resident Evil: Outbreak,PS2,2003.0,Action,8.3,94.0
Mass Effect 2,PS3,2011.0,Role-Playing,8.5,1081.0
LEGO Battles: Ninjago,DS,2011.0,Strategy,6.9,11.0
NBA 2K14,PS4,2013.0,Sports,6.5,368.0
Disney Infinity,X360,2013.0,Action,6.5,79.0
Tiger Woods PGA Tour 2005,PS2,2004.0,Sports,8.2,20.0
NCAA Football 2003,PS2,2002.0,Sports,8.6,27.0
Star Wars: The Force Unleashed II,X360,2010.0,Action,5.7,180.0
Frogger 2: Swampy's Revenge,PS,1999.0,Action,7.9,8.0
WWE SmackDown vs Raw 2008,X360,2007.0,Fighting,6.8,48.0
Kinect Joy Ride,X360,2010.0,Racing,5.0,20.0
Classic NES Series: Super Mario Bros.,GBA,2004.0,Platform,8.6,44.0
Anno 2070,PC,2011.0,Strategy,7.0,493.0
Hasbro Family Game Night,Wii,2008.0,Puzzle,7.5,11.0
Sonic Rivals,PSP,2006.0,Racing,7.8,38.0
BioShock,PS3,2008.0,Shooter,8.7,881.0
Mass Effect 3,PS3,2012.0,Role-Playing,5.5,1849.0
Cabela's Big Game Hunter,PS2,2002.0,Sports,7.8,12.0
SimCity (2013),PC,2013.0,Simulation,2.2,4572.0
The Legend of Zelda: The Minish Cap,GBA,2004.0,Action,9.0,203.0
NFL Street,PS2,2004.0,Sports,8.9,45.0
Dead Space 2,PS3,2011.0,Shooter,8.4,535.0
Tiger Woods PGA Tour 09 All-Play,Wii,2008.0,Sports,8.7,34.0
Metal Gear Rising: Revengeance,PS3,2013.0,Action,7.9,746.0
Dragon Quest Monsters: Joker 2,DS,2010.0,Role-Playing,7.3,15.0
UFC Undisputed 2010,PS3,2010.0,Fighting,7.2,48.0
Medal of Honor: Warfighter,PS3,2012.0,Action,6.0,250.0
The Sims 3,Wii,2010.0,Simulation,2.5,31.0
Diablo III,X360,2013.0,Role-Playing,6.6,384.0
Twisted Metal: Black,PS2,2001.0,Racing,8.4,98.0
NASCAR 2005: Chase for the Cup,PS2,2004.0,Racing,8.4,15.0
Fight Night Round 4,X360,2009.0,Fighting,8.1,86.0
Spider-Man: The Movie,XB,2002.0,Action,7.5,11.0
LEGO Star Wars II: The Original Trilogy,PSP,2006.0,Action,8.6,26.0
Dead Space,X360,2008.0,Action,8.7,768.0
Need For Speed: Undercover,PS2,2008.0,Racing,6.5,38.0
LEGO Indiana Jones 2: The Adventure Continues,Wii,2009.0,Action,6.1,14.0
Ridge Racer,PSP,2004.0,Racing,8.2,65.0
Sonic Advance 3,GBA,2004.0,Platform,8.4,34.0
Colin McRae Rally 3,PS2,2002.0,Racing,7.7,24.0
Forza Horizon 2,XOne,2014.0,Racing,8.2,977.0
Madden NFL 2002,PS,2001.0,Sports,8.0,7.0
Dynasty Warriors 5,PS2,2005.0,Action,8.8,68.0
Injustice: Gods Among Us,X360,2013.0,Fighting,7.9,362.0
Far Cry 2,PS3,2008.0,Action,6.4,241.0
Yoshi's New Island,3DS,2014.0,Platform,6.1,155.0
LEGO Batman 2: DC Super Heroes,Wii,2012.0,Action,7.1,12.0
True Crime: Streets of LA,XB,2003.0,Action,7.8,28.0
Ryse: Son of Rome,XOne,2013.0,Action,6.1,1409.0
Mortal Kombat X,XOne,2015.0,Fighting,7.3,279.0
Rise of the Tomb Raider,XOne,2015.0,Adventure,8.0,1288.0
Sonic Generations,X360,2011.0,Platform,8.3,340.0
Dave Mirra Freestyle BMX 2,PS2,2001.0,Sports,8.1,18.0
Bakugan: Battle Brawlers,DS,2009.0,Action,6.7,7.0
LEGO Indiana Jones: The Original Adventures,PS2,2008.0,Action,8.4,16.0
Deus Ex: Human Revolution,X360,2011.0,Shooter,8.3,684.0
Final Fantasy XII: Revenant Wings,DS,2007.0,Role-Playing,6.1,60.0
Call of Duty: Black Ops,Wii,2010.0,Shooter,5.8,87.0
Deus Ex: Human Revolution,PS3,2011.0,Shooter,8.2,682.0
Star Wars Knights of the Old Republic II: The Sith Lords,XB,2004.0,Role-Playing,8.6,140.0
The Sims 2,PSP,2005.0,Simulation,6.9,32.0
Dead Rising 2,PS3,2010.0,Action,6.7,178.0
Ridge Racer 7,PS3,2006.0,Racing,7.1,52.0
Tom Clancy's Ghost Recon 2,XB,2004.0,Shooter,8.9,58.0
Need for Speed: The Run,X360,2011.0,Action,6.0,160.0
Crash Bandicoot 2: N-Tranced,GBA,2003.0,Platform,7.8,30.0
Titanfall,X360,2014.0,Shooter,5.9,371.0
Dead to Rights,PS2,2002.0,Shooter,8.9,36.0
WWE '13,PS3,2012.0,Action,8.1,99.0
Gardening Mama,DS,2009.0,Puzzle,9.3,4.0
Burnout Paradise,X360,2008.0,Racing,6.9,279.0
Middle-Earth: Shadow of Mordor,XOne,2014.0,Action,8.0,585.0
MotorStorm: Pacific Rift,PS3,2008.0,Racing,8.0,318.0
Samurai Warriors,PS2,2004.0,Action,8.7,23.0
Battlefield 4,PC,2013.0,Shooter,6.0,3517.0
Gears of War 4,XOne,2016.0,Shooter,6.2,815.0
FIFA Soccer 08,PSP,2007.0,Sports,7.4,15.0
FIFA Soccer 09,PSP,2008.0,Sports,8.9,21.0
Disney Princess: Enchanted Journey,Wii,2007.0,Adventure,4.3,4.0
FIFA Soccer 08,X360,2007.0,Sports,7.9,57.0
Test Drive,PS2,2002.0,Racing,7.4,23.0
Devil May Cry 4,X360,2008.0,Action,8.0,248.0
Tom Clancy's Rainbow Six: Vegas 2,PS3,2008.0,Shooter,7.9,93.0
Metroid: Other M,Wii,2010.0,Action,6.5,482.0
Crysis 2,X360,2011.0,Action,7.5,533.0
Chrono Trigger,DS,2008.0,Role-Playing,8.9,440.0
Marvel vs. Capcom 3: Fate of Two Worlds,PS3,2011.0,Fighting,7.3,147.0
Doom 3,XB,2005.0,Shooter,7.4,116.0
Tom Clancy's Rainbow Six: Siege,XOne,2015.0,Shooter,6.9,252.0
F1 2010,PS3,2010.0,Racing,7.8,83.0
Monster Hunter Freedom,PSP,2005.0,Role-Playing,8.6,78.0
Donkey Kong Jungle Beat,GC,2004.0,Platform,8.3,30.0
Need for Speed Carbon,PS2,2006.0,Racing,8.4,60.0
Lost Planet: Extreme Condition,X360,2006.0,Shooter,7.1,187.0
NBA 2K15,PS3,2014.0,Sports,3.5,22.0
Max Payne 2: The Fall of Max Payne,PS2,2003.0,Shooter,8.2,63.0
Battlefield: Bad Company,PS3,2008.0,Shooter,8.1,203.0
MVP Baseball 2004,PS2,2004.0,Sports,8.6,51.0
Alan Wake,X360,2010.0,Action,8.1,1156.0
Metroid Prime 2: Echoes,GC,2004.0,Shooter,8.8,279.0
Corvette,PS2,2004.0,Racing,6.5,21.0
WWE SmackDown vs Raw 2008,PS3,2007.0,Fighting,7.3,41.0
Skylanders SWAP Force,X360,2013.0,Platform,5.7,45.0
Grand Theft Auto: Chinatown Wars,DS,2009.0,Action,8.3,280.0
UFC Undisputed 2010,X360,2010.0,Fighting,6.7,80.0
World of Warcraft: Wrath of the Lich King,PC,2008.0,Role-Playing,7.5,930.0
NFL 2K3,PS2,2002.0,Sports,7.4,25.0
Assassin's Creed III: Liberation,PSV,2012.0,Action,7.2,318.0
Your Shape: Fitness Evolved,X360,2010.0,Sports,7.5,25.0
Need for Speed Underground Rivals,PSP,2005.0,Racing,8.5,38.0
IHRA Drag Racing 2,PS2,2002.0,Racing,7.4,63.0
Rage,PS3,2011.0,Shooter,6.2,353.0
LEGO Harry Potter: Years 1-4,PS3,2010.0,Action,8.0,52.0
Madagascar,PS2,2005.0,Platform,7.4,25.0
The Witcher 3: Wild Hunt,XOne,2015.0,Role-Playing,9.2,3963.0
Turok: Evolution,PS2,2002.0,Shooter,7.3,27.0
[Prototype],X360,2009.0,Action,7.8,356.0
Burnout 3: Takedown,XB,2004.0,Racing,7.2,139.0
NBA Live 07,PS2,2006.0,Sports,6.0,39.0
Yoshi's Woolly World,WiiU,2015.0,Platform,8.5,376.0
Skylanders Giants,X360,2012.0,Action,6.6,38.0
Tekken 6,X360,2009.0,Fighting,7.0,132.0
Assassin's Creed Syndicate,XOne,2015.0,Action,6.1,402.0
Far Cry 4,PS3,2014.0,Shooter,7.3,113.0
Pokemon Ranger: Guardian Signs,DS,2010.0,Role-Playing,8.2,25.0
LEGO Batman: The Videogame,PS3,2008.0,Action,7.7,33.0
Crysis 2,PS3,2011.0,Action,7.2,406.0
Pirates of the Caribbean: The Curse of the Black Pearl,GBA,2003.0,Platform,6.2,5.0
Transformers,PS2,2004.0,Shooter,8.6,27.0
Dying Light,XOne,2015.0,Action,7.8,387.0
Fallout 4,PC,2015.0,Role-Playing,5.4,7512.0
Sonic Colors,DS,2010.0,Platform,7.9,66.0
Assassin's Creed: Rogue,PS3,2014.0,Action,7.5,292.0
EA Playground,Wii,2007.0,Sports,7.6,30.0
Gold's Gym: Cardio Workout,Wii,2008.0,Sports,8.4,13.0
The Elder Scrolls Online,XOne,2015.0,Role-Playing,8.4,613.0
Champions of Norrath,PS2,2004.0,Role-Playing,8.4,57.0
LEGO Batman: The Videogame,PSP,,Action,7.4,10.0
Manhunt,PS2,2003.0,Action,8.3,136.0
Need for Speed Carbon,Wii,2006.0,Racing,7.3,26.0
Silent Hill 2,PS2,2001.0,Action,8.9,557.0
Castlevania: Symphony of the Night,PS,1997.0,Platform,9.4,358.0
The LEGO Movie Videogame,X360,2014.0,Action,7.2,26.0
The Sims 2: Nightlife,PC,2005.0,Simulation,6.6,71.0
Dark Souls II,PS3,2014.0,Role-Playing,8.1,1107.0
Kid Icarus: Uprising,3DS,2012.0,Action,8.7,487.0
Pokemon Mystery Dungeon: Gates to Infinity,3DS,2012.0,Role-Playing,6.3,134.0
LEGO Batman: The Videogame,PS2,2008.0,Action,8.9,17.0
NBA 2K9,X360,2008.0,Sports,7.2,44.0
Tony Hawk's Underground,XB,2003.0,Sports,9.1,26.0
Metal Gear Solid V: Ground Zeroes,PS4,2014.0,Action,6.2,1311.0
.hack//Infection Part 1,PS2,2002.0,Role-Playing,8.5,60.0
Jillian Michaels' Fitness Ultimatum 2009,Wii,2008.0,Sports,2.0,23.0
Valkyria Chronicles,PS3,2008.0,Role-Playing,8.6,433.0
WWE '12,X360,2011.0,Fighting,6.3,89.0
Sonic Adventure DX: Director's Cut,GC,2003.0,Platform,7.9,139.0
Battle Arena Toshinden,PS,1994.0,Fighting,6.3,4.0
WWE '13,X360,2012.0,Action,8.0,110.0
Final Fantasy X / X-2 HD Remaster,PS3,2013.0,Role-Playing,8.5,332.0
Need for Speed Rivals,PS3,2013.0,Racing,4.9,123.0
EA Sports Active 2,Wii,2010.0,Sports,8.1,22.0
Rockstar Games presents Table Tennis,Wii,2007.0,Sports,5.8,21.0
Football Manager 2011,PC,2010.0,Sports,8.4,77.0
Tamagotchi Connection: Corner Shop,DS,2005.0,Simulation,7.7,6.0
Tomb Raider: Underworld,PS3,2008.0,Action,7.2,166.0
LEGO Battles,DS,2009.0,Strategy,8.9,51.0
NBA Live 2001,PS,2000.0,Sports,8.0,6.0
Saints Row IV,PS3,2013.0,Action,6.3,278.0
Star Wars: The Force Unleashed,PS2,2008.0,Action,7.4,33.0
Watch Dogs,X360,2014.0,Action,5.0,332.0
SOCOM: U.S. Navy SEALs Confrontation,PS3,2008.0,Shooter,6.9,223.0
Need for Speed: Most Wanted,X360,2005.0,Racing,8.5,134.0
Pokemon XD: Gale of Darkness,GC,2005.0,Role-Playing,8.3,74.0
Black,PS2,2006.0,Shooter,8.4,194.0
Tom Clancy's Rainbow Six: Vegas,PS3,2007.0,Shooter,7.6,81.0
LittleBigPlanet PS Vita,PSV,2012.0,Platform,8.6,348.0
Pokemon Super Mystery Dungeon,3DS,2015.0,Role-Playing,8.8,190.0
RollerCoaster Tycoon 2,PC,2002.0,Strategy,8.5,135.0
Lara Croft Tomb Raider: The Angel of Darkness,PS2,2003.0,Action,6.2,106.0
Tom Clancy's Splinter Cell: Pandora Tomorrow,PS2,2004.0,Action,8.6,34.0
Ratchet: Deadlocked,PS2,2005.0,Shooter,8.9,155.0
Winter Sports: The Ultimate Challenge,Wii,2007.0,Sports,6.8,4.0
Baldur's Gate: Dark Alliance,PS2,2001.0,Role-Playing,8.3,90.0
Oddworld: Abe's Oddysee,PS,1997.0,Platform,9.0,96.0
Ridge Racer V,PS2,2000.0,Action,7.7,6.0
WWE SmackDown vs. Raw 2009,PS2,2008.0,Fighting,6.9,34.0
LEGO Harry Potter: Years 5-7,Wii,,Action,7.8,13.0
Star Wars Episode III: Revenge of the Sith,XB,2005.0,Action,8.1,54.0
[Prototype],PS3,2009.0,Action,7.7,308.0
FIFA Street,PS3,2012.0,Sports,6.4,66.0
Frogger: The Great Quest,PS2,2001.0,Platform,4.6,29.0
Madden NFL 17,XOne,2016.0,Sports,5.9,39.0
Ninja Gaiden,XB,2004.0,Action,8.8,152.0
Crash Bandicoot: The Wrath of Cortex,XB,2002.0,Platform,8.1,19.0
Driv3r,PS2,2004.0,Racing,5.5,102.0
Assassin's Creed: Bloodlines,PSP,2009.0,Action,7.2,69.0
LEGO The Lord of the Rings,X360,2012.0,Action,8.5,73.0
SpongeBob SquarePants: Battle for Bikini Bottom,GBA,2003.0,Platform,7.3,6.0
Hyrule Warriors,WiiU,2014.0,Action,8.3,662.0
Donkey Kong Country 2,GBA,2004.0,Platform,9.1,37.0
Need for Speed Carbon,PS3,2006.0,Racing,7.3,42.0
Ben 10: Protector of Earth,Wii,2007.0,Action,7.7,9.0
2010 FIFA World Cup South Africa,PS3,2010.0,Sports,7.8,57.0
Tales of Xillia,PS3,2011.0,Role-Playing,8.2,468.0
Diddy Kong Racing DS,DS,2007.0,Racing,7.5,27.0
Mario Power Tennis,GC,2004.0,Sports,8.5,48.0
Golden Sun: The Lost Age,GBA,2002.0,Role-Playing,9.5,150.0
Max Payne,XB,2001.0,Shooter,8.3,61.0
NBA 2K2,PS2,2002.0,Sports,7.8,16.0
NASCAR Thunder 2003,PS2,,Racing,8.7,17.0
Cars,PS2,2006.0,Racing,8.4,12.0
Call of Duty: Finest Hour,XB,2004.0,Shooter,7.8,22.0
Final Fantasy IV,DS,2007.0,Simulation,7.7,164.0
Star Wars: Battlefront II,PSP,2005.0,Shooter,8.5,111.0
Super Street Fighter IV: 3D Edition,3DS,2011.0,Fighting,8.1,206.0
Sly Cooper and the Thievius Raccoonus,PS2,2002.0,Platform,8.6,184.0
WWE 2K16,PS4,2015.0,Sports,7.4,237.0
Dino Crisis 2,PS,2000.0,Action,9.0,91.0
Need for Speed Underground,GC,2003.0,Racing,9.0,45.0
Naruto Shippuden: Ultimate Ninja Storm 2,PS3,2010.0,Fighting,8.3,130.0
Medal of Honor: Airborne,PS3,2007.0,Shooter,7.6,39.0
Battlefield: Hardline,XOne,2015.0,Shooter,5.1,299.0
Bayonetta,PS3,2009.0,Action,7.7,355.0
Boom Blox,Wii,2008.0,Puzzle,8.6,105.0
The Lord of the Rings: The Fellowship of the Ring,PS2,2002.0,Action,5.1,20.0
The Sims 2: Castaway,Wii,2007.0,Simulation,8.2,10.0
ATV Offroad Fury 3,PS2,2004.0,Racing,8.4,16.0
F1 2011,PS3,2011.0,Racing,7.1,55.0
Pikmin 2,GC,2004.0,Strategy,9.1,137.0
Enter the Matrix,XB,2003.0,Action,7.1,75.0
Cars,PSP,2006.0,Racing,7.0,4.0
NHL 2002,PS2,2001.0,Sports,8.5,26.0
FIFA Soccer 11,PSP,2010.0,Sports,5.4,9.0
The Simpsons: Road Rage,GBA,2003.0,Racing,6.8,9.0
LEGO Batman 2: DC Super Heroes,PS3,2012.0,Action,7.5,81.0
Captain Toad: Treasure Tracker,WiiU,2014.0,Puzzle,8.6,377.0
SpongeBob SquarePants: Revenge of the Flying Dutchman,GBA,2002.0,Platform,7.7,7.0
Pro Evolution Soccer 2008,Wii,2008.0,Sports,8.4,43.0
Destiny: The Taken King,XOne,2015.0,Shooter,5.2,393.0
Scarface: The World is Yours,PS2,2006.0,Action,8.6,113.0
Hitman 2: Silent Assassin,XB,,Action,8.0,19.0
WWE SmackDown vs Raw 2008,PSP,2007.0,Fighting,7.8,15.0
Spider-Man: The Movie,GC,2002.0,Action,7.3,11.0
Mario vs. Donkey Kong 2: March of the Minis,DS,2006.0,Puzzle,7.9,17.0
Metal Gear Solid: Portable Ops,PSP,2006.0,Action,8.2,147.0
Injustice: Gods Among Us,PS3,2013.0,Fighting,7.9,282.0
Shenmue,DC,1999.0,Adventure,9.4,201.0
Tony Hawk's Pro Skater 2,GBA,2001.0,Sports,7.5,22.0
One Piece: Pirate Warriors,PS3,2012.0,Action,6.5,55.0
Gun,PS2,2005.0,Shooter,8.7,70.0
Ty the Tasmanian Tiger,PS2,2002.0,Platform,8.8,60.0
Resident Evil: Operation Raccoon City,PS3,2012.0,Action,4.9,222.0
LEGO Indiana Jones: The Original Adventures,PSP,2008.0,Action,7.6,11.0
PokéPark Wii: Pikachu's Adventure,Wii,2009.0,Adventure,7.2,36.0
WWE '12,PS3,2011.0,Fighting,6.9,80.0
Cabela's Dangerous Hunts,PS2,2003.0,Sports,8.4,37.0
Grand Theft Auto V,PC,2015.0,Action,7.9,3756.0
Fallout: New Vegas,PC,2010.0,Role-Playing,8.6,2754.0
WWE SmackDown vs. Raw 2010,PS3,2009.0,Fighting,8.1,55.0
Medal of Honor: Rising Sun,XB,2003.0,Shooter,5.8,28.0
Army of Two,PS3,2008.0,Shooter,7.3,118.0
Spore,PC,2008.0,Strategy,5.3,1711.0
Mario vs. Donkey Kong,GBA,2004.0,Puzzle,8.0,31.0
LEGO Star Wars III: The Clone Wars,PS3,2011.0,Action,7.3,34.0
Midnight Club 3: DUB Edition Remix,PS2,2006.0,Racing,8.9,53.0
Tom Clancy's Ghost Recon: Jungle Storm,PS2,2004.0,Shooter,6.3,24.0
Bushido Blade,PS,1997.0,Fighting,7.9,16.0
Mirror's Edge,X360,2008.0,Platform,7.6,328.0
Sonic the Hedgehog,PS3,2006.0,Platform,4.1,176.0
NASCAR Thunder 2002,PS2,2001.0,Racing,8.5,22.0
Your Shape: Fitness Evolved 2012,X360,2011.0,Sports,7.6,21.0
FIFA 14,XOne,2013.0,Sports,5.8,328.0
Final Fantasy Tactics: The War of the Lions,PSP,2007.0,Role-Playing,8.0,238.0
Sniper: Ghost Warrior,X360,2010.0,Shooter,5.8,89.0
Sonic Rush Adventure,DS,2007.0,Platform,8.2,66.0
Worldwide Soccer Manager 2009,PC,2008.0,Simulation,8.1,30.0
Gauntlet: Dark Legacy,PS2,2001.0,Action,8.3,30.0
Medal of Honor Heroes 2,PSP,2007.0,Shooter,7.3,30.0
Bad Boys: Miami Takedown,PS2,2004.0,Shooter,3.4,13.0
Football Manager 2013,PC,2012.0,Sports,6.7,228.0
Medal of Honor: Warfighter,X360,2012.0,Action,5.4,437.0
FIFA Soccer 10,PSP,2009.0,Sports,7.9,14.0
Call of Duty 4: Modern Warfare,PC,2007.0,Shooter,8.5,2360.0
Tak and the Power of Juju,PS2,2003.0,Platform,9.0,28.0
WWE 2K15,PS4,2014.0,Sports,5.1,164.0
Tenchu: Wrath of Heaven,PS2,2003.0,Action,8.4,38.0
Shadow of the Colossus,PS2,2005.0,Action,9.1,933.0
Brave Fencer Musashi,PS,1998.0,Role-Playing,8.5,17.0
Ninja Gaiden Sigma,PS3,2007.0,Action,7.5,155.0
WWE 2K14,PS3,2013.0,Sports,7.5,121.0
Pokemon Rumble Blast,3DS,2011.0,Action,7.1,50.0
007: Quantum of Solace,PS3,2008.0,Action,6.6,47.0
Dance Dance Revolution Extreme 2,PS2,2005.0,Simulation,9.0,21.0
The Lord of the Rings: The Return of the King,XB,2003.0,Action,9.1,31.0
Hot Shots Golf: Out of Bounds,PS3,2007.0,Sports,8.8,32.0
Red Dead Redemption: Undead Nightmare,PS3,2010.0,Action,7.4,17.0
Sunset Overdrive,XOne,2014.0,Shooter,7.7,1137.0
Mobile Suit Gundam: Federation vs. Zeon,PS2,2001.0,Simulation,8.8,32.0
Naruto Shippuden: Ultimate Ninja Storm 4,PS4,2016.0,Fighting,8.2,201.0
MechAssault,XB,2002.0,Simulation,8.0,47.0
Cars,GBA,2006.0,Racing,4.7,6.0
Watch Dogs 2,PS4,2016.0,Action,7.8,621.0
LEGO Star Wars III: The Clone Wars,3DS,2011.0,Action,6.1,31.0
Tom Clancy's Rainbow Six 3: Black Arrow,XB,2004.0,Shooter,8.6,14.0
Mirror's Edge,PS3,2008.0,Platform,7.8,362.0
Alien: Isolation,PS4,2014.0,Shooter,8.1,795.0
Fantasy Life,3DS,2012.0,Role-Playing,8.6,209.0
The Legend of Zelda: Tri Force Heroes,3DS,2015.0,Action,7.6,179.0
Supercar Street Challenge,PS2,2001.0,Racing,7.6,9.0
Rabbids Go Home,Wii,2009.0,Platform,8.3,32.0
ModNation Racers,PS3,2010.0,Racing,8.4,201.0
SOCOM: U.S. Navy SEALs Fireteam Bravo,PSP,2005.0,Shooter,8.6,63.0
Call Of Duty 2: Big Red One,XB,2005.0,Shooter,5.1,27.0
Worldwide Soccer Manager 2008,PC,2007.0,Sports,8.0,19.0
Yakuza 3,PS3,2009.0,Action,8.1,165.0
Persona 4: Golden,PSV,2012.0,Role-Playing,9.2,1228.0
Spider-Man 2,XB,2004.0,Action,8.3,40.0
Crackdown 2,X360,2010.0,Shooter,6.0,202.0
Dragon Age II,X360,2011.0,Action,4.5,2380.0
Counter-Strike,XB,2003.0,Shooter,7.6,51.0
Fight Night Champion,PS3,2011.0,Fighting,7.3,95.0
Tom Clancy's Splinter Cell: Chaos Theory,XB,2005.0,Action,9.0,160.0
Pikmin 3,WiiU,2013.0,Strategy,8.7,664.0
WWE 2K14,X360,2013.0,Sports,7.7,100.0
Dragon Ball: XenoVerse,PS4,2015.0,Fighting,7.7,598.0
Castlevania: Lords of Shadow,PS3,2010.0,Action,8.0,468.0
Plants vs. Zombies,DS,2011.0,Strategy,7.4,29.0
Tales of Symphonia,GC,2003.0,Role-Playing,8.5,176.0
LEGO City Undercover,WiiU,2013.0,Platform,8.2,283.0
Need for Speed: ProStreet,Wii,2007.0,Racing,6.9,14.0
GRID,PS3,2008.0,Racing,8.1,109.0
Medal of Honor: Airborne,X360,2007.0,Shooter,6.7,77.0
Star Ocean: The Second Story,PS,1998.0,Role-Playing,8.5,44.0
NCAA Football 14,X360,2013.0,Sports,5.8,74.0
Yakuza 2,PS2,2006.0,Adventure,8.1,52.0
Dragon Ball Z: The Legacy of Goku II,GBA,2003.0,Role-Playing,8.9,39.0
NERF N-Strike,Wii,2008.0,Shooter,4.4,7.0
NFL 2K1,DC,2000.0,Sports,6.0,47.0
Untold Legends: Brotherhood of the Blade,PSP,2005.0,Role-Playing,7.6,58.0
Project CARS,PS4,2015.0,Racing,6.6,363.0
Madden NFL 2004,XB,2003.0,Sports,8.3,48.0
Sonic and the Black Knight,Wii,2009.0,Platform,6.9,198.0
The Godfather,PS2,2006.0,Action,8.3,99.0
Sonic Free Riders,X360,2010.0,Racing,2.1,98.0
Star Wars: Bounty Hunter,PS2,2002.0,Shooter,8.3,33.0
WWE SmackDown vs. Raw 2011,PS3,2010.0,Fighting,6.9,41.0
NCAA Football 13,X360,2012.0,Action,5.5,65.0
Skate 2,X360,2009.0,Sports,8.0,72.0
NASCAR Thunder 2004,PS2,2003.0,Racing,8.9,77.0
SpongeBob SquarePants: Revenge of the Flying Dutchman,PS2,2002.0,Platform,6.6,41.0
Empire: Total War,PC,2009.0,Strategy,6.9,2981.0
Virtua Fighter 5,PS3,2007.0,Fighting,7.4,67.0
Dante's Inferno,PS3,2010.0,Action,7.5,265.0
Tom Clancy's Ghost Recon 2,PS2,2004.0,Shooter,6.0,19.0
Forza Horizon 3,XOne,2016.0,Racing,7.4,594.0
Star Wars: The Force Unleashed,PSP,2008.0,Action,8.1,49.0
Dragon Ball Z: Taiketsu,GBA,2003.0,Fighting,6.1,22.0
Star Fox: Assault,GC,2005.0,Shooter,8.1,106.0
Plants vs. Zombies: Garden Warfare,X360,2014.0,Shooter,7.3,121.0
The Simpsons Game,PSP,2007.0,Action,6.7,15.0
LEGO Star Wars II: The Original Trilogy,DS,2006.0,Action,5.0,38.0
Call of Duty 3,PS2,2006.0,Shooter,7.4,83.0
FIFA Soccer 11,Wii,2010.0,Sports,7.3,8.0
Prince of Persia,PS3,2008.0,Action,7.3,245.0
WWE SmackDown vs. Raw 2010,PS2,2009.0,Fighting,7.7,31.0
Tomb Raider: Underworld,X360,2008.0,Action,6.6,198.0
Pro Evolution Soccer 2008,X360,2007.0,Sports,7.8,36.0
SoulCalibur III,PS2,2005.0,Fighting,8.4,96.0
Tiger Woods PGA Tour 10,Wii,2009.0,Sports,8.8,57.0
World Tour Soccer,PSP,2005.0,Sports,5.6,5.0
Naruto: Ultimate Ninja Storm,PS3,2008.0,Fighting,8.6,95.0
Red Dead Redemption: Undead Nightmare,X360,2010.0,Action,7.6,18.0
Lightning Returns: Final Fantasy XIII,PS3,2013.0,Role-Playing,5.9,552.0
Mortal Kombat: Armageddon,PS2,2006.0,Fighting,8.5,84.0
Freekstyle,PS2,2002.0,Racing,7.3,14.0
Grand Theft Auto: Chinatown Wars,PSP,2009.0,Action,7.3,146.0
Spore Creatures,DS,2008.0,Simulation,6.5,21.0
The Orange Box,PS3,2007.0,Shooter,8.4,188.0
Bully: Scholarship Edition,X360,2008.0,Action,8.3,154.0
NBA Street V3,PS2,2005.0,Sports,8.7,37.0
Hulk,PS2,2003.0,Action,8.3,22.0
Overwatch,XOne,2016.0,Shooter,5.6,668.0
Aliens vs Predator,X360,2010.0,Shooter,7.3,247.0
Skylanders Giants,PS3,2012.0,Action,6.3,18.0
Diablo II: Lord of Destruction,PC,2001.0,Role-Playing,9.1,639.0
Endless Ocean,Wii,2007.0,Adventure,8.1,61.0
Spider-Man 2,GBA,2004.0,Action,7.7,6.0
Seek and Destroy,PS2,2002.0,Racing,8.8,10.0
Darksiders,X360,2010.0,Action,7.9,292.0
Mercenaries 2: World in Flames,X360,2008.0,Shooter,7.2,152.0
LEGO Marvel Super Heroes,XOne,2013.0,Action,6.8,73.0
Warhawk,PS3,2007.0,Simulation,8.4,183.0
DiRT 3,PS3,2011.0,Racing,7.1,122.0
Sega Superstars Tennis,Wii,2008.0,Sports,7.0,16.0
DiRT,PS3,2007.0,Racing,8.0,32.0
Call of Duty 4: Modern Warfare,DS,2007.0,Shooter,6.9,36.0
Resident Evil: The Darkside Chronicles,Wii,2009.0,Action,8.0,60.0
SOCOM: U.S. Navy SEALs Fireteam Bravo 2,PSP,2006.0,Shooter,9.0,36.0
NBA 2K3,PS2,2002.0,Sports,8.0,22.0
LEGO The Lord of the Rings,PS3,2012.0,Action,8.3,85.0
The Simpsons: Road Rage,XB,2001.0,Racing,8.3,6.0
Dave Mirra Freestyle BMX,PS,2000.0,Sports,8.4,5.0
EA Sports UFC,PS4,2014.0,Sports,6.1,279.0
Forza Motorsport,XB,2005.0,Racing,7.6,213.0
Virtua Tennis 3,PS3,2007.0,Sports,7.9,32.0
MVP Baseball 2003,PS2,2003.0,Sports,8.9,17.0
Imagine: Animal Doctor,DS,2007.0,Simulation,7.4,5.0
Legacy of Kain: Soul Reaver,PS,,Action,9.0,132.0
WWE SmackDown vs. Raw 2010,X360,2009.0,Fighting,8.4,36.0
Sleeping Dogs,PS3,2012.0,Action,7.7,645.0
Naruto: Clash of Ninja 2,GC,2003.0,Fighting,8.9,39.0
Dance Dance Revolution SuperNOVA,PS2,2006.0,Simulation,8.7,6.0
Aliens vs Predator,PS3,2010.0,Shooter,7.3,168.0
F-Zero: Maximum Velocity,GBA,2001.0,Racing,8.5,22.0
Sonic the Hedgehog,X360,2006.0,Platform,4.4,455.0
Need for Speed: Most Wanted,XB,2005.0,Racing,8.8,29.0
The Simpsons Game,X360,2007.0,Action,7.7,71.0
F1 2012,PS3,2012.0,Racing,7.5,54.0
Brink,X360,2011.0,Shooter,5.8,404.0
MX vs. ATV Unleashed,PS2,2005.0,Racing,8.4,17.0
WipEout Pure,PSP,2005.0,Racing,7.9,102.0
UFC Undisputed 3,PS3,2012.0,Action,7.4,92.0
LEGO Pirates of the Caribbean: The Video Game,X360,2011.0,Action,7.0,31.0
Tom Clancy's Ghost Recon Advanced Warfighter 2,PS3,2007.0,Shooter,8.1,41.0
Super Princess Peach,DS,2005.0,Platform,7.6,33.0
Guinness World Records: The Videogame,Wii,2008.0,Action,7.0,8.0
NCAA March Madness 2004,PS2,2003.0,Sports,8.8,12.0
The Legend of Zelda: Twilight Princess HD,WiiU,2016.0,Action,8.4,329.0
LEGO Indiana Jones: The Original Adventures,PS3,2008.0,Action,7.7,30.0
Tomb Raider,PC,1996.0,Action,8.5,3552.0
Street Fighter Alpha 3,PS,1998.0,Fighting,8.5,46.0
MySims Agents,Wii,2009.0,Adventure,8.6,28.0
MotorStorm: Arctic Edge,PSP,2009.0,Racing,8.8,39.0
FIFA Soccer 08,Wii,2007.0,Sports,6.1,26.0
Tiger Woods PGA Tour 08,Wii,2007.0,Sports,7.0,22.0
Dragon Ball Z: Budokai Tenkaichi 3,Wii,2007.0,Fighting,8.4,61.0
Shrek 2,GC,2004.0,Platform,6.4,14.0
NBA 2K17,XOne,2016.0,Sports,6.2,91.0
Tom Clancy's Ghost Recon Advanced Warfighter 2,X360,2007.0,Shooter,8.1,89.0
Sonic Unleashed,PS3,2008.0,Platform,7.9,130.0
Disney Universe,Wii,2011.0,Action,6.0,5.0
LEGO Indiana Jones 2: The Adventure Continues,X360,2009.0,Action,7.4,25.0
Petz: Catz 2,DS,2007.0,Simulation,9.0,4.0
Bulletstorm,X360,2011.0,Shooter,7.6,439.0
Skylanders SWAP Force,PS3,2013.0,Platform,5.3,33.0
Madden NFL 07,XB,2006.0,Sports,8.7,6.0
Sonic Generations,3DS,2011.0,Platform,6.9,108.0
Harry Potter and the Prisoner of Azkaban,PS2,2004.0,Action,8.7,29.0
Pokemon Conquest,DS,2012.0,Role-Playing,8.2,89.0
Wall-E,Wii,2008.0,Platform,3.6,8.0
Naruto: Clash of Ninja Revolution,Wii,2007.0,Fighting,8.0,27.0
Ace Combat 6: Fires of Liberation,X360,2007.0,Simulation,7.9,101.0
The Simpsons Game,Wii,2007.0,Action,6.1,38.0
Ninja Gaiden II,X360,2008.0,Action,8.0,302.0
Assassin's Creed: Rogue,X360,2014.0,Action,7.3,318.0
Rayman Legends,PS4,2014.0,Platform,8.5,525.0
Prince of Persia,X360,2008.0,Action,7.0,189.0
Monster Rancher,PS,1997.0,Simulation,8.3,10.0
ZombiU,WiiU,2012.0,Action,7.7,758.0
Pokken Tournament,WiiU,2016.0,Fighting,8.0,273.0
Ford Racing 2,PS2,2003.0,Racing,8.0,8.0
NERF N-Strike Elite,Wii,2009.0,Shooter,4.5,6.0
God of War: Ghost of Sparta,PSP,2010.0,Action,8.4,255.0
SoulCalibur II,XB,2003.0,Fighting,8.9,54.0
Dynasty Warriors 3: Xtreme Legends,PS2,2002.0,Action,9.3,54.0
Rayman Origins,PS3,2011.0,Platform,8.4,238.0
NFL Fever 2002,XB,2000.0,Sports,8.5,10.0
NCAA Football 12,X360,2011.0,Sports,6.6,49.0
UFC Undisputed 3,X360,2012.0,Action,7.6,88.0
Kirby: Mass Attack,DS,2011.0,Platform,8.6,55.0
Haze,PS3,2008.0,Shooter,6.5,294.0
Oddworld: Abe's Exoddus,PS,1998.0,Platform,9.1,69.0
The Bouncer,PS2,2000.0,Action,8.0,35.0
DiRT 2,PS3,2009.0,Racing,8.2,94.0
Shadow The Hedgehog,GC,2005.0,Platform,6.6,120.0
EyePet,PS3,2009.0,Simulation,8.2,20.0
Apollo Justice: Ace Attorney,DS,2007.0,Adventure,8.1,84.0
Ace Combat X: Skies of Deception,PSP,2006.0,Simulation,8.3,30.0
Dark Souls,X360,2011.0,Role-Playing,8.4,1106.0
Midnight Club: LA Remix,PSP,2008.0,Racing,8.7,43.0
Pro Evolution Soccer 2008,PSP,2008.0,Sports,6.8,11.0
FIFA Soccer 10,Wii,2009.0,Sports,6.2,17.0
Tales of Graces f,PS3,2010.0,Role-Playing,8.2,336.0
Fallout 3,PC,2008.0,Role-Playing,7.9,3450.0
Zoo Tycoon DS,DS,2005.0,Strategy,6.6,25.0
WWE SmackDown vs Raw 2008,Wii,2007.0,Fighting,5.9,18.0
Dead Space 3,X360,2013.0,Action,6.4,694.0
Suikoden III,PS2,,Role-Playing,7.7,113.0
Tom Clancy's Splinter Cell: Blacklist,X360,2013.0,Action,7.5,383.0
Madden NFL 10,PS2,2009.0,Sports,7.2,6.0
NBA 2K10,X360,2009.0,Sports,7.6,34.0
NCAA Football 06,XB,2005.0,Sports,8.3,27.0
Madden NFL 16,X360,2015.0,Sports,5.1,12.0
Grand Theft Auto: San Andreas,PC,2005.0,Action,8.9,1841.0
Madden NFL 08,PS3,2007.0,Sports,5.3,33.0
Fire Emblem,GBA,2003.0,Strategy,9.2,144.0
Brutal Legend,X360,2009.0,Action,8.0,268.0
Disney Infinity,PS3,2013.0,Action,5.9,47.0
NHL 2004,PS2,2003.0,Sports,7.6,53.0
Grand Theft Auto: Vice City Stories,PS2,2007.0,Action,7.9,67.0
FIFA Soccer 2005,XB,2004.0,Sports,8.7,23.0
Mass Effect 3,PC,2012.0,Role-Playing,5.5,5926.0
Cars,DS,2006.0,Racing,2.1,11.0
Skylanders: Spyro's Adventure,X360,2011.0,Action,5.2,53.0
LEGO Harry Potter: Years 5-7,X360,,Action,7.9,39.0
LEGO Star Wars II: The Original Trilogy,GC,2006.0,Action,9.1,16.0
Medal of Honor: Underground,PS,2000.0,Shooter,9.0,44.0
Dark Cloud 2,PS2,2002.0,Role-Playing,9.1,174.0
Far Cry 3,PC,2012.0,Shooter,8.2,3183.0
Evolve,PS4,2015.0,Shooter,4.3,894.0
Dead Space 3,PS3,2013.0,Action,6.4,522.0
NHL 2001,PS2,2000.0,Sports,8.1,9.0
Farming Simulator 2013,PC,2012.0,Simulation,7.5,111.0
de Blob,Wii,2008.0,Platform,8.6,73.0
Shinobi,PS2,2002.0,Platform,7.9,43.0
Mortal Kombat: Deadly Alliance,XB,2002.0,Fighting,8.4,24.0
The Witcher 2: Assassins of Kings,PC,2011.0,Action,8.5,4378.0
Sniper Elite V2,PS3,2012.0,Shooter,6.9,92.0
ESPN NBA 2K5,XB,2004.0,Sports,8.7,22.0
Gangs of London,PSP,2006.0,Adventure,6.7,18.0
Mario Tennis Open,3DS,2012.0,Sports,6.9,110.0
PilotWings Resort,3DS,2011.0,Simulation,7.4,88.0
My Weight Loss Coach,DS,2008.0,Sports,7.6,7.0
Tom Clancy's Splinter Cell: Chaos Theory,PS2,2005.0,Action,8.6,53.0
Sonic Unleashed,X360,2008.0,Platform,7.8,238.0
SpongeBob SquarePants: Battle for Bikini Bottom,GC,2003.0,Platform,8.6,34.0
PlayStation All-Stars Battle Royale,PS3,2012.0,Action,7.3,540.0
Pro Evolution Soccer 2014,PS3,2013.0,Action,4.1,303.0
Yakuza 4,PS3,,Action,8.0,177.0
Tom Clancy's Ghost Recon: Future Soldier,PS3,2012.0,Shooter,6.9,156.0
Kessen,PS2,2000.0,Strategy,8.4,12.0
Driver: San Francisco,PS3,2011.0,Racing,7.7,114.0
Ben 10: Alien Force,DS,2008.0,Action,2.8,4.0
Army of Two: The 40th Day,X360,2010.0,Shooter,7.3,126.0
Lost Planet 2,PS3,2010.0,Shooter,6.9,62.0
LEGO Pirates of the Caribbean: The Video Game,PS3,2011.0,Action,7.1,34.0
NBA 2K16,X360,2015.0,Sports,3.2,24.0
Killzone,PS2,2004.0,Shooter,7.4,254.0
The SpongeBob SquarePants Movie,GC,2004.0,Platform,7.8,13.0
Star Fox 64 3D,3DS,2011.0,Shooter,8.2,231.0
Castlevania: Lament of Innocence,PS2,2003.0,Action,8.4,74.0
Tom Clancy's Splinter Cell: Blacklist,PS3,2013.0,Action,7.7,314.0
Skylanders: Spyro's Adventure,PS3,2011.0,Action,4.8,42.0
Phantasy Star Portable,PSP,2008.0,Role-Playing,7.8,19.0
WWE SmackDown vs. Raw 2009,PS3,2008.0,Fighting,7.0,49.0
NCAA Football 10,X360,2009.0,Sports,6.7,37.0
Brutal Legend,PS3,2009.0,Action,7.6,162.0
Tony Hawk: RIDE,Wii,2009.0,Sports,4.5,21.0
Bully,PS2,2006.0,Action,9.1,293.0
Prince of Persia: The Sands of Time,XB,2003.0,Action,7.8,72.0
MLB 06: The Show,PS2,2006.0,Sports,8.9,31.0
NHL 2003,PS2,2002.0,Sports,6.8,18.0
Naruto Shippuden: Ultimate Ninja Storm 3,PS3,2013.0,Fighting,7.9,187.0
EA Sports UFC 2,PS4,2016.0,Sports,6.2,157.0
The Sims 2,DS,2005.0,Simulation,6.1,24.0
Tony Hawk's Pro Skater 4,XB,2002.0,Sports,8.5,21.0
Dragon Age: Inquisition,XOne,2014.0,Role-Playing,6.9,703.0
White Knight Chronicles: International Edition,PS3,2008.0,Role-Playing,7.5,213.0
Kirby: Planet Robobot,3DS,2016.0,Action,8.7,87.0
Teenage Mutant Ninja Turtles,GBA,2003.0,Action,8.8,8.0
Bayonetta,X360,2009.0,Action,8.0,597.0
MLB 07: The Show,PS2,2007.0,Sports,8.6,19.0
Cars,GC,2006.0,Racing,7.0,5.0
Build-A-Bear Workshop,DS,2007.0,Simulation,4.8,5.0
Kingdom Hearts Re:coded,DS,2010.0,Role-Playing,7.0,76.0
Operation Flashpoint: Dragon Rising,X360,2009.0,Shooter,7.8,112.0
Lego Batman 3: Beyond Gotham,PS4,2014.0,Action,7.1,75.0
Brothers in Arms: Hell's Highway,PS3,2008.0,Shooter,8.0,70.0
The LEGO Movie Videogame,PS3,2014.0,Action,6.8,12.0
Assassin's Creed III,PC,2012.0,Action,6.2,1489.0
Borderlands 2,PC,2012.0,Shooter,8.2,2482.0
Teenage Mutant Ninja Turtles,PS2,2003.0,Action,8.7,31.0
Disney Magical World,3DS,2013.0,Adventure,7.5,21.0
Top Gun: Combat Zones,PS2,2001.0,Simulation,3.3,9.0
NCAA Football 11,X360,2010.0,Sports,7.1,70.0
007: The World is not Enough,PS,2000.0,Action,6.7,44.0
Phoenix Wright: Ace Attorney,DS,2005.0,Adventure,9.2,203.0
MLB 15: The Show,PS4,2015.0,Sports,7.8,190.0
South Park: The Stick of Truth,PS3,2014.0,Role-Playing,8.5,575.0
South Park: The Stick of Truth,X360,2014.0,Role-Playing,8.4,363.0
MLB 12: The Show,PS3,2012.0,Sports,7.5,75.0
SpongeBob SquarePants: The Yellow Avenger,PSP,2006.0,Action,6.4,13.0
Dante's Inferno,X360,2010.0,Action,7.7,224.0
WWE SmackDown vs. Raw 2009,X360,2008.0,Fighting,7.1,34.0
Sonic Riders,GC,2006.0,Racing,8.0,46.0
Blue Dragon,X360,2006.0,Role-Playing,7.8,161.0
Harvest Moon 3D: A New Beginning,3DS,2012.0,Action,8.2,62.0
Kung Fu Panda,Wii,2008.0,Action,6.7,7.0
EA Sports Active 2,PS3,2010.0,Sports,5.4,14.0
Knockout Kings 2002,PS2,2002.0,Sports,8.1,12.0
Tom Clancy's EndWar,X360,2008.0,Strategy,7.2,53.0
LEGO Harry Potter: Years 5-7,PS3,,Action,8.3,48.0
Tokyo Xtreme Racer 3,PS2,2003.0,Racing,8.9,23.0
Xenoblade Chronicles,Wii,2010.0,Role-Playing,8.9,950.0
Colin McRae Rally 2.0,PS,2000.0,Racing,8.7,31.0
Dynasty Warriors 7,PS3,2011.0,Action,7.4,57.0
NBA 2K14,XOne,2013.0,Sports,5.7,183.0
SSX,PS3,2012.0,Sports,6.8,110.0
Sonic Riders: Zero Gravity,Wii,2008.0,Racing,8.1,57.0
Operation Flashpoint: Dragon Rising,PS3,2009.0,Shooter,6.5,53.0
Tiger Woods PGA Tour 2002,PS2,2002.0,Sports,7.6,5.0
Lost Odyssey,X360,2007.0,Role-Playing,8.3,432.0
Street Fighter V,PS4,2016.0,Fighting,3.4,1221.0
Just Cause 3,XOne,2015.0,Action,7.0,186.0
MLB 2005,PS2,2004.0,Sports,7.6,9.0
Marvel: Ultimate Alliance 2,X360,2009.0,Role-Playing,7.3,82.0
Burnout Revenge,PS2,2005.0,Racing,8.8,114.0
Crysis 3,X360,2013.0,Shooter,6.7,344.0
Far Cry 4,X360,2014.0,Shooter,7.0,109.0
The Witcher 2: Assassins of Kings,X360,2012.0,Action,8.3,818.0
Homefront,PS3,2011.0,Shooter,5.7,174.0
LEGO Jurassic World,PS4,2015.0,Action,7.0,80.0
The Elder Scrolls Online,PC,2014.0,Role-Playing,5.7,2421.0
Hot Shots Tennis,PS2,2006.0,Sports,8.1,8.0
MX vs. ATV Reflex,PS3,2009.0,Racing,7.4,10.0
Madden NFL 25,PS4,2013.0,Sports,5.2,118.0
Sonic Heroes,XB,2003.0,Platform,7.6,34.0
Spider-Man 3,PS2,2007.0,Platform,6.5,28.0
James Bond 007: Agent Under Fire,XB,2002.0,Shooter,7.5,15.0
LEGO Marvel Super Heroes,3DS,2013.0,Action,5.2,11.0
X-Men Legends,XB,2004.0,Role-Playing,8.5,14.0
NBA Live 2005,XB,2004.0,Sports,7.6,14.0
Harry Potter: Quidditch World Cup,PS2,2003.0,Sports,6.6,27.0
LEGO The Lord of the Rings,Wii,2012.0,Action,7.2,21.0
Blitz: The League,PS2,2005.0,Sports,8.0,20.0
Castlevania: Circle of the Moon,GBA,2001.0,Platform,8.5,59.0
SOCOM 4: U.S. Navy SEALs,PS3,2011.0,Shooter,6.3,121.0
Tiger Woods PGA Tour 06,PS2,2005.0,Sports,6.2,16.0
FIFA Street,X360,2012.0,Sports,6.7,58.0
Classic NES Series: The Legend of Zelda,GBA,2004.0,Adventure,8.6,58.0
Fire Emblem: The Sacred Stones,GBA,2004.0,Strategy,9.1,132.0
Killzone: Liberation,PSP,2006.0,Shooter,8.3,80.0
Finding Nemo,GC,2003.0,Action,5.5,8.0
Lego Batman 3: Beyond Gotham,X360,2014.0,Action,6.8,14.0
Ace Combat 2,PS,1997.0,Simulation,8.2,22.0
NFL 2K2,PS2,2001.0,Sports,7.5,6.0
Pure,PS3,2008.0,Racing,7.8,30.0
Resistance: Retribution,PSP,2009.0,Shooter,8.1,84.0
Call of Duty: World at War,DS,2008.0,Shooter,7.8,20.0
Tiger Woods PGA Tour 12: The Masters,PS3,2011.0,Sports,7.3,17.0
FIFA Soccer 09 All-Play,Wii,2008.0,Sports,8.4,22.0
LEGO Indiana Jones 2: The Adventure Continues,PS3,2009.0,Action,7.1,16.0
Fossil Fighters,DS,2008.0,Role-Playing,7.9,15.0
NCAA Football 13,PS3,2012.0,Action,4.1,34.0
The Simpsons Game,PS3,2007.0,Action,7.5,49.0
Call of Duty: Modern Warfare 2,PC,2009.0,Shooter,4.2,6430.0
The Tomb Raider Trilogy,PS3,2011.0,Action,8.1,60.0
F1 2010,X360,2010.0,Racing,7.5,65.0
Call of Juarez: Bound in Blood,PS3,2009.0,Shooter,7.8,91.0
NBA 2K6,PS2,2005.0,Action,8.3,13.0
Dissidia 012: Duodecim Final Fantasy,PSP,2011.0,Fighting,8.3,144.0
Monster 4X4: World Circuit,Wii,2006.0,Racing,7.8,17.0
Far Cry: Primal,XOne,2016.0,Action,6.4,194.0
Resident Evil: Revelations,3DS,2012.0,Action,8.5,397.0
Sonic Chronicles: The Dark Brotherhood,DS,2008.0,Role-Playing,7.3,81.0
Star Wars: The Force Unleashed,DS,2008.0,Action,5.5,18.0
Grand Theft Auto IV,PC,2008.0,Action,6.6,2299.0
WWE SmackDown vs. Raw 2011,X360,2010.0,Fighting,7.6,45.0
ESPN NHL 2K5,PS2,2004.0,Sports,8.1,18.0
Borderlands: The Handsome Collection,PS4,2015.0,Shooter,7.8,345.0
Crimson Skies: High Road to Revenge,XB,2003.0,Simulation,8.8,45.0
Madden NFL 08,Wii,2007.0,Sports,6.8,27.0
Spec Ops: Ranger Elite,PS,2001.0,Shooter,6.6,16.0
F1 2009,Wii,2009.0,Racing,7.2,30.0
Tom Clancy's Ghost Recon: Island Thunder,XB,2003.0,Shooter,8.8,17.0
Sleeping Dogs,X360,2012.0,Action,7.9,468.0
Kingdoms of Amalur: Reckoning,X360,2012.0,Role-Playing,7.7,446.0
Kingdom Hearts Re: Chain of Memories,PS2,2008.0,Role-Playing,7.2,105.0
Phantasy Star Portable 2,PSP,2009.0,Role-Playing,8.1,35.0
LittleBigPlanet Karting,PS3,2012.0,Action,6.9,159.0
Tony Hawk's Project 8,PS2,2006.0,Sports,7.3,19.0
GRID,X360,2008.0,Racing,7.9,131.0
DiRT,X360,2007.0,Racing,7.4,94.0
Red Faction: Guerrilla,X360,2009.0,Shooter,8.1,237.0
Fight Night Round 2,PS2,2005.0,Fighting,9.0,37.0
Conflict: Desert Storm,XB,2002.0,Shooter,8.1,17.0
LEGO Jurassic World,X360,2015.0,Action,7.1,14.0
Cooking Mama: World Kitchen,Wii,2008.0,Simulation,4.9,12.0
Brothers in Arms: Hell's Highway,X360,2008.0,Shooter,8.3,149.0
Vagrant Story,PS,2000.0,Role-Playing,8.3,129.0
Warriors Orochi,PS2,2007.0,Action,8.2,16.0
Crysis 3,PS3,2013.0,Shooter,6.3,288.0
Mercenaries 2: World in Flames,PS3,2008.0,Shooter,7.1,73.0
Ghostbusters: The Video Game,Wii,2009.0,Action,8.5,28.0
Endless Ocean: Blue World,Wii,2009.0,Simulation,8.5,26.0
Winning Eleven: Pro Evolution Soccer 2007,PSP,2006.0,Sports,8.3,14.0
Rocky,PS2,2002.0,Fighting,8.4,11.0
Ford Racing,PS,2001.0,Racing,5.8,4.0
Lemmings,PSP,2006.0,Puzzle,7.9,14.0
Dynasty Warriors 4: Xtreme Legends,PS2,2003.0,Action,9.1,39.0
2010 FIFA World Cup South Africa,X360,2010.0,Sports,8.1,58.0
Tomb Raider: Anniversary,Wii,2007.0,Action,7.3,25.0
NBA 2K8,X360,2007.0,Sports,7.0,28.0
Tiger Woods PGA Tour 2005,XB,2004.0,Sports,8.9,14.0
LEGO Jurassic World,PS3,2015.0,Action,7.4,14.0
Kingdoms of Amalur: Reckoning,PS3,2012.0,Role-Playing,7.6,376.0
Dragon Ball Z: Burst Limit,PS3,2008.0,Fighting,7.2,51.0
Tekken Tag Tournament 2,PS3,2012.0,Fighting,8.2,193.0
Ninja Gaiden Sigma 2,PS3,2009.0,Action,7.7,115.0
Ratatouille,PS2,2007.0,Action,8.0,11.0
Burnout 2: Point of Impact,PS2,2002.0,Racing,8.2,48.0
Wii Fit U,WiiU,2013.0,Sports,7.7,72.0
Street Fighter EX3,PS2,2000.0,Fighting,7.9,31.0
The Legendary Starfy,DS,2008.0,Platform,8.4,26.0
NCAA Football 11,PS3,2010.0,Sports,7.4,25.0
The House of the Dead: Overkill,Wii,2009.0,Shooter,8.7,95.0
Army of Two: The 40th Day,PS3,2010.0,Shooter,7.0,88.0
Darksiders II,PS3,2012.0,Action,7.1,422.0
Spider-Man 2,GC,2004.0,Action,8.8,30.0
The Lord of the Rings: War in the North,X360,,Action,7.4,113.0
 Tales of Xillia 2,PS3,2012.0,Role-Playing,7.9,216.0
Ghostbusters: The Video Game,PS3,2009.0,Action,7.9,96.0
The Incredibles,GC,2004.0,Action,7.1,7.0
Xenoblade Chronicles X,WiiU,2015.0,Role-Playing,8.9,1548.0
NBA 2K10,PS3,2009.0,Sports,7.8,39.0
Skate 2,PS3,2009.0,Sports,7.8,53.0
Big Mutha Truckers,PS2,2002.0,Racing,5.3,20.0
The Evil Within,PS3,2014.0,Action,7.6,193.0
Rogue Galaxy,PS2,2005.0,Role-Playing,8.4,89.0
ESPN College Hoops 2K5,PS2,2004.0,Sports,8.1,10.0
NCAA Football 14,PS3,2013.0,Sports,6.2,40.0
Harry Potter and the Order of the Phoenix,DS,2007.0,Action,4.9,19.0
Sniper Elite V2,X360,2012.0,Shooter,6.8,131.0
Metroid: Zero Mission,GBA,2004.0,Adventure,9.0,132.0
Ben 10: Protector of Earth,PS2,2007.0,Action,7.6,14.0
Burnout Legends,PSP,2005.0,Racing,8.4,108.0
Blazing Angels: Squadrons of WWII,Wii,2007.0,Simulation,6.7,28.0
Madden NFL 09 All-Play,Wii,2008.0,Sports,7.2,22.0
Dynasty Warriors 2,PS2,2000.0,Action,8.8,24.0
Madden NFL 07,PSP,,Sports,6.6,16.0
Time Crisis 4,PS3,2007.0,Shooter,7.4,21.0
Duke Nukem Forever,X360,2011.0,Shooter,4.4,456.0
Lizzie McGuire 2: Lizzie Diaries,GBA,2004.0,Action,5.0,5.0
NCAA Football 12,PS3,2011.0,Sports,5.8,41.0
Brute Force,XB,2003.0,Shooter,7.8,49.0
Tiger Woods PGA Tour 11,PS3,2010.0,Sports,6.7,17.0
WWE SmackDown vs. Raw 2009,Wii,2008.0,Fighting,8.5,18.0
Sly 3: Honor Among Thieves,PS2,2005.0,Platform,8.8,130.0
MLB SlugFest 20-03,PS2,,Sports,8.2,6.0
Need for Speed: Nitro,Wii,2009.0,Racing,7.4,38.0
Street Fighter X Tekken,PS3,2012.0,Fighting,5.3,191.0
Sid Meier's Civilization Revolution,X360,2008.0,Strategy,7.8,171.0
Tales of the Abyss,3DS,2011.0,Role-Playing,7.6,197.0
Dragon Age II,PS3,2011.0,Action,4.3,1197.0
Call of Duty: Modern Warfare 3,Wii,2011.0,Shooter,1.8,442.0
God of War Saga,PS3,2012.0,Action,8.3,52.0
James Bond 007: Nightfire,XB,2002.0,Shooter,7.8,25.0
Tony Hawk's Pro Skater 3,GC,2001.0,Sports,9.0,27.0
Marvel: Ultimate Alliance,PS2,2006.0,Role-Playing,8.2,33.0
Harvest Moon: Tree of Tranquility,Wii,2007.0,Simulation,8.2,28.0
Tony Hawk's Underground 2 Remix,PSP,2005.0,Sports,8.0,34.0
Need for Speed: Hot Pursuit 2,XB,2002.0,Racing,6.4,15.0
Amped: Freestyle Snowboarding,XB,2001.0,Sports,9.0,20.0
Stranglehold,X360,2007.0,Shooter,7.6,91.0
Rocket Power: Beach Bandits,PS2,2002.0,Platform,6.6,13.0
Shin Megami Tensei: Persona 4,PS2,2008.0,Role-Playing,8.9,634.0
Devil May Cry HD Collection,PS3,2012.0,Action,8.8,158.0
The Lord of the Rings: War in the North,PS3,,Action,7.0,100.0
Tales of Destiny II,PS,2000.0,Role-Playing,8.7,31.0
NASCAR 2001,PS,2000.0,Racing,6.1,9.0
The Legend of Zelda: Four Swords Adventures,GC,2004.0,Action,7.2,74.0
MediEvil: Resurrection,PSP,2005.0,Adventure,8.7,52.0
Valkyrie Profile,PS,1999.0,Role-Playing,8.8,37.0
Shaun White Snowboarding,X360,,Sports,7.6,25.0
Pro Evolution Soccer 2010,X360,2009.0,Sports,7.6,29.0
Tom Clancy's Rainbow Six 3,PS2,2004.0,Shooter,8.2,17.0
Madden NFL 25,XOne,2013.0,Sports,5.9,111.0
NCAA Football 10,PS3,2009.0,Sports,6.9,14.0
Battle of Giants: Dinosaurs,DS,2008.0,Strategy,7.2,9.0
The Sims 2,PS2,2005.0,Simulation,4.4,166.0
Dragon Ball: Raging Blast 2,PS3,2010.0,Fighting,7.5,63.0
Yakuza,PS2,2005.0,Action,8.2,73.0
Disney's The Little Mermaid: Ariel's Undersea Adventure,DS,2006.0,Action,7.0,4.0
Star Wars Rogue Squadron III: Rebel Strike,GC,2003.0,Simulation,7.6,50.0
Hitman: Contracts,PS2,2004.0,Shooter,8.3,43.0
Professor Layton vs Phoenix Wright: Ace Attorney,3DS,2012.0,Puzzle,8.5,99.0
Ben 10: Alien Force,Wii,2008.0,Action,7.8,11.0
Final Fantasy Anthology,PS,1999.0,Role-Playing,8.1,28.0
DiRT 2,X360,2009.0,Racing,8.2,110.0
Prince of Persia: Warrior Within,XB,2004.0,Action,7.5,35.0
Killzone: Mercenary,PSV,2013.0,Shooter,8.9,513.0
Pro Evolution Soccer 2010,PSP,2009.0,Sports,4.6,5.0
Final Fantasy X / X-2 HD Remaster,PSV,2013.0,Role-Playing,8.5,223.0
Need for Speed: Hot Pursuit 2,GC,2002.0,Racing,8.3,15.0
The Sims 2: Pets,PSP,2006.0,Simulation,7.3,10.0
Dragon Ball Z: Budokai Tenkaichi 2,PS2,2006.0,Fighting,8.6,61.0
Star Wars The Clone Wars: Republic Heroes,Wii,2009.0,Action,6.4,5.0
pro evolution soccer 2011,PSP,2010.0,Sports,5.8,5.0
Harvest Moon: A Wonderful Life,GC,2003.0,Role-Playing,8.9,148.0
All Star Cheer Squad,Wii,2008.0,Sports,5.2,10.0
DmC: Devil May Cry,PS3,2013.0,Action,5.3,1471.0
Motocross Mania,PS,2001.0,Racing,5.3,6.0
Darksiders II,X360,2012.0,Action,8.0,456.0
Need for Speed Rivals,X360,2013.0,Racing,5.4,107.0
[Prototype 2],X360,2012.0,Action,7.0,173.0
Armored Core 2,PS2,2000.0,Simulation,8.4,19.0
The Godfather II,X360,2009.0,Action,6.9,60.0
Dragon's Dogma,X360,2012.0,Role-Playing,7.8,320.0
Pro Evolution Soccer 2016,PS4,2015.0,Sports,7.1,680.0
NCAA Football 08,PS2,2007.0,Sports,8.3,23.0
FIFA Soccer 2004,XB,2003.0,Sports,8.2,23.0
The Sims 2: Castaway,PSP,2007.0,Simulation,7.3,18.0
Star Ocean: The Last Hope,X360,2009.0,Role-Playing,7.2,150.0
Sniper: Ghost Warrior,PS3,2011.0,Shooter,6.0,34.0
Invizimals,PSP,2009.0,Strategy,7.3,19.0
Forza Horizon 2,X360,2014.0,Racing,5.1,116.0
WWE 2K15,PS3,2014.0,Sports,3.1,57.0
Too Human,X360,2008.0,Role-Playing,7.0,458.0
Tiger Woods PGA Tour 10,PS3,2009.0,Sports,7.7,9.0
Tom Clancy's Splinter Cell: Double Agent,X360,2006.0,Action,8.1,148.0
Naruto Shippuden: Ultimate Ninja Storm 2,X360,2010.0,Fighting,8.5,39.0
Golden Sun: Dark Dawn,DS,2010.0,Role-Playing,8.1,86.0
Fight Night Champion,X360,2011.0,Fighting,7.4,105.0
Dead Island: Riptide,X360,2013.0,Action,6.3,192.0
Madden NFL 16,PS3,2015.0,Sports,3.1,18.0
Star Wars The Clone Wars: Jedi Alliance,DS,2008.0,Action,7.8,32.0
The World Ends With You,DS,2007.0,Role-Playing,8.9,283.0
Drawn to Life,DS,2007.0,Action,8.2,30.0
Sid Meier's Civilization Revolution,PS3,2008.0,Strategy,7.7,87.0
NBA 2K7,PS2,2006.0,Sports,8.4,18.0
James Bond 007: Nightfire,GC,2002.0,Shooter,8.6,46.0
Goldeneye 007: Reloaded,PS3,2011.0,Shooter,6.3,52.0
Rayman Origins,X360,2011.0,Platform,8.2,209.0
Aliens: Colonial Marines,X360,2013.0,Shooter,3.8,449.0
MadWorld,Wii,2009.0,Action,8.6,176.0
Need for Speed: ProStreet,PSP,2008.0,Racing,7.1,19.0
Perfect Dark Zero,X360,2005.0,Shooter,7.3,229.0
Marvel Nemesis: Rise of the Imperfects,PS2,2005.0,Fighting,6.3,46.0
Need for Speed: Porsche Unleashed,PS,1999.0,Racing,8.5,24.0
Resident Evil: Operation Raccoon City,X360,2012.0,Action,4.9,330.0
UFC Personal Trainer: The Ultimate Fitness System,X360,2011.0,Sports,6.5,15.0
Worms: Open Warfare,PSP,2006.0,Strategy,6.6,18.0
Star Wars Episode II: Attack of the Clones,GBA,2002.0,Action,5.0,6.0
Ghost Squad,Wii,2007.0,Shooter,7.5,31.0
Maximo: Ghosts to Glory,PS2,2001.0,Platform,8.7,16.0
Donkey Kong Country 3,GBA,2005.0,Platform,8.4,27.0
All-Star Baseball 2003,PS2,2002.0,Sports,8.4,17.0
Unlimited Saga,PS2,2002.0,Role-Playing,3.0,29.0
Pokemon Dash,DS,2004.0,Racing,5.9,34.0
Dragon Ball: Raging Blast,PS3,2009.0,Fighting,7.2,58.0
Twisted Metal: Head On,PSP,2005.0,Action,8.2,38.0
Sonic Unleashed,PS2,2008.0,Platform,6.7,49.0
Cabela's Deer Hunt: 2004 Season,PS2,2003.0,Sports,9.0,40.0
Driv3r,XB,2004.0,Racing,4.7,69.0
ISS Pro Evolution,PS,1998.0,Sports,8.7,40.0
Need For Speed: Undercover,PSP,2008.0,Racing,6.8,37.0
Metroid Prime Hunters,DS,2006.0,Shooter,8.0,188.0
Bayonetta 2,WiiU,2014.0,Action,8.2,1217.0
Star Wars Battlefront: Elite Squadron,PSP,2009.0,Shooter,8.0,41.0
Syphon Filter: The Omega Strain,PS2,2004.0,Shooter,6.9,30.0
FIFA Soccer 11,PS2,2010.0,Sports,6.6,7.0
The Sims 3,3DS,2011.0,Simulation,3.3,31.0
Mortal Kombat: Deception,XB,2004.0,Fighting,8.8,24.0
That's So Raven,GBA,2004.0,Adventure,7.6,5.0
Portal 2,PC,2011.0,Shooter,8.8,5999.0
Duke Nukem Forever,PS3,2011.0,Shooter,4.9,278.0
Star Wars: The Force Unleashed II,Wii,2010.0,Action,7.8,31.0
Harry Potter and the Half-Blood Prince,Wii,2009.0,Action,6.0,8.0
Wall-E,PS2,2008.0,Platform,8.4,9.0
Professor Layton and the Azran Legacy,3DS,2013.0,Puzzle,7.9,86.0
Mega Man X5,PS,2000.0,Platform,8.9,55.0
Titanfall 2,PS4,2016.0,Shooter,8.4,704.0
Genji: Days of the Blade,PS3,2006.0,Action,5.8,30.0
Metal Gear Solid V: The Phantom Pain,XOne,2015.0,Action,7.3,900.0
Rockstar Games presents Table Tennis,X360,2006.0,Sports,7.8,69.0
Drawn to Life: The Next Chapter,Wii,2009.0,Puzzle,6.0,8.0
PokePark 2: Wonders Beyond,Wii,2011.0,Action,7.0,27.0
WWE SmackDown vs. Raw 2009,PSP,2008.0,Fighting,6.0,9.0
LEGO Batman 2: DC Super Heroes,3DS,2012.0,Action,5.2,25.0
SoulCalibur V,PS3,2012.0,Fighting,6.7,150.0
Shark Tale,PS2,2004.0,Action,6.5,6.0
Zone of the Enders,PS2,2001.0,Shooter,7.4,49.0
Pro Evolution Soccer 2015,PS4,2014.0,Sports,7.2,386.0
Tony Hawk's Underground 2,XB,2004.0,Sports,7.8,12.0
Madden NFL 06,PSP,2005.0,Sports,7.9,16.0
Raving Rabbids: Travel in Time,Wii,2010.0,Adventure,7.6,14.0
Capcom vs. SNK 2: Mark of the Millennium 2001,PS2,2001.0,Fighting,7.9,27.0
MVP 06 NCAA Baseball,PS2,2006.0,Sports,9.0,18.0
Turok,X360,2008.0,Action,7.1,120.0
Coded Arms,PSP,2005.0,Shooter,6.5,61.0
Final Fantasy Tactics A2: Grimoire of the Rift,DS,2007.0,Role-Playing,6.9,106.0
The Lord of the Rings: Conquest,PS3,2009.0,Action,7.1,57.0
Burnout,PS2,2001.0,Racing,7.7,33.0
Spectrobes,DS,2007.0,Role-Playing,7.9,31.0
The Godfather II,PS3,2009.0,Action,7.2,50.0
Mortal Kombat: Unchained,PSP,2006.0,Fighting,8.8,31.0
Need for Speed: Shift,PSP,2009.0,Racing,6.5,31.0
Dark Souls II,X360,2014.0,Role-Playing,7.9,915.0
Assassin's Creed: Revelations,PC,2011.0,Action,7.4,771.0
[Prototype 2],PS3,2012.0,Action,6.8,179.0
Midnight Club 3: DUB Edition,XB,2005.0,Racing,7.4,40.0
Resident Evil: Revelations,PS3,2013.0,Action,7.2,204.0
Tom Clancy's Rainbow Six: Vegas,PSP,2007.0,Shooter,7.1,31.0
Red Faction: Guerrilla,PS3,2009.0,Shooter,8.1,136.0
Ace Combat: Assault Horizon,PS3,2011.0,Action,6.7,82.0
Unreal Championship,XB,2002.0,Shooter,8.2,24.0
Lego Batman 3: Beyond Gotham,PS3,2014.0,Action,6.7,11.0
Crysis 2,PC,2011.0,Action,6.8,1594.0
Tales of Vesperia,X360,2008.0,Role-Playing,8.2,264.0
MLB 13: The Show,PS3,2013.0,Sports,7.8,114.0
LEGO Marvel Super Heroes,WiiU,2013.0,Action,8.0,71.0
NBA 2K16,PS3,2015.0,Sports,4.6,13.0
Sword of Mana,GBA,2003.0,Role-Playing,8.3,25.0
FIFA 17,PS3,2016.0,Sports,3.3,21.0
Marvel: Ultimate Alliance 2,PS3,2009.0,Role-Playing,7.3,51.0
Dragon Age: Inquisition,PC,2014.0,Role-Playing,5.9,3926.0
Resonance of Fate,PS3,2010.0,Role-Playing,8.0,136.0
Pirates of the Caribbean: At World's End,PS3,2007.0,Action,6.9,19.0
Tiger Woods PGA Tour 08,PS3,2007.0,Sports,6.6,7.0
Classic NES Series: Donkey Kong,GBA,2004.0,Platform,4.8,4.0
Harvest Moon: Animal Parade,Wii,2008.0,Simulation,8.9,20.0
WWE SmackDown vs. Raw 2010,Wii,2009.0,Fighting,7.7,9.0
Style Savvy: Trendsetters,3DS,2012.0,Simulation,8.0,15.0
Final Fantasy XIII-2,X360,2011.0,Role-Playing,6.3,268.0
Oddworld: Munch's Oddysee,XB,2001.0,Platform,8.7,32.0
Persona 4: Arena,PS3,2012.0,Fighting,7.7,180.0
Brink,PS3,2011.0,Shooter,5.8,168.0
NHL 11,X360,2010.0,Sports,7.7,71.0
NCAA Football 07,X360,2006.0,Sports,6.9,20.0
Full Spectrum Warrior,XB,2004.0,Strategy,8.7,27.0
LEGO Marvel's Avengers,PS4,2016.0,Action,7.0,87.0
Katamari Damacy,PS2,2004.0,Puzzle,9.0,86.0
LEGO Dimensions,PS4,2015.0,Action,7.1,65.0
Naruto Shippuden: Ultimate Ninja Storm Generations,PS3,2012.0,Fighting,7.1,83.0
Shaun Palmer's Pro Snowboarder,PS2,2001.0,Sports,8.7,13.0
James Bond 007: Agent Under Fire,GC,2002.0,Shooter,6.8,25.0
Harvest Moon DS: Island of Happiness,DS,2007.0,Simulation,7.0,22.0
Star Wars Episode III: Revenge of the Sith,GBA,2005.0,Action,7.5,12.0
Ultimate Spider-Man,PS2,2005.0,Action,7.9,54.0
Total War: Rome II,PC,2013.0,Strategy,4.2,3742.0
NBA Live 08,PS2,2007.0,Sports,6.6,9.0
Star Ocean: The Last Hope International,PS3,2010.0,Role-Playing,6.7,155.0
Dead to Rights,XB,2002.0,Shooter,8.9,16.0
Indiana Jones and the Staff of Kings,Wii,2009.0,Action,7.0,28.0
Tiger Woods PGA Tour 07,PS2,2006.0,Sports,6.0,8.0
My Little Pony: Pinkie Pie's Party,DS,2008.0,Adventure,0.0,4.0
Major League Baseball 2K7,X360,2007.0,Sports,7.1,34.0
Persona Q: Shadow of the Labyrinth,3DS,2014.0,Role-Playing,8.1,169.0
MLB 14: The Show,PS4,2014.0,Sports,7.7,205.0
X-Men: Mutant Academy 2,PS,2001.0,Fighting,8.4,18.0
Kirby: Canvas Curse,DS,2005.0,Platform,8.2,87.0
Madden NFL 10,Wii,2009.0,Sports,7.2,24.0
MLB 09: The Show,PS3,2009.0,Sports,8.1,61.0
Borderlands: The Pre-Sequel,X360,2014.0,Shooter,6.4,161.0
Madden NFL 11,Wii,,Sports,5.4,7.0
Super Monkey Ball Jr.,GBA,2002.0,Puzzle,8.6,11.0
The Witcher 3: Wild Hunt,PC,2015.0,Role-Playing,9.3,10665.0
F1 2011,X360,2011.0,Racing,7.1,54.0
Mobile Suit Gundam: Encounters in Space,PS2,2003.0,Simulation,8.5,37.0
MLB 10: The Show,PS3,2010.0,Sports,8.3,107.0
MX vs. ATV Reflex,X360,2009.0,Racing,6.6,30.0
Blur,PS3,2010.0,Racing,8.2,86.0
Battlefield: Bad Company 2,PC,2010.0,Shooter,8.3,1467.0
DiRT 3,X360,2011.0,Racing,7.1,166.0
The Lord of the Rings: The Two Towers,XB,2002.0,Action,8.1,18.0
Madden NFL 2003,XB,2002.0,Sports,8.3,16.0
Skate,X360,2007.0,Sports,8.4,137.0
iCarly,DS,2009.0,Adventure,8.3,6.0
XCOM: Enemy Unknown,PC,2012.0,Strategy,8.2,2235.0
Ben 10: Protector of Earth,PSP,2007.0,Action,7.2,23.0
Virtua Fighter 4: Evolution,PS2,2003.0,Fighting,9.0,48.0
Crysis,PC,2007.0,Shooter,8.0,1970.0
Resident Evil: Survivor,PS,2000.0,Action,7.0,47.0
The Sims 2: Castaway,DS,2007.0,Simulation,4.0,5.0
Godzilla: Destroy All Monsters Melee,GC,2002.0,Fighting,7.8,23.0
Silent Hill 3,PS2,2003.0,Action,8.8,315.0
Spyro: Enter the Dragonfly,GC,2002.0,Platform,5.1,24.0
Power Rangers: Dino Thunder,PS2,2004.0,Action,6.2,5.0
Madden NFL 08,PSP,2007.0,Sports,6.8,8.0
Madden NFL 09,PSP,2008.0,Sports,6.5,4.0
NBA Live 09,X360,2008.0,Sports,7.4,14.0
Dragon Ball: Xenoverse 2,PS4,2016.0,Action,7.8,117.0
Dynasty Warriors 6,PS3,2007.0,Action,7.3,49.0
NCAA Football 09,X360,2008.0,Sports,7.7,26.0
Doom 3: Resurrection of Evil,XB,2005.0,Shooter,7.9,16.0
SSX,X360,2012.0,Sports,6.4,186.0
Dragon Quest Swords: The Masked Queen and the Tower of Mirrors,Wii,2007.0,Role-Playing,5.9,21.0
Two Worlds,X360,2007.0,Role-Playing,5.5,182.0
Tony Hawk's Underground,GC,2003.0,Sports,8.5,24.0
Spider-Man 2,PSP,2005.0,Action,6.9,8.0
NCAA Football 08,X360,2007.0,Sports,7.8,44.0
Skylanders: Trap Team,WiiU,2014.0,Action,7.1,18.0
Star Wars: Obi-Wan,XB,2001.0,Action,5.9,14.0
Ace Attorney Investigations: Miles Edgeworth,DS,2009.0,Adventure,8.4,79.0
Kill.Switch,PS2,2003.0,Shooter,8.3,19.0
Catherine,PS3,2011.0,Adventure,8.1,372.0
SplashDown,PS2,2001.0,Racing,8.2,11.0
Jade Empire,XB,2005.0,Role-Playing,8.6,113.0
Infinite Undiscovery,X360,2008.0,Role-Playing,7.0,158.0
Lego Star Wars: The Force Awakens,PS4,2016.0,Action,7.5,91.0
NHL 12,X360,2011.0,Sports,7.0,72.0
Advance Wars,GBA,2001.0,Strategy,9.0,95.0
NASCAR 2001,PS2,2000.0,Racing,6.6,9.0
WWE SmackDown vs. Raw 2011,PSP,2010.0,Fighting,6.7,7.0
Mafia,PS2,2004.0,Action,7.6,62.0
Ape Escape: On the Loose,PSP,2005.0,Platform,6.4,16.0
Mobile Suit Gundam: Journey to Jaburo,PS2,2000.0,Simulation,8.1,49.0
MLB 08: The Show,PS3,2008.0,Sports,8.7,76.0
TimeSplitters 2,PS2,2002.0,Shooter,8.8,127.0
Omerta: City of Gangsters,X360,2011.0,Simulation,3.3,25.0
Driver: San Francisco,X360,2011.0,Racing,7.6,130.0
Classic NES Series: Zelda II: The Adventure of Link,GBA,2004.0,Adventure,7.5,39.0
James Bond 007: Blood Stone,PS3,2010.0,Shooter,7.4,45.0
Metal Gear Solid: Portable Ops Plus,PSP,2007.0,Action,7.5,27.0
Halo 2 Multiplayer Map Pack,XB,2005.0,Shooter,7.4,34.0
Mortal Kombat: Shaolin Monks,PS2,2005.0,Action,8.6,74.0
FIFA Soccer 13,Wii,2012.0,Action,1.6,21.0
The LEGO Movie Videogame,3DS,2014.0,Action,5.4,13.0
MotionSports,X360,2010.0,Sports,4.4,9.0
MX vs. ATV Unleashed: On the Edge,PSP,2006.0,Racing,8.1,7.0
Dragon Ball Z: Budokai,GC,2003.0,Fighting,6.3,15.0
Plants vs. Zombies: Garden Warfare,XOne,2014.0,Shooter,7.4,438.0
Need for Speed Rivals,XOne,2013.0,Racing,5.8,175.0
The Sims 2: Apartment Pets,DS,2008.0,Simulation,3.3,4.0
Harry Potter and the Chamber of Secrets,GC,2002.0,Action,8.3,27.0
Prince of Persia: The Forgotten Sands,PS3,2010.0,Action,7.6,120.0
The Lord of the Rings: The Return of the King,GC,2003.0,Action,8.5,21.0
The Sims: Medieval,PC,2011.0,Simulation,6.1,173.0
LEGO Batman 2: DC Super Heroes,DS,2012.0,Action,8.0,4.0
Top Spin 4,PS3,2011.0,Sports,7.7,55.0
Baldur's Gate: Dark Alliance II,PS2,2004.0,Role-Playing,8.7,54.0
Shark Tale,GBA,2004.0,Action,9.0,4.0
IL-2 Sturmovik: Birds of Prey,PS3,2009.0,Simulation,7.3,20.0
Test Drive Unlimited 2,X360,,Racing,6.4,87.0
NBA Street Vol. 2,XB,2003.0,Sports,8.8,24.0
MX vs. ATV Untamed,X360,2007.0,Racing,7.1,17.0
The Last Remnant,X360,2008.0,Role-Playing,6.9,122.0
NCAA Football 2005,XB,2004.0,Sports,8.0,12.0
The Sly Collection,PS3,2010.0,Platform,8.8,172.0
Naruto: Clash of Ninja,GC,2003.0,Fighting,8.1,20.0
Sniper Elite 3,PS4,2014.0,Shooter,7.1,178.0
Prince of Persia: The Two Thrones,PS2,2005.0,Action,8.5,111.0
Hot Shots Golf: Open Tee 2,PSP,2007.0,Sports,8.6,12.0
Suikoden II,PS,1998.0,Role-Playing,8.4,162.0
Iron Man,PS3,2008.0,Action,6.2,45.0
FIFA Soccer 06,XB,2005.0,Sports,7.5,22.0
Fight Night 2004,XB,2004.0,Fighting,8.7,20.0
.hack//Mutation Part 2,PS2,2002.0,Role-Playing,8.9,81.0
Wolfenstein: The New Order,XOne,2014.0,Shooter,7.8,397.0
Cars: Mater-National Championship,DS,2007.0,Racing,6.8,5.0
Kirby's Dream Collection: Special Edition,Wii,2012.0,Action,8.8,37.0
Return to Castle Wolfenstein: Tides of War,XB,2003.0,Shooter,8.8,33.0
RIFT,PC,2011.0,Role-Playing,7.3,561.0
Spider-Man 3,PS3,2007.0,Platform,7.0,40.0
Mass Effect,PC,2008.0,Role-Playing,8.6,2386.0
The Evil Within,XOne,2014.0,Action,7.3,430.0
Armored Core 3,PS2,2002.0,Simulation,9.0,33.0
Star Wars: Republic Commando,XB,2005.0,Shooter,8.9,89.0
The LEGO Movie Videogame,PS4,2014.0,Action,7.1,98.0
Turok,PS3,2008.0,Action,6.0,39.0
Terraria,X360,2013.0,Action,7.2,139.0
Red Steel,Wii,2006.0,Shooter,6.8,121.0
Unreal Tournament III,PS3,2007.0,Shooter,7.7,127.0
Fossil Fighters: Champions,DS,2010.0,Role-Playing,7.1,11.0
The Sims 3,DS,2010.0,Simulation,6.4,20.0
"The Chronicles of Narnia: The Lion, The Witch and The Wardrobe",GBA,,Action,6.8,5.0
NFL Street,XB,2004.0,Sports,8.8,9.0
Final Fantasy Crystal Chronicles: Ring of Fates,DS,2007.0,Role-Playing,7.2,25.0
Bakugan: Battle Brawlers,Wii,2009.0,Action,7.2,11.0
Blazing Angels: Squadrons of WWII,PS3,2006.0,Simulation,6.9,9.0
WWE SmackDown vs. RAW 2007,PSP,2006.0,Fighting,8.1,21.0
Skylanders: Trap Team,PS3,2014.0,Action,7.0,5.0
F1 2015,PS4,2015.0,Racing,6.3,43.0
Tony Hawk's Proving Ground,PS2,2007.0,Sports,6.6,17.0
The Darkness,PS3,2007.0,Shooter,7.7,107.0
MLB 2004,PS2,2003.0,Sports,7.9,9.0
The Sims 3: High-End Loft Stuff,PC,2010.0,Simulation,6.5,17.0
Darkstone,PS,2001.0,Role-Playing,8.3,12.0
NCAA March Madness 2003,PS2,2002.0,Sports,8.0,27.0
Thrillville,PS2,2006.0,Strategy,2.9,52.0
Castlevania: Lords of Shadow,X360,2010.0,Action,7.8,237.0
NHL 10,X360,2009.0,Sports,8.4,71.0
Street Fighter Anniversary Collection,PS2,2004.0,Fighting,8.7,20.0
NHL 13,X360,2012.0,Sports,6.6,86.0
Napoleon: Total War,PC,2010.0,Strategy,7.9,515.0
Madden NFL 10,PSP,2009.0,Sports,7.8,5.0
Rayman Legends,WiiU,2013.0,Platform,8.7,465.0
The Sims: Bustin' Out,GC,2003.0,Simulation,9.0,15.0
BioShock Infinite,PC,2013.0,Shooter,8.5,7322.0
Ratatouille,PSP,2007.0,Action,7.1,7.0
Lollipop Chainsaw,PS3,2012.0,Action,7.1,199.0
Tom Clancy's EndWar,PS3,2008.0,Strategy,6.6,42.0
Shrek: Hassle at the Castle,GBA,2002.0,Action,7.4,5.0
Suikoden IV,PS2,2004.0,Role-Playing,7.3,47.0
Gods Eater Burst,PSP,2010.0,Action,7.9,35.0
Fist of the North Star: Ken's Rage,PS3,2010.0,Action,6.9,29.0
Plants vs. Zombies: Garden Warfare,PS3,2014.0,Shooter,7.8,24.0
One Piece: Pirate Warriors 2,PS3,2013.0,Action,7.8,61.0
Brothers In Arms: Road to Hill 30,XB,2005.0,Shooter,8.0,69.0
LEGO Jurassic World,XOne,2015.0,Action,6.7,44.0
Kung Fu Panda,PS2,2008.0,Action,8.6,5.0
Freedom Wars,PSV,2014.0,Role-Playing,8.3,265.0
Shaun White Snowboarding,PS3,2008.0,Sports,6.3,26.0
Radiata Stories,PS2,2005.0,Role-Playing,9.0,54.0
F-Zero GX,GC,2003.0,Racing,8.5,161.0
Disney's Chicken Little,PS2,2005.0,Platform,8.9,7.0
Yoshi Topsy-Turvy,GBA,2004.0,Platform,6.6,5.0
Monster Jam: Maximum Destruction,PS2,2002.0,Racing,6.0,6.0
Tiger Woods PGA Tour 09,PS3,2008.0,Sports,7.2,9.0
Mortal Kombat,PSV,2012.0,Fighting,7.8,192.0
Tiger Woods PGA Tour 09,X360,2008.0,Sports,7.8,29.0
Advance Wars 2: Black Hole Rising,GBA,2003.0,Strategy,9.4,97.0
Wario: Master of Disguise,DS,2007.0,Platform,7.4,19.0
The Last Story,Wii,2011.0,Role-Playing,8.4,179.0
Drakengard,PS2,2003.0,Role-Playing,9.1,88.0
Champions: Return to Arms,PS2,2005.0,Role-Playing,8.8,43.0
Harry Potter and the Goblet of Fire,PS2,2005.0,Action,6.7,48.0
Tiger Woods PGA Tour 10,X360,2009.0,Sports,6.9,20.0
007: Quantum of Solace,Wii,2008.0,Action,7.5,26.0
Farming Simulator 17,PC,2016.0,Simulation,8.0,20.0
Borderlands 2,PSV,2014.0,Shooter,7.6,358.0
Harry Potter and the Half-Blood Prince,PS2,2009.0,Action,8.3,13.0
Crash Bandicoot Purple: Ripto's Rampage,GBA,2004.0,Platform,6.6,12.0
Assassin's Creed IV: Black Flag,PC,2013.0,Action,7.7,1470.0
Need For Speed: Undercover,Wii,2008.0,Racing,6.2,29.0
Spyro: A Hero's Tail,PS2,2004.0,Platform,8.0,44.0
Crash: Twinsanity,PS2,2004.0,Platform,8.0,129.0
The LEGO Movie Videogame,WiiU,2014.0,Action,7.7,25.0
Max Payne 2: The Fall of Max Payne,XB,2003.0,Shooter,8.4,49.0
Metal Gear Solid V: The Phantom Pain,PS3,2015.0,Action,7.2,168.0
Drawn to Life: The Next Chapter,DS,2009.0,Puzzle,7.7,22.0
GoldenEye: Rogue Agent,PS2,2004.0,Shooter,7.0,32.0
WWE 2K15,X360,2014.0,Sports,4.0,65.0
Star Ocean: First Departure,PSP,2007.0,Role-Playing,7.4,28.0
James Bond 007: Everything or Nothing,XB,2004.0,Shooter,7.4,27.0
X2: Wolverine's Revenge,PS2,2003.0,Platform,7.2,13.0
NBA Live 06,XB,2005.0,Sports,6.4,15.0
Rayman 3D,3DS,2011.0,Platform,6.6,48.0
Football Manager 2014,PC,2013.0,Sports,5.5,275.0
TimeSplitters 2,XB,2002.0,Shooter,7.7,34.0
Onimusha: Dawn of Dreams,PS2,2006.0,Action,8.9,62.0
Sengoku Basara: Samurai Heroes,PS3,2010.0,Action,7.9,29.0
Stuntman: Ignition,X360,2007.0,Racing,7.3,31.0
Real Heroes: Firefighter,Wii,2009.0,Action,8.2,10.0
Dishonored 2,PS4,2016.0,Action,7.7,569.0
The Crew,XOne,2014.0,Racing,5.9,176.0
Dragon Ball: Raging Blast 2,X360,2010.0,Fighting,7.4,30.0
NHL 13,PS3,2012.0,Sports,6.8,60.0
Dead or Alive 5,PS3,2012.0,Fighting,7.7,109.0
Evolve,XOne,2015.0,Shooter,5.1,336.0
Lemony Snicket's A Series of Unfortunate Events,PS2,2004.0,Platform,5.7,12.0
Lost Planet: Extreme Condition,PS3,2008.0,Shooter,7.0,36.0
X-Men Legends II: Rise of Apocalypse,PS2,2005.0,Role-Playing,7.3,41.0
LittleBigPlanet 3,PS3,2014.0,Platform,7.2,64.0
LEGO Star Wars II: The Original Trilogy,X360,2006.0,Action,8.0,45.0
Dragon Age II,PC,2011.0,Action,4.5,4533.0
Tony Hawk's Pro Skater 2x,XB,2001.0,Sports,8.8,5.0
NBA Live 08,PS3,2007.0,Sports,6.8,10.0
FIFA Soccer 2003,XB,2002.0,Sports,7.7,11.0
The Lord of the Rings: Conquest,X360,2009.0,Action,7.0,110.0
Far Cry 4,PC,2014.0,Shooter,6.7,1064.0
NASCAR 06: Total Team Control,PS2,2005.0,Racing,7.7,18.0
Iron Man,PSP,2008.0,Action,6.5,16.0
White Knight Chronicles II,PS3,2010.0,Role-Playing,7.1,64.0
Juiced 2: Hot Import Nights,X360,2007.0,Racing,7.6,21.0
Wolfenstein,PS3,2009.0,Shooter,7.4,77.0
The Walking Dead: Survival Instinct,X360,2013.0,Shooter,4.0,410.0
The Sims 3: Generations,PC,2011.0,Simulation,3.6,81.0
Ape Escape 2,PS2,2002.0,Platform,8.4,32.0
Sega Rally Revo,PS3,2007.0,Racing,7.0,20.0
Shin Megami Tensei: Persona 3 FES,PS2,2007.0,Role-Playing,8.3,296.0
FIFA Soccer 2002,PS2,2001.0,Sports,5.8,28.0
Angry Birds Trilogy,3DS,2012.0,Action,4.6,20.0
Condemned 2: Bloodshot,X360,2008.0,Action,8.4,178.0
Okami,PS2,2006.0,Action,9.3,327.0
Shin Megami Tensei: Persona 3 Portable,PSP,2009.0,Role-Playing,8.3,317.0
Crash of the Titans,PSP,2007.0,Action,7.1,24.0
NHL 2001,PS,2000.0,Sports,7.7,7.0
Crysis 3,PC,2013.0,Shooter,6.5,1223.0
Buzz Lightyear of Star Command,PS,2000.0,Platform,5.3,4.0
NHL 16,PS4,2015.0,Sports,5.5,157.0
Tony Hawk's Project 8,PS3,2006.0,Sports,7.2,14.0
Ghostbusters: The Video Game,X360,2009.0,Action,8.5,125.0
XCOM: Enemy Unknown,X360,2012.0,Strategy,8.3,366.0
Metal Gear Solid 2: Substance,XB,,Action,8.5,39.0
Tony Hawk's American Wasteland,XB,2005.0,Sports,7.7,15.0
Wild ARMs 3,PS2,2002.0,Role-Playing,8.4,38.0
Madden NFL 07,GC,2006.0,Sports,9.2,5.0
LEGO Jurassic World,3DS,2015.0,Action,7.2,11.0
Tiger Woods PGA Tour 2004,XB,2003.0,Sports,8.2,14.0
Test Drive Unlimited 2,PS3,,Racing,6.1,44.0
Tak 2: The Staff of Dreams,PS2,2004.0,Platform,8.0,10.0
LEGO Pirates of the Caribbean: The Video Game,3DS,2011.0,Action,7.3,20.0
Donkey Kong Barrel Blast,Wii,2007.0,Racing,6.8,26.0
Viewtiful Joe,GC,2003.0,Action,8.3,115.0
The Urbz: Sims in the City,GBA,2004.0,Simulation,9.2,25.0
Strike Force Bowling,PS2,2004.0,Sports,6.8,4.0
Red Steel 2,Wii,2010.0,Shooter,8.6,178.0
XGRA: Extreme G-Racing Association,PS2,2004.0,Racing,8.6,8.0
Mafia III,XOne,2016.0,Action,4.6,274.0
Prince of Persia: The Forgotten Sands,X360,2010.0,Action,7.8,112.0
Warriors Orochi 3,PS3,2011.0,Action,7.9,35.0
Tomb Raider III: Adventures of Lara Croft,PC,1998.0,Action,8.2,29.0
Tiger Woods PGA Tour 12: The Masters,X360,2011.0,Sports,6.1,25.0
Battle of Giants: Dragons,DS,2009.0,Strategy,6.0,4.0
Wall-E,X360,2008.0,Platform,6.3,6.0
Harry Potter and the Half-Blood Prince,DS,2009.0,Action,4.3,7.0
NieR,PS3,2010.0,Role-Playing,8.4,263.0
2014 FIFA World Cup Brazil,PS3,2014.0,Sports,4.3,87.0
NBA 2K9,PS3,2008.0,Sports,7.0,37.0
SpongeBob's Atlantis SquarePantis,Wii,2007.0,Action,5.5,6.0
NFL Fever 2003,XB,2002.0,Sports,8.6,12.0
Samurai Warriors 2,PS2,2006.0,Action,8.8,13.0
Wet,PS3,2009.0,Shooter,6.4,55.0
Cooking Mama 4: Kitchen Magic!,3DS,2011.0,Simulation,6.0,7.0
Scribblenauts: Unlimited,3DS,2012.0,Action,7.4,21.0
Fire Emblem: Shadow Dragon,DS,2008.0,Role-Playing,7.0,106.0
Plants vs. Zombies: Garden Warfare,PS4,2014.0,Shooter,7.6,259.0
Metroid Prime: Trilogy,Wii,2009.0,Shooter,9.3,316.0
Robotech: Battlecry,PS2,2002.0,Shooter,8.5,8.0
Dora the Explorer: Super Spies,GBA,2004.0,Platform,8.0,5.0
Disney Universe,PS3,2011.0,Action,6.9,13.0
Advance Wars: Days of Ruin,DS,,Strategy,8.7,96.0
Jak and Daxter: The Lost Frontier,PSP,2009.0,Platform,6.3,28.0
Time Crisis 3,PS2,2003.0,Shooter,8.1,12.0
WWE SmackDown vs. Raw 2010,PSP,2009.0,Fighting,6.6,8.0
Vanquish,PS3,2010.0,Shooter,8.1,304.0
Tearaway,PSV,2013.0,Adventure,8.9,391.0
Half-Life 2,XB,2005.0,Shooter,8.6,115.0
Tony Hawk: RIDE,X360,2009.0,Sports,3.0,67.0
Borderlands: The Pre-Sequel,PS3,2014.0,Shooter,6.3,130.0
Major League Baseball 2K8,X360,2008.0,Sports,5.9,34.0
Sacred 2: Fallen Angel,PS3,2009.0,Role-Playing,7.1,51.0
pro evolution soccer 2011,X360,2010.0,Sports,5.9,33.0
Major League Baseball 2K9,X360,2009.0,Sports,5.3,26.0
Final Fantasy IV Advance,GBA,2005.0,Role-Playing,7.3,70.0
Dragon Ball Z: Ultimate Tenkaichi,PS3,2011.0,Fighting,5.4,77.0
Harry Potter and the Goblet of Fire,GBA,2005.0,Action,6.0,8.0
Dragon Ball Z: Buu's Fury,GBA,2004.0,Action,8.9,39.0
Spider-Man: Mysterio's Menace,GBA,2001.0,Action,8.7,11.0
MySims Racing,DS,2009.0,Racing,7.3,4.0
Naruto: Ultimate Ninja,PS2,2003.0,Fighting,7.7,35.0
Tony Hawk's Underground,GBA,2003.0,Sports,7.7,9.0
World of Zoo,Wii,2009.0,Simulation,8.2,6.0
Shadow The Hedgehog,PS2,2005.0,Platform,6.0,137.0
Wave Race: Blue Storm,GC,2001.0,Racing,8.3,29.0
Aliens: Colonial Marines,PS3,2013.0,Shooter,3.6,295.0
Backyard Wrestling: Don't Try This at Home,PS2,2003.0,Fighting,7.8,29.0
Yakuza: Dead Souls,PS3,2011.0,Shooter,7.4,69.0
Fight Night Round 2,XB,2005.0,Fighting,8.8,27.0
Dead Island: Riptide,PS3,2013.0,Action,5.9,140.0
Kinect Sports Rivals,XOne,2014.0,Sports,5.1,144.0
NBA 2K8,PS2,2007.0,Sports,6.0,9.0
Dynasty Warriors 8,PS3,2013.0,Action,8.5,75.0
Disney Infinity,WiiU,2013.0,Action,7.6,58.0
Secret Agent Clank,PS2,2009.0,Platform,6.7,14.0
Call of Juarez: Bound in Blood,X360,2009.0,Shooter,7.6,94.0
Fighters Uncaged,X360,2010.0,Fighting,4.6,23.0
Rayman Arena,PS2,2001.0,Racing,8.6,8.0
Jaws Unleashed,PS2,2006.0,Action,7.5,39.0
Half-Life,PS2,2001.0,Shooter,8.6,94.0
Split/Second,X360,2010.0,Racing,8.1,101.0
The Golden Compass,DS,2007.0,Action,4.9,8.0
The Golden Compass,Wii,,Action,6.8,6.0
Muramasa: The Demon Blade,Wii,2009.0,Role-Playing,8.7,101.0
Okami,Wii,2008.0,Action,8.9,236.0
LEGO The Hobbit,PS4,2014.0,Action,6.6,88.0
WWE 2K17,PS4,2016.0,Sports,6.9,88.0
NHL 15,PS4,2014.0,Sports,3.6,306.0
Total War: Shogun 2,PC,2011.0,Strategy,8.3,1180.0
Dragon Age: Inquisition,PS3,2014.0,Role-Playing,5.2,242.0
SimCity DS,DS,2007.0,Simulation,6.3,18.0
Hot Wheels: Stunt Track Challenge,PS2,2004.0,Racing,8.1,8.0
FIFA 15,PSV,2014.0,Sports,3.1,42.0
Tony Hawk: RIDE,PS3,2009.0,Sports,2.1,31.0
Medal of Honor: Frontline,GC,2002.0,Shooter,7.9,16.0
Dead Space,PC,2008.0,Action,8.0,1093.0
NHL 11,PS3,2010.0,Sports,7.1,54.0
Yakuza 5,PS3,2012.0,Action,8.5,180.0
2002 FIFA World Cup,PS2,2002.0,Sports,5.6,18.0
MVP Baseball 2004,XB,2004.0,Sports,8.5,19.0
Crash Bandicoot: The Wrath of Cortex,GC,2002.0,Platform,7.3,22.0
WWE 2K16,XOne,2015.0,Sports,5.7,75.0
Assassin's Creed: Brotherhood,PC,2011.0,Action,8.2,1102.0
Dead or Alive Xtreme Beach Volleyball,XB,2003.0,Sports,7.8,47.0
Silent Hill: Shattered Memories,PS2,2010.0,Action,6.8,82.0
Blur,X360,2010.0,Racing,8.3,169.0
Madden NFL 06,X360,,Sports,4.9,44.0
Asphalt: Urban GT,DS,2004.0,Racing,7.5,13.0
Mega Man Anniversary Collection,PS2,2004.0,Platform,9.0,20.0
Metal Gear Solid V: Ground Zeroes,PS3,2014.0,Action,5.9,242.0
Harvest Moon: Friends of Mineral Town,GBA,2003.0,Simulation,9.6,116.0
Ben 10: Alien Force,PSP,2008.0,Action,7.7,12.0
Naruto: The Broken Bond,X360,2008.0,Action,7.8,46.0
Iron Man,Wii,2008.0,Action,7.0,8.0
The Fight: Lights Out,PS3,2010.0,Fighting,7.5,77.0
Mega Man X7,PS2,2003.0,Action,5.1,38.0
Deus Ex: Human Revolution,PC,2011.0,Shooter,8.5,3069.0
Final Fantasy Anniversary Edition,PSP,2007.0,Role-Playing,7.7,47.0
SoulCalibur V,X360,2012.0,Fighting,6.2,124.0
Romancing SaGa,PS2,2005.0,Role-Playing,8.0,35.0
Lost: Via Domus,X360,2008.0,Action,6.4,58.0
Top Spin 3,Wii,2008.0,Action,5.7,29.0
The Lord of the Rings: The Third Age,PS2,2004.0,Role-Playing,8.2,60.0
Call of Duty: Black Ops,DS,2010.0,Shooter,6.0,54.0
NCAA Football 09,PS3,2008.0,Sports,7.3,25.0
MLB 11: The Show,PS3,2011.0,Sports,7.8,87.0
Kinect Rush: A Disney Pixar Adventure,X360,2012.0,Adventure,5.1,15.0
Skylanders SWAP Force,WiiU,2013.0,Platform,6.0,96.0
Terminator 3: Rise of the Machines,PS2,2003.0,Action,6.3,23.0
Tom Clancy's HAWX,X360,2009.0,Action,7.3,51.0
Alice: Madness Returns,PS3,2011.0,Adventure,7.9,181.0
Shin Megami Tensei IV,3DS,2013.0,Role-Playing,8.3,251.0
NBA 2K7,X360,2006.0,Sports,7.8,67.0
NHL 12,PS3,2011.0,Sports,7.5,52.0
NASCAR: Dirt to Daytona,PS2,,Racing,8.8,19.0
Unreal Tournament,PS2,2000.0,Shooter,6.8,13.0
Digimon World 2,PS,2000.0,Role-Playing,7.6,47.0
Prince of Persia: The Two Thrones,XB,2005.0,Action,8.4,28.0
FIFA Soccer 10,DS,2009.0,Sports,7.6,5.0
JoJo's Bizarre Adventure: All Star Battle,PS3,2013.0,Fighting,8.3,55.0
Contra: Shattered Soldier,PS2,2002.0,Shooter,6.6,25.0
Final Fantasy: The 4 Heroes of Light,DS,2009.0,Role-Playing,7.1,38.0
Rayman Legends,PS3,2013.0,Platform,8.7,310.0
FIFA Soccer,PSV,2012.0,Sports,7.2,79.0
Tenchu 2: Birth of the Stealth Assassins,PS,2000.0,Action,8.7,32.0
Tony Hawk's Pro Skater 4,GC,2002.0,Sports,8.6,21.0
Naruto: Uzumaki Chronicles 2,PS2,2006.0,Action,6.9,17.0
NHL 06,PS2,2005.0,Sports,8.5,29.0
Parasite Eve II,PS,1999.0,Role-Playing,9.0,77.0
Skate it,Wii,2008.0,Sports,8.4,25.0
Pro Evolution Soccer 2015,PS3,2014.0,Sports,7.8,34.0
Madden NFL 2002,XB,,Sports,8.1,8.0
Phineas and Ferb: Across the 2nd Dimension,Wii,2011.0,Action,8.3,6.0
Far Cry Instincts,XB,2005.0,Shooter,5.7,73.0
Tony Hawk's Pro Skater 4,GBA,2002.0,Sports,8.8,4.0
ATV Offroad Fury: Blazin' Trails,PSP,2005.0,Racing,7.8,16.0
Tales of the Abyss,PS2,2005.0,Role-Playing,8.4,109.0
Payday 2,X360,2013.0,Shooter,6.3,203.0
Blacksite: Area 51,X360,2007.0,Shooter,6.1,65.0
Spyro Orange: The Cortex Conspiracy,GBA,2004.0,Action,7.0,12.0
XCOM: Enemy Unknown,PS3,2012.0,Strategy,8.2,296.0
Ben 10: Alien Force,PS2,2008.0,Action,5.3,6.0
Skylanders: Spyro's Adventure,3DS,2011.0,Action,4.9,62.0
The Sims 3: World Adventures,PC,2009.0,Simulation,8.0,72.0
Madden NFL 06,GC,2005.0,Sports,8.5,11.0
Titanfall 2,XOne,2016.0,Shooter,8.0,261.0
BlazBlue: Calamity Trigger,PS3,2009.0,Fighting,8.4,112.0
Iron Man,X360,2008.0,Action,5.9,52.0
Naruto: Ultimate Ninja 2,PS2,2004.0,Fighting,7.9,27.0
NHL 10,PS3,2009.0,Sports,7.9,40.0
Zumba Fitness,PS3,2010.0,Sports,3.8,4.0
Blood Wake,XB,2001.0,Shooter,7.5,13.0
Dynasty Warriors 5: Xtreme Legends,PS2,2005.0,Action,9.1,26.0
WWE 2K15,XOne,2014.0,Sports,5.7,63.0
FIFA World Cup Germany 2006,PS2,2006.0,Sports,8.1,33.0
Wreckless: ThE YaKuza MisSiOns,XB,2002.0,Racing,5.2,13.0
Defiance,X360,2013.0,Shooter,7.2,249.0
Disgaea 4: A Promise Unforgotten,PS3,2011.0,Role-Playing,7.8,126.0
SpongeBob SquarePants featuring Nicktoons: Globs of Doom,DS,2008.0,Action,6.0,5.0
SpongeBob SquarePants: Battle for Bikini Bottom,XB,2003.0,Platform,8.9,17.0
Doom 3 BFG Edition,PS3,2012.0,Shooter,6.4,107.0
Spider-Man 3,X360,2007.0,Platform,7.0,53.0
Pro Evolution Soccer 2012,PSP,2011.0,Action,6.3,8.0
The Conduit,Wii,2009.0,Shooter,8.2,258.0
Disney Universe,X360,2011.0,Action,5.3,13.0
RalliSport Challenge,XB,2002.0,Racing,8.3,19.0
Resident Evil Outbreak File #2,PS2,2004.0,Action,7.7,70.0
Top Spin 3,PS3,2008.0,Action,7.5,20.0
XIII,PS2,2003.0,Shooter,8.6,35.0
Tomb Raider: Anniversary,PSP,2007.0,Action,8.2,28.0
Rune Factory 4,3DS,2012.0,Role-Playing,8.1,122.0
3D Dot Game Heroes,PS3,2009.0,Role-Playing,8.0,96.0
Up,Wii,2009.0,Action,8.0,4.0
Breath of Fire IV,PS,2000.0,Role-Playing,8.9,45.0
Tales of Zestiria,PS3,2015.0,Role-Playing,8.0,47.0
True Crime: Streets of LA,GC,2003.0,Action,7.3,29.0
Odin Sphere,PS2,2007.0,Role-Playing,8.6,59.0
Titanfall,PC,2014.0,Shooter,6.2,1727.0
Arena Football,PS2,2006.0,Sports,8.6,14.0
The Lord of the Rings: The Return of the King,GBA,2003.0,Action,8.2,11.0
NHL Hitz 20-02,PS2,2001.0,Sports,7.6,8.0
The Legend of Spyro: Dawn of the Dragon,Wii,2008.0,Platform,6.5,19.0
Classic NES Series: Dr. Mario,GBA,2004.0,Puzzle,7.5,6.0
The Sims: Bustin' Out,XB,2003.0,Simulation,8.9,12.0
NCAA March Madness 07,PS2,2007.0,Sports,8.6,7.0
"Monsters, Inc. Scream Team",PS,2001.0,Platform,6.9,8.0
"Warhammer 40,000: Space Marine",X360,2011.0,Shooter,7.8,232.0
Top Spin 3,X360,2008.0,Action,7.6,36.0
Cabela's Big Game Hunter 2005 Adventures,PS2,2004.0,Sports,8.4,16.0
Battlefield 2: Modern Combat,XB,2005.0,Shooter,8.2,29.0
Tom Clancy's HAWX,PS3,2009.0,Action,8.1,39.0
All-Star Baseball 2002,PS2,2001.0,Sports,7.6,8.0
Need for Speed: Most Wanted,GC,2005.0,Racing,9.1,22.0
Bolt,Wii,2008.0,Adventure,5.8,5.0
WWE Raw 2,XB,2003.0,Fighting,7.3,25.0
Manhunt 2,PS2,2007.0,Action,7.8,53.0
Fullmetal Alchemist and the Broken Angel,PS2,2003.0,Role-Playing,8.1,38.0
Tony Hawk's Project 8,PSP,2006.0,Sports,7.6,14.0
Batman Begins,PS2,2005.0,Action,7.3,70.0
Dogz,DS,2006.0,Simulation,7.8,9.0
Tony Hawk's Proving Ground,X360,2007.0,Sports,5.4,44.0
Wolfenstein,X360,2009.0,Shooter,7.5,128.0
Blinx: The Time Sweeper,XB,2002.0,Platform,8.0,41.0
ESPN NFL Football,PS2,2003.0,Sports,8.5,25.0
Major League Baseball 2K5,XB,2005.0,Sports,8.2,17.0
Tetris Party Deluxe,Wii,2010.0,Puzzle,5.8,4.0
Gravity Rush,PSV,2012.0,Action,8.5,625.0
Quantum Break,XOne,2016.0,Action,6.8,1659.0
Archer Maclean's Mercury,PSP,2005.0,Puzzle,6.6,21.0
TMNT,X360,2007.0,Action,6.3,32.0
Middle-Earth: Shadow of Mordor,PS3,2014.0,Action,3.4,100.0
Soldier of Fortune: Gold Edition,PS2,2001.0,Shooter,6.8,17.0
FIFA 15,Wii,2014.0,Sports,4.3,12.0
Final Fantasy IV: The Complete Collection,PSP,2011.0,Role-Playing,7.5,80.0
Frontlines: Fuel of War,X360,2008.0,Shooter,7.8,77.0
MX 2002 Featuring Ricky Carmichael,PS2,2001.0,Racing,8.3,9.0
NCAA Football 07,XB,2006.0,Sports,6.9,10.0
Lunar: Silver Star Story Complete,PS,1998.0,Role-Playing,9.1,35.0
Harvest Moon: The Tale of Two Towns,DS,2010.0,Simulation,7.5,13.0
No More Heroes,Wii,2007.0,Action,8.4,259.0
God of War: Origins Collection,PS3,2011.0,Action,8.4,208.0
Dora The Explorer: Dora Saves the Snow Princess,Wii,2008.0,Platform,7.0,5.0
Soul Reaver 2,PS2,2001.0,Action,8.5,35.0
Metal Gear Solid 3: Subsistence,PS2,2005.0,Action,9.3,439.0
Enslaved: Odyssey to the West,PS3,2010.0,Action,7.4,312.0
WWF Raw,XB,2002.0,Fighting,6.6,15.0
Catz,DS,2006.0,Simulation,5.3,16.0
Extermination,PS2,2001.0,Action,7.8,19.0
Batman: Vengeance,PS2,2001.0,Adventure,6.7,12.0
Hot Shots Golf: World Invitational,PSV,2011.0,Sports,8.1,77.0
Tony Hawk's Pro Skater 3,XB,2002.0,Sports,8.4,17.0
Mega Man Zero,GBA,2002.0,Platform,8.9,31.0
Resident Evil: Revelations 2,PS4,2015.0,Action,7.7,284.0
LEGO Dimensions,PS3,2015.0,Action,6.4,18.0
NBA 2K8,PS3,2007.0,Sports,6.8,19.0
Rayman Origins,Wii,2011.0,Platform,8.3,127.0
Assassin's Creed: Unity,PC,2014.0,Action,3.0,1463.0
MX vs. ATV: Alive,X360,2011.0,Racing,7.2,24.0
Shrek 2,XB,2004.0,Platform,8.4,5.0
Purr Pals,DS,2007.0,Simulation,6.8,6.0
Assassin's Creed II,PC,2010.0,Action,6.9,1611.0
Tak and the Power of Juju,GBA,2003.0,Platform,9.2,19.0
Turok: Evolution,XB,2002.0,Shooter,6.7,9.0
Jak X: Combat Racing,PS2,2005.0,Racing,7.7,63.0
Red Dead Revolver,XB,2004.0,Shooter,8.5,26.0
CrossworDS,DS,2008.0,Puzzle,6.8,6.0
Viva Pinata: Pocket Paradise,DS,2008.0,Simulation,7.1,15.0
Sly Cooper: Thieves in Time,PS3,2013.0,Platform,8.3,343.0
Iron Man,PS2,2008.0,Action,5.6,15.0
Spec Ops: The Line,PS3,2012.0,Shooter,8.0,350.0
The SpongeBob SquarePants Movie,XB,2004.0,Platform,8.5,8.0
NHL 14,PS3,2013.0,Sports,6.0,79.0
F1 2013,PS3,2013.0,Racing,6.3,40.0
Legends of WrestleMania,PS3,2009.0,Fighting,6.5,19.0
Tiger Woods PGA Tour 08,X360,2007.0,Sports,7.8,26.0
Dance Dance Revolution Ultramix,XB,2003.0,Simulation,8.8,10.0
Crash Tag Team Racing,PS2,2005.0,Racing,7.0,49.0
Front Mission 4,PS2,2003.0,Strategy,8.6,22.0
Rayman Origins,PSV,2012.0,Platform,8.4,298.0
F.E.A.R.,PS3,2007.0,Shooter,7.4,64.0
Enslaved: Odyssey to the West,X360,2010.0,Action,7.8,295.0
Dragon Ball Z: Shin Budokai,PSP,2006.0,Fighting,8.1,19.0
Tiger Woods PGA Tour 13,PS3,2012.0,Sports,5.7,9.0
Dynasty Warriors: Gundam 3,PS3,2010.0,Action,7.5,20.0
Def Jam: Fight for NY,XB,,Fighting,8.5,13.0
Tony Hawk: Shred,Wii,2010.0,Sports,7.0,7.0
Tiger Woods PGA Tour 11,Wii,2010.0,Sports,8.3,23.0
NBA Live 10,PS3,2009.0,Sports,7.5,25.0
Metro 2033,X360,2010.0,Shooter,7.9,351.0
Fire Emblem: Path of Radiance,GC,2005.0,Action,8.9,141.0
Hotel Dusk: Room 215,DS,2007.0,Adventure,8.6,102.0
Final Fantasy Explorers,3DS,2014.0,Role-Playing,7.0,87.0
SSX Tricky,GC,2001.0,Sports,8.6,18.0
Greg Hastings' Tournament Paintball,XB,2004.0,Shooter,9.2,42.0
ESPN NBA Basketball,PS2,2003.0,Sports,8.4,38.0
Dragon Ball Z: Ultimate Tenkaichi,X360,2011.0,Fighting,5.8,52.0
Sacred 2: Fallen Angel,X360,2009.0,Role-Playing,7.3,64.0
Two Worlds II,X360,2011.0,Role-Playing,6.6,140.0
Over the Hedge,PS2,2006.0,Platform,8.6,10.0
Mat Hoffman's Pro BMX,PS,2001.0,Sports,8.6,16.0
NHL 14,X360,2013.0,Sports,5.9,92.0
The Hobbit,PS2,2003.0,Platform,8.6,14.0
War of the Monsters,PS2,2003.0,Fighting,8.9,68.0
Harry Potter and the Deathly Hallows - Part 1,Wii,2010.0,Action,5.0,11.0
NBA Street Vol. 2,GC,,Sports,8.1,7.0
The Incredible Hulk: Ultimate Destruction,PS2,2005.0,Action,8.7,38.0
Time Crisis: Razing Storm,PS3,2010.0,Shooter,5.9,15.0
Summer Sports: Paradise Island,Wii,2008.0,Sports,4.6,7.0
Time Crisis II,PS2,2001.0,Shooter,7.9,20.0
NCAA March Madness 06,PS2,2005.0,Sports,9.1,13.0
LEGO Dimensions,WiiU,2015.0,Action,6.5,29.0
Valkyria Chronicles II,PSP,2010.0,Role-Playing,8.1,67.0
Tatsunoko vs. Capcom: Ultimate All-Stars,Wii,2010.0,Fighting,8.8,85.0
Rune Factory: A Fantasy Harvest Moon,DS,2006.0,Role-Playing,8.1,52.0
Legacy of Kain: Defiance,PS2,2003.0,Action,9.3,49.0
NCAA March Madness 2005,PS2,2004.0,Sports,8.3,13.0
007 Racing,PS,2000.0,Racing,4.6,14.0
Tactics Ogre: Let Us Cling Together,PSP,2010.0,Role-Playing,8.8,102.0
Conflict: Vietnam,PS2,2004.0,Shooter,8.1,21.0
Dragon's Crown,PS3,2013.0,Role-Playing,8.3,288.0
MLB SlugFest 20-04,PS2,2003.0,Sports,8.3,8.0
NASCAR 09,PS2,2008.0,Racing,7.9,8.0
Blitz: The League,XB,2004.0,Sports,7.7,14.0
Manhunt 2,Wii,2007.0,Action,7.1,46.0
The LEGO Movie Videogame,XOne,2014.0,Action,6.9,49.0
Overwatch,PC,2016.0,Shooter,6.8,4052.0
Peter Jackson's King Kong: The Official Game of the Movie,XB,2005.0,Action,8.5,11.0
Burnout Revenge,XB,2005.0,Racing,8.4,66.0
Medal of Honor: European Assault,XB,2005.0,Shooter,7.0,15.0
Ty the Tasmanian Tiger 2: Bush Rescue,PS2,2004.0,Platform,8.2,22.0
The Lord of the Rings: The Fellowship of the Ring,XB,2002.0,Action,6.6,10.0
NBA 06,PS2,2005.0,Sports,6.3,27.0
Excite Truck,Wii,2006.0,Racing,8.4,83.0
Magician's Quest: Mysterious Times,DS,2008.0,Role-Playing,7.6,9.0
X-Men Legends,GC,2004.0,Role-Playing,8.5,11.0
G-Force,DS,2009.0,Action,9.0,5.0
StarCraft II: Legacy of the Void,PC,2015.0,Strategy,8.3,833.0
ModNation Racers,PSP,2010.0,Racing,7.7,22.0
LEGO Dimensions,X360,2015.0,Action,6.1,18.0
WWE SmackDown vs. Raw 2010,DS,2009.0,Fighting,8.3,4.0
Oni,PS2,2001.0,Action,7.8,22.0
Tom Clancy's Ghost Recon Advanced Warfighter 2,PSP,2007.0,Shooter,6.4,9.0
SpongeBob SquarePants featuring Nicktoons: Globs of Doom,Wii,2008.0,Action,5.4,10.0
Terminator Salvation,PS3,2009.0,Shooter,3.9,70.0
The Lord of the Rings: The Two Towers,GC,2002.0,Action,8.7,23.0
Batman: Arkham City,PC,2011.0,Action,8.6,1847.0
Juiced,PS2,2005.0,Racing,7.7,24.0
The Warriors,PS2,2005.0,Action,8.5,72.0
Star Fox Command,DS,2006.0,Shooter,7.3,56.0
Dragon Age: Inquisition,X360,2014.0,Role-Playing,5.1,235.0
Bulletstorm,PS3,2011.0,Shooter,7.7,288.0
Return to Castle Wolfenstein: Operation Resurrection,PS2,2003.0,Shooter,8.0,23.0
Mario Tennis: Power Tour,GBA,2005.0,Sports,8.0,25.0
Seaman,DC,1999.0,Simulation,8.4,16.0
Tales of Symphonia,PS3,2013.0,Role-Playing,7.2,6.0
Stuntman: Ignition,PS3,2007.0,Racing,6.2,12.0
F.E.A.R. 2: Project Origin,X360,2009.0,Shooter,8.0,114.0
Mystery Dungeon: Shiren the Wanderer,DS,2006.0,Role-Playing,8.2,21.0
GT Pro Series,Wii,2006.0,Racing,4.0,21.0
Tiger Woods PGA Tour 11,X360,2010.0,Sports,7.8,19.0
The Golden Compass,PS2,2007.0,Action,5.2,6.0
Final Fantasy Chronicles,PS,2001.0,Role-Playing,9.1,37.0
F1 2009,PSP,2009.0,Racing,7.2,14.0
Syphon Filter 3,PS,2001.0,Shooter,8.5,36.0
Metal Gear Solid 2: Substance,PS2,2002.0,Action,9.0,126.0
Tales of Symphonia: Dawn of the New World,Wii,2008.0,Role-Playing,7.1,93.0
NBA Live 08,X360,2007.0,Sports,5.3,19.0
We Love Katamari,PS2,2005.0,Puzzle,8.9,51.0
NCAA Football 2003,XB,2002.0,Sports,8.2,15.0
We Cheer,Wii,2008.0,Simulation,7.3,13.0
Madden NFL 07,PS3,2006.0,Sports,4.2,22.0
LEGO Jurassic World,WiiU,2015.0,Action,8.1,14.0
NBA Live 09,PS3,2008.0,Sports,7.8,15.0
Rory McIlroy PGA Tour,PS4,2015.0,Action,3.7,78.0
Lords of the Fallen,PS4,2014.0,Role-Playing,6.6,425.0
Tomb Raider: Legend,PS2,2006.0,Action,7.1,96.0
Freedom Fighters,PS2,2003.0,Shooter,8.4,57.0
Silent Hill: Origins,PSP,2007.0,Action,7.8,107.0
Gun,XB,2005.0,Shooter,7.8,29.0
Fight Night Round 3,PSP,2006.0,Fighting,8.1,22.0
The Punisher,PS2,2005.0,Action,8.2,56.0
Kirby and the Rainbow Curse,WiiU,2015.0,Platform,8.0,227.0
SSX On Tour,PS2,2005.0,Sports,7.9,26.0
Disgaea 3: Absence of Justice,PS3,2008.0,Role-Playing,7.5,150.0
Tony Hawk's Pro Skater 3,GBA,2002.0,Sports,8.0,6.0
Way of the Samurai 3,PS3,2008.0,Action,7.9,22.0
The Sims 2: Open for Business,PC,2006.0,Simulation,8.6,35.0
Rune Factory 2: A Fantasy Harvest Moon,DS,2008.0,Role-Playing,7.9,30.0
Harry Potter and the Prisoner of Azkaban,GBA,2004.0,Action,8.1,12.0
SimAnimals,DS,2009.0,Simulation,7.5,4.0
NBA Live 2002,PS,2001.0,Sports,8.8,9.0
Way of the Samurai,PS2,2002.0,Action,8.2,19.0
The 3rd Birthday,PSP,2010.0,Role-Playing,6.1,113.0
Kung Fu Panda,PS3,2008.0,Action,7.3,18.0
Epic Mickey 2: The Power of Two,X360,2012.0,Action,5.5,22.0
Spectrobes: Beyond the Portals,DS,2008.0,Role-Playing,7.7,14.0
HSX HyperSonic.Xtreme,PS2,2002.0,Racing,8.4,8.0
Lair,PS3,2007.0,Action,6.4,229.0
Madden NFL 2004,GC,2003.0,Sports,7.7,17.0
Summoner,PS2,2000.0,Role-Playing,7.8,12.0
Soul Sacrifice,PSV,2013.0,Role-Playing,8.2,298.0
DC Universe Online,PS3,2011.0,Role-Playing,7.4,139.0
NBA Live 07,PSP,2006.0,Sports,7.5,4.0
IL-2 Sturmovik: Birds of Prey,X360,2009.0,Simulation,8.4,18.0
100 All-Time Favorites,DS,2009.0,Puzzle,6.2,6.0
The Walking Dead: Survival Instinct,PS3,2013.0,Shooter,3.6,196.0
Major League Baseball 2K10,X360,2010.0,Sports,7.6,38.0
Alice in Wonderland,Wii,2010.0,Adventure,7.4,13.0
Ratatouille,PS3,2007.0,Action,4.8,4.0
NBA Live 2004,XB,2003.0,Sports,8.2,11.0
Iron Man,DS,2008.0,Action,7.0,4.0
Alien: Isolation,XOne,2014.0,Shooter,7.8,314.0
Pro Evolution Soccer 2010,Wii,2009.0,Sports,8.4,17.0
Disney's Kim Possible: Revenge of Monkey Fist,GBA,2002.0,Platform,8.8,8.0
Naruto Shippuden: Clash of Ninja Revolution 3,Wii,2009.0,Fighting,8.1,21.0
Ace Combat Zero: The Belkan War,PS2,2006.0,Simulation,8.4,55.0
Dragon Age: Origins,PC,2009.0,Role-Playing,8.6,3542.0
Dynasty Warriors,PSP,2004.0,Action,7.3,24.0
NHL 07,PS2,2006.0,Sports,4.6,51.0
SoulCalibur: Broken Destiny,PSP,2009.0,Fighting,6.2,45.0
Dragon Ball: Raging Blast,X360,2009.0,Fighting,7.5,33.0
Naruto Shippuden: Ultimate Ninja Storm 3,X360,2013.0,Fighting,7.7,67.0
The BIGS,PS2,2007.0,Sports,4.8,4.0
WWE 2K16,PS3,2015.0,Sports,6.0,21.0
Dragon Ball Z: Supersonic Warriors,GBA,2004.0,Fighting,7.0,21.0
NBA Ballers,XB,2004.0,Sports,8.1,8.0
Silent Hill 4: The Room,PS2,2004.0,Action,7.8,191.0
Tiger Woods PGA Tour 13,X360,2012.0,Sports,5.6,39.0
The Saboteur,X360,2009.0,Action,8.2,141.0
Sonic Riders,PS2,2006.0,Racing,7.2,25.0
Looney Tunes: Back in Action,PS2,2003.0,Platform,7.5,6.0
NHL 09,X360,2008.0,Sports,8.4,61.0
Bully: Scholarship Edition,Wii,2008.0,Action,8.4,60.0
WWE SmackDown vs. RAW 2007,X360,2006.0,Fighting,7.8,46.0
Midnight Club II,XB,2003.0,Racing,7.6,12.0
Ratatouille,Wii,2007.0,Action,6.7,12.0
Avatar: The Last Airbender,GC,2006.0,Adventure,6.5,4.0
The Mummy Returns,PS2,2001.0,Action,7.0,11.0
Hitman: Blood Money,PS2,2006.0,Action,8.4,104.0
Lost: Via Domus,PS3,2008.0,Action,6.9,28.0
Crash: Mind Over Mutant,PS2,2008.0,Platform,6.5,36.0
Picross DS,DS,2007.0,Puzzle,8.7,36.0
Pro Evolution Soccer 2012,X360,2011.0,Action,6.6,55.0
Final Fantasy II Anniversary Edition,PSP,2007.0,Role-Playing,7.1,24.0
Test Drive Unlimited,PSP,2007.0,Racing,7.3,29.0
Harry Potter and the Half-Blood Prince,PSP,2009.0,Action,6.6,9.0
Unit 13,PSV,2012.0,Shooter,7.5,169.0
R.U.S.E.,PS3,2010.0,Strategy,7.3,50.0
Goldeneye 007: Reloaded,X360,2011.0,Shooter,6.0,96.0
Star Wars: Jedi Starfighter,PS2,2002.0,Simulation,8.3,8.0
Tactics Ogre: The Knight of Lodis,GBA,2001.0,Role-Playing,9.1,26.0
Sega Bass Fishing,Wii,2008.0,Sports,6.3,9.0
Dead or Alive Ultimate,XB,2004.0,Fighting,8.7,25.0
RPG Maker,PS,1997.0,Role-Playing,8.2,9.0
Major League Baseball 2K12,X360,2012.0,Sports,6.4,22.0
Dance Dance Revolution Universe 2,X360,2007.0,Simulation,7.4,5.0
Burnout Revenge,X360,2006.0,Racing,8.1,140.0
The Adventures of Jimmy Neutron Boy Genius: Attack of the Twonkies,PS2,2004.0,Action,7.3,8.0
Madden NFL 13,Wii,2012.0,Sports,7.3,4.0
Madden NFL 11,PS2,2010.0,Sports,7.0,4.0
Monster Hunter,PS2,2004.0,Role-Playing,8.9,46.0
NBA Street Homecourt,X360,2007.0,Sports,8.2,30.0
Tony Hawk's Underground 2,GC,2004.0,Sports,8.9,17.0
SplashDown: Rides Gone Wild,PS2,2003.0,Racing,8.7,16.0
Shrek SuperSlam,PS2,2005.0,Action,9.0,26.0
Rayman Advance,GBA,2001.0,Platform,8.4,16.0
Wet,X360,,Shooter,7.3,86.0
Tomb Raider: Anniversary,PS2,2007.0,Action,8.2,29.0
Fantastic 4,PS2,2005.0,Action,7.8,19.0
Men in Black II: Alien Escape,PS2,2002.0,Shooter,7.3,6.0
Alice: Madness Returns,X360,2011.0,Adventure,8.1,157.0
Madden NFL 07,Wii,2006.0,Sports,8.0,16.0
Spider-Man 2,DS,2004.0,Action,5.0,6.0
Ridge Racer 3D,3DS,2011.0,Racing,7.2,56.0
Picross 3D,DS,2009.0,Puzzle,8.4,33.0
Dynasty Warriors: Gundam 2,PS3,2008.0,Action,7.0,28.0
Cars Mater-National Championship,Wii,2007.0,Racing,6.7,6.0
Super Monkey Ball 3D,3DS,2011.0,Action,5.5,31.0
Euro Truck Simulator,PC,2008.0,Simulation,7.6,35.0
SpongeBob SquarePants: Creature from the Krusty Krab,Wii,2006.0,Platform,5.6,7.0
F1 2012,X360,2012.0,Racing,6.9,56.0
Tony Hawk's Project 8,X360,2006.0,Sports,7.6,38.0
Bleach: Soul Resurreccion,PS3,2011.0,Fighting,7.2,46.0
The Matrix: Path of Neo,PS2,2005.0,Action,7.9,42.0
Dragon Ball Z: Supersonic Warriors 2,DS,2005.0,Fighting,7.6,28.0
Sonic Lost World,3DS,2013.0,Platform,6.5,144.0
WWE Wrestlemania X8,GC,2002.0,Fighting,6.9,20.0
GoldenEye: Rogue Agent,XB,2004.0,Shooter,7.2,20.0
Fire Emblem: Radiant Dawn,Wii,2007.0,Strategy,8.7,180.0
The Sims,GC,2003.0,Simulation,7.7,22.0
Plants vs. Zombies: Garden Warfare 2,PS4,2016.0,Shooter,7.7,111.0
Grandia III,PS2,2005.0,Role-Playing,8.3,53.0
Ace Combat: Assault Horizon,X360,2011.0,Action,6.2,82.0
Scarface: The World is Yours,XB,2006.0,Action,8.4,46.0
Resident Evil: The Mercenaries 3D,3DS,2011.0,Action,6.4,110.0
Star Wars Battlefront: Elite Squadron,DS,2009.0,Shooter,5.0,8.0
SpongeBob SquarePants: Creature from the Krusty Krab,DS,2006.0,Platform,7.3,4.0
Backyard Baseball,PS2,2004.0,Sports,7.2,10.0
Middle-Earth: Shadow of Mordor,X360,2014.0,Action,4.6,77.0
Barbie Horse Adventures: Wild Horse Rescue,PS2,2003.0,Sports,6.6,10.0
Medal of Honor,PC,2010.0,Shooter,6.4,516.0
Asphalt 3D,3DS,2011.0,Racing,4.4,24.0
Crazy Taxi,GC,2001.0,Racing,7.5,21.0
Dragon Ball Z: Burst Limit,X360,2008.0,Fighting,7.6,41.0
Spy Hunter 2,PS2,2003.0,Racing,6.4,8.0
Sniper: Art of Victory,PC,2008.0,Shooter,3.6,16.0
Tales of Legendia,PS2,2005.0,Role-Playing,7.7,38.0
FIFA Soccer 09,DS,2008.0,Sports,6.1,31.0
Steel Diver,3DS,2011.0,Action,6.3,29.0
Bravely Second: End Layer,3DS,2015.0,Role-Playing,7.4,103.0
Alone in the Dark,X360,2008.0,Adventure,5.7,162.0
Shrek the Third,PS2,2007.0,Action,6.1,9.0
Need for Speed: Porsche Unleashed,GBA,2004.0,Racing,7.8,8.0
Far Cry 2,PC,2008.0,Action,5.8,1345.0
NFL Street 2,XB,2004.0,Sports,6.5,11.0
Skylanders: SuperChargers,WiiU,2015.0,Action,5.6,65.0
MotorStorm: Apocalypse,PS3,2011.0,Racing,7.7,155.0
Dark Sector,X360,2008.0,Shooter,7.5,147.0
Tiger Woods PGA Tour 07,X360,2006.0,Sports,7.9,21.0
Plants vs. Zombies: Garden Warfare 2,XOne,2016.0,Shooter,8.1,79.0
Mario Golf: World Tour,3DS,2014.0,Sports,8.2,76.0
Secret Weapons Over Normandy,PS2,2003.0,Simulation,8.2,19.0
Bratz: The Movie,PS2,2007.0,Simulation,5.0,4.0
Crash of the Titans,DS,2007.0,Action,5.9,10.0
Dragon Ball: XenoVerse,PS3,2015.0,Fighting,7.1,62.0
Lollipop Chainsaw,X360,2012.0,Action,7.0,260.0
The Saboteur,PS3,2009.0,Action,8.1,118.0
Metal Gear Rising: Revengeance,X360,2013.0,Action,7.8,358.0
Theme Park Roller Coaster,PS2,2000.0,Strategy,7.9,17.0
Bass Pro Shops: The Strike,Wii,2009.0,Sports,7.6,5.0
NHL 16,XOne,2015.0,Sports,6.0,81.0
Midnight Club: Street Racing,GBA,2001.0,Racing,5.3,6.0
Tiger Woods PGA Tour 06,XB,2005.0,Sports,5.1,11.0
FIFA World Cup Germany 2006,X360,2006.0,Sports,6.6,33.0
World of Outlaws: Sprint Cars 2002,PS2,2002.0,Racing,9.1,10.0
Children of Mana,DS,2006.0,Role-Playing,6.0,21.0
Sonic the Hedgehog,PS3,,Platform,4.1,176.0
Fantavision,PS2,2000.0,Puzzle,6.3,9.0
X-Men: Next Dimension,PS2,2002.0,Fighting,8.7,13.0
Dynasty Warriors Gundam,PS3,2007.0,Action,6.9,16.0
Doom 3 BFG Edition,X360,2012.0,Shooter,6.5,132.0
Spider-Man 3,Wii,2007.0,Platform,5.3,29.0
James Bond 007: Blood Stone,X360,2010.0,Shooter,7.1,63.0
Street Fighter X Tekken,X360,2012.0,Fighting,4.4,177.0
Dark Sector,PS3,2008.0,Shooter,7.6,70.0
ICO,PS2,2001.0,Action,8.8,328.0
World of Warcraft: Warlords of Draenor,PC,2014.0,Action,5.9,1154.0
Ford Racing Off Road,Wii,2008.0,Racing,6.3,4.0
Unreal Tournament III,X360,2008.0,Shooter,7.6,95.0
FIFA Soccer 13,WiiU,2012.0,Action,6.2,49.0
Victorious Boxers: Ippo's Road to Glory,PS2,2000.0,Fighting,8.0,10.0
Valkyrie Profile 2: Silmeria,PS2,2006.0,Role-Playing,9.0,59.0
Hot Wheels Velocity X,PS2,2002.0,Racing,7.1,16.0
MySims Racing,Wii,2009.0,Racing,7.4,5.0
F.E.A.R. 2: Project Origin,PS3,2009.0,Shooter,7.9,98.0
The Sims 2: Pets,Wii,2007.0,Simulation,7.3,4.0
L.A. Rush,PS2,2005.0,Racing,8.0,10.0
Crash: Mind Over Mutant,X360,2008.0,Platform,6.5,23.0
Viva Pinata: Trouble in Paradise,X360,2008.0,Simulation,7.9,61.0
Epic Mickey 2: The Power of Two,PS3,2012.0,Action,4.3,24.0
NBA Ballers: Phenom,PS2,2006.0,Sports,8.5,8.0
Need for Speed Carbon,XB,2006.0,Racing,7.4,11.0
Shadowrun,X360,2007.0,Role-Playing,7.5,156.0
Crazy Taxi: Fare Wars,PSP,2007.0,Racing,7.1,18.0
"Warhammer 40,000: Dawn of War II",PC,2009.0,Strategy,8.1,1502.0
Hamsterz Life,DS,2006.0,Action,9.0,13.0
Emergency Heroes,Wii,2008.0,Racing,4.2,15.0
FlingSmash,Wii,2010.0,Action,6.8,13.0
Downhill Domination,PS2,2003.0,Racing,8.9,32.0
Dead Space Extraction,Wii,2009.0,Shooter,8.1,82.0
Pirates of the Caribbean: Dead Man's Chest,GBA,2006.0,Adventure,5.6,5.0
Silent Hill: Shattered Memories,Wii,2009.0,Action,8.0,226.0
Final Fantasy Crystal Chronicles: Echoes of Time,DS,2009.0,Role-Playing,7.3,21.0
Rise of Nightmares,X360,2011.0,Action,7.8,44.0
EA Sports UFC,XOne,2014.0,Sports,6.3,152.0
Spider-Man 3,DS,2007.0,Platform,6.5,17.0
Dead or Alive 4,X360,2005.0,Fighting,8.2,223.0
Godzilla: Save the Earth,PS2,2004.0,Fighting,8.7,21.0
Metal Gear Solid: The Twin Snakes,GC,2004.0,Action,9.0,142.0
Tiger Woods PGA Tour 07,Wii,,Sports,6.9,44.0
Art Academy: Lessons for Everyone,3DS,2012.0,Action,7.6,22.0
Mat Hoffman's Pro BMX 2,PS2,2002.0,Sports,9.1,7.0
Metal Gear Solid: The Essential Collection,PS2,2007.0,Adventure,8.9,9.0
One Piece: Pirate Warriors 3,PS4,2015.0,Action,7.4,118.0
2010 FIFA World Cup South Africa,PSP,2010.0,Sports,7.4,9.0
Two Worlds II,PS3,2011.0,Role-Playing,7.0,65.0
Football Manager 2015,PC,2014.0,Simulation,6.0,151.0
SimCity Creator,Wii,2008.0,Simulation,6.8,13.0
Harry Potter and the Order of the Phoenix,Wii,2007.0,Action,7.2,28.0
The Sims 3: Ambitions,PC,2010.0,Simulation,7.3,51.0
Disney's Kim Possible 3: Team Possible,GBA,2005.0,Platform,7.7,6.0
Rygar: The Legendary Adventure,PS2,2002.0,Action,8.4,14.0
Syphon Filter: Logan's Shadow,PSP,2007.0,Shooter,8.8,47.0
Kessen II,PS2,2001.0,Strategy,8.3,22.0
Brothers In Arms: Earned in Blood,PS2,2005.0,Shooter,7.9,23.0
The Evil Within,X360,2014.0,Action,7.6,172.0
Dragon Ball Z: Sagas,PS2,2005.0,Fighting,5.4,29.0
MX vs. ATV: Alive,PS3,2011.0,Racing,6.7,11.0
NBA Live 07,X360,2006.0,Sports,4.9,60.0
Brothers In Arms: Road to Hill 30,PS2,2005.0,Shooter,7.6,30.0
The Legend of Spyro: Dawn of the Dragon,DS,2008.0,Platform,6.8,10.0
The Mark of Kri,PS2,2002.0,Action,7.9,29.0
Need for Speed: Hot Pursuit,Wii,2010.0,Racing,3.7,18.0
Crash Nitro Kart,GBA,2003.0,Racing,8.3,12.0
LEGO The Hobbit,PS3,2014.0,Action,7.0,10.0
Silent Hill: Downpour,PS3,2012.0,Action,6.9,262.0
Jak and Daxter: The Lost Frontier,PS2,2009.0,Platform,4.6,32.0
The Sims 3: Outdoor Living Stuff,PC,2011.0,Simulation,5.6,17.0
Star Wars: Demolition,PS,2000.0,Racing,6.5,6.0
Delta Force: Black Hawk Down,PS2,2005.0,Shooter,8.8,51.0
.hack//Outbreak Part 3,PS2,2002.0,Role-Playing,8.7,19.0
MX vs. ATV Untamed,PS3,2007.0,Racing,6.1,8.0
Boom Blox Bash Party,Wii,2009.0,Puzzle,8.4,37.0
Top Spin,XB,2003.0,Sports,8.2,31.0
Brothers In Arms: D-Day,PSP,2006.0,Shooter,9.1,64.0
The Golden Compass,X360,2007.0,Action,4.1,14.0
Tomb Raider: Legend,PSP,2006.0,Action,7.9,30.0
FIFA 15,3DS,2014.0,Sports,2.4,35.0
Enter the Matrix,GC,2003.0,Action,8.0,45.0
LEGO The Hobbit,X360,2014.0,Action,8.7,11.0
NHL 15,X360,2014.0,Sports,2.8,47.0
PlayStation All-Stars Battle Royale,PSV,2012.0,Action,7.5,221.0
The Powerpuff Girls: Relish Rampage,PS2,2002.0,Action,6.8,5.0
Bleach: The Blade of Fate,DS,2006.0,Fighting,7.5,23.0
The Chronicles of Riddick: Escape from Butcher Bay,XB,,Shooter,8.9,85.0
NFL Head Coach,PS2,2006.0,Sports,6.9,15.0
Tomb Raider: Underworld,Wii,2008.0,Action,7.2,20.0
Area 51,PS2,2005.0,Shooter,8.4,52.0
NHL 2005,PS2,2004.0,Sports,8.3,23.0
The New York Times Crosswords,DS,2007.0,Puzzle,6.7,6.0
Lego Batman 3: Beyond Gotham,3DS,2014.0,Action,6.4,7.0
Star Wars Jedi Knight: Jedi Academy,XB,2003.0,Shooter,8.7,30.0
Dynasty Warriors: Strikeforce,PSP,2009.0,Action,6.8,10.0
Enemy Territory: Quake Wars,X360,2008.0,Shooter,7.3,26.0
Major League Baseball 2K11,X360,2011.0,Sports,6.8,24.0
Burnout Dominator,PSP,2007.0,Racing,8.2,27.0
Crash of the Titans,Wii,2007.0,Action,5.8,22.0
Red Faction: Armageddon,PS3,2011.0,Shooter,7.3,58.0
Lego Batman 3: Beyond Gotham,WiiU,2014.0,Action,7.0,20.0
Tekken Advance,GBA,2001.0,Fighting,8.2,13.0
Shin Megami Tensei: Persona 3,PS2,2006.0,Role-Playing,8.4,116.0
Pirates of the Caribbean: At World's End,Wii,2007.0,Action,7.2,17.0
Sega Rally Revo,X360,2007.0,Racing,7.2,30.0
Samurai Warriors: Xtreme Legends,PS2,2004.0,Action,8.6,13.0
WWE WrestleMania 21,XB,2005.0,Fighting,6.9,47.0
NBA Live 2005,GC,2004.0,Sports,6.7,7.0
F.E.A.R. 3,PS3,2011.0,Shooter,7.1,103.0
WWE Day of Reckoning,GC,2004.0,Fighting,9.1,81.0
NBA Live 10,X360,2009.0,Sports,7.7,37.0
Harry Potter and the Deathly Hallows - Part 1,X360,2010.0,Action,5.0,46.0
Pro Evolution Soccer 2017,PS4,2016.0,Sports,7.6,478.0
Sled Storm,PS2,2002.0,Racing,7.7,6.0
Dead or Alive: Dimensions,3DS,2011.0,Fighting,8.2,113.0
Wolfenstein: The New Order,PC,2014.0,Shooter,8.2,1647.0
Deadpool,PS3,2013.0,Action,7.2,221.0
Watch Dogs,PC,2014.0,Action,4.7,3288.0
Mario Golf: Advance Tour,GBA,2004.0,Sports,8.6,14.0
Celebrity Sports Showdown,Wii,2008.0,Sports,4.6,18.0
F.E.A.R. 3,X360,2011.0,Shooter,7.0,139.0
Silent Hill: Homecoming,X360,,Action,6.9,180.0
"Warhammer 40,000: Space Marine",PS3,2011.0,Shooter,7.4,162.0
Major League Baseball 2K6,PS2,2006.0,Sports,5.2,27.0
World Soccer Winning Eleven 9,XB,2005.0,Sports,7.9,9.0
Teenage Mutant Ninja Turtles 2: Battle Nexus,PS2,2004.0,Action,7.8,12.0
The Thing,PS2,2002.0,Adventure,7.4,41.0
Van Helsing,PS2,2004.0,Action,8.5,19.0
Mario Tennis Ultra Smash,WiiU,2015.0,Sports,5.3,133.0
Virtua Tennis 4,PS3,2011.0,Sports,6.6,28.0
X-Men Legends II: Rise of Apocalypse,XB,2005.0,Role-Playing,8.7,199.0
Naruto Shippuden: Ultimate Ninja Storm Generations,X360,2012.0,Fighting,7.2,47.0
Wolfenstein: The New Order,PS3,2014.0,Shooter,7.1,115.0
Skylanders: Trap Team,PS4,2014.0,Action,5.6,32.0
Worms: Open Warfare 2,PSP,2007.0,Strategy,8.1,25.0
Spawn: Armageddon,PS2,2003.0,Action,7.4,21.0
Sid Meier's Civilization Revolution,DS,2008.0,Strategy,7.7,21.0
Tiger Woods PGA Tour 2003,XB,2002.0,Sports,8.5,11.0
Battlefield 2: Modern Combat,PS2,2005.0,Shooter,8.5,65.0
50 Cent: Bulletproof,XB,2005.0,Action,5.9,21.0
Tony Hawk's Proving Ground,PS3,2007.0,Sports,6.6,17.0
LEGO Star Wars II: The Original Trilogy,XB,2006.0,Action,8.6,15.0
Viking: Battle for Asgard,X360,2008.0,Action,8.0,88.0
Petz: Catz 2,Wii,2007.0,Simulation,5.8,6.0
Dragon Quest Heroes: Rocket Slime,DS,2005.0,Action,7.6,45.0
Dance Dance Revolution: Hottest Party 3,Wii,2009.0,Simulation,8.2,5.0
G-Force,Wii,2009.0,Action,8.0,6.0
Transformers: Fall of Cybertron,X360,2012.0,Action,8.3,160.0
SOCOM: U.S. Navy SEALs Fireteam Bravo 3,PSP,2010.0,Shooter,8.0,20.0
MX Unleashed,XB,2004.0,Racing,9.3,12.0
Madden NFL 12,Wii,2011.0,Sports,6.2,5.0
Wario World,GC,2003.0,Platform,7.2,44.0
DmC: Devil May Cry,X360,2013.0,Action,5.1,1438.0
FIFA Soccer 13,PSV,2012.0,Action,4.1,89.0
The Legend of Spyro: Dawn of the Dragon,PS3,2008.0,Platform,6.6,36.0
Samurai Warriors 3,Wii,2009.0,Action,7.2,22.0
Ben 10 Alien Force: Vilgax Attacks,Wii,2009.0,Action,4.0,6.0
TimeSplitters 2,GC,2002.0,Shooter,9.0,65.0
Robert Ludlum's The Bourne Conspiracy,X360,,Action,7.2,63.0
Eternal Darkness: Sanity's Requiem,GC,2002.0,Adventure,8.7,173.0
Naruto: Ultimate Ninja 3,PS2,2005.0,Fighting,8.7,33.0
The Darkness,X360,2007.0,Shooter,8.1,196.0
Thrillville: Off the Rails,Wii,2007.0,Strategy,2.8,40.0
Child of Eden,X360,2011.0,Shooter,7.7,95.0
Spider-Man: Shattered Dimensions,PS3,2010.0,Action,7.5,96.0
NFL Blitz 20-03,PS2,2002.0,Sports,8.6,5.0
Eternal Sonata,PS3,2008.0,Role-Playing,7.8,117.0
Star Wars: Jedi Starfighter,XB,2002.0,Simulation,5.2,5.0
Classic NES Series: Metroid,GBA,2004.0,Adventure,8.6,18.0
Nicktoons: Attack of the Toybots,Wii,2007.0,Platform,6.0,8.0
Primal,PS2,2003.0,Action,8.6,53.0
Ninja Gaiden 3,PS3,2012.0,Action,5.0,152.0
Need for Speed Underground 2,GBA,2004.0,Racing,8.2,13.0
SSX Tricky,XB,2001.0,Sports,8.5,11.0
Tetris Axis,3DS,2011.0,Puzzle,6.8,28.0
Borderlands: The Handsome Collection,XOne,2015.0,Shooter,7.8,119.0
"The Chronicles of Narnia: The Lion, The Witch and The Wardrobe",PS2,2005.0,Action,8.4,17.0
Star Wars The Clone Wars: Republic Heroes,PS3,2009.0,Action,5.3,16.0
NCAA Football 2004,XB,2003.0,Sports,8.8,19.0
Bionicle,PS2,2003.0,Action,3.6,16.0
Naruto Shippuden: Ultimate Ninja Storm Revolution,PS3,2014.0,Fighting,7.5,100.0
Naughty Bear,PS3,2010.0,Action,5.5,49.0
MLB 2002,PS,2001.0,Sports,8.1,8.0
Deadpool,X360,2013.0,Action,7.4,368.0
Lego Batman 3: Beyond Gotham,XOne,2014.0,Action,7.1,36.0
MLB 14: The Show,PS3,2014.0,Sports,6.8,79.0
Devil May Cry HD Collection,X360,2012.0,Action,8.4,93.0
Hyperdimension Neptunia,PS3,2010.0,Role-Playing,7.0,148.0
TimeSplitters,PS2,2000.0,Shooter,8.0,40.0
InuYasha: The Secret of the Cursed Mask,PS2,2004.0,Role-Playing,8.1,28.0
Mega Man Zero 2,GBA,2003.0,Platform,8.6,18.0
Payday 2,PS3,2013.0,Shooter,6.2,181.0
WWE 2K16,X360,2015.0,Sports,5.4,25.0
Mass Effect Trilogy,PS3,2012.0,Action,8.7,63.0
Ghostbusters: The Video Game,PS2,2009.0,Action,8.7,6.0
Hunter: The Reckoning  Wayward,PS2,2003.0,Action,8.8,16.0
EyeToy: AntiGrav,PS2,2004.0,Sports,7.8,5.0
EverQuest Online Adventures,PS2,2003.0,Role-Playing,8.2,33.0
OkamiDen,DS,2010.0,Adventure,7.9,53.0
Hometown Story,3DS,2013.0,Role-Playing,6.0,24.0
Mobile Suit Gundam: Zeonic Front,PS2,2001.0,Simulation,8.8,23.0
Dawn of Mana,PS2,2006.0,Role-Playing,6.8,11.0
Castlevania: Dawn of Sorrow,DS,2005.0,Platform,8.5,171.0
Max Payne 3,PC,2012.0,Shooter,7.6,2202.0
Tales of the World: Radiant Mythology,PSP,2006.0,Role-Playing,7.8,25.0
Alpha Protocol,PS3,2010.0,Role-Playing,6.9,117.0
Wolfenstein: The Old Blood,PS4,2015.0,Action,8.0,267.0
Rayman Legends,X360,2013.0,Platform,8.2,217.0
Madden NFL 2003,GC,2002.0,Sports,8.5,17.0
Microsoft Flight Simulator X,PC,2006.0,Simulation,7.6,95.0
Bakugan: Battle Brawlers,PS2,2009.0,Action,5.7,7.0
Crash: Mind Over Mutant,Wii,2008.0,Platform,6.6,16.0
Naruto: Ninja Council 3,DS,2006.0,Action,6.5,13.0
NBA Street,GC,2002.0,Sports,8.6,7.0
Def Jam Icon,PS3,2007.0,Action,4.4,40.0
2014 FIFA World Cup Brazil,X360,2014.0,Sports,4.4,93.0
The Legend of Spyro: The Eternal Night,PS2,2007.0,Platform,5.4,28.0
Atelier Totori: The Adventurer of Arland,PS3,2010.0,Role-Playing,6.7,109.0
Mega Man Battle Network,GBA,2001.0,Role-Playing,8.9,24.0
Juiced: Eliminator,PSP,2006.0,Racing,8.2,6.0
25 to Life,PS2,2006.0,Shooter,4.9,46.0
NHL 2K6,PS2,2005.0,Sports,5.8,18.0
Medal of Honor: Rising Sun,GC,2003.0,Shooter,6.4,13.0
The Sims,XB,2003.0,Simulation,6.9,20.0
Dog's Life,PS2,2003.0,Adventure,3.1,157.0
Tony Hawk's American Wasteland,GC,2005.0,Sports,7.7,15.0
Crash: Mind Over Mutant,PSP,2008.0,Platform,6.5,8.0
Colony Wars,PS,1997.0,Simulation,7.8,12.0
All-Star Baseball 2004,PS2,2003.0,Sports,7.5,11.0
Skylanders: SuperChargers,X360,2015.0,Action,5.4,5.0
NASCAR Thunder 2002,PS,2001.0,Racing,6.9,10.0
Batman: Arkham Origins Blackgate,PSV,2013.0,Action,6.8,106.0
Zone of the Enders HD Collection,PS3,2012.0,Simulation,8.0,42.0
2010 FIFA World Cup South Africa,Wii,2010.0,Sports,6.7,11.0
ESPN NHL 2K5,XB,2004.0,Sports,8.5,14.0
Hot Wheels World Race,PS2,2003.0,Racing,7.7,9.0
Superman: Shadow of Apokolips,PS2,2002.0,Action,7.2,9.0
Trials Fusion,PS4,2014.0,Racing,7.2,244.0
American Chopper,PS2,2004.0,Racing,7.5,13.0
NASCAR Kart Racing,Wii,2009.0,Racing,8.1,9.0
Lemony Snicket's A Series of Unfortunate Events,GBA,2004.0,Platform,8.0,4.0
Test Drive,XB,2002.0,Racing,8.7,10.0
Pirates of the Caribbean: At World's End,PSP,2007.0,Action,7.0,11.0
James Bond 007: Everything or Nothing,GC,2004.0,Shooter,8.2,25.0
NBA Live 06,PSP,2005.0,Sports,7.6,13.0
MLB 08: The Show,PS2,2008.0,Sports,7.3,7.0
Horsez,DS,2006.0,Simulation,8.7,14.0
Dance Dance Revolution Ultramix 2,XB,2004.0,Simulation,7.1,7.0
Mega Man Anniversary Collection,GC,2004.0,Platform,8.8,17.0
Crash: Mind Over Mutant,DS,2008.0,Platform,5.8,8.0
How to Train Your Dragon,Wii,2010.0,Action,7.0,4.0
Story of Seasons,3DS,2014.0,Simulation,8.2,54.0
Harry Potter and the Goblet of Fire,GC,2005.0,Action,6.3,13.0
Thrillville: Off the Rails,PS2,2007.0,Strategy,1.7,30.0
Metro: Last Light,PS3,2013.0,Action,8.2,508.0
NBA 2K11,PSP,2010.0,Action,6.4,5.0
Mega Man X6,PS,2001.0,Action,6.8,44.0
BloodRayne,PS2,2002.0,Shooter,8.5,26.0
Castlevania: Curse of Darkness,PS2,2005.0,Action,7.5,46.0
NBA 2K13,Wii,2012.0,Sports,7.5,10.0
Black,XB,2006.0,Shooter,8.0,51.0
Spec Ops: The Line,X360,2012.0,Shooter,8.2,319.0
NHL Slapshot,Wii,,Sports,8.1,7.0
Paper Mario: Color Splash,WiiU,2016.0,Role-Playing,6.8,208.0
Valkyrie Profile: Covenant of the Plume,DS,2008.0,Role-Playing,6.8,12.0
Vanquish,X360,2010.0,Shooter,8.4,182.0
TRON: Evolution,PS3,2010.0,Action,6.2,28.0
Pirates of the Caribbean: At World's End,PS2,2007.0,Action,7.0,10.0
Mega Man Legends 2,PS,2000.0,Adventure,8.8,29.0
Blazing Angels: Squadrons of WWII,X360,2006.0,Simulation,7.9,53.0
TERA,PC,,Role-Playing,6.8,742.0
Attack on Titan: Humanity in Chains,3DS,2013.0,Action,4.5,34.0
The Suffering,PS2,2004.0,Action,8.9,40.0
Zone of the Enders: The 2nd Runner,PS2,2003.0,Simulation,8.9,65.0
NFL GameDay 2004,PS2,2003.0,Sports,8.7,6.0
Condemned: Criminal Origins,X360,2005.0,Action,8.2,146.0
Tomb Raider: The Last Revelation,PC,1998.0,Action,8.6,50.0
pro evolution soccer 2011,PS2,2010.0,Sports,6.7,7.0
Crash of the Titans,PS2,2007.0,Action,5.9,48.0
EA Sports UFC 2,XOne,2016.0,Sports,6.0,77.0
Tom Clancy's Rainbow Six: Lockdown,XB,2005.0,Shooter,6.6,28.0
TimeShift,X360,2007.0,Shooter,7.9,63.0
Farming Simulator 17,PS4,2016.0,Simulation,8.7,12.0
Castlevania: The Dracula X Chronicles,PSP,2007.0,Platform,7.8,62.0
Tom Clancy's HAWX 2,PS3,2010.0,Action,6.8,19.0
Battlefield: Hardline,PS3,2015.0,Shooter,5.3,81.0
Jimmy Neutron: Boy Genius,PS2,2002.0,Platform,5.8,5.0
X-Men: The Official Game,PS2,2006.0,Action,7.5,20.0
Terraria,PS3,2013.0,Action,7.9,70.0
LEGO Dimensions,XOne,2015.0,Action,6.9,27.0
Football Manager Handheld 2011,PSP,2010.0,Sports,7.7,6.0
300: March to Glory,PSP,2007.0,Action,7.1,14.0
Marvel Super Hero Squad,DS,2009.0,Fighting,2.8,4.0
NHL 15,XOne,2014.0,Sports,3.2,180.0
Tom Clancy's The Division,PC,2016.0,Shooter,5.8,1188.0
FIFA 14,PSV,2013.0,Sports,1.8,69.0
F1 2014,PS3,2014.0,Racing,4.1,28.0
Cars: Mater-National Championship,PS3,2007.0,Racing,4.8,4.0
Call of Duty: Black Ops II,WiiU,2012.0,Shooter,6.9,228.0
BioShock,PC,2007.0,Shooter,8.5,3606.0
The Terminator: Dawn of Fate,PS2,2002.0,Action,5.7,18.0
Medal of Honor Heroes 2,Wii,2007.0,Shooter,7.6,82.0
Top Spin 4,X360,2011.0,Sports,8.2,70.0
Armored Core 2: Another Age,PS2,2001.0,Simulation,8.8,30.0
God Eater 2: Rage Burst,PSV,2015.0,Role-Playing,8.1,16.0
Mortal Kombat: Deadly Alliance,GC,2002.0,Fighting,8.7,43.0
NiGHTS: Journey of Dreams,Wii,2007.0,Platform,8.5,55.0
NBA 2K9,PS2,2008.0,Sports,8.0,4.0
Marvel: Ultimate Alliance 2,PS2,2009.0,Role-Playing,4.6,15.0
Monster Jam: Urban Assault,Wii,2008.0,Racing,7.8,6.0
Call of Duty: Advanced Warfare,PC,2014.0,Shooter,4.5,1136.0
"Ed, Edd n Eddy: The Mis-Edventures",PS2,2005.0,Platform,7.6,16.0
Disney's Tarzan Untamed,PS2,2001.0,Platform,7.1,7.0
WWE All Stars,PS3,2011.0,Fighting,6.4,36.0
Harry Potter and the Deathly Hallows - Part 1,DS,2010.0,Action,6.0,4.0
Resistance: Burning Skies,PSV,2012.0,Shooter,6.8,245.0
Battlefield 2: Modern Combat,X360,2006.0,Shooter,7.3,79.0
Knockout Kings 2001,PS,2000.0,Fighting,8.5,6.0
From Russia With Love,PS2,2005.0,Action,7.6,36.0
Fantastic Pets,X360,2011.0,Simulation,7.5,4.0
BlazBlue: Continuum Shift,PS3,2010.0,Fighting,8.0,65.0
Duke Nukem Forever,PC,2011.0,Shooter,5.7,1183.0
Minority Report: Everybody Runs,PS2,2002.0,Action,5.0,14.0
Katamari Forever,PS3,2009.0,Puzzle,8.1,50.0
NFL GameDay 2002,PS,2001.0,Sports,8.8,4.0
Spider-Man: Web of Shadows,X360,2008.0,Action,8.6,87.0
Naughty Bear,X360,2010.0,Action,5.6,70.0
Tak and the Power of Juju,GC,2003.0,Platform,8.2,9.0
Beowulf: The Game,X360,2007.0,Action,4.7,30.0
NBA Jam,Wii,2010.0,Sports,8.5,20.0
Rune Factory 3: A Fantasy Harvest Moon,DS,2009.0,Role-Playing,8.6,46.0
Tales of Zestiria,PS4,2015.0,Role-Playing,6.8,315.0
Metal Gear Solid: The Legacy Collection,PS3,2013.0,Adventure,9.0,255.0
NBA 2K10,PS2,2009.0,Sports,8.6,11.0
Gauntlet: Seven Sorrows,PS2,2005.0,Role-Playing,5.7,20.0
Harry Potter: Quidditch World Cup,GC,2003.0,Sports,8.5,10.0
Cabela's Big Game Hunter 2010,PS3,2009.0,Sports,5.0,9.0
Overlord,X360,2007.0,Strategy,8.3,70.0
The Chronicles of Narnia: Prince Caspian,PS2,2008.0,Action,7.0,8.0
Life is Strange,PS4,2016.0,Adventure,8.6,672.0
Battalion Wars,GC,2005.0,Strategy,8.8,18.0
Mass Effect Trilogy,X360,2012.0,Action,7.4,30.0
The Wonderful 101,WiiU,2013.0,Action,8.5,495.0
Asura's Wrath,PS3,2012.0,Action,7.4,169.0
The Legend of Spyro: Dawn of the Dragon,PS2,2008.0,Platform,7.1,25.0
18 Wheeler: American Pro Trucker,PS2,2001.0,Racing,5.7,18.0
Wall-E,PS3,2008.0,Platform,5.0,7.0
FIFA 14,PC,2013.0,Sports,4.6,441.0
MLB 2006,PS2,2005.0,Sports,9.0,21.0
Ragnarok Odyssey,PSV,2012.0,Role-Playing,7.8,111.0
The Gunstringer,X360,2011.0,Shooter,8.1,40.0
Marvel: Ultimate Alliance,Wii,2006.0,Role-Playing,7.3,29.0
LEGO Harry Potter: Years 5-7,3DS,,Action,6.5,11.0
MX vs. ATV Unleashed,XB,2005.0,Racing,8.3,13.0
FIFA Soccer 13,PC,2012.0,Action,6.6,286.0
Rampage: Total Destruction,GC,2006.0,Action,6.7,6.0
The Urbz: Sims in the City,GC,2004.0,Simulation,8.4,16.0
WWE SmackDown! vs. RAW 2006,PSP,2005.0,Fighting,8.5,37.0
Mafia II,PC,2010.0,Action,7.9,1238.0
Pro Evolution Soccer 2016,PS3,2015.0,Sports,7.2,40.0
NBA Live 2002,XB,2001.0,Sports,7.5,6.0
Sega Superstars Tennis,PS3,2008.0,Sports,7.4,7.0
Spore Hero,Wii,2009.0,Simulation,7.1,36.0
I-Ninja,PS2,2003.0,Platform,8.3,22.0
Ghostbusters: The Video Game,DS,2009.0,Action,6.0,7.0
Harvest Moon: Save the Homeland,PS2,,Simulation,8.8,72.0
Call of Duty: Finest Hour,GC,2004.0,Shooter,8.9,13.0
Naruto: Path of the Ninja,DS,2007.0,Role-Playing,7.2,9.0
Castlevania: Portrait of Ruin,DS,2006.0,Platform,8.3,87.0
Suzuki TT Superbikes,PS2,2005.0,Racing,8.5,8.0
Rumble Roses,PS2,2004.0,Fighting,8.5,20.0
Tomb Raider: Anniversary,X360,2007.0,Action,8.3,39.0
Sherlock Holmes: The Mystery of the Mummy,DS,2009.0,Adventure,3.1,9.0
Fantastic Four: Rise of the Silver Surfer,PS2,2007.0,Action,6.4,17.0
Ultimate Spider-Man,XB,2005.0,Action,7.4,20.0
Juiced 2: Hot Import Nights,PS2,2007.0,Racing,6.7,10.0
Star Wars The Clone Wars: Republic Heroes,DS,2009.0,Action,5.3,4.0
LEGO The Lord of the Rings,3DS,2012.0,Action,7.6,10.0
No More Heroes 2: Desperate Struggle,Wii,2010.0,Action,8.8,184.0
Legends of WrestleMania,X360,2009.0,Fighting,6.3,23.0
Fishing Resort,Wii,2011.0,Sports,7.0,8.0
Armored Core V,PS3,2012.0,Simulation,7.3,47.0
NBA Live 09,PS2,2008.0,Sports,7.4,14.0
Mass Effect 2,PC,2010.0,Role-Playing,8.8,3559.0
Harry Potter and the Deathly Hallows - Part 1,PS3,2010.0,Action,2.8,23.0
The House of The Dead III,XB,2002.0,Shooter,7.3,9.0
Project X Zone,3DS,2012.0,Role-Playing,7.3,146.0
NBA Jam,PS3,2010.0,Sports,5.7,14.0
Dark Souls III,XOne,2016.0,Role-Playing,8.6,514.0
NBA Jam,X360,2010.0,Sports,7.0,24.0
NBA Live 09,PSP,2008.0,Sports,7.3,8.0
Madden NFL Football,3DS,2011.0,Sports,5.3,16.0
Transformers: Fall of Cybertron,PS3,2012.0,Action,8.2,87.0
Alpha Protocol,X360,2010.0,Role-Playing,7.2,201.0
SSX 3,XB,2003.0,Sports,8.7,25.0
Combat of Giants: Dinosaurs 3D,3DS,2011.0,Strategy,5.3,9.0
Madden NFL 2005,GBA,2004.0,Sports,7.6,5.0
Final Fantasy Crystal Chronicles: The Crystal Bearers,Wii,2009.0,Action,7.6,70.0
Until Dawn: Rush of Blood,PS4,2016.0,Adventure,8.0,68.0
Sonic Lost World,WiiU,2013.0,Platform,7.3,461.0
Skylanders SWAP Force,PS4,2013.0,Platform,5.2,45.0
Iron Man 2,PS3,2010.0,Action,5.2,36.0
Star Wars The Clone Wars: Republic Heroes,X360,2009.0,Action,6.3,19.0
Kengo: Master of Bushido,PS2,2000.0,Fighting,8.4,8.0
Blood Omen 2,PS2,2002.0,Action,8.8,19.0
Cabela's Dangerous Hunts 2,PS2,2005.0,Sports,5.6,14.0
Condemned 2: Bloodshot,PS3,2008.0,Action,8.1,89.0
The Darkness II,X360,2012.0,Shooter,7.5,219.0
Ice Age 2: The Meltdown,PS2,2006.0,Platform,8.0,6.0
The Sims 2,GBA,2005.0,Simulation,7.5,6.0
Hitman: Blood Money,X360,2006.0,Action,8.7,102.0
Advance Wars: Dual Strike,DS,2005.0,Strategy,9.0,163.0
Auto Modellista,PS2,2002.0,Racing,7.5,13.0
MLB 15: The Show,PS3,2015.0,Sports,8.2,6.0
Tom Clancy's Ghost Recon 2: Summit Strike,XB,2005.0,Shooter,7.2,35.0
Robert Ludlum's The Bourne Conspiracy,PS3,,Action,7.6,43.0
Samurai Warriors Chronicles,3DS,2011.0,Action,7.7,35.0
One Piece: Unlimited World Red,3DS,2013.0,Action,7.6,26.0
EA Sports Active 2,X360,2010.0,Sports,5.4,9.0
MotoGP 08,PS3,2008.0,Racing,6.0,9.0
Red Faction: Armageddon,X360,2011.0,Shooter,7.0,77.0
Harry Potter: Quidditch World Cup,GBA,2003.0,Sports,8.3,9.0
Dungeon Siege III,PS3,2011.0,Role-Playing,6.3,86.0
Silent Hill: Homecoming,PS3,,Action,6.9,143.0
Shin Megami Tensei: Nocturne,PS2,2003.0,Role-Playing,8.7,83.0
Farming Simulator 2013,X360,2013.0,Simulation,6.2,30.0
ESPN College Hoops 2K5,XB,2004.0,Sports,8.3,11.0
Looney Tunes: Acme Arsenal,PS2,2007.0,Action,3.9,7.0
Marvel: Ultimate Alliance,PS3,2006.0,Role-Playing,7.6,49.0
Shin Megami Tensei: Devil Survivor Overclocked,3DS,2011.0,Role-Playing,8.2,97.0
NFL GameDay 2002,PS2,2001.0,Sports,4.6,5.0
Naruto: Clash of Ninja Revolution 2,Wii,2008.0,Fighting,8.4,16.0
Turok: Evolution,GC,2002.0,Shooter,7.0,21.0
NCAA Football 08,PS3,2007.0,Sports,7.9,28.0
Sega Superstars Tennis,PS2,2008.0,Sports,8.3,4.0
Headhunter,PS2,2002.0,Action,7.8,19.0
FIFA 14,Wii,2013.0,Sports,4.3,19.0
Viking: Battle for Asgard,PS3,2008.0,Action,7.4,32.0
Marvel Nemesis: Rise of the Imperfects,GC,2005.0,Fighting,5.7,24.0
Brunswick Pro Bowling,Wii,2007.0,Sports,5.4,23.0
Wolfenstein: The New Order,X360,2014.0,Shooter,7.4,98.0
FlatOut,PS2,2004.0,Racing,8.5,16.0
Battlefield 1,PC,2016.0,Shooter,7.6,1137.0
SSX 3,GC,2003.0,Sports,8.7,45.0
Metal Gear Solid: Snake Eater 3D,3DS,2012.0,Action,7.8,167.0
LocoRoco,PSP,2006.0,Platform,8.7,89.0
Risk: Global Domination,PS2,2003.0,Strategy,8.8,25.0
Deus Ex: Mankind Divided,PS4,2016.0,Role-Playing,7.6,511.0
FIFA 17,X360,2016.0,Sports,1.7,23.0
Grandia Xtreme,PS2,2002.0,Role-Playing,6.5,15.0
The Incredible Hulk,PS2,2008.0,Action,6.0,5.0
Mercenaries 2: World in Flames,PS2,2008.0,Shooter,7.4,31.0
Saints Row: The Third,PC,2011.0,Action,8.1,1263.0
Ghost Trick: Phantom Detective,DS,2010.0,Adventure,9.0,127.0
Hunter: The Reckoning,XB,2002.0,Action,8.9,20.0
MX vs. ATV Untamed,PS2,2007.0,Racing,8.2,5.0
Dawn of Discovery,PC,2009.0,Simulation,8.8,132.0
Get Fit with Mel B,PS3,2010.0,Sports,5.8,4.0
Pokemon Channel,GC,2003.0,Adventure,6.0,22.0
Virtua Tennis 2009,PS3,2009.0,Sports,6.3,21.0
The Dog Island,Wii,2007.0,Adventure,8.1,12.0
Madagascar: Escape 2 Africa,PS2,2008.0,Action,5.8,6.0
Need for Speed: Nitro,DS,2009.0,Racing,6.3,7.0
Naruto Shippuden: Ultimate Ninja Heroes 3,PSP,2009.0,Fighting,6.6,19.0
Cabela's Dangerous Hunts 2009,Wii,2008.0,Sports,4.5,6.0
Age of Empires III,PC,2005.0,Strategy,7.7,519.0
Dance Dance Revolution Ultramix 3,XB,2005.0,Simulation,8.6,8.0
LEGO Marvel Super Heroes,DS,2013.0,Action,4.8,5.0
WWE SmackDown vs. Raw 2011,PS2,2010.0,Fighting,7.8,12.0
Pro Evolution Soccer 2011 3D,3DS,2011.0,Sports,6.7,18.0
Wii Sports Club,WiiU,2014.0,Sports,7.0,106.0
Harry Potter and the Prisoner of Azkaban,GC,2004.0,Action,7.3,8.0
Skylanders Giants,WiiU,2012.0,Action,6.9,22.0
GRID 2,PS3,2013.0,Racing,6.6,173.0
Super Dragon Ball Z,PS2,2006.0,Fighting,5.8,21.0
The Golden Compass,PSP,,Action,4.1,7.0
NBA 2K10,Wii,2009.0,Sports,8.6,11.0
Tiger Woods PGA Tour 09,PS2,2008.0,Sports,4.3,11.0
Ultimate Spider-Man,GC,2005.0,Action,7.2,21.0
Major League Baseball 2K6,X360,2006.0,Sports,3.9,37.0
Imagine: Party Babyz,Wii,2008.0,Simulation,6.1,18.0
NBA 2K7,PS3,2006.0,Sports,7.4,8.0
"Monsters, Inc. Scream Arena",GC,2002.0,Platform,4.7,14.0
Reel Fishing III,PS2,2003.0,Sports,7.8,19.0
Cabela's Deer Hunt 2005 Season,PS2,2004.0,Sports,8.7,15.0
Need for Speed: Hot Pursuit,PC,2010.0,Racing,6.7,556.0
Rampage: Total Destruction,PS2,2006.0,Action,7.0,15.0
High Heat Major League Baseball 2003,PS2,2002.0,Sports,7.9,7.0
Kingdom Under Fire: Circle of Doom,X360,2007.0,Role-Playing,5.9,49.0
Spider-Man: Friend or Foe,PS2,2007.0,Action,8.3,19.0
EA Sports MMA,PS3,2010.0,Fighting,6.9,38.0
Quake 4,X360,2005.0,Shooter,6.7,80.0
Tiger Woods PGA Tour 14,PS3,2013.0,Sports,3.8,26.0
Skate,PS3,2007.0,Sports,8.2,57.0
Rage,PC,2011.0,Shooter,5.2,1618.0
Custom Robo,GC,2004.0,Role-Playing,8.1,27.0
Prince of Persia: The Forgotten Sands,PSP,2010.0,Action,7.4,14.0
BioShock The Collection,PS4,2016.0,Shooter,8.5,210.0
DiRT 2,Wii,2009.0,Racing,5.5,22.0
Pac-Man World 2,GC,2002.0,Action,8.3,19.0
Tomb Raider: Legend,X360,2006.0,Action,7.3,84.0
Rocket League,PS4,2016.0,Sports,8.7,1290.0
The BIGS,Wii,2007.0,Sports,7.1,14.0
Destiny: The Taken King,PS3,2015.0,Shooter,5.5,81.0
Skylanders: SuperChargers,PS3,2015.0,Action,4.2,6.0
The Legend of Spyro: A New Beginning,DS,2006.0,Platform,6.8,8.0
Juiced 2: Hot Import Nights,PSP,2007.0,Racing,7.8,11.0
Dungeon Siege III,X360,2011.0,Role-Playing,5.9,102.0
DiRT Rally,PS4,2016.0,Racing,8.1,196.0
NFL Street 2 Unleashed,PSP,2005.0,Sports,7.4,14.0
FIFA Street 2,PS2,2006.0,Sports,7.7,42.0
Virtua Tennis 2009,Wii,2009.0,Sports,7.7,21.0
Overlord: Dark Legend,Wii,2009.0,Action,7.9,15.0
The Legend of Spyro: The Eternal Night,DS,2007.0,Platform,2.7,6.0
Harry Potter and the Order of the Phoenix,PSP,2007.0,Action,7.6,20.0
Wanted: Weapons of Fate,X360,2009.0,Shooter,7.5,26.0
Xenosaga Episode III: Also sprach Zarathustra,PS2,2006.0,Role-Playing,9.0,59.0
Rune Factory: Frontier,Wii,2008.0,Role-Playing,8.5,39.0
Medieval II: Total War Gold Edition,PC,2008.0,Strategy,8.0,9.0
Mini Ninjas,Wii,2009.0,Action,8.3,12.0
Naruto Shippuden: Ninja Destiny 2,DS,2008.0,Fighting,5.7,11.0
Scribblenauts: Unlimited,WiiU,2012.0,Action,7.4,109.0
Marvel: Ultimate Alliance,PSP,2006.0,Role-Playing,7.5,14.0
The Sims 2: Castaway,PS2,2007.0,Simulation,8.0,15.0
NCAA Football 07,PSP,2006.0,Sports,7.9,11.0
NBA Live 2003,XB,,Sports,8.8,6.0
Fragile Dreams: Farewell Ruins of the Moon,Wii,2009.0,Role-Playing,8.3,63.0
GoldenEye: Rogue Agent,GC,2004.0,Shooter,6.7,14.0
Need for Speed: The Run,PC,2011.0,Action,5.8,338.0
Dragon Ball Z: Infinite World,PS2,2008.0,Fighting,7.9,37.0
ESPN X Games Skateboarding,PS2,2001.0,Sports,7.8,14.0
Sid Meier's Civilization: Beyond Earth,PC,2014.0,Strategy,5.5,1027.0
NHL 15,PS3,2014.0,Sports,1.6,45.0
Castlevania: Order of Ecclesia,DS,2008.0,Platform,8.7,111.0
Left 4 Dead 2,PC,2009.0,Shooter,8.5,2530.0
Star Fox: Zero,WiiU,2016.0,Shooter,7.4,662.0
SAW,PS3,2009.0,Action,6.4,28.0
Tom Clancy's HAWX 2,X360,2010.0,Action,6.3,29.0
High Heat Major League Baseball 2004,PS2,2003.0,Sports,8.1,12.0
Robots,PS2,2005.0,Action,6.0,8.0
NARC,PS2,2005.0,Shooter,7.0,21.0
Dragon Ball Z: Attack of the Saiyans,DS,2009.0,Role-Playing,7.9,24.0
Bionic Commando,PS3,2009.0,Platform,7.4,62.0
Monster Rancher 3,PS2,2001.0,Simulation,8.5,23.0
The Incredibles: Rise of the Underminer,PS2,2005.0,Action,7.1,8.0
Sword Art Online: Lost Song,PSV,2015.0,Role-Playing,7.1,27.0
Hamtaro: Ham-Ham Heartbreak,GBA,2002.0,Action,9.3,18.0
Okage: Shadow King,PS2,2001.0,Role-Playing,8.5,14.0
BlazBlue: Calamity Trigger,X360,2009.0,Fighting,8.5,70.0
NBA 2K6,XB,2005.0,Action,8.7,15.0
Marvel Super Hero Squad,Wii,2009.0,Fighting,6.2,14.0
The Chronicles of Narnia: Prince Caspian,Wii,2008.0,Action,7.1,12.0
World's Scariest Police Chases,PS,2001.0,Racing,6.3,4.0
MechAssault 2: Lone Wolf,XB,2004.0,Simulation,7.5,23.0
Valkyrie Profile: Lenneth,PSP,2006.0,Role-Playing,8.4,57.0
ESPN NFL Football,XB,2003.0,Sports,8.9,45.0
Rapala Pro Fishing,PS2,2004.0,Sports,8.7,32.0
Spider-Man: Shattered Dimensions,X360,2010.0,Action,7.6,96.0
TMNT,Wii,2007.0,Action,5.9,11.0
Fossil Fighters: Frontier,3DS,2014.0,Role-Playing,4.8,19.0
Arc the Lad: Twilight of the Spirits,PS2,2003.0,Role-Playing,8.2,33.0
Watch Dogs 2,XOne,2016.0,Action,7.7,131.0
Tiger Woods PGA Tour 09,PSP,2008.0,Sports,5.5,6.0
Harry Potter and the Chamber of Secrets,XB,2002.0,Action,7.2,12.0
Arctic Thunder,PS2,2001.0,Racing,5.3,10.0
NHL 2K10,PS2,2009.0,Sports,8.5,4.0
ESPN: Sports Connection,WiiU,2012.0,Sports,2.7,18.0
Shrek,XB,2001.0,Platform,5.4,9.0
Dragon's Crown,PSV,2013.0,Role-Playing,8.4,198.0
Wipeout 2048,PSV,2012.0,Racing,8.2,191.0
Cabela's Outdoor Adventures (2006),PS2,2005.0,Sports,8.9,17.0
Trauma Center: Under the Knife,DS,2005.0,Simulation,8.7,45.0
Earth Defense Force 2025,PS3,2013.0,Shooter,7.5,52.0
Middle-Earth: Shadow of Mordor,PC,2014.0,Action,8.0,1671.0
Suikoden V,PS2,2006.0,Role-Playing,7.6,109.0
Tiger Woods PGA Tour 14,X360,2013.0,Sports,6.2,26.0
LocoRoco 2,PSP,2008.0,Platform,8.4,44.0
Football Manager Handheld 2010,PSP,2009.0,Sports,6.9,7.0
Batman: Rise of Sin Tzu,PS2,2003.0,Action,8.3,14.0
Cabela's Dangerous Hunts,XB,2003.0,Sports,9.1,22.0
AMF Bowling World Lanes,Wii,2008.0,Sports,1.1,10.0
G-Force,PSP,2009.0,Action,8.8,4.0
Worms: Open Warfare 2,DS,2007.0,Strategy,9.1,22.0
Dark Void,PS3,2010.0,Action,6.0,36.0
NHL 2K10,Wii,2009.0,Sports,6.8,16.0
Bloody Roar 3,PS2,2001.0,Fighting,8.6,34.0
WWE Crush Hour,PS2,2003.0,Racing,5.3,8.0
Persona 2: Eternal Punishment,PS,2000.0,Role-Playing,8.4,25.0
Homefront: The Revolution,PS4,2016.0,Shooter,3.8,212.0
Assassin's Creed III,WiiU,2012.0,Action,7.1,216.0
One Piece: Burning Blood,PS4,2016.0,Fighting,7.8,49.0
Star Wars: Flight of the Falcon,GBA,2003.0,Action,5.8,11.0
Teenage Mutant Ninja Turtles: Smash-Up,Wii,2009.0,Fighting,8.2,21.0
Toukiden: The Age of Demons,PSV,2013.0,Action,8.0,136.0
Metro: Last Light,X360,2013.0,Action,8.4,440.0
Football Manager 2016,PC,2015.0,Simulation,6.9,97.0
Resident Evil: Dead Aim,PS2,2003.0,Action,6.6,48.0
Need for Speed Carbon,GC,2006.0,Racing,7.8,14.0
FIFA Soccer 13,PSP,2012.0,Action,3.2,19.0
EA Sports MMA,X360,2010.0,Fighting,7.0,55.0
Defiance,PS3,2013.0,Shooter,6.9,145.0
Terminator Salvation,X360,2009.0,Shooter,5.0,53.0
Destiny: The Taken King,X360,2015.0,Shooter,4.4,59.0
Guilty Gear X2,PS2,2002.0,Fighting,8.7,34.0
Chicken Shoot,Wii,2007.0,Action,4.8,26.0
Tom Clancy's Rainbow Six: Lockdown,PS2,2005.0,Shooter,6.9,9.0
MotoGP 08,X360,2008.0,Racing,5.6,12.0
LEGO Marvel's Avengers,XOne,2016.0,Action,5.1,15.0
Aggressive Inline,PS2,2002.0,Sports,8.7,14.0
Mirror's Edge Catalyst,PS4,2016.0,Platform,4.7,578.0
Sniper Elite 3,XOne,2014.0,Shooter,6.6,68.0
NFL Street,GC,2004.0,Sports,8.0,4.0
Metal Arms: Glitch in the System,PS2,2003.0,Shooter,8.9,17.0
Tropico 4,X360,,Strategy,7.5,37.0
EverGrace,PS2,2000.0,Role-Playing,7.8,4.0
Enemy Territory: Quake Wars,PS3,2008.0,Shooter,6.4,14.0
Lunar 2: Eternal Blue Complete,PS,1999.0,Role-Playing,8.9,37.0
MLB 06: The Show,PSP,2006.0,Sports,8.5,32.0
Over the Hedge,GC,2006.0,Platform,9.3,6.0
Tomb Raider (2013),PC,,Action,8.5,3552.0
Charlie and the Chocolate Factory,PS2,2005.0,Adventure,4.1,28.0
TrackMania Turbo,PS4,2016.0,Action,7.9,110.0
Tiger Woods PGA Tour 12: The Masters,Wii,2011.0,Sports,6.7,7.0
Def Jam Icon,X360,2007.0,Action,6.3,108.0
Dynasty Warriors 5 Empires,PS2,2006.0,Action,9.1,24.0
Call of Duty: Ghosts,WiiU,2013.0,Shooter,3.4,256.0
Transformers: Dark of the Moon,PS3,2011.0,Action,5.6,27.0
SoulCalibur,DC,1999.0,Fighting,8.8,200.0
WipEout 3,PS,1999.0,Racing,8.5,15.0
WWE '12,Wii,2011.0,Fighting,5.2,9.0
WWE All Stars,X360,2011.0,Fighting,7.2,45.0
Mini Ninjas,PS3,2009.0,Action,8.7,62.0
Tekken Tag Tournament 2,X360,2012.0,Fighting,7.5,90.0
Driver 2 Advance,GBA,2002.0,Action,6.6,14.0
Monster Rancher 4,PS2,2003.0,Simulation,9.1,18.0
Mini Ninjas,DS,2009.0,Action,5.8,4.0
Tim Burton's The Nightmare Before Christmas: Oogie's Revenge,PS2,2004.0,Adventure,8.6,20.0
Battalion Wars 2,Wii,2007.0,Strategy,7.6,45.0
MotorStorm: Arctic Edge,PS2,2009.0,Racing,8.3,6.0
Hitman: Contracts,XB,2004.0,Shooter,8.8,15.0
Supreme Commander 2,X360,2010.0,Strategy,7.1,23.0
Thunderstrike: Operation Phoenix,PS2,2001.0,Simulation,8.1,7.0
Racquet Sports,PS3,2010.0,Sports,4.3,8.0
Company of Heroes 2,PC,2013.0,Strategy,2.1,6157.0
Trauma Center: Second Opinion,Wii,2006.0,Simulation,8.0,47.0
WWE Day of Reckoning 2,GC,2005.0,Fighting,6.0,263.0
NBA 2K12,Wii,2011.0,Sports,6.8,6.0
The Urbz: Sims in the City,XB,2004.0,Simulation,6.5,10.0
Rayman Legends,XOne,2014.0,Platform,7.9,218.0
SpongeBob SquarePants: The Yellow Avenger,DS,2005.0,Action,7.6,10.0
SimCity Creator,DS,2008.0,Simulation,7.3,8.0
Tenchu Z,X360,2006.0,Action,7.3,58.0
Conan,PS3,2007.0,Action,7.2,40.0
Leisure Suit Larry: Magna Cum Laude,PS2,2004.0,Adventure,6.3,18.0
MVP 06 NCAA Baseball,XB,2006.0,Sports,8.6,17.0
Naruto Shippuden: Ultimate Ninja Impact,PSP,2011.0,Fighting,7.2,26.0
F.E.A.R.,X360,2006.0,Shooter,7.3,131.0
Tom Clancy's Ghost Recon: Shadow Wars,3DS,2011.0,Strategy,7.9,78.0
The Sims 3: Town Life Stuff,PC,2011.0,Simulation,6.3,14.0
Herbie: Fully Loaded,GBA,2005.0,Racing,6.8,4.0
Teenage Mutant Ninja Turtles,GC,2003.0,Action,8.0,8.0
Kameo: Elements of Power,X360,2005.0,Action,8.1,107.0
Dynasty Warriors 6 Empires,PS3,2009.0,Action,7.0,26.0
The Shoot,PS3,2010.0,Shooter,6.2,11.0
Puzzle Quest: Challenge of the Warlords,DS,2007.0,Puzzle,8.7,32.0
Dynasty Warriors: Gundam 2,PS2,2008.0,Action,6.5,8.0
Star Ocean: Second Evolution,PSP,2008.0,Role-Playing,7.1,26.0
MXRider,PS2,2001.0,Racing,6.8,6.0
Delta Force: Black Hawk Down,XB,2005.0,Shooter,6.6,19.0
Pirates of the Caribbean: At World's End,X360,2007.0,Action,5.3,21.0
Angry Birds Star Wars,3DS,2013.0,Strategy,3.0,8.0
Tom Clancy's Ghost Recon Advanced Warfighter,XB,2006.0,Shooter,6.0,27.0
NHL 09,PS3,2008.0,Sports,7.7,41.0
World of Final Fantasy,PS4,2016.0,Role-Playing,8.3,222.0
Banjo-Kazooie: Grunty's Revenge,GBA,2003.0,Platform,8.1,18.0
NHL 17,PS4,2016.0,Sports,5.8,67.0
Mega Man ZX Advent,DS,2007.0,Platform,8.6,32.0
NCAA Basketball 10,PS3,2009.0,Sports,7.8,6.0
Jeanne d'Arc,PSP,2006.0,Role-Playing,8.2,74.0
Harry Potter and the Deathly Hallows - Part 2,X360,2011.0,Action,5.4,24.0
Avatar: The Last Airbender,DS,2006.0,Adventure,6.4,7.0
WWE Wrestlemania XIX,GC,2003.0,Fighting,8.7,47.0
The Sims 2,GC,2005.0,Simulation,8.3,8.0
Hulk,XB,2003.0,Action,7.7,9.0
Untold Legends: The Warriors Code,PSP,2006.0,Role-Playing,8.3,28.0
Klonoa 2: Lunatea's Veil,PS2,2001.0,Platform,9.1,72.0
Deus Ex: Invisible War,XB,2003.0,Shooter,7.6,37.0
The King of Fighters XIII,X360,2011.0,Fighting,8.2,51.0
Tak 2: The Staff of Dreams,GC,2004.0,Platform,8.6,8.0
Fracture,X360,2008.0,Shooter,6.2,45.0
Ninja Blade,X360,2009.0,Action,6.8,55.0
LEGO Batman 2: DC Super Heroes,PSV,2012.0,Action,6.7,46.0
Bee Movie Game,Wii,2007.0,Action,7.6,7.0
Kelly Slater's Pro Surfer,PS2,2002.0,Sports,8.4,15.0
Sniper: Ghost Warrior 2,PS3,2013.0,Shooter,6.0,82.0
Legends of Wrestling II,PS2,2002.0,Fighting,6.7,6.0
Virtua Tennis 2009,X360,2009.0,Sports,6.2,15.0
Street Fighter Alpha 3 MAX,PSP,2006.0,Fighting,8.0,27.0
MLB 09: The Show,PS2,2009.0,Sports,7.5,12.0
Classic NES Series: Castlevania,GBA,2004.0,Platform,8.6,12.0
Fight Night Round 3,XB,2006.0,Fighting,9.0,21.0
Way of the Samurai 2,PS2,2003.0,Action,9.0,24.0
Planet Puzzle League,DS,2007.0,Puzzle,8.2,15.0
Naruto: Rise of a Ninja,X360,2007.0,Action,8.6,84.0
Cabela's Dangerous Hunts 2011,PS3,2010.0,Sports,5.4,9.0
Disgaea 2: Cursed Memories,PS2,2006.0,Role-Playing,6.4,42.0
Clock Tower 3,PS2,2002.0,Adventure,7.6,38.0
Etrian Odyssey,DS,2007.0,Role-Playing,8.5,37.0
Call Of Duty 2: Big Red One,GC,2005.0,Shooter,7.9,14.0
Dragon Ball Z: Extreme Butoden,3DS,2015.0,Fighting,6.6,32.0
Disgaea: Hour of Darkness,PS2,2003.0,Role-Playing,8.9,74.0
NeoGeo Battle Coliseum,PS2,2005.0,Fighting,8.8,6.0
Resonance of Fate,X360,2010.0,Role-Playing,7.7,96.0
Harry Potter and the Deathly Hallows - Part 2,Wii,2011.0,Action,6.6,5.0
SpongeBob SquarePants: Creature from the Krusty Krab,GC,2006.0,Platform,7.7,12.0
MLB 08: The Show,PSP,2008.0,Sports,8.4,12.0
Spy Kids 3-D: Game Over,GBA,2003.0,Platform,7.7,6.0
Medal of Honor: Warfighter,PC,2012.0,Action,5.4,599.0
MVP Baseball 2005,GC,2005.0,Sports,8.7,16.0
SSX Blur,Wii,2007.0,Sports,8.1,60.0
Harry Potter and the Half-Blood Prince,PS3,2009.0,Action,7.1,17.0
Alien: Isolation,PS3,2014.0,Shooter,8.3,111.0
Teen Titans,GC,2006.0,Action,6.9,11.0
MX vs. ATV Untamed,Wii,2008.0,Racing,8.3,9.0
Binary Domain,PS3,2012.0,Action,8.2,179.0
DECA Sports Freedom,X360,2010.0,Sports,3.7,9.0
NBA 2K10,PSP,2009.0,Sports,8.1,13.0
Major League Baseball 2K6,XB,2006.0,Sports,5.7,12.0
Golden Axe: Beast Rider,X360,2008.0,Action,5.8,33.0
EA Playground,DS,2007.0,Sports,7.6,13.0
The Witcher: Enhanced Edition,PC,2008.0,Role-Playing,8.5,1660.0
Mystery Case Files: The Malgrave Incident,Wii,2011.0,Adventure,8.2,5.0
Iron Man 2,Wii,2010.0,Action,4.6,12.0
SWAT: Global Strike Team,PS2,2003.0,Shooter,7.8,16.0
The Adventures of Tintin: The Game,Wii,2011.0,Action,5.7,6.0
Battlestations: Pacific,X360,2009.0,Strategy,7.4,41.0
Elebits,Wii,2006.0,Action,7.4,33.0
Golden Axe: Beast Rider,PS3,2008.0,Action,5.6,23.0
Dead Space 2,PC,2011.0,Shooter,8.3,974.0
Kinetica,PS2,2001.0,Racing,8.3,21.0
NBA Street V3,XB,2005.0,Sports,8.9,10.0
Marvel: Ultimate Alliance 2,Wii,2009.0,Role-Playing,5.2,16.0
Remember Me,PS3,2013.0,Action,7.4,424.0
Silent Hill: Downpour,X360,2012.0,Action,7.3,269.0
Dead Rising 2: Off the Record,PS3,2011.0,Action,7.1,35.0
Dragon Ball: XenoVerse,XOne,2015.0,Fighting,7.2,128.0
Eternal Sonata,X360,2007.0,Role-Playing,7.9,97.0
Harvest Moon: Back to Nature,PS,1999.0,Simulation,9.3,78.0
Dead or Alive 5,X360,2012.0,Fighting,7.9,95.0
Final Fantasy XI,PS2,,Role-Playing,6.9,66.0
Overlord II,X360,2009.0,Action,7.2,46.0
Madden NFL 09,DS,2008.0,Sports,7.8,4.0
Dance Dance Revolution Universe,X360,2007.0,Simulation,8.8,5.0
Batman: Arkham Asylum,PC,2009.0,Action,8.7,1736.0
"Warhammer 40,000: Squad Command",PSP,2007.0,Strategy,7.6,26.0
Darkwatch,PS2,2005.0,Shooter,8.4,42.0
Tony Hawk's American Wasteland,X360,2005.0,Sports,7.2,21.0
Beautiful Katamari,X360,2007.0,Puzzle,7.0,40.0
Prince of Persia: The Sands of Time,GC,2003.0,Action,8.4,41.0
Harry Potter and the Deathly Hallows - Part 2,PS3,2011.0,Action,5.7,27.0
Sky Odyssey,PS2,2000.0,Simulation,8.4,9.0
World of Warcraft: Legion,PC,2016.0,Role-Playing,7.5,535.0
Bleach: Shattered Blade,Wii,2006.0,Fighting,7.5,24.0
FIFA Street 3,PS3,2008.0,Sports,6.9,19.0
FIFA 2001 Major League Soccer,PS,2000.0,Sports,7.8,5.0
Operation Flashpoint: Red River,PS3,2011.0,Shooter,6.3,18.0
DiRT 2,PSP,2009.0,Racing,5.7,10.0
Frogger's Adventures: The Rescue,PS2,2003.0,Platform,8.5,6.0
Silent Hill HD Collection,PS3,2012.0,Action,4.8,136.0
Singularity,X360,,Shooter,7.7,169.0
Army of Two: The 40th Day,PSP,2010.0,Shooter,6.0,32.0
Ultimate Fighting Championship: Throwdown,PS2,2002.0,Fighting,8.0,8.0
Disney's Extreme Skate Adventure,PS2,2003.0,Sports,8.3,12.0
Prey,X360,2006.0,Shooter,7.3,117.0
Shaun White Snowboarding,PSP,2008.0,Sports,7.5,4.0
Folklore,PS3,2007.0,Role-Playing,8.2,145.0
Murdered: Soul Suspect,PS4,2014.0,Action,6.9,310.0
The Darkness II,PS3,2012.0,Shooter,7.6,127.0
NBA 2K3,XB,2002.0,Sports,7.9,9.0
All-Star Baseball 2005,PS2,,Sports,8.6,21.0
NFL Fever 2004,XB,2003.0,Sports,8.8,16.0
FIFA Street 3,X360,2008.0,Sports,6.9,18.0
Test Drive Unlimited,X360,2006.0,Racing,8.0,86.0
Marvel Nemesis: Rise of the Imperfects,PSP,2005.0,Fighting,8.7,30.0
Kingdom Under Fire: The Crusaders,XB,2004.0,Strategy,7.9,31.0
Clive Barker's Jericho,X360,2007.0,Shooter,7.4,70.0
Rise of the Tomb Raider,X360,2015.0,Adventure,7.5,178.0
Romance of the Three Kingdoms VII,PS2,2000.0,Strategy,8.7,11.0
Fable III,PC,2011.0,Role-Playing,5.4,555.0
"Monsters, Inc.",PS2,2002.0,Adventure,7.2,10.0
Lord of Arcana,PSP,2010.0,Role-Playing,5.5,21.0
Phineas and Ferb: Across the 2nd Dimension,PS3,2011.0,Action,6.6,9.0
Tekken 6,PSP,2009.0,Fighting,8.2,68.0
Dynasty Warriors 4 Empires,PS2,2004.0,Action,8.8,19.0
Shenmue II,XB,2002.0,Adventure,9.3,96.0
Crash of the Titans,X360,2007.0,Action,6.3,39.0
LEGO Marvel's Avengers,X360,2016.0,Action,5.7,6.0
Skylanders SWAP Force,XOne,2013.0,Platform,5.5,43.0
Rugby World Cup 2011,PS3,2011.0,Sports,5.6,7.0
F1 Race Stars,PS3,2012.0,Racing,5.6,34.0
Overlord II,PS3,2009.0,Action,7.6,24.0
BlazBlue: Continuum Shift,X360,2010.0,Fighting,8.7,26.0
MLB 07: The Show,PS3,2007.0,Sports,7.5,17.0
Crash Nitro Kart,XB,2003.0,Racing,8.9,16.0
Etrian Odyssey III: The Drowned City,DS,2010.0,Role-Playing,8.0,21.0
Batman: Arkham Origins,PC,2013.0,Action,7.5,1170.0
Harry Potter and the Half-Blood Prince,X360,2009.0,Action,6.8,11.0
Madden NFL 2004,GBA,2003.0,Sports,6.6,5.0
NBA Inside Drive 2003,XB,2002.0,Sports,7.8,12.0
FIFA Street,PS2,2005.0,Sports,7.9,52.0
Monster Lab,Wii,2008.0,Role-Playing,8.4,14.0
Fate/Extra,PSP,2010.0,Role-Playing,8.1,39.0
Drakengard 3,PS3,2013.0,Role-Playing,7.7,237.0
Catherine,X360,2011.0,Adventure,7.9,153.0
J Stars Victory Vs.,PS3,2014.0,Fighting,7.9,11.0
The Matrix: Path of Neo,XB,2005.0,Action,7.3,20.0
Bust-A-Move Universe,3DS,2011.0,Puzzle,4.8,13.0
Mortal Kombat: Shaolin Monks,XB,2005.0,Action,6.6,19.0
Batman: Arkham Origins,WiiU,2013.0,Action,7.4,127.0
Shin Megami Tensei: Devil Survivor 2,DS,2011.0,Role-Playing,8.8,45.0
Sonic Boom: Rise of Lyric,WiiU,2014.0,Action,3.6,587.0
The Settlers 7: Paths to a Kingdom,PC,2010.0,Strategy,5.2,213.0
WipEout Pulse,PSP,2007.0,Racing,8.6,31.0
The Legend of Spyro: Dawn of the Dragon,X360,2008.0,Platform,7.2,26.0
Fuel,X360,2009.0,Racing,7.0,45.0
Tropico 5,PS4,2015.0,Simulation,7.1,110.0
KISS Pinball,PS,2001.0,Action,3.8,8.0
Brothers In Arms: Earned in Blood,XB,2005.0,Shooter,8.6,25.0
LEGO Legends of Chima: Laval's Journey,3DS,2013.0,Adventure,3.6,7.0
Skylanders: SuperChargers,PS4,2015.0,Action,3.3,29.0
Dark Void,X360,2010.0,Action,6.0,61.0
Happy Feet,DS,2006.0,Action,0.3,9.0
Manhunt 2,PSP,2007.0,Action,8.1,38.0
Mega Man Maverick Hunter X,PSP,2005.0,Platform,8.3,44.0
Star Wars Jedi Knight II: Jedi Outcast,XB,,Shooter,6.8,15.0
Clash of the Titans,PS3,2010.0,Action,1.7,17.0
Mega Man Battle Network 2,GBA,2002.0,Action,9.0,21.0
Major League Baseball 2K8,PS3,2008.0,Sports,5.6,8.0
Pandora's Tower,Wii,2011.0,Role-Playing,8.0,99.0
SimAnimals,Wii,2009.0,Simulation,2.1,35.0
Tiger Woods PGA Tour 06,X360,2005.0,Sports,7.4,8.0
Jonah Lomu Rugby Challenge,X360,2011.0,Sports,6.0,8.0
NASCAR Thunder 2003,GC,2002.0,Racing,6.6,5.0
Mega Man Zero Collection,DS,2010.0,Platform,8.9,39.0
Pro Evolution Soccer 2013,X360,2012.0,Sports,6.9,77.0
Star Wars Racer Revenge,PS2,2002.0,Racing,8.5,11.0
NCAA Final Four 2002,PS2,2001.0,Sports,6.5,8.0
Cabela's Outdoor Adventures (2009),Wii,2009.0,Sports,7.8,4.0
Blade II,PS2,2002.0,Action,6.1,14.0
TRON: Evolution,X360,2010.0,Action,6.0,41.0
Bruce Lee: Quest of the Dragon,XB,2002.0,Fighting,2.4,10.0
Disney's The Emperor's New Groove,PS,2000.0,Platform,7.2,6.0
Dragon Ball Z: Battle of Z,PS3,2014.0,Fighting,5.3,103.0
Disney's Stitch: Experiment 626,PS2,2002.0,Action,7.8,4.0
Orphen: Scion of Sorcery,PS2,2000.0,Role-Playing,5.8,8.0
NBA Live 08,PSP,2007.0,Sports,6.2,5.0
Star Wars Episode III: Revenge of the Sith,DS,2005.0,Action,7.8,19.0
Ultimate Spider-Man,GBA,2005.0,Action,7.3,12.0
Midtown Madness 3,XB,2003.0,Racing,8.3,30.0
Shrek Swamp Kart Speedway,GBA,2002.0,Racing,8.9,19.0
Contra 4,DS,2007.0,Shooter,8.4,45.0
Spyro: Attack of the Rhynocs,GBA,2003.0,Platform,7.5,15.0
Monsters vs. Aliens,PS3,2009.0,Action,4.5,4.0
NASCAR 2011: The Game,X360,2011.0,Racing,4.1,14.0
BlazBlue: Chrono Phantasma,PS3,2013.0,Fighting,8.3,64.0
Kingdoms of Amalur: Reckoning,PC,2012.0,Role-Playing,6.6,1097.0
Burnout,GC,2002.0,Racing,7.9,18.0
Chaos Legion,PS2,2003.0,Action,8.2,58.0
Charlie and the Chocolate Factory,GBA,2005.0,Adventure,3.8,6.0
Neopets: The Darkest Faerie,PS2,2005.0,Adventure,8.5,30.0
Naruto Shippuden: Ultimate Ninja Storm 4,XOne,2016.0,Fighting,8.5,51.0
Batman: Arkham VR,PS4,2016.0,Action,7.3,89.0
24: The Game,PS2,2006.0,Adventure,8.2,40.0
The King of Fighters XIII,PS3,2011.0,Fighting,8.2,76.0
Sniper Elite 3,X360,2014.0,Shooter,6.6,26.0
Lego Batman 3: Beyond Gotham,PSV,2014.0,Action,7.7,12.0
Tom Clancy's Splinter Cell 3D,3DS,2011.0,Action,5.5,26.0
Magna Carta 2,X360,2009.0,Role-Playing,7.0,57.0
Romance of the Three Kingdoms VIII,PS2,2002.0,Strategy,8.9,17.0
F1 2013,X360,2013.0,Racing,6.6,33.0
Crazy Taxi: Catch a Ride,GBA,2003.0,Racing,5.9,8.0
Final Fantasy XI: Wings of the Goddess,X360,2007.0,Role-Playing,5.8,5.0
PowerUp Heroes,X360,2011.0,Fighting,7.5,10.0
Rayman 2: Revolution,PS2,2000.0,Platform,8.2,42.0
One Piece Unlimited Cruise SP,3DS,2011.0,Action,7.3,14.0
Madden NFL 13,PSV,2012.0,Sports,7.3,38.0
Army Men: Air Attack 2,PS,2000.0,Action,5.3,4.0
NBA Live 2003,GC,,Sports,8.2,5.0
Stranglehold,PS3,2007.0,Shooter,7.9,48.0
Pride FC: Fighting Championships,PS2,2003.0,Fighting,8.6,7.0
Eternal Ring,PS2,2000.0,Role-Playing,5.3,9.0
Resident Evil Archives: Resident Evil,Wii,2008.0,Action,8.9,41.0
Dynasty Warriors 6,X360,2007.0,Action,7.4,22.0
Silent Hill: Shattered Memories,PSP,2010.0,Action,7.5,43.0
Dance Dance Revolution Universe 3,X360,2008.0,Simulation,7.7,7.0
Showdown: Legends of Wrestling,PS2,2004.0,Fighting,6.1,7.0
Sword Art Online: Hollow Fragment,PSV,2014.0,Role-Playing,7.6,131.0
Full Spectrum Warrior,PS2,2005.0,Strategy,8.0,13.0
The Sims 2: Pets,PS2,2006.0,Simulation,8.0,25.0
Fist of the North Star: Ken's Rage 2,PS3,2012.0,Fighting,7.0,19.0
MLB SlugFest Loaded,PS2,2004.0,Sports,9.5,4.0
Teenage Mutant Ninja Turtles,XB,2003.0,Action,8.4,9.0
1701 A.D.,PC,2006.0,Simulation,8.3,38.0
Lego Star Wars: The Force Awakens,XOne,2016.0,Action,7.0,18.0
Little Deviants,PSV,2011.0,Platform,5.5,53.0
Spider-Man 3,PSP,2007.0,Platform,7.4,9.0
AMF Bowling 2004,XB,2003.0,Sports,4.4,8.0
Shrek the Third,DS,,Action,6.5,4.0
Radiant Historia,DS,2010.0,Role-Playing,9.0,81.0
Sorcery,PS3,2012.0,Action,7.3,57.0
Harry Potter and the Order of the Phoenix,X360,2007.0,Action,6.8,20.0
Grandia II,PS2,2002.0,Role-Playing,8.6,31.0
Shaun White Snowboarding: World Stage,Wii,2009.0,Sports,8.7,30.0
Spider-Man: Friend or Foe,X360,2007.0,Action,6.3,26.0
Batman: The Brave and the Bold the Videogame,DS,2010.0,Action,8.0,8.0
The Sims 2,PC,2004.0,Simulation,8.8,676.0
Need for Speed Underground,GBA,2003.0,Racing,8.2,25.0
Outlaw Golf,XB,2002.0,Sports,6.9,9.0
MySims SkyHeroes,Wii,2010.0,Action,5.2,5.0
Mini Ninjas,X360,2009.0,Action,8.4,38.0
The LEGO Movie Videogame,PSV,2014.0,Action,5.6,14.0
Ben 10 Alien Force: Vilgax Attacks,PS2,2009.0,Action,7.0,4.0
NBA Street V3,GC,2005.0,Sports,8.4,16.0
WinBack: Covert Operations,PS2,2000.0,Shooter,7.7,20.0
Syphon Filter: Dark Mirror,PSP,2006.0,Shooter,9.0,118.0
Invizimals: Shadow Zone,PSP,2010.0,Strategy,9.0,4.0
Glory of Heracles,DS,2008.0,Role-Playing,7.3,18.0
Up,X360,2009.0,Action,6.8,6.0
Modnation Racers: Road Trip,PSV,2012.0,Racing,6.4,69.0
NBA Live 06,X360,2005.0,Sports,5.6,16.0
ExerBeat,Wii,2010.0,Sports,7.6,5.0
Need for Speed: Most Wanted,PC,2005.0,Racing,8.5,525.0
Front Mission Evolved,PS3,2010.0,Shooter,6.0,30.0
Ultimate Marvel vs. Capcom 3,PSV,2011.0,Fighting,7.7,93.0
Little King's Story,Wii,2009.0,Strategy,8.8,86.0
Dynasty Warriors: Strikeforce,PS3,2009.0,Action,7.3,15.0
NieR,X360,2010.0,Role-Playing,8.3,126.0
Zoo Tycoon 2 DS,DS,2008.0,Strategy,5.4,7.0
Area 51,XB,2005.0,Shooter,8.1,16.0
Deadpool,PS4,2015.0,Action,5.7,68.0
UEFA Euro 2016,PS4,2016.0,Sports,6.6,8.0
Wanted: Weapons of Fate,PS3,2009.0,Shooter,7.1,25.0
Mega Man X8,PS2,2004.0,Platform,8.5,63.0
The Chronicles of Riddick: Assault on Dark Athena,X360,2009.0,Shooter,8.2,73.0
Ford Mustang: The Legend Lives,PS2,2005.0,Racing,7.3,8.0
FlatOut: Head On,PSP,2008.0,Racing,8.2,21.0
Harvest Moon: Magical Melody,Wii,2008.0,Simulation,8.8,17.0
Resident Evil: Revelations 2,PS3,2015.0,Action,6.8,48.0
Heroes of the Pacific,PS2,2005.0,Simulation,8.4,15.0
Prince of Persia: Rival Swords,Wii,2007.0,Action,7.7,21.0
The Lord of the Rings: The Third Age,GC,2004.0,Role-Playing,7.8,19.0
Trace Memory,DS,2005.0,Adventure,8.1,42.0
X-Men Legends II: Rise of Apocalypse,PSP,2005.0,Role-Playing,8.2,43.0
Nicktoons: Battle for Volcano Island,GC,,Action,7.0,4.0
Borderlands: The Pre-Sequel,PC,2014.0,Shooter,6.2,703.0
Madden NFL 08,XB,2007.0,Sports,6.0,4.0
Trauma Center: New Blood,Wii,2007.0,Simulation,8.0,20.0
Starhawk,PS3,2012.0,Action,7.8,188.0
Pirates of the Caribbean,XB,2003.0,Role-Playing,7.4,27.0
FIFA Soccer 13,3DS,2012.0,Action,3.7,16.0
Ace Combat: Joint Assault,PSP,2010.0,Simulation,7.2,12.0
The BIGS 2,Wii,2009.0,Sports,8.5,6.0
Turning Point: Fall of Liberty,X360,2008.0,Shooter,6.8,87.0
Sonic Boom: Shattered Crystal,3DS,2014.0,Action,6.3,160.0
MLB Power Pros,Wii,2007.0,Sports,8.4,45.0
"Sakura Wars: So Long, My Love",PS2,2005.0,Role-Playing,7.3,26.0
Dynasty Tactics,PS2,2002.0,Strategy,8.1,31.0
Call of Juarez: The Cartel,PS3,2011.0,Shooter,5.5,74.0
Angry Birds Star Wars,PS3,2013.0,Strategy,3.6,23.0
Metal Gear Solid V: Ground Zeroes,XOne,2014.0,Action,5.4,348.0
SimCity 4,PC,2003.0,Simulation,8.7,268.0
Puzzle Quest: Challenge of the Warlords,Wii,2007.0,Puzzle,6.2,5.0
Disgaea 5: Alliance of Vengeance,PS4,2015.0,Role-Playing,8.1,173.0
Sengoku Basara: Samurai Heroes,Wii,2010.0,Action,8.8,13.0
Rayman 3: Hoodlum Havoc,PS2,2003.0,Platform,8.6,38.0
Warriors Orochi 2,PSP,2008.0,Action,7.5,4.0
Feel the Magic XY/XX,DS,2004.0,Puzzle,8.1,18.0
Psi-Ops: The Mindgate Conspiracy,PS2,2004.0,Shooter,8.9,27.0
Dead Rising: Chop Till You Drop,Wii,2009.0,Action,6.5,35.0
Spyro: A Hero's Tail,GC,2004.0,Platform,8.3,10.0
NASCAR 08,X360,2007.0,Racing,5.2,30.0
World of Tanks,PC,2011.0,Shooter,3.7,1466.0
Links 2004,XB,2003.0,Sports,9.0,9.0
Majin and the Forsaken Kingdom,PS3,2010.0,Adventure,7.9,35.0
Assassin's Creed IV: Black Flag,WiiU,2013.0,Action,7.7,207.0
Earthworm Jim,GBA,2001.0,Platform,5.7,6.0
Tales of Phantasia,GBA,2003.0,Role-Playing,8.1,24.0
Monster 4x4: Masters of Metal,PS2,2003.0,Racing,8.3,13.0
Hot Shots Golf: World Invitational,PS3,2012.0,Sports,7.9,9.0
Dragon Ball GT: Transformation,GBA,2005.0,Action,8.2,26.0
Battlefield: Hardline,X360,2015.0,Shooter,4.1,65.0
FIFA 15,PC,2014.0,Sports,4.2,383.0
The Warriors,XB,2005.0,Action,8.2,21.0
Shadow Hearts,PS2,2001.0,Role-Playing,8.8,55.0
Dragon Ball Z: Budokai Tenkaichi 2,Wii,2006.0,Fighting,8.5,40.0
Haven: Call of the King,PS2,,Platform,6.9,15.0
Street Hoops,XB,2002.0,Sports,8.0,4.0
R: Racing Evolution,PS2,2003.0,Racing,6.2,5.0
The Golden Compass,PS3,2007.0,Action,4.8,16.0
ATV Quad Power Racing 2,GC,2003.0,Racing,9.0,4.0
Marvel Nemesis: Rise of the Imperfects,XB,2005.0,Fighting,7.5,20.0
Final Fantasy VI Advance,GBA,2006.0,Role-Playing,8.4,190.0
LEGO The Lord of the Rings,PSV,2012.0,Action,5.6,35.0
Viewtiful Joe,PS2,2004.0,Action,8.5,35.0
DeathSmiles,X360,2009.0,Shooter,8.4,47.0
Fable: The Journey,X360,2012.0,Role-Playing,4.8,80.0
Bladestorm: The Hundred Years' War,PS3,2007.0,Action,7.9,28.0
SAW,X360,2009.0,Action,7.4,50.0
Chromehounds,X360,2006.0,Simulation,7.0,72.0
Harry Potter and the Sorcerer's Stone,PS2,2003.0,Action,7.6,21.0
Unreal Championship 2: The Liandri Conflict,XB,,Shooter,8.2,21.0
Kung Fu Chaos,XB,2003.0,Fighting,8.5,27.0
Reel Fishing: Angler's Dream,Wii,2009.0,Sports,7.5,4.0
Shrek the Third,Wii,2007.0,Action,6.7,7.0
Jackass the Game,PS2,2007.0,Action,6.6,14.0
Pirates of the Caribbean: Dead Man's Chest,PSP,2006.0,Adventure,8.0,17.0
Operation Flashpoint: Red River,X360,2011.0,Shooter,6.1,29.0
Transformers: Dark of the Moon,X360,2011.0,Action,6.7,30.0
Surf's Up,DS,2007.0,Sports,7.0,4.0
Assassin's Creed II: Discovery,DS,2009.0,Action,7.3,22.0
Syphon Filter: Dark Mirror,PS2,2007.0,Shooter,7.8,12.0
Mission: Impossible - Operation Surma,PS2,2003.0,Platform,7.8,10.0
MLB 07: The Show,PSP,2007.0,Sports,7.2,10.0
Driver: Parallel Lines,PS2,2006.0,Racing,6.9,74.0
Mega Man ZX,DS,2006.0,Platform,8.3,32.0
Backyard Wrestling 2: There Goes the Neighborhood,PS2,2004.0,Fighting,4.7,10.0
Dead or Alive,PS,1998.0,Fighting,8.6,18.0
Dead to Rights: Retribution,PS3,2010.0,Shooter,5.9,27.0
Wild ARMs 5,PS2,2006.0,Role-Playing,7.5,22.0
NFL Blitz 20-02,PS2,2002.0,Sports,8.9,15.0
El Shaddai: Ascension of the Metatron,PS3,2011.0,Action,7.5,40.0
Tony Hawk: Shred,PS3,2010.0,Sports,6.7,6.0
NCAA March Madness 2005,XB,2004.0,Sports,7.8,4.0
Alien: Isolation,X360,2014.0,Shooter,8.2,113.0
Kenka Bancho: Badass Rumble,PSP,2008.0,Action,7.5,6.0
Silent Hill 2: Restless Dreams,XB,2001.0,Action,8.3,39.0
Sniper Elite 3,PS3,2014.0,Shooter,6.4,18.0
NES Remix,WiiU,2014.0,Action,7.1,133.0
Skylanders: Trap Team,3DS,2014.0,Action,3.4,5.0
Bass Strike,PS2,2001.0,Sports,5.8,4.0
NHL Hitz 20-03,PS2,2002.0,Sports,8.4,11.0
Bionic Commando,X360,2009.0,Platform,7.3,87.0
Medieval Moves: Deadmund's Quest,PS3,2011.0,Action,6.5,17.0
Mister Mosquito,PS2,2001.0,Shooter,4.9,11.0
Rugby World Cup 2011,X360,2011.0,Sports,3.9,13.0
Virtua Fighter 5 Online,X360,2007.0,Fighting,7.6,62.0
Indiana Jones and the Staff of Kings,PS2,2009.0,Action,7.5,13.0
Angry Birds Star Wars,X360,2013.0,Strategy,5.6,25.0
Deer Hunter,PS2,2003.0,Sports,8.5,17.0
Dave Mirra Freestyle BMX 2,GC,2001.0,Sports,7.7,10.0
One Piece: Unlimited World Red,PS3,2014.0,Action,7.3,46.0
True Crime: New York City,XB,2005.0,Action,7.8,17.0
Summer Heat Beach Volleyball,PS2,2003.0,Sports,7.7,19.0
Avatar: The Last Airbender,Wii,2006.0,Adventure,5.8,8.0
Castlevania: Aria of Sorrow,GBA,2003.0,Platform,9.1,127.0
Myst III: Exile,PS2,2002.0,Adventure,7.0,4.0
Shin Megami Tensei: Strange Journey,DS,2009.0,Role-Playing,8.7,69.0
Army of Two: The Devil's Cartel,PS3,2013.0,Shooter,6.7,100.0
Ice Age: Dawn of the Dinosaurs,Wii,2009.0,Action,8.3,6.0
Tao Feng: Fist of the Lotus,XB,2003.0,Fighting,6.5,8.0
Dragon Ball Z: Budokai 2,GC,2004.0,Fighting,5.8,12.0
Over the Hedge,DS,2006.0,Platform,6.4,9.0
Siren: Blood Curse,PS3,2008.0,Action,8.1,87.0
NBA 2K12,PSP,2011.0,Sports,5.0,7.0
NHL Hitz 20-02,XB,2001.0,Sports,8.7,11.0
GRID 2,X360,2013.0,Racing,5.8,156.0
Evil Dead: Hail to the King,PS,2000.0,Adventure,6.0,7.0
Need for Speed: The Run,Wii,2011.0,Action,3.6,21.0
Dave Mirra Freestyle BMX: Maximum Remix,PS,2001.0,Sports,8.1,7.0
The Evil Within,PC,2014.0,Action,5.9,721.0
Mass Effect Trilogy,PC,2012.0,Action,8.0,60.0
Dead Rising 2: Off the Record,X360,2011.0,Action,7.5,60.0
WWII Aces,Wii,2008.0,Simulation,5.4,18.0
Athens 2004,PS2,2004.0,Sports,7.2,13.0
Pro Race Driver,PS2,2002.0,Racing,8.5,20.0
Baten Kaitos: Eternal Wings and the Lost Ocean,GC,2003.0,Role-Playing,9.0,59.0
Iron Man 2,X360,2010.0,Action,5.9,54.0
Disgaea 3: Absence of Detention,PSV,,Role-Playing,7.6,116.0
Rocky: Legends,PS2,2004.0,Action,8.6,12.0
The Warriors,PSP,2007.0,Action,7.8,21.0
RalliSport Challenge 2,XB,2004.0,Racing,9.1,33.0
Pac-Pix,DS,2005.0,Puzzle,7.1,7.0
F1 Race Stars,X360,2012.0,Racing,5.7,22.0
NHL 07,X360,2006.0,Sports,5.3,167.0
RollerCoaster Tycoon 3,PC,2004.0,Strategy,5.0,346.0
Ty the Tasmanian Tiger,GC,2002.0,Platform,8.7,15.0
WWE Road to WrestleMania X8,GBA,2002.0,Fighting,7.5,6.0
Fullmetal Alchemist 2: Curse of the Crimson Elixir,PS2,2004.0,Role-Playing,8.4,20.0
NASCAR 06: Total Team Control,XB,2005.0,Racing,5.9,7.0
BloodRayne 2,PS2,2004.0,Shooter,8.5,21.0
Rory McIlroy PGA Tour,XOne,2015.0,Action,4.3,77.0
The Club,X360,2008.0,Shooter,6.8,43.0
NHL 2002,XB,2001.0,Sports,8.8,5.0
LEGO The Hobbit,XOne,2014.0,Action,6.8,36.0
Lightning Returns: Final Fantasy XIII,X360,2013.0,Role-Playing,6.6,222.0
Shadow of Rome,PS2,2005.0,Action,8.3,62.0
NASCAR 2011: The Game,PS3,2011.0,Racing,3.7,15.0
Harry Potter and the Order of the Phoenix,PS2,2007.0,Action,8.0,28.0
Transformers: Cybertron Adventures,Wii,2010.0,Action,6.5,8.0
Stuntman: Ignition,PS2,2007.0,Racing,6.4,8.0
Gun,X360,,Shooter,7.5,57.0
NHL 2K11,Wii,2010.0,Sports,5.8,4.0
Fantastic 4,XB,2005.0,Action,6.6,8.0
Rapala Pro Bass Fishing 2010,PS3,2010.0,Sports,8.5,4.0
MotoGP,PS2,2000.0,Racing,6.0,5.0
Batman: Arkham Origins Blackgate,3DS,2013.0,Action,6.8,38.0
Shadows of the Damned,PS3,2011.0,Action,8.1,124.0
R.U.S.E.,PC,2010.0,Strategy,8.1,176.0
LEGO Marvel's Avengers,PS3,2016.0,Action,5.5,8.0
NBA Live 2004,GC,2003.0,Sports,9.0,4.0
Reign of Fire,PS2,2002.0,Shooter,7.0,4.0
The Sims 2: Pets,GC,2006.0,Simulation,7.3,8.0
Ultimate NES Remix,3DS,2014.0,Action,7.6,32.0
Tropico 4,PC,2011.0,Strategy,7.7,359.0
The BIGS,X360,2007.0,Sports,8.4,21.0
Jurassic Park: Operation Genesis,PS2,2003.0,Simulation,8.9,21.0
Knockout Kings 2002,XB,2002.0,Sports,7.9,7.0
Cabela's Big Game Hunter 2010,X360,2009.0,Sports,5.6,5.0
InuYasha: Feudal Combat,PS2,2005.0,Fighting,8.3,21.0
R.U.S.E.,X360,2010.0,Strategy,7.0,38.0
Duel Masters,PS2,2004.0,Strategy,8.3,6.0
MotionSports: Adrenaline,X360,2011.0,Sports,7.4,7.0
The Dog Island,PS2,2007.0,Adventure,7.0,6.0
NBA 07,PS3,2006.0,Sports,6.3,10.0
Call of Juarez: The Cartel,X360,2011.0,Shooter,5.7,109.0
Need for Speed: Most Wanted,DS,2005.0,Racing,6.1,22.0
Section 8,X360,2009.0,Shooter,7.3,59.0
ESPN NBA Basketball,XB,2003.0,Sports,8.2,25.0
Family Guy: Back to the Multiverse,PS3,2012.0,Action,6.4,31.0
All-Pro Football 2K8,X360,2007.0,Sports,6.8,52.0
Fish Tycoon,DS,2007.0,Simulation,7.0,6.0
Plants vs. Zombies,X360,2010.0,Strategy,8.2,160.0
Batman: Return to Arkham,PS4,2016.0,Action,8.5,79.0
Rune: Viking Warlord,PS2,2001.0,Action,7.3,11.0
The Incredible Hulk,X360,2008.0,Action,6.4,24.0
Panzer Dragoon Orta,XB,2002.0,Shooter,8.5,64.0
America's Test Kitchen: Let's Get Cooking,DS,2010.0,Simulation,5.6,9.0
NPPL: Championship Paintball 2009,PS2,2008.0,Shooter,8.3,11.0
Suikoden Tierkreis,DS,2008.0,Role-Playing,7.4,37.0
Superman Returns,X360,2006.0,Action,6.2,49.0
Shin Megami Tensei: Devil Survivor,DS,2009.0,Role-Playing,8.8,79.0
Angry Birds Star Wars,Wii,2013.0,Strategy,2.8,5.0
Tearaway Unfolded,PS4,2015.0,Platform,8.1,188.0
MLB SlugFest 2006,PS2,2006.0,Sports,7.5,10.0
Etrian Odyssey II: Heroes of Lagaard,DS,2008.0,Role-Playing,8.9,24.0
The Incredible Hulk,PS3,2008.0,Action,6.8,20.0
Deadly Premonition,X360,2010.0,Action,8.2,332.0
Ford Racing 3,PS2,2004.0,Racing,6.6,8.0
The Adventures of Tintin: The Game,PS3,2011.0,Action,5.7,13.0
Phantasy Star Universe: Ambition of the Illuminus,PS2,2007.0,Role-Playing,8.4,8.0
Dragon Ball Z: Tenkaichi Tag Team,PSP,2010.0,Fighting,8.6,20.0
Etrian Odyssey Untold: The Millennium Girl,3DS,2013.0,Role-Playing,8.2,89.0
Final Fantasy V Advance,GBA,2006.0,Role-Playing,7.2,75.0
Need for Speed: Most Wanted,GBA,2005.0,Racing,8.3,14.0
Star Wars: Bounty Hunter,GC,2002.0,Shooter,7.6,16.0
Dynasty Warriors 7: Xtreme Legends,PS3,2011.0,Action,7.8,9.0
Bratz: The Movie,Wii,2007.0,Simulation,5.0,6.0
Naruto: Ultimate Ninja Heroes,PSP,2006.0,Fighting,6.6,11.0
Angry Birds Trilogy,X360,2012.0,Action,3.5,27.0
Major League Baseball 2K9,Wii,2009.0,Sports,4.5,10.0
WWE 2K17,XOne,2016.0,Sports,5.5,27.0
Battlestations: Midway,X360,2007.0,Strategy,7.1,40.0
Riding Spirits,PS2,2002.0,Racing,9.0,17.0
Project CARS,XOne,2015.0,Racing,5.8,135.0
MLB 09: The Show,PSP,2009.0,Sports,6.9,7.0
Inazuma Eleven Strikers,Wii,2011.0,Role-Playing,7.9,10.0
NCAA March Madness 08,PS2,2007.0,Sports,5.0,8.0
Armored Core: Nexus,PS2,2004.0,Simulation,8.7,7.0
Evolution Skateboarding,PS2,2002.0,Sports,6.7,9.0
Outlaw Volleyball,XB,2003.0,Sports,8.4,7.0
Batman: Vengeance,GC,2001.0,Adventure,5.8,16.0
Spider-Man: Web of Shadows,PS3,2008.0,Action,7.9,34.0
Legaia 2: Duel Saga,PS2,2001.0,Role-Playing,8.4,43.0
Crash Nitro Kart,GC,2003.0,Racing,7.4,8.0
Samurai Warriors 4,PS3,2014.0,Action,8.0,11.0
ExciteBots: Trick Racing,Wii,2009.0,Racing,8.6,26.0
Oddworld: Stranger's Wrath,XB,2005.0,Adventure,9.1,58.0
King of Fighters: Maximum Impact,PS2,2004.0,Fighting,6.9,12.0
Atelier Ayesha: The Alchemist of Dusk,PS3,2012.0,Role-Playing,6.6,120.0
Battleborn,PS4,2016.0,Shooter,6.8,402.0
Drakan: The Ancients' Gates,PS2,2002.0,Adventure,9.0,39.0
Resident Evil: Revelations,X360,2013.0,Action,7.4,170.0
Tony Hawk: Shred,X360,2010.0,Sports,6.6,10.0
Tokyo Jungle,PS3,2012.0,Action,8.4,89.0
Army of Two: The Devil's Cartel,X360,2013.0,Shooter,6.2,195.0
Puppeteer,PS3,2013.0,Platform,8.5,236.0
Tom Clancy's Splinter Cell: Double Agent,PS3,2007.0,Action,6.5,41.0
Resident Evil: Deadly Silence,DS,2006.0,Action,8.4,36.0
Legendary,X360,2008.0,Shooter,7.1,87.0
Peter Jackson's King Kong: The Official Game of the Movie,X360,2005.0,Action,7.5,79.0
Rayman DS,DS,2005.0,Platform,7.6,19.0
Zoo Tycoon 2: Ultimate Collection,PC,2008.0,Strategy,8.4,14.0
All-Star Baseball 2003,XB,2002.0,Sports,8.1,7.0
MTX Mototrax,PS2,2004.0,Racing,8.1,9.0
NBA ShootOut 2004,PS2,2003.0,Sports,7.8,8.0
Nancy Drew: The Mystery of the Clue Bender Society,DS,2008.0,Adventure,3.6,5.0
Castlevania: Harmony of Dissonance,GBA,2002.0,Platform,8.2,39.0
Formula One 2001,PS2,2001.0,Racing,6.0,5.0
Pirates of the Caribbean: Dead Man's Chest,DS,2006.0,Adventure,8.6,7.0
Baldur's Gate: Dark Alliance II,XB,2004.0,Role-Playing,7.9,16.0
Madden NFL 2005,DS,2004.0,Sports,7.7,7.0
MVP Baseball 2004,GC,2004.0,Sports,8.5,11.0
Polarium,DS,2004.0,Puzzle,8.4,17.0
Super Street Fighter II: Turbo Revival,GBA,2001.0,Fighting,7.4,10.0
Secret Weapons Over Normandy,XB,2003.0,Simulation,8.8,4.0
The Elder Scrolls IV: Oblivion,PC,2006.0,Role-Playing,8.1,2454.0
Teen Titans,PS2,2006.0,Action,8.6,17.0
One Piece: Pirate Warriors 3,PS3,2015.0,Action,3.7,7.0
Star Wars The Clone Wars: Republic Heroes,PS2,2009.0,Action,8.3,9.0
Bomberman Generation,GC,2002.0,Adventure,8.5,15.0
Sega Rally Revo,PSP,2007.0,Racing,7.2,9.0
Surfing H3O,PS2,2000.0,Sports,4.6,8.0
NASCAR 09,X360,2008.0,Racing,7.8,15.0
NASCAR 09,PS3,2008.0,Racing,7.5,10.0
Game of Thrones,X360,2012.0,Role-Playing,5.2,126.0
Happy Feet,GC,2006.0,Action,8.6,8.0
Silent Hunter 5: Battle of the Atlantic,PC,2010.0,Simulation,3.5,104.0
Amped 2,XB,2003.0,Sports,7.7,20.0
Final Fantasy Crystal Chronicles: Echoes of Time,Wii,2009.0,Role-Playing,5.6,11.0
College Hoops 2K6,PS2,,Sports,7.3,6.0
NHL 08,PS3,2007.0,Action,6.9,23.0
The Legend of Legacy,3DS,2015.0,Role-Playing,7.1,54.0
Juiced 2: Hot Import Nights,PS3,2007.0,Racing,6.4,5.0
WipEout XL,PS,1996.0,Racing,8.7,20.0
LEGO Star Wars III: The Clone Wars,PC,2011.0,Action,7.5,44.0
The Powerpuff Girls: Chemical X-Traction,PS,2001.0,Action,6.3,4.0
Dead or Alive Xtreme 2,X360,2006.0,Sports,6.7,42.0
Hunted: The Demon's Forge,PS3,2011.0,Action,6.2,70.0
Men of Valor,XB,2004.0,Shooter,8.0,8.0
Medal of Honor European Assault,GC,2005.0,Shooter,7.9,14.0
Billy Hatcher and the Giant Egg,GC,2003.0,Platform,8.7,31.0
NHL 08,X360,2007.0,Action,8.2,44.0
WipEout Fusion,PS2,2002.0,Racing,8.5,43.0
Prison Break: The Conspiracy,PS3,2010.0,Action,3.8,20.0
NHL 06,XB,2005.0,Sports,8.4,18.0
Imagine: Ballet Star,DS,2008.0,Simulation,7.0,4.0
Anno 2205,PC,2015.0,Strategy,5.9,278.0
Ultimate Fighting Championship,PS,2000.0,Fighting,7.4,16.0
XIII,XB,2003.0,Shooter,8.3,15.0
Up,PS3,2009.0,Action,6.5,4.0
MotoGP '07,X360,2007.0,Racing,7.3,11.0
Cars,X360,2006.0,Racing,6.1,8.0
Need for Speed Rivals,PC,2013.0,Racing,3.3,546.0
The Mummy: Tomb of the Dragon Emperor,PS2,2008.0,Action,6.8,6.0
Def Jam Vendetta,GC,2003.0,Fighting,8.5,8.0
The Sims 2,XB,2005.0,Simulation,7.1,8.0
Spider-Man: Web of Shadows,Wii,2008.0,Action,6.9,13.0
The Bureau: XCOM Declassified,PS3,2013.0,Shooter,6.7,79.0
World Series Baseball 2K3,PS2,2003.0,Sports,8.7,19.0
Tony Hawk's Proving Ground,Wii,2007.0,Sports,6.2,19.0
Indiana Jones and the Staff of Kings,PSP,2009.0,Action,7.8,17.0
The Outfit,X360,2006.0,Action,7.5,48.0
Don King Presents: Prizefighter,X360,2008.0,Sports,6.4,29.0
Devil Kings,PS2,2005.0,Action,7.4,12.0
Bolt,X360,2008.0,Adventure,7.1,7.0
Spider-Man: Edge of Time,X360,2011.0,Action,6.8,33.0
L.A. Noire: The Complete Edition,PC,2011.0,Adventure,7.9,903.0
Dynasty Warriors 6,PS2,2008.0,Action,5.4,14.0
America's Army: Rise of a Soldier,XB,2005.0,Shooter,7.4,21.0
Grandia,PS,1999.0,Role-Playing,6.6,77.0
Pirates of the Caribbean: The Legend of Jack Sparrow,PS2,2006.0,Adventure,7.5,13.0
"Ed, Edd n Eddy: The Mis-Edventures",GC,2005.0,Platform,7.9,10.0
Armored Core 4,X360,2007.0,Simulation,7.2,31.0
Dreamworks Madagascar Kartz,X360,2009.0,Racing,6.0,4.0
SBK Superbike World Championship,PS3,2008.0,Racing,6.1,8.0
Indiana Jones and the Staff of Kings,DS,2009.0,Action,6.8,11.0
X-Men Origins: Wolverine,Wii,2009.0,Action,6.1,10.0
Disgaea 2: Dark Hero Days,PSP,2009.0,Role-Playing,7.1,47.0
Major League Baseball 2K7,PS3,2007.0,Sports,4.7,7.0
Final Fantasy XI: Chains of Promathia,PS2,2004.0,Role-Playing,8.0,10.0
The Chronicles of Riddick: Assault on Dark Athena,PS3,2009.0,Shooter,7.7,40.0
Teenage Mutant Ninja Turtles: Danger of the Ooze,PS3,2014.0,Adventure,5.9,8.0
X-Men Legends II: Rise of Apocalypse,GC,2005.0,Role-Playing,6.2,26.0
Monster Jam: Path of Destruction,PS3,2010.0,Racing,6.3,4.0
Family Guy: Back to the Multiverse,X360,2012.0,Action,5.0,51.0
Ninja Gaiden 3,X360,2012.0,Action,4.4,136.0
Sid Meier's Civilization VI,PC,2016.0,Strategy,7.3,684.0
Sword Art Online: Lost Song,PS4,2015.0,Role-Playing,6.3,60.0
NBA Courtside 2002,GC,2002.0,Sports,7.4,7.0
F1 2015,XOne,2015.0,Racing,5.3,22.0
Sly Cooper: Thieves in Time,PSV,2013.0,Platform,8.2,148.0
Dora the Explorer: Journey to the Purple Planet,PS2,2005.0,Adventure,7.0,4.0
Digimon World: Data Squad,PS2,2006.0,Role-Playing,8.0,20.0
Catz,GBA,2005.0,Simulation,7.9,8.0
Hitman: Absolution,PC,2012.0,Action,7.0,1327.0
Stella Glow,3DS,2015.0,Role-Playing,8.7,82.0
Racquet Sports,Wii,2010.0,Sports,8.6,15.0
Trials Fusion,XOne,2014.0,Racing,7.1,158.0
Far Cry Instincts Predator,X360,2006.0,Shooter,6.2,80.0
Onechanbara Z2: Chaos,PS4,2014.0,Action,6.5,72.0
Ben 10 Ultimate Alien: Cosmic Destruction,PS3,2010.0,Platform,8.6,5.0
Skylanders SWAP Force,3DS,2013.0,Platform,6.4,13.0
Cabela's Outdoor Adventures (2009),X360,2009.0,Sports,7.8,4.0
Army Men: Sarge's Heroes 2,PS,2000.0,Shooter,7.3,7.0
MLB,PSP,2005.0,Sports,7.9,18.0
Skylanders: SuperChargers,XOne,2015.0,Action,5.5,17.0
Ys: Memories of Celceta,PSV,2012.0,Action,8.8,237.0
Vexx,PS2,2003.0,Platform,7.6,11.0
Samurai Warriors 4,PS4,2014.0,Action,8.1,74.0
Ace Combat: Assault Horizon Legacy,3DS,2011.0,Simulation,7.8,26.0
TimeSplitters: Future Perfect,PS2,2005.0,Shooter,9.1,117.0
Dynasty Warriors Next,PSV,2011.0,Action,7.5,73.0
Harvest Moon: Magical Melody,GC,2005.0,Simulation,8.9,44.0
Genma Onimusha,XB,2002.0,Action,8.6,10.0
DK: King of Swing,GBA,2005.0,Platform,5.0,6.0
Turning Point: Fall of Liberty,PS3,2008.0,Shooter,5.5,33.0
Homefront,PC,2011.0,Shooter,5.5,531.0
Corvette,XB,2003.0,Racing,8.6,12.0
Percy Jackson and the Olympians: The Lightning Thief,DS,2010.0,Role-Playing,6.9,12.0
Fuel,PS3,2009.0,Racing,7.4,36.0
NBA Live 10,PSP,2009.0,Sports,4.2,10.0
Burnout 2: Point of Impact,XB,2003.0,Racing,5.1,23.0
Kill.Switch,XB,2003.0,Shooter,8.0,7.0
BioShock 2,PC,,Shooter,8.0,1247.0
Lunar: Silver Star Harmony,PSP,2009.0,Role-Playing,7.7,47.0
Peter Jackson's King Kong: The Official Game of the Movie,GC,2005.0,Action,8.3,8.0
The Simpsons: Road Rage,GC,2001.0,Racing,7.7,12.0
Dynasty Warriors 7,X360,2011.0,Action,8.0,46.0
Total War: Attila,PC,2015.0,Strategy,7.3,520.0
Azurik: Rise of Perathia,XB,2001.0,Action,8.5,14.0
Dragon Ball Z: Sagas,XB,2005.0,Fighting,6.1,8.0
Crash Tag Team Racing,PSP,2005.0,Racing,7.1,25.0
NHRA Championship Drag Racing,PS2,2005.0,Racing,9.1,20.0
Monster Jam,PS2,2007.0,Racing,5.9,7.0
Asura's Wrath,X360,2012.0,Action,6.5,131.0
Harvest Moon: Another Wonderful Life,GC,2004.0,Role-Playing,9.2,60.0
Final Fantasy Fables: Chocobo Tales,DS,2006.0,Adventure,7.4,28.0
NCAA College Basketball 2K3,PS2,2002.0,Sports,8.0,6.0
NHL 17,XOne,2016.0,Sports,4.0,38.0
Bakugan: Battle Brawlers,X360,2009.0,Action,5.2,9.0
Fantastic 4,GC,2005.0,Action,4.0,6.0
Tony Hawk's American Sk8land,GBA,2005.0,Sports,5.4,5.0
Singularity,PS3,,Shooter,7.7,100.0
Metro 2033,PC,2010.0,Shooter,8.1,1472.0
Dragon Ball: XenoVerse,X360,2015.0,Fighting,6.7,46.0
Valhalla Knights,PSP,2006.0,Role-Playing,6.3,15.0
Destiny: The Collection,PS4,2016.0,Shooter,8.1,9.0
The Adventures of Tintin: The Game,X360,2011.0,Action,6.1,12.0
Etrian Mystery Dungeon,3DS,2015.0,Role-Playing,7.9,49.0
Luminous Arc,DS,2007.0,Role-Playing,7.0,24.0
4x4 EVO 2,XB,2001.0,Racing,6.2,5.0
Grand Theft Auto,GBA,2004.0,Action,7.1,23.0
Avalon Code,DS,2008.0,Role-Playing,7.4,13.0
Resident Evil Archives: Resident Evil Zero,Wii,2008.0,Action,8.2,37.0
Rocket League,XOne,2016.0,Sports,8.3,194.0
Spider-Man: Shattered Dimensions,Wii,2010.0,Action,7.7,15.0
Ghost Rider,PSP,2007.0,Action,5.7,13.0
Shadow Hearts: Covenant,PS2,2004.0,Role-Playing,9.1,54.0
X-Men: Destiny,PS3,2011.0,Action,4.8,37.0
Driver '76,PSP,2007.0,Racing,7.9,18.0
Harry Potter and the Order of the Phoenix,PS3,2007.0,Action,6.6,25.0
Galaga: Destination Earth,PS,2000.0,Shooter,8.0,10.0
Dynasty Warriors 6 Empires,X360,2009.0,Action,7.3,28.0
The Testament of Sherlock Holmes,PS3,2012.0,Adventure,7.4,34.0
FIFA World Cup Germany 2006,XB,2006.0,Sports,8.4,9.0
NBA Live 14,PS4,2013.0,Sports,2.7,175.0
G.I. Joe: The Rise of Cobra,X360,2009.0,Action,4.7,22.0
Game of Thrones,PS3,2012.0,Role-Playing,5.5,81.0
LEGO Marvel's Avengers,WiiU,2016.0,Action,6.8,15.0
PDC World Championship Darts 2008,Wii,2008.0,Sports,5.4,7.0
X-Men: Destiny,X360,2011.0,Action,5.0,72.0
Pro Evolution Soccer 2014,X360,2013.0,Action,4.3,113.0
Angry Birds,PC,2011.0,Puzzle,7.3,19.0
Pure Futbol,PS3,2010.0,Sports,7.5,30.0
Afro Samurai,X360,2009.0,Action,6.2,57.0
Ar tonelico Qoga: Knell of Ar Ciel,PS3,2010.0,Role-Playing,5.4,101.0
NASCAR 08,PS2,2007.0,Racing,8.2,9.0
Broken Sword: Shadow of the Templars - The Director's Cut,Wii,2009.0,Adventure,8.1,14.0
Divinity II: Ego Draconis,X360,2009.0,Role-Playing,6.4,36.0
Birds of Steel,PS3,2012.0,Simulation,8.4,18.0
DC Universe Online,PC,2011.0,Role-Playing,6.8,243.0
Bakugan: Battle Brawlers,PS3,2009.0,Action,8.2,5.0
Naruto: Path of the Ninja 2,DS,2006.0,Role-Playing,7.5,6.0
Prince of Persia: The Forgotten Sands,Wii,2010.0,Action,8.1,31.0
Disney's A Christmas Carol,DS,2009.0,Adventure,6.5,4.0
NBA Live 15,PS4,2014.0,Sports,5.6,86.0
NASCAR Thunder 2004,XB,2003.0,Racing,9.1,15.0
Buffy the Vampire Slayer,XB,2002.0,Action,9.1,31.0
Harry Potter and the Goblet of Fire,XB,2005.0,Action,5.8,10.0
Sands of Destruction,DS,2008.0,Role-Playing,7.9,18.0
Harry Potter and the Goblet of Fire,DS,2005.0,Action,6.0,6.0
World Series Baseball,XB,2002.0,Sports,8.8,6.0
Test Drive: Eve of Destruction,PS2,2004.0,Racing,9.1,23.0
Dynasty Warriors: Gundam Reborn,PS3,2013.0,Action,7.5,25.0
The Legend of Heroes: Trails of Cold Steel,PSV,2013.0,Role-Playing,7.5,132.0
Jeremy McGrath Supercross World,PS2,2001.0,Racing,3.4,16.0
The Scorpion King: Rise of the Akkadian,PS2,2002.0,Action,7.2,6.0
The Club,PS3,2008.0,Shooter,6.5,15.0
Meteos,DS,2005.0,Puzzle,7.5,164.0
Star Wars Jedi Knight II: Jedi Outcast,GC,2002.0,Shooter,7.8,19.0
Tom Clancy's Splinter Cell,GC,2003.0,Action,8.7,25.0
Virtua Tennis 4,X360,2011.0,Sports,6.2,12.0
ESPN NHL Hockey,PS2,2003.0,Sports,7.0,22.0
DiRT Showdown,X360,2012.0,Racing,6.4,53.0
The Incredible Hulk: Ultimate Destruction,XB,2005.0,Action,8.0,22.0
Gundam Battle Assault,PS,1998.0,Fighting,7.8,4.0
XCOM 2,PC,2016.0,Strategy,7.1,1221.0
Tony Hawk's Downhill Jam,Wii,,Sports,6.2,13.0
Cross Edge,PS3,2008.0,Role-Playing,7.2,82.0
The Lord of the Rings: Aragorn's Quest,Wii,2010.0,Action,7.8,5.0
Tribes: Aerial Assault,PS2,,Shooter,8.8,47.0
Looney Tunes: Acme Arsenal,Wii,2007.0,Action,5.1,14.0
Madagascar: Escape 2 Africa,PS3,2008.0,Action,6.8,4.0
NBA 2K6,X360,2005.0,Action,8.6,31.0
NASCAR 08,PS3,2007.0,Racing,5.0,14.0
Mafia,XB,2004.0,Action,7.7,22.0
Grand Slam Tennis 2,PS3,2012.0,Sports,5.2,17.0
Dynasty Warriors: Strikeforce,X360,2009.0,Action,5.7,12.0
Airblade,PS2,2001.0,Sports,5.8,12.0
Epic Mickey 2: The Power of Two,WiiU,2012.0,Action,5.6,46.0
Tom Clancy's Rainbow Six: Siege,PC,2015.0,Shooter,6.9,734.0
Genji: Dawn of the Samurai,PS2,2005.0,Action,8.3,19.0
The Italian Job,PS2,2003.0,Racing,6.3,4.0
TrackMania: Build to Race,Wii,2010.0,Racing,6.8,5.0
Freedom Fighters,XB,2003.0,Shooter,8.2,23.0
Soldier of Fortune II: Double Helix,XB,2003.0,Shooter,6.5,13.0
Lunar Knights,DS,2006.0,Role-Playing,7.8,25.0
Final Fantasy XI: Treasures of Aht Urhgan,PS2,2006.0,Role-Playing,7.1,13.0
WWE All Stars,3DS,2011.0,Fighting,7.4,7.0
Alundra,PS,1997.0,Role-Playing,9.0,41.0
Mortal Kombat: Armageddon,Wii,2007.0,Fighting,8.4,33.0
Madden NFL 13,WiiU,2012.0,Sports,6.7,30.0
Bratz: Girlz Really Rock,PS2,2008.0,Action,8.4,7.0
Transformers: Devastation,PS4,2015.0,Action,7.5,160.0
Hannah Montana: The Movie,PS3,2009.0,Adventure,3.4,17.0
BlowOut,PS2,2003.0,Shooter,6.2,5.0
NFL Blitz Pro,PS2,2003.0,Sports,8.5,14.0
Tiger Woods PGA Tour 2003,GC,2002.0,Sports,8.0,5.0
Disgaea: Afternoon of Darkness,PSP,2006.0,Role-Playing,8.2,69.0
Toukiden Kiwami,PSV,2014.0,Action,8.6,42.0
SSX On Tour,PSP,2005.0,Sports,8.1,44.0
Rune Factory: Tides of Destiny,PS3,2011.0,Role-Playing,7.9,44.0
Ys Seven,PSP,2009.0,Role-Playing,8.5,65.0
Tony Hawk's Proving Ground,DS,2007.0,Sports,6.7,6.0
The Polar Express,PS2,2004.0,Adventure,4.3,6.0
Valhalla Knights 2,PSP,2008.0,Role-Playing,5.4,13.0
Spec Ops: The Line,PC,2012.0,Shooter,8.2,1237.0
Saint Seiya: Sanctuary Battle,PS3,2011.0,Action,7.3,34.0
NBA ShootOut 2003,PS2,2002.0,Sports,5.9,8.0
Need For Speed: Undercover,DS,2008.0,Racing,6.7,6.0
Rogue Ops,PS2,2003.0,Action,9.2,6.0
Killer is Dead,PS3,2013.0,Action,7.9,215.0
F1 2014,X360,2014.0,Racing,4.1,20.0
Legion: The Legend of Excalibur,PS2,2002.0,Action,7.0,6.0
LEGO Jurassic World,PSV,2015.0,Action,7.6,11.0
Spartan: Total Warrior,PS2,2005.0,Action,8.4,65.0
Justice League Heroes,PSP,2006.0,Role-Playing,7.8,5.0
Conflict: Vietnam,XB,2004.0,Shooter,7.3,9.0
Whirl Tour,PS2,2002.0,Sports,7.0,5.0
NBA Street: Showdown,PSP,2005.0,Sports,8.5,15.0
pro evolution soccer 2011,Wii,2010.0,Sports,5.4,7.0
Skies of Arcadia Legends,GC,2002.0,Role-Playing,9.2,95.0
Breath of Fire,GBA,2001.0,Role-Playing,8.8,9.0
Risen 2: Dark Waters,PC,2012.0,Role-Playing,5.6,751.0
Ford vs. Chevy,PS2,2005.0,Racing,8.0,5.0
LEGO The Hobbit,WiiU,2014.0,Action,7.8,11.0
NCAA Football 2005,GC,2004.0,Sports,9.0,5.0
Hamtaro: Ham-Ham Games,GBA,2004.0,Sports,7.8,6.0
Danny Phantom: The Ultimate Enemy,GBA,2005.0,Action,8.8,4.0
Soul Sacrifice Delta,PSV,2014.0,Action,8.4,125.0
NASCAR 2011: The Game,Wii,2011.0,Racing,3.1,9.0
Spider-Man: Edge of Time,PS3,2011.0,Action,7.2,29.0
Ride,PS4,2015.0,Racing,7.0,47.0
Spirit Camera: The Cursed Memoir,3DS,2012.0,Adventure,6.1,28.0
Galactic Wrestling: Featuring Ultimate Muscle,PS2,2004.0,Fighting,8.0,5.0
FaceBreaker K.O. Party,Wii,2008.0,Fighting,5.6,7.0
Dino Stalker,PS2,2002.0,Shooter,6.3,8.0
Mega Man Zero 3,GBA,2004.0,Platform,9.0,22.0
Super Swing Golf,Wii,2006.0,Sports,7.8,15.0
G-Force,PS3,2009.0,Action,7.6,7.0
Luminous Arc 2,DS,2008.0,Role-Playing,7.7,14.0
Shinobi,3DS,2011.0,Platform,7.3,33.0
Tony Hawk's Downhill Jam,DS,2006.0,Sports,7.0,7.0
Risen 2: Dark Waters,PS3,2012.0,Role-Playing,5.2,37.0
Age of Empires: The Age of Kings,DS,2006.0,Strategy,7.9,59.0
MotoGP 09/10,PS3,2010.0,Racing,5.4,28.0
The Lord of the Rings: The Third Age,GBA,2004.0,Role-Playing,8.5,12.0
Dinosaur King,DS,2007.0,Strategy,8.0,9.0
The Suffering,XB,2004.0,Action,8.8,23.0
Pitfall: The Big Adventure,Wii,2008.0,Adventure,6.3,6.0
Tetris Worlds,GC,2002.0,Puzzle,5.6,8.0
The Sims 4: Get Together,PC,2015.0,Simulation,7.3,117.0
Viewtiful Joe 2,GC,2004.0,Action,8.3,19.0
LEGO Harry Potter: Years 5-7,PC,,Action,8.5,44.0
Child of Eden,PS3,2011.0,Shooter,7.8,25.0
Touch the Dead,DS,2007.0,Shooter,5.6,5.0
Jackass the Game,PSP,2007.0,Action,7.0,12.0
Ragnarok DS,DS,2008.0,Role-Playing,5.8,17.0
Shellshock: Nam '67,XB,2004.0,Shooter,7.0,14.0
Magna Carta: Tears of Blood,PS2,2004.0,Role-Playing,7.0,22.0
All-Star Baseball 2002,GC,2001.0,Sports,5.6,9.0
Capcom vs. SNK,DC,2000.0,Fighting,9.0,24.0
Aliens vs Predator: Requiem,PSP,2007.0,Action,5.6,19.0
Dishonored 2,XOne,2016.0,Action,6.8,156.0
Asphalt: Injection,PSV,2011.0,Action,4.8,28.0
From Russia With Love,GC,2005.0,Action,8.5,13.0
NBA Live 09 All-Play,Wii,2008.0,Sports,5.9,14.0
NFL Quarterback Club 2002,PS2,2001.0,Sports,7.8,6.0
NCAA Basketball 09,X360,2008.0,Sports,5.6,8.0
Shin Megami Tensei: Persona,PSP,2009.0,Role-Playing,8.0,47.0
Lords of the Fallen,XOne,2014.0,Role-Playing,6.7,166.0
LEGO The Lord of the Rings,PC,2012.0,Action,8.2,127.0
Growlanser: Heritage of War,PS2,2006.0,Role-Playing,7.9,9.0
Ben 10 Alien Force: Vilgax Attacks,X360,2009.0,Action,8.3,4.0
Rugby 2004,PS2,2003.0,Sports,6.8,65.0
Senran Kagura 2: Deep Crimson ,3DS,2014.0,Action,6.8,56.0
NBA 06,PSP,2005.0,Sports,5.4,8.0
Naruto: Ninja Council,GBA,2003.0,Action,7.1,9.0
Tropico 3,X360,2009.0,Strategy,6.6,22.0
Deadly Creatures,Wii,2009.0,Action,8.8,36.0
Naruto Shippuden: Ultimate Ninja Storm Revolution,X360,2014.0,Fighting,7.3,44.0
Dead Island,PC,2011.0,Action,6.8,1428.0
NFL 2K3,GC,2002.0,Sports,8.3,15.0
Hunted: The Demon's Forge,X360,2011.0,Action,6.0,116.0
Shrek SuperSlam,GC,2005.0,Action,7.8,6.0
Full Auto,X360,2006.0,Shooter,7.8,36.0
Herdy Gerdy,PS2,2002.0,Adventure,5.0,12.0
Afrika,PS3,2008.0,Adventure,6.2,34.0
The Crew,X360,2014.0,Racing,6.4,94.0
Over G Fighters,X360,2006.0,Simulation,6.0,49.0
Angry Birds Star Wars,PS4,2013.0,Strategy,2.0,87.0
Hot Shots Tennis: Get a Grip,PSP,2010.0,Sports,8.0,17.0
Star Wars: The Force Unleashed II,DS,2010.0,Action,4.0,5.0
The Dukes of Hazzard: Return of the General Lee,PS2,2004.0,Racing,6.8,8.0
Crash 'N' Burn,PS2,2004.0,Racing,8.0,7.0
NBA,PSP,2005.0,Sports,6.9,14.0
Teenage Mutant Ninja Turtles: Smash-Up,PS2,2009.0,Fighting,8.4,12.0
Disaster Report,PS2,2002.0,Action,8.0,7.0
Armored Core V,X360,2012.0,Simulation,7.2,37.0
College Hoops 2K7,X360,2006.0,Sports,8.2,12.0
Rampage: Total Destruction,Wii,2006.0,Action,5.6,19.0
The Bard's Tale,PS2,2004.0,Role-Playing,8.6,14.0
Robotech: The Macross Saga,GBA,2002.0,Shooter,6.5,4.0
Yu Yu Hakusho: Dark Tournament,PS2,,Fighting,8.5,18.0
Conflict Zone,PS2,2002.0,Strategy,7.4,8.0
Code Name: S.T.E.A.M.,3DS,2015.0,Strategy,7.7,125.0
The Bureau: XCOM Declassified,X360,2013.0,Shooter,6.7,118.0
Star Wars: Battlefront,PC,2004.0,Shooter,3.5,1509.0
BloodRayne,XB,2002.0,Shooter,7.5,6.0
NHL 2K6,XB,2005.0,Sports,7.5,26.0
Hannah Montana: The Movie,X360,2009.0,Adventure,3.8,48.0
Tenchu: Return From Darkness,XB,2004.0,Action,7.0,6.0
Neo Contra,PS2,2004.0,Shooter,7.1,8.0
MVP Baseball,PSP,2005.0,Sports,7.7,16.0
Where's Waldo? The Fantastic Journey,DS,2009.0,Adventure,8.9,8.0
Tony Hawk's American Sk8land,DS,2005.0,Sports,8.7,55.0
Viewtiful Joe 2,PS2,2004.0,Action,7.7,17.0
The BIGS 2,X360,2009.0,Sports,6.2,35.0
Quake III: Revolution,PS2,2001.0,Shooter,7.2,11.0
Pac-Man World 3,PS2,2005.0,Platform,5.2,13.0
50 Cent: Blood on the Sand,X360,2009.0,Shooter,6.4,64.0
Journey,PS3,2012.0,Adventure,8.8,1381.0
SBK X: Superbike World Championship,PS3,2010.0,Racing,7.5,4.0
Robotech: Battlecry,XB,,Shooter,7.0,10.0
Dragon Ball: Fusions,3DS,2016.0,Role-Playing,7.6,16.0
Madden NFL 07,DS,2006.0,Sports,6.5,10.0
HBO Boxing,PS,2000.0,Fighting,4.0,5.0
Bass Pro Shops: The Strike,X360,2009.0,Sports,5.8,5.0
Darkwatch,XB,2005.0,Shooter,8.1,21.0
Disgaea D2: A Brighter Darkness,PS3,2013.0,Role-Playing,8.1,61.0
Maximo vs Army of Zin,PS2,2003.0,Platform,7.8,13.0
Assassin's Creed Syndicate,PC,2015.0,Action,5.9,544.0
Summoner 2,PS2,2002.0,Role-Playing,8.3,22.0
Shadow of Destiny,PS2,2001.0,Adventure,8.2,19.0
Ninja Gaiden: Dragon Sword,DS,2008.0,Action,7.8,36.0
Cabela's Deer Hunt: 2004 Season,XB,2003.0,Sports,8.4,16.0
Brunswick Pro Bowling,PSP,2007.0,Sports,7.3,4.0
World of Final Fantasy,PSV,2016.0,Role-Playing,8.6,46.0
Danganronpa Another Episode: Ultra Despair Girls,PSV,2014.0,Action,8.4,77.0
Pro Evolution Soccer 2012,Wii,2011.0,Action,7.0,12.0
The Legend of Spyro: The Eternal Night,Wii,2007.0,Platform,6.4,15.0
The Wolf Among Us,PS4,2014.0,Adventure,8.4,259.0
Cursed Mountain,Wii,2009.0,Adventure,7.6,33.0
Age of Empires: Mythologies,DS,2008.0,Strategy,6.9,20.0
SBK Superbike World Championship,X360,2008.0,Racing,8.0,6.0
Bionicle,GC,2003.0,Action,4.2,5.0
Heroes of Ruin,3DS,2012.0,Role-Playing,7.4,50.0
A Boy and His Blob,Wii,2009.0,Platform,8.7,35.0
Baja: Edge of Control,PS3,2008.0,Racing,5.0,11.0
G.I. Joe: The Rise of Cobra,PS3,2009.0,Action,4.8,13.0
UFC Undisputed 2010,PSP,2010.0,Fighting,7.0,13.0
Deus Ex: The Conspiracy,PS2,2002.0,Action,8.9,49.0
Unreal II: The Awakening,XB,2004.0,Shooter,5.3,20.0
Rumble Racing,PS2,2001.0,Racing,8.2,9.0
Spider-Man: Web of Shadows,PS2,2008.0,Action,4.1,16.0
Vampire Rain,X360,2007.0,Action,2.9,44.0
Batman Begins,XB,2005.0,Action,7.1,21.0
NBA Live 15,XOne,2014.0,Sports,6.8,53.0
JSRF: Jet Set Radio Future,XB,2002.0,Action,8.2,102.0
NHL Hitz 20-02,GC,2001.0,Sports,8.7,7.0
Way of the Samurai 3,X360,2009.0,Action,6.8,16.0
NCAA Football 2003,GC,2002.0,Sports,8.1,9.0
Hitman: HD Trilogy,PS3,2013.0,Action,7.6,46.0
J Stars Victory Vs.,PSV,2014.0,Fighting,7.9,29.0
de Blob 2,PS3,2011.0,Platform,7.1,34.0
Greg Hastings Paintball 2,X360,2010.0,Shooter,8.3,7.0
ESPN Winter X Games: Snowboarding 2002,PS2,2000.0,Sports,7.9,8.0
Final Fantasy Fables: Chocobo's Dungeon,Wii,2007.0,Role-Playing,8.0,20.0
Project: Snowblind,PS2,2005.0,Action,8.3,23.0
Prison Break: The Conspiracy,X360,2010.0,Action,4.7,19.0
Mortal Kombat: Special Forces,PS,2000.0,Fighting,2.4,17.0
Mega Man Legacy Collection,3DS,2016.0,Platform,7.1,26.0
The Last Airbender,Wii,2010.0,Action,6.6,5.0
NCAA March Madness 07,X360,2007.0,Sports,7.1,15.0
StokEd,X360,2009.0,Sports,8.6,19.0
Evil Dead: Regeneration,PS2,2005.0,Action,8.5,8.0
Defiance,PC,2013.0,Shooter,6.5,661.0
NHL 2003,XB,2002.0,Sports,7.9,12.0
Tiger Woods PGA Tour,PSP,2005.0,Sports,7.4,14.0
NHL 2K3,PS2,2002.0,Sports,7.8,17.0
Final Fight One,GBA,2001.0,Fighting,7.8,8.0
Tony Hawk's Pro Skater 5,PS4,2015.0,Sports,1.5,427.0
MLB 10: The Show,PSP,2010.0,Sports,6.6,8.0
Gallop Racer 2003: A New Breed,PS2,2002.0,Sports,8.5,15.0
Frogger 3D,3DS,2011.0,Action,5.5,8.0
Blue Dragon Plus,DS,2008.0,Role-Playing,6.5,15.0
BeyBlade VForce: Super Tournament Battle,GC,2002.0,Action,7.5,18.0
Dead to Rights: Retribution,X360,2010.0,Shooter,7.0,34.0
Dragon Ball Z: Sagas,GC,2005.0,Fighting,6.6,11.0
X2: Wolverine's Revenge,XB,2003.0,Platform,6.4,9.0
Power Rangers: Wild Force,GBA,2002.0,Action,6.9,8.0
Tenchu: Shadow Assassins,Wii,2008.0,Action,7.8,24.0
Lost Planet 3,PS3,2013.0,Shooter,5.5,102.0
Beyblade G-Revolution,GBA,2004.0,Action,7.8,5.0
Capcom Fighting Evolution,PS2,2004.0,Fighting,4.8,5.0
Assassin's Creed The Ezio Collection,PS4,2016.0,Action,7.4,49.0
God of War Collection,PSV,2014.0,Action,7.4,133.0
Anarchy Reigns,PS3,2012.0,Action,8.2,106.0
Mobile Suit Gundam: Crossfire,PS3,2006.0,Simulation,5.1,47.0
Suikoden Tactics,PS2,2005.0,Strategy,8.6,17.0
NCAA March Madness 06,XB,2005.0,Sports,7.2,5.0
Sniper: Ghost Warrior 2,X360,2013.0,Shooter,5.7,110.0
EVE Online,PC,2003.0,Role-Playing,7.5,280.0
Phantasy Star Online,DC,2000.0,Role-Playing,9.1,33.0
Crazy Taxi 3: High Roller,XB,2002.0,Racing,8.5,13.0
Midnight Club 3: DUB Edition Remix,XB,2006.0,Racing,5.3,18.0
Thrillville,PSP,2006.0,Strategy,2.8,39.0
"Warhammer 40,000: Space Marine",PC,2011.0,Shooter,7.4,596.0
The King of Fighters Collection: The Orochi Saga,PS2,2006.0,Fighting,8.5,4.0
Disney's Planes,WiiU,2013.0,Simulation,5.3,9.0
Saturday Night Speedway,PS2,2004.0,Racing,8.7,7.0
Zombie Army Trilogy,PS4,2015.0,Shooter,6.8,88.0
MLB SlugFest 20-03,XB,2002.0,Sports,7.8,5.0
The Con,PSP,2005.0,Fighting,7.3,16.0
Pitfall: The Lost Expedition,PS2,2004.0,Platform,8.9,12.0
Need for Speed Carbon: Own the City,DS,2006.0,Racing,7.5,15.0
Enchanted Arms,PS3,2007.0,Role-Playing,5.9,40.0
Le Mans 24 Hours,PS2,2001.0,Racing,7.6,9.0
The Witch and the Hundred Knight,PS3,2013.0,Role-Playing,7.5,80.0
Dragon Ball Z: Harukanaru Densetsu,DS,2007.0,Role-Playing,6.2,10.0
Harvest Moon: More Friends of Mineral Town,GBA,2003.0,Simulation,9.2,40.0
X2: Wolverine's Revenge,GBA,2003.0,Platform,7.2,5.0
NBA 2K2,XB,2002.0,Sports,7.6,5.0
Code of Princess,3DS,2012.0,Action,7.6,73.0
Major League Baseball 2K11,PS3,2011.0,Sports,6.3,9.0
Dark Messiah of Might and Magic Elements,X360,2008.0,Role-Playing,7.0,48.0
Planet 51,Wii,2009.0,Action,5.8,4.0
Dead to Rights II,PS2,2005.0,Shooter,5.3,7.0
FIFA 16,PC,2015.0,Sports,4.4,296.0
Teenage Mutant Ninja Turtles: Danger of the Ooze,X360,2014.0,Adventure,6.4,7.0
NBA Live 14,XOne,2013.0,Sports,3.1,88.0
Kung Fu Rider,PS3,2010.0,Action,3.7,21.0
DarkStar One: Broken Alliance,X360,2010.0,Simulation,7.2,19.0
Dragon Ball: Xenoverse 2,XOne,2016.0,Action,7.3,29.0
WRC: FIA World Rally Championship,PS3,,Racing,4.5,4.0
Odin Sphere: Leifthrasir,PS4,2016.0,Role-Playing,8.2,178.0
Ty the Tasmanian Tiger 2: Bush Rescue,GC,2004.0,Platform,8.6,11.0
Dragon Ball: Revenge of King Piccolo,Wii,2009.0,Action,7.3,15.0
Warriors Orochi,PSP,2008.0,Action,6.6,10.0
MVP Baseball 2003,XB,2003.0,Sports,9.0,9.0
Monster Jam,X360,2007.0,Racing,6.4,5.0
Infinite Space,DS,2009.0,Role-Playing,9.0,61.0
"The Chronicles of Narnia: The Lion, The Witch and The Wardrobe",XB,2005.0,Action,6.0,6.0
NBA 07,PSP,2006.0,Sports,7.0,5.0
Two Worlds II,PC,2011.0,Role-Playing,6.5,315.0
IHRA Drag Racing 2004,XB,2003.0,Racing,7.4,7.0
The Legend of Heroes: Trails of Cold Steel,PS3,2013.0,Role-Playing,7.7,128.0
Clive Barker's Jericho,PS3,2007.0,Shooter,7.1,52.0
Tekken 3D: Prime Edition,3DS,2012.0,Fighting,5.9,39.0
Marvel: Ultimate Alliance 2,DS,2009.0,Role-Playing,6.7,9.0
Front Mission Evolved,X360,2010.0,Shooter,6.1,24.0
From Russia With Love,XB,2005.0,Action,8.8,12.0
Apache: Air Assault,PS3,2010.0,Simulation,6.1,12.0
Dying Light,PC,2015.0,Action,7.9,1295.0
Grandia II,DC,2000.0,Role-Playing,8.8,57.0
Ridge Racer 6,X360,2005.0,Racing,7.1,28.0
Teenage Mutant Ninja Turtles 3: Mutant Nightmare,PS2,2005.0,Action,7.0,10.0
Zone of the Enders HD Collection,X360,2012.0,Simulation,8.8,20.0
Record of Agarest War,X360,2008.0,Role-Playing,7.0,35.0
Gladius,PS2,2003.0,Strategy,8.0,22.0
Earth Defense Force: Insect Armageddon,PS3,2011.0,Shooter,7.0,24.0
Dave Mirra Freestyle BMX 2,XB,2001.0,Sports,8.2,6.0
SpongeBob SquarePants: Revenge of the Flying Dutchman,GC,2002.0,Platform,8.3,10.0
Dungeon Hunter Alliance,PSV,2012.0,Action,6.4,61.0
Forgotten Realms: Demon Stone,PS2,2004.0,Action,6.8,18.0
Soldier of Fortune: Payback,X360,2007.0,Shooter,5.6,20.0
Afro Samurai,PS3,2009.0,Action,6.1,27.0
Silent Hill: Book of Memories,PSV,2012.0,Action,5.1,102.0
Playboy: The Mansion,PS2,2005.0,Simulation,7.5,18.0
Baja: Edge of Control,X360,2008.0,Racing,7.1,18.0
Tiger Woods PGA Tour 06,PSP,2005.0,Sports,7.9,8.0
Bleach: The 3rd Phantom,DS,2008.0,Role-Playing,8.0,10.0
The Thing,XB,2002.0,Adventure,6.6,14.0
Untold Legends: Dark Kingdom,PS3,2006.0,Role-Playing,7.2,36.0
Plants vs. Zombies,PS3,2011.0,Strategy,7.9,60.0
Baldur's Gate: Dark Alliance,XB,2002.0,Role-Playing,8.3,26.0
Prince of Persia: Warrior Within,GC,2004.0,Action,8.6,20.0
Warriors Orochi,X360,2007.0,Action,7.4,13.0
Predator: Concrete Jungle,PS2,2005.0,Action,8.8,76.0
Cabela's Survival: Shadows of Katmai,Wii,2011.0,Sports,8.0,5.0
Arcana Heart 3,PS3,2011.0,Fighting,7.5,27.0
X-Men Origins: Wolverine,DS,2009.0,Action,8.1,8.0
Big Mutha Truckers 2,PS2,2005.0,Racing,2.1,9.0
Armored Core 4,PS3,2006.0,Simulation,6.8,25.0
Solatorobo: Red the Hunter,DS,2010.0,Role-Playing,7.9,23.0
NHL FaceOff 2001,PS2,2001.0,Sports,4.0,4.0
Mana Khemia 2: Fall of Alchemy,PS2,2008.0,Role-Playing,8.2,17.0
The Great Escape,PS2,2003.0,Action,8.0,21.0
Castlevania: Lords of Shadow 2,PS3,2014.0,Action,7.8,528.0
Big Mutha Truckers,XB,2002.0,Racing,4.3,9.0
Way of the Samurai 4,PS3,2011.0,Action,6.5,15.0
The Hobbit,GBA,2003.0,Platform,9.2,17.0
The King of Fighters XI,PS2,2006.0,Fighting,8.5,15.0
Tom Clancy's Splinter Cell: Essentials,PSP,2006.0,Shooter,7.5,39.0
Major League Baseball 2K12,PS3,2012.0,Sports,4.4,5.0
Family Guy,PSP,2006.0,Action,6.3,15.0
Dead Space 3,PC,,Action,6.0,1096.0
Sniper Elite,PS2,2005.0,Shooter,8.9,36.0
Harry Potter and the Goblet of Fire,PSP,2005.0,Action,7.4,16.0
Breath of Fire II,GBA,2001.0,Role-Playing,8.8,16.0
Test Drive Unlimited 2,PC,,Racing,5.7,253.0
UFC Personal Trainer: The Ultimate Fitness System,PS3,2011.0,Sports,2.4,5.0
Conan,X360,2007.0,Action,7.3,67.0
Rune Factory: Tides of Destiny,Wii,2011.0,Role-Playing,7.0,11.0
No More Heroes: Heroes' Paradise,PS3,2010.0,Action,7.3,38.0
Aliens vs Predator,PC,2010.0,Shooter,7.4,985.0
Captain America: Super Soldier,PS3,2011.0,Action,7.3,40.0
Manhunt,XB,2004.0,Action,7.9,19.0
NCAA Final Four 2003,PS2,2002.0,Sports,6.0,4.0
Dynasty Warriors: Gundam 2,X360,2008.0,Action,7.0,18.0
Bound By Flame,PS4,2014.0,Role-Playing,5.9,230.0
Spectrobes: Origins,Wii,2009.0,Role-Playing,8.4,16.0
Breath of Fire: Dragon Quarter,PS2,2002.0,Role-Playing,6.9,35.0
Shiren the Wanderer,Wii,2008.0,Role-Playing,7.6,5.0
LEGO Marvel's Avengers,3DS,2016.0,Action,7.1,15.0
Spore Hero Arena,DS,2009.0,Simulation,2.6,8.0
Disney's Magical Mirror Starring Mickey Mouse,GC,2002.0,Adventure,8.9,10.0
Enchanted Arms,X360,2006.0,Role-Playing,6.9,60.0
Conflict: Denied Ops,X360,2008.0,Shooter,4.9,22.0
Mafia III,PC,2016.0,Action,3.2,881.0
Mace Griffin: Bounty Hunter,PS2,2003.0,Shooter,8.3,7.0
Legacy of Kain: Defiance,XB,2003.0,Action,7.9,21.0
Final Fantasy XI,X360,2006.0,Role-Playing,6.5,33.0
Peter Jackson's King Kong: The Official Game of the Movie,PSP,2005.0,Action,6.4,22.0
Fighter Within,XOne,2013.0,Fighting,3.0,211.0
Aliens versus Predator: Extinction,PS2,2003.0,Strategy,8.4,30.0
Shrek: Forever After,PS3,2010.0,Platform,4.5,6.0
X-Men Origins: Wolverine,PSP,2009.0,Action,7.5,12.0
NHL Hitz Pro,PS2,2003.0,Sports,8.9,13.0
Space Invaders Extreme 2,DS,2009.0,Shooter,7.1,8.0
Need for Speed: The Run,3DS,2011.0,Action,6.0,26.0
Supreme Commander 2,PC,2010.0,Strategy,6.2,803.0
Quantum Theory,PS3,2010.0,Shooter,5.3,21.0
Dawn of Discovery,Wii,2009.0,Simulation,8.5,15.0
Dynasty Warriors 8: Empires,PS4,2014.0,Action,7.5,42.0
2002 FIFA World Cup,XB,2002.0,Sports,9.0,4.0
Sudeki,XB,2004.0,Role-Playing,8.4,49.0
Majin and the Forsaken Kingdom,X360,2010.0,Adventure,8.1,24.0
Silent Hill HD Collection,X360,2012.0,Action,5.6,98.0
Arc Rise Fantasia,Wii,2009.0,Role-Playing,7.8,43.0
South Park: The Stick of Truth,PC,2014.0,Role-Playing,8.6,1739.0
Teenage Mutant Ninja Turtles 2: Battle Nexus,GC,2004.0,Action,4.6,7.0
MLB 12: The Show,PSV,2012.0,Sports,7.8,42.0
God Eater Resurrection,PSV,2015.0,Action,8.8,17.0
NBA 2K11,PC,2010.0,Action,8.6,37.0
WWE All Stars,Wii,2011.0,Fighting,7.0,8.0
Naruto: Ninja Destiny,DS,2006.0,Fighting,4.4,10.0
FaceBreaker,X360,2008.0,Fighting,6.3,19.0
Spider-Man: Shattered Dimensions,DS,2010.0,Action,7.0,6.0
Lunar Legend,GBA,2002.0,Role-Playing,7.8,8.0
Conflict: Global Terror,PS2,2005.0,Shooter,8.5,10.0
Dante's Inferno,PSP,2010.0,Action,8.1,46.0
Injustice: Gods Among Us,WiiU,2013.0,Fighting,7.9,112.0
Tomb Raider: Underworld,DS,2008.0,Action,8.4,10.0
Death Jr.,PSP,2005.0,Platform,7.3,21.0
Hulk,GC,2003.0,Action,7.4,7.0
Phantasy Star Universe,PS2,2006.0,Role-Playing,8.5,23.0
Gungrave,PS2,2002.0,Shooter,8.6,16.0
Transworld Surf,PS2,2002.0,Sports,8.5,6.0
Tenchu: Fatal Shadows,PS2,2004.0,Action,8.0,24.0
50 Cent: Blood on the Sand,PS3,2009.0,Shooter,7.2,57.0
Metro: Last Light,PC,2013.0,Action,8.6,2654.0
Evolve,PC,2015.0,Shooter,4.3,969.0
FIFA 14,PSP,2013.0,Sports,3.4,23.0
Resident Evil: Revelations,WiiU,2013.0,Action,7.5,146.0
The Legend of Spyro: A New Beginning,GC,2006.0,Platform,7.3,11.0
Armored Core: For Answer,PS3,2008.0,Simulation,7.6,31.0
Harry Potter and the Prisoner of Azkaban,XB,2004.0,Action,8.8,10.0
Street Fighter X Tekken,PSV,2012.0,Fighting,7.5,66.0
The Legend of Heroes: Trails of Cold Steel II,PSV,2014.0,Role-Playing,7.3,73.0
Rise of the Kasai,PS2,2005.0,Action,8.0,5.0
Risen,X360,2009.0,Role-Playing,6.4,77.0
Nostalgia,DS,2008.0,Role-Playing,7.6,19.0
Dynasty Warriors Gundam,X360,2007.0,Action,6.8,20.0
Chibi-Robo! Park Patrol,DS,2007.0,Adventure,7.5,13.0
Jurassic: The Hunted,PS3,2009.0,Shooter,4.5,4.0
Tom Clancy's Splinter Cell: Blacklist,PC,2013.0,Action,7.4,754.0
One Piece: Unlimited Adventure,Wii,2007.0,Adventure,8.5,32.0
Shaun White Skateboarding,PS3,2010.0,Sports,6.5,8.0
Conflict: Denied Ops,PS3,2008.0,Shooter,3.1,25.0
Binary Domain,X360,2012.0,Action,8.0,185.0
IL-2 Sturmovik: Birds of Prey,PSP,2009.0,Simulation,3.0,7.0
Jeep Thrills,Wii,2008.0,Racing,5.7,9.0
Ice Age: Dawn of the Dinosaurs,PS3,2009.0,Action,7.3,7.0
Robin Hood: Defender of the Crown,PS2,2003.0,Strategy,5.6,5.0
R-Type Final,PS2,2003.0,Shooter,9.1,21.0
Bolt,PS3,2008.0,Adventure,6.8,6.0
Sega GT 2002,XB,2002.0,Racing,8.2,24.0
F1 2011,PC,2011.0,Racing,7.2,83.0
Ty the Tasmanian Tiger 3: Night of the Quinkan,PS2,2005.0,Action,8.1,15.0
Samurai Warriors 2: Empires,PS2,2006.0,Action,7.3,7.0
Blood Omen 2,XB,2002.0,Action,9.0,9.0
Earth Defense Force: Insect Armageddon,X360,2011.0,Shooter,8.2,45.0
Major League Baseball 2K10,PS3,2010.0,Sports,5.3,4.0
Saints Row IV,PC,2013.0,Action,7.4,1543.0
Harry Potter: Quidditch World Cup,XB,2003.0,Sports,7.5,4.0
Warriors: Legends of Troy,PS3,2011.0,Action,7.0,24.0
La Pucelle: Tactics,PS2,2002.0,Role-Playing,8.5,15.0
Arcania: Gothic 4,PC,2010.0,Role-Playing,4.4,307.0
NBA Ballers: Chosen One,X360,2008.0,Sports,4.2,15.0
Tiger Woods PGA Tour 07,XB,2006.0,Sports,6.8,6.0
Disney's Meet the Robinsons,Wii,2007.0,Action,6.3,4.0
Sword Art Online: Hollow Realization,PS4,2016.0,Role-Playing,7.7,52.0
The Lord of the Rings: War in the North,PC,2011.0,Action,7.1,289.0
SBK X: Superbike World Championship,X360,2010.0,Racing,8.3,8.0
Rango: The Video Game,PS3,2011.0,Action,6.4,7.0
EverQuest Online Adventures: Frontiers,PS2,2003.0,Role-Playing,8.5,17.0
Fairy Fencer F,PS3,2013.0,Role-Playing,7.4,50.0
Shadows of the Damned,X360,2011.0,Action,8.4,139.0
Phantasy Star Online Ver. 2,DC,2001.0,Role-Playing,8.9,18.0
Cabela's Survival: Shadows of Katmai,PS3,2011.0,Sports,7.4,5.0
Fight Club,PS2,2004.0,Fighting,4.4,22.0
Samurai Warriors: State of War,PSP,2005.0,Action,6.4,8.0
Cabela's Survival: Shadows of Katmai,X360,2011.0,Sports,3.5,6.0
Dragon Blade: Wrath of Fire,Wii,2007.0,Action,7.5,17.0
Harvest Moon: A Wonderful Life Special Edition,PS2,2004.0,Simulation,8.9,54.0
The Munchables,Wii,2009.0,Action,8.2,5.0
Close Combat: First to Fight,XB,2005.0,Shooter,7.8,10.0
Indiana Jones and the Emperor's Tomb,XB,2003.0,Action,8.6,17.0
Buffy the Vampire Slayer: Chaos Bleeds,PS2,2003.0,Action,8.9,47.0
Ty the Tasmanian Tiger,XB,2002.0,Platform,8.5,11.0
Heavy Fire: Afghanistan,PS3,2011.0,Shooter,3.3,16.0
Siren,PS2,2003.0,Adventure,7.8,41.0
NARC,XB,2005.0,Shooter,2.8,6.0
Driver: San Francisco,PC,2011.0,Racing,7.0,332.0
Star Trek: Legacy,X360,,Simulation,5.5,42.0
Disgaea DS,DS,2008.0,Role-Playing,7.5,35.0
Gauntlet: Seven Sorrows,XB,2005.0,Role-Playing,7.8,4.0
AirForce Delta Storm,XB,2001.0,Shooter,7.1,7.0
Metal Gear Solid V: The Phantom Pain,X360,2015.0,Action,7.2,159.0
Fear Effect 2: Retro Helix,PS,2001.0,Action,8.9,17.0
Atelier Shallie: Alchemists of the Dusk Sea,PS3,2014.0,Role-Playing,7.7,44.0
Call of Duty: World at War,PC,2008.0,Shooter,7.5,721.0
CSI: Fatal Conspiracy,PS3,2010.0,Adventure,5.6,13.0
Vietcong: Purple Haze,PS2,2004.0,Shooter,4.3,6.0
X-Men Origins: Wolverine,PS2,2009.0,Action,6.8,16.0
Syndicate,X360,2012.0,Shooter,7.1,174.0
Zumba Fitness Rush,X360,2012.0,Sports,6.2,5.0
Call of Juarez,X360,2007.0,Shooter,6.9,46.0
Ghostbusters: The Video Game,PSP,2009.0,Action,4.7,13.0
Bloody Roar: Primal Fury,GC,2002.0,Fighting,8.5,20.0
MotoGP,Wii,2009.0,Racing,5.4,11.0
Mushroom Men: The Spore Wars,Wii,2008.0,Action,8.7,33.0
Saint Seiya: Soldiers' Soul,PS4,2015.0,Fighting,7.8,45.0
LEGO Harry Potter: Years 5-7,PSV,2012.0,Action,6.8,21.0
Corpse Party: Blood Drive,PSV,2014.0,Adventure,7.4,58.0
The Last Airbender,DS,2010.0,Action,7.0,4.0
Backbreaker,X360,,Sports,7.6,68.0
MotoGP 14 ,PS4,2014.0,Racing,6.4,26.0
Alone in the Dark,Wii,2008.0,Adventure,4.4,34.0
Test Drive Off-Road Wide Open,XB,2001.0,Racing,8.3,9.0
WWE All Stars,PSP,2011.0,Fighting,6.6,5.0
Bad Boys: Miami Takedown,XB,2004.0,Shooter,5.9,9.0
Valhalla Knights 3,PSV,2013.0,Role-Playing,6.8,56.0
Mega Man X: Command Mission,PS2,2004.0,Role-Playing,7.1,18.0
Tokyo Xtreme Racer DRIFT,PS2,2003.0,Racing,8.6,15.0
"The Chronicles of Narnia: The Lion, The Witch and The Wardrobe",DS,2005.0,Action,7.5,4.0
Cabela's Big Game Hunter 2005 Adventures,XB,2004.0,Sports,8.3,6.0
Senran Kagura: Estival Versus,PSV,2015.0,Action,7.4,34.0
GRID Autosport,PS3,2014.0,Racing,6.8,62.0
Half-Minute Hero,PSP,2009.0,Role-Playing,7.8,38.0
Gauntlet: Dark Legacy,GC,2002.0,Action,9.1,16.0
The Chronicles of Narnia: Prince Caspian,X360,2008.0,Action,7.5,13.0
Shadow The Hedgehog,XB,2005.0,Platform,5.5,36.0
World of Outlaws: Sprint Cars,X360,2010.0,Racing,8.1,10.0
Van Helsing,XB,2007.0,Action,7.6,8.0
Grand Slam Tennis 2,X360,2012.0,Sports,5.1,14.0
Ben 10 Ultimate Alien: Cosmic Destruction,X360,2010.0,Platform,5.3,4.0
Pure Futbol,X360,2010.0,Sports,7.9,29.0
Spider-Man: Friend or Foe,PSP,2007.0,Action,4.4,9.0
Gun,GC,2005.0,Shooter,8.6,8.0
SoulCalibur Legends,Wii,2007.0,Action,5.7,24.0
Aliens: Colonial Marines,PC,2013.0,Shooter,3.5,1156.0
Tiger Woods PGA Tour 2004,GBA,2003.0,Sports,7.5,4.0
FIFA Soccer 11,PC,2010.0,Sports,7.7,102.0
American Chopper 2: Full Throttle,PS2,2005.0,Racing,8.1,9.0
Borderlands,PC,2009.0,Shooter,7.8,1363.0
de Blob 2,Wii,2011.0,Platform,8.1,26.0
Silent Hill 4: The Room,XB,2004.0,Action,8.3,26.0
Commandos 2: Men of Courage,PS2,2002.0,Strategy,6.8,11.0
Remember Me,X360,2013.0,Action,7.5,267.0
Brink,PC,2011.0,Shooter,6.0,547.0
FIFA Soccer 2002,GC,2001.0,Sports,8.0,9.0
Disney's Tarzan Untamed,GC,2001.0,Platform,7.4,8.0
Trinity Universe,PS3,2009.0,Role-Playing,7.2,28.0
Cabela's Dangerous Hunts 2009,PS2,2008.0,Sports,9.2,5.0
Senran Kagura: Estival Versus,PS4,2015.0,Action,8.0,96.0
Ball Breakers,PS,2000.0,Action,5.3,4.0
Splatterhouse,X360,2010.0,Action,7.6,60.0
Twisted Metal: Small Brawl,PS,,Action,7.6,49.0
Otomedius Excellent,X360,,Shooter,8.1,16.0
Charlie and the Chocolate Factory,GC,2005.0,Adventure,3.2,6.0
Armored Core: Last Raven,PS2,2005.0,Simulation,8.9,14.0
Burnout Legends,DS,2005.0,Racing,6.0,59.0
Tomb Raider: Underworld,PS2,2009.0,Action,5.8,30.0
College Hoops 2K7,PS3,2007.0,Sports,7.1,8.0
K-1 World Grand Prix,PS2,2002.0,Sports,9.0,7.0
Juiced,XB,2005.0,Racing,9.1,15.0
Naruto Shippuden: Dragon Blade Chronicles,Wii,2009.0,Action,3.0,12.0
DiRT Showdown,PS3,2012.0,Racing,6.3,43.0
Cabela's Big Game Hunter: Hunting Party,X360,2011.0,Sports,5.0,4.0
Sonic Riders: Zero Gravity,PS2,2008.0,Racing,8.3,27.0
UFC: Sudden Impact,PS2,2004.0,Fighting,7.7,7.0
Nancy Drew: The Hidden Staircase,DS,2008.0,Adventure,6.0,6.0
Full Auto 2: Battlelines,PS3,2006.0,Racing,7.6,25.0
College Hoops 2K8,X360,2007.0,Sports,6.9,16.0
How to Train Your Dragon,PS3,2010.0,Action,7.0,6.0
Madden NFL 09,XB,2008.0,Sports,5.5,6.0
Dynasty Warriors: Gundam 3,X360,2010.0,Action,7.8,20.0
NHL 2004,XB,2003.0,Sports,6.5,31.0
Back to the Future: The Game,PS4,2015.0,Adventure,7.1,18.0
Monster 4x4: Stunt Racer,Wii,2009.0,Racing,5.2,9.0
Velvet Assassin,X360,2009.0,Shooter,7.1,55.0
MindJack,PS3,2011.0,Shooter,1.7,46.0
NBA Starting Five,PS2,,Sports,7.3,7.0
NBA Live 16,PS4,2015.0,Sports,6.1,70.0
WWE SmackDown vs. Raw 2009,DS,2008.0,Fighting,7.8,6.0
Dark Souls II,PC,2014.0,Role-Playing,7.1,2318.0
The Suffering: Ties That Bind,PS2,2005.0,Action,8.0,23.0
EyeToy: Kinetic,PS2,2005.0,Sports,8.3,11.0
Army Men: Sarge's Heroes 2,PS2,2001.0,Shooter,4.6,5.0
Rugrats: Royal Ransom,GC,2002.0,Platform,6.7,6.0
Winning Eleven: Pro Evolution Soccer 2007,DS,2006.0,Sports,7.9,12.0
Warriors of Might and Magic,PS2,2001.0,Adventure,4.5,6.0
Rapala Fishing Frenzy 2009,PS3,2008.0,Sports,4.4,9.0
Ridge Racer,PSV,2011.0,Racing,3.7,59.0
Major League Baseball 2K9,PS3,2009.0,Sports,4.0,6.0
Smash Court Tennis Pro Tournament,PS2,2002.0,Sports,7.4,10.0
Race Pro,X360,2009.0,Racing,7.0,60.0
NBA Inside Drive 2004,XB,2003.0,Sports,8.2,11.0
Gretzky NHL 2005,PS2,2004.0,Sports,9.1,14.0
Dungeon Siege III,PC,2011.0,Role-Playing,4.7,399.0
The Hobbit,GC,2003.0,Platform,7.3,8.0
Skate it,DS,2008.0,Sports,7.8,12.0
True Crime: New York City,GC,2005.0,Action,8.8,24.0
Metal Arms: Glitch in the System,XB,2003.0,Shooter,8.7,15.0
Toukiden Kiwami,PS4,2015.0,Action,7.6,74.0
Trauma Team,Wii,,Simulation,8.8,25.0
The Secret World,PC,2012.0,Role-Playing,8.2,1326.0
MDK2 Armageddon,PS2,2001.0,Shooter,8.3,11.0
NHL 2K9,X360,2008.0,Sports,6.7,7.0
Fight Night Round 2,GC,2005.0,Fighting,7.9,7.0
Backbreaker,PS3,,Sports,7.0,52.0
Disney's Atlantis: The Lost Empire,PS,2001.0,Platform,8.5,6.0
Madden NFL 17,X360,2016.0,Sports,0.7,6.0
Stormrise,PS3,2009.0,Strategy,5.3,20.0
Psi-Ops: The Mindgate Conspiracy,XB,2004.0,Shooter,7.9,18.0
X-Men: The Official Game,X360,2006.0,Action,6.1,20.0
SWAT: Global Strike Team,XB,2003.0,Shooter,6.3,7.0
Hitman: HD Trilogy,X360,2013.0,Action,7.2,45.0
Goblin Commander: Unleash the Horde,PS2,2003.0,Strategy,8.7,14.0
World Destruction League: Thunder Tanks,PS2,2000.0,Action,5.9,7.0
Tom Clancy's Ghost Recon: Future Soldier,PC,2012.0,Shooter,4.9,368.0
PlayStation Move Heroes,PS3,2011.0,Platform,6.1,16.0
RoadKill,PS2,2003.0,Action,7.9,11.0
Looney Tunes: Back in Action,GC,2003.0,Platform,5.0,4.0
The Chronicles of Narnia: Prince Caspian,PS3,2008.0,Action,5.6,8.0
Top Spin 2,X360,2006.0,Sports,6.8,25.0
Hunter: The Reckoning Redeemer,XB,2003.0,Action,8.6,5.0
Age of Empires III: Complete Collection,PC,2009.0,Strategy,8.5,41.0
Captain America: Super Soldier,X360,2011.0,Action,6.4,37.0
Thief: Deadly Shadows,XB,2004.0,Action,7.3,12.0
MotoGP 10/11,PS3,2011.0,Racing,6.1,23.0
NBA 09: The Inside,PSP,2008.0,Sports,7.4,7.0
Batman Begins,GBA,2005.0,Action,6.9,9.0
Mercury Meltdown Revolution,Wii,2007.0,Action,7.4,16.0
Country Dance: All Stars,X360,2012.0,Action,5.2,5.0
James Cameron's Dark Angel,PS2,,Action,6.5,19.0
The Lord of the Rings: Aragorn's Quest,PS3,2010.0,Action,6.0,8.0
Spawn: Armageddon,XB,2003.0,Action,9.2,5.0
Major League Baseball 2K9,PS2,2009.0,Sports,5.4,5.0
Bee Movie Game,X360,2007.0,Action,5.8,13.0
Conception II: Children of the Seven Stars,PSV,2013.0,Role-Playing,7.6,118.0
Deus Ex: Mankind Divided,XOne,2016.0,Role-Playing,7.2,175.0
Professor Heinz Wolff's Gravity,Wii,2008.0,Puzzle,7.7,7.0
FaceBreaker,PS3,2008.0,Fighting,3.8,20.0
Star Wars: Battlefront II,PC,2005.0,Shooter,8.8,431.0
Digimon Story: Cyber Sleuth,PSV,2015.0,Role-Playing,8.8,92.0
Gallop Racer 2001,PS2,2001.0,Sports,9.1,56.0
Hellboy: The Science of Evil,PS3,2008.0,Action,6.1,10.0
MotoGP 09/10,X360,2010.0,Racing,5.7,41.0
Catwoman,PS2,2004.0,Action,6.9,13.0
Monsters vs. Aliens,X360,2009.0,Action,6.6,7.0
Beat Down: Fists of Vengeance,PS2,2005.0,Action,8.1,12.0
World Destruction League: Thunder Tanks,PS,2000.0,Action,1.2,6.0
Terminator 3: The Redemption,PS2,2004.0,Shooter,8.0,11.0
Anarchy Reigns,X360,2012.0,Action,7.9,105.0
SSX On Tour,GC,2005.0,Sports,7.5,14.0
Bladestorm: Nightmare,PS4,2015.0,Action,6.5,21.0
Fairytale Fights,X360,2009.0,Action,6.2,12.0
LEGO Marvel Super Heroes,PC,2013.0,Action,8.1,124.0
James Bond 007: Everything or Nothing,GBA,2003.0,Shooter,8.3,11.0
Shrek Extra Large,GC,2002.0,Platform,5.6,23.0
World Tour Soccer 2006,PS2,2004.0,Sports,6.0,7.0
Gunvalkyrie,XB,2002.0,Shooter,7.3,10.0
State of Emergency,XB,2003.0,Action,6.3,11.0
Disney Golf,PS2,2002.0,Sports,8.3,7.0
Demon Gaze,PSV,2013.0,Role-Playing,7.4,129.0
Clock Tower II: The Struggle Within,PS,1998.0,Adventure,5.7,7.0
Batman Beyond: Return of the Joker,PS,2000.0,Action,4.3,7.0
CSI: Fatal Conspiracy,X360,2010.0,Adventure,4.8,4.0
Mega Man Network Transmission,GC,2003.0,Platform,7.6,13.0
Fairytale Fights,PS3,2009.0,Action,6.0,22.0
How to Train Your Dragon 2,X360,2014.0,Adventure,2.9,7.0
RC Revenge Pro,PS2,2000.0,Racing,7.6,7.0
G-Force,X360,2009.0,Action,7.0,9.0
Backyard Wrestling: Don't Try This at Home,XB,2003.0,Fighting,5.0,7.0
Gauntlet: Dark Legacy,XB,2002.0,Action,8.9,10.0
Time and Eternity,PS3,2012.0,Role-Playing,5.0,78.0
Lost Kingdoms,GC,2002.0,Role-Playing,8.0,15.0
Pursuit Force: Extreme Justice,PSP,2007.0,Action,7.6,11.0
The Cursed Crusade,PS3,2011.0,Action,5.0,26.0
Ridge Racer Unbounded,PS3,2012.0,Racing,6.0,29.0
Wolfenstein 3D,GBA,2002.0,Shooter,6.0,7.0
NHL 07,PSP,2006.0,Sports,6.6,23.0
Dementium: The Ward,DS,2007.0,Shooter,7.9,37.0
Mobile Suit Gundam: Extreme VS Force,PSV,2015.0,Action,7.3,15.0
NASCAR '14,X360,2014.0,Racing,5.1,14.0
Green Lantern: Rise of the Manhunters,PS3,2011.0,Action,6.7,17.0
25 to Life,XB,2006.0,Shooter,7.2,13.0
Naval Assault: The Killing Tide,X360,2010.0,Simulation,4.2,5.0
NASCAR '15,X360,2015.0,Sports,3.8,6.0
MLB 11: The Show,PSP,2011.0,Sports,6.0,5.0
Leisure Suit Larry: Magna Cum Laude,XB,2004.0,Adventure,6.4,13.0
One Piece: Pirate Warriors 3,PSV,2015.0,Action,6.3,17.0
Cubivore: Survival of the Fittest,GC,2002.0,Adventure,8.5,21.0
7th Dragon III Code: VFD,3DS,2015.0,Role-Playing,8.2,38.0
FlatOut,XB,2004.0,Racing,8.2,21.0
Blood Bowl,X360,2009.0,Sports,5.1,19.0
Taz Wanted,PS2,2002.0,Platform,8.7,9.0
Far Cry: Primal,PC,2016.0,Action,4.8,368.0
Sid Meier's Civilization IV,PC,2005.0,Strategy,8.3,909.0
Zoo Keeper,DS,2004.0,Puzzle,7.5,13.0
Pursuit Force,PSP,2005.0,Racing,7.8,26.0
Star Wars: Super Bombad Racing,PS2,2001.0,Racing,4.9,8.0
Driver: San Francisco,Wii,2011.0,Racing,6.2,10.0
Alien Resurrection,PS,2000.0,Shooter,7.5,15.0
World Tour Soccer 2005,PS2,2004.0,Sports,9.0,6.0
Disney Friends,DS,2007.0,Simulation,7.3,4.0
ESPN College Hoops,PS2,2003.0,Sports,8.5,8.0
Dengeki Bunko Fighting Climax,PS3,2014.0,Fighting,8.2,29.0
Leisure Suit Larry: Box Office Bust,X360,2009.0,Adventure,2.5,41.0
Robotech: Battlecry,GC,2002.0,Shooter,8.4,5.0
Clash of the Titans,X360,2010.0,Action,4.1,17.0
Kya: Dark Lineage,PS2,2003.0,Adventure,8.9,28.0
Mirror's Edge Catalyst,XOne,2016.0,Platform,4.4,266.0
Stronghold 3,PC,2011.0,Strategy,3.0,350.0
F1 2011,3DS,2011.0,Racing,6.8,13.0
Guilty Gear Judgment,PSP,2006.0,Fighting,6.6,8.0
NCAA Football 09 All-Play,Wii,2008.0,Sports,5.8,32.0
Splatterhouse,PS3,,Action,7.7,67.0
Doctor Lautrec and the Forgotten Knights,3DS,2011.0,Adventure,6.1,8.0
Hot Wheels World Race,GC,2003.0,Racing,7.0,5.0
Monster Jam,Wii,2007.0,Racing,7.8,8.0
Castlevania Judgment,Wii,2008.0,Fighting,5.9,56.0
Apache: Air Assault,X360,2010.0,Simulation,6.4,31.0
Aliens: Infestation,DS,2011.0,Action,8.2,29.0
Return to PopoloCrois: A Story of Seasons Fairytale,3DS,2015.0,Simulation,6.8,15.0
Angry Birds Trilogy,PS3,2012.0,Action,3.7,20.0
Crash Tag Team Racing,GC,2005.0,Racing,7.3,11.0
El Shaddai: Ascension of the Metatron,X360,2011.0,Action,7.0,47.0
NPPL: Championship Paintball 2009,PS3,2008.0,Shooter,7.4,10.0
True Swing Golf,DS,2005.0,Sports,7.7,11.0
TimeSplitters: Future Perfect,XB,2005.0,Shooter,8.9,35.0
Goosebumps HorrorLand,Wii,2008.0,Adventure,3.5,8.0
Thrillville: Off the Rails,X360,2007.0,Strategy,2.8,34.0
Fatal Frame II: Crimson Butterfly,PS2,2003.0,Action,9.2,100.0
Murdered: Soul Suspect,XOne,2014.0,Action,7.0,130.0
Shadow Man: 2econd Coming,PS2,2002.0,Adventure,7.6,8.0
Dynasty Warriors 4,XB,2003.0,Action,8.8,18.0
Warriors Orochi 3,X360,2011.0,Action,8.1,19.0
Wakeboarding Unleashed Featuring Shaun Murray,PS2,2003.0,Sports,9.0,12.0
The Incredibles: Rise of the Underminer,GC,2005.0,Action,6.6,7.0
Beowulf: The Game,PS3,2007.0,Action,5.2,17.0
Dewy's Adventure,Wii,2007.0,Platform,6.3,15.0
Alone in the Dark: The New Nightmare,PS,,Adventure,8.1,40.0
The BIGS,PS3,2007.0,Sports,7.2,12.0
Fracture,PS3,2008.0,Shooter,5.8,18.0
NBA Live 08,Wii,2007.0,Sports,7.1,21.0
Hyperdimension Neptunia Victory,PS3,2012.0,Role-Playing,7.8,94.0
Marble Saga: Kororinpa,Wii,2009.0,Puzzle,7.3,6.0
The King of Fighters XII,PS3,2009.0,Fighting,5.3,46.0
Dungeon Siege: Throne of Agony,PSP,2006.0,Role-Playing,8.1,21.0
Culdcept SAGA,X360,2006.0,Role-Playing,8.7,49.0
The Crew,PC,2014.0,Racing,6.4,463.0
Create,PS3,2010.0,Action,5.2,5.0
Eragon,DS,2006.0,Action,7.6,13.0
TimeShift,PS3,2007.0,Shooter,6.3,27.0
Spyro: Shadow Legacy,DS,2005.0,Action,5.7,16.0
The Sims 3: Seasons,PC,2012.0,Simulation,7.5,48.0
Scarface: Money. Power. Respect.,PSP,2006.0,Strategy,3.1,15.0
Angry Birds Star Wars,XOne,2013.0,Strategy,6.9,63.0
Blitz: The League,X360,2006.0,Sports,6.5,14.0
NBA 2K12,PC,2011.0,Sports,7.1,66.0
FlatOut 2,PS2,2006.0,Racing,7.5,27.0
Naruto: Ultimate Ninja Heroes 2 - The Phantom Fortress,PSP,2006.0,Fighting,7.8,17.0
Heroes over Europe,PS3,2009.0,Simulation,7.0,16.0
BioShock The Collection,XOne,2016.0,Shooter,8.3,79.0
F-Zero: GP Legend,GBA,2003.0,Racing,8.5,18.0
Klonoa,Wii,2008.0,Platform,8.6,39.0
Bulletstorm,PC,2011.0,Shooter,7.7,768.0
Putty Squad,PS4,2013.0,Platform,2.9,52.0
Field Commander,PSP,2006.0,Strategy,7.8,31.0
Custom Robo Arena,DS,2006.0,Fighting,8.3,27.0
Ar Nosurge: Ode to an Unborn Star,PS3,2014.0,Role-Playing,7.8,49.0
Shaun White Skateboarding,X360,2010.0,Sports,5.3,7.0
Trigger Man,PS2,2004.0,Shooter,4.8,16.0
Wildstar,PC,2014.0,Role-Playing,7.4,965.0
Tiger Woods PGA Tour 2004,GC,2003.0,Sports,7.8,6.0
Amped 3,X360,2005.0,Sports,7.1,36.0
Innocent Life: A Futuristic Harvest Moon,PSP,2006.0,Simulation,7.8,23.0
NHL 2005,XB,2004.0,Sports,6.2,11.0
Arcana Heart,PS2,2007.0,Fighting,8.1,8.0
Battlestar Galactica,PS2,2003.0,Shooter,6.8,6.0
Time Hollow,DS,2008.0,Adventure,7.8,21.0
Medieval Games,Wii,2009.0,Action,5.9,13.0
Tak and the Guardians of Gross,Wii,2008.0,Action,8.0,5.0
Jurassic Park: The Game,X360,,Action,3.6,138.0
Dynasty Warriors 8: Xtreme Legends,PS3,2013.0,Action,6.8,9.0
Godzilla Unleashed,Wii,2007.0,Fighting,7.2,37.0
Sherlock Holmes vs. Jack the Ripper,X360,2009.0,Adventure,6.8,14.0
Sniper: Ghost Warrior,PC,2010.0,Shooter,5.5,267.0
Fist of the North Star: Ken's Rage,X360,2010.0,Action,7.3,23.0
Chaotic: Shadow Warriors,X360,2009.0,Action,5.0,4.0
Driven,PS2,2001.0,Racing,3.4,5.0
James Noir's Hollywood Crimes,3DS,2011.0,Adventure,6.6,5.0
"Warhammer 40,000: Fire Warrior",PS2,2003.0,Shooter,8.3,63.0
All-Pro Football 2K8,PS3,2007.0,Sports,7.3,21.0
Lufia: Curse of the Sinistrals,DS,2010.0,Role-Playing,8.0,13.0
Mugen Souls,PS3,2012.0,Role-Playing,7.3,35.0
Ultimate Spider-Man,DS,2005.0,Action,7.7,10.0
Burnout 2: Point of Impact,GC,2003.0,Racing,8.5,18.0
Paris-Dakar Rally,PS2,2001.0,Racing,3.9,15.0
Atelier Iris: Eternal Mana,PS2,2004.0,Role-Playing,7.7,38.0
F.E.A.R. 3,PC,2011.0,Shooter,5.9,420.0
Tak: The Great Juju Challenge,GC,2005.0,Platform,9.3,4.0
Knockout Kings 2003,GC,2002.0,Sports,6.5,4.0
Bomberman,PSP,2006.0,Puzzle,7.0,7.0
NCAA Football 2004,GC,2003.0,Sports,7.5,6.0
XGIII: Extreme G Racing,GC,2001.0,Racing,7.8,14.0
Digimon World 4,PS2,2005.0,Role-Playing,6.9,37.0
Stormrise,X360,2009.0,Strategy,6.8,17.0
The Godfather: Blackhand Edition,Wii,2007.0,Adventure,8.5,48.0
Wolfenstein: The Old Blood,XOne,2015.0,Action,8.0,101.0
Naruto: Powerful Shippuden,3DS,2012.0,Platform,5.4,19.0
American Chopper,XB,2004.0,Racing,5.9,9.0
The Adventures of Tintin: The Game,3DS,2011.0,Action,5.7,12.0
Dynasty Warriors 8,X360,2013.0,Action,7.5,35.0
Kingdom Under Fire: Heroes,XB,2005.0,Strategy,7.5,23.0
The Terminator: Dawn of Fate,XB,2002.0,Action,5.2,5.0
Infected,PSP,2005.0,Shooter,8.3,30.0
Birds of Steel,X360,2012.0,Simulation,8.9,18.0
Cars: Race-O-Rama,X360,2009.0,Racing,5.8,5.0
NBA Street Homecourt,PS3,2007.0,Sports,6.5,16.0
Darksiders II,PC,2012.0,Action,7.8,653.0
Enthusia Professional Racing,PS2,2005.0,Racing,7.6,17.0
DiRT 3,PC,2011.0,Racing,6.9,433.0
Darksiders II,WiiU,2012.0,Action,8.2,153.0
Army Men: Sarge's War,GC,2004.0,Shooter,6.7,7.0
Blitz: The League II,PS3,2008.0,Sports,7.5,15.0
Project Sylpheed: Arc of Deception,X360,2006.0,Shooter,8.6,24.0
NHL 2K10,PS3,2009.0,Sports,7.1,8.0
MLB Power Pros 2008,PS2,2008.0,Sports,8.5,8.0
WordJong,DS,2007.0,Puzzle,7.7,9.0
Tears to Tiara II: Heir of the Overlord,PS3,2013.0,Role-Playing,8.7,41.0
Puzzle Quest: Galactrix,DS,2009.0,Puzzle,6.7,6.0
de Blob 2,X360,2011.0,Platform,7.5,23.0
Disney's The Lion King: Simba's Mighty Adventure,PS,2000.0,Action,6.9,9.0
Samurai Warriors: Katana,Wii,2007.0,Action,6.8,6.0
NBA 09: The Inside,PS3,2008.0,Sports,5.1,7.0
Kingdom of Paradise,PSP,2005.0,Role-Playing,7.5,19.0
Naruto Shippuden: Legends: Akatsuki Rising,PSP,2009.0,Fighting,6.2,10.0
Marvel Super Hero Squad: The Infinity Gauntlet,X360,2010.0,Action,6.3,6.0
Bleach: Dark Souls,DS,2007.0,Fighting,7.9,14.0
Prince of Persia: The Sands of Time,GBA,2003.0,Action,8.8,5.0
Zoids: Battle Legends,GC,2003.0,Action,8.1,14.0
Prince of Persia: The Forgotten Sands,DS,2010.0,Action,6.3,6.0
World Series Baseball 2K3,XB,2003.0,Sports,8.6,14.0
Serious Sam,XB,2002.0,Shooter,8.2,16.0
Bomberman,DS,2005.0,Puzzle,7.0,12.0
Killer7,GC,2005.0,Action,8.5,64.0
Super Monkey Ball Adventure,GC,2006.0,Platform,7.2,9.0
FIFA Soccer 2002,PS,2001.0,Sports,6.4,5.0
Street Fighter Anniversary Collection,XB,2004.0,Fighting,6.4,9.0
Shadow Ops: Red Mercury,XB,2004.0,Shooter,6.1,14.0
Indigo Prophecy,PS2,2005.0,Adventure,7.8,104.0
FIFA 06: Road to FIFA World Cup,X360,2005.0,Sports,6.0,34.0
Musashi: Samurai Legend,PS2,2005.0,Role-Playing,8.9,9.0
LEGO The Hobbit,PSV,2014.0,Action,2.5,13.0
Oreshika: Tainted Bloodlines,PSV,2014.0,Role-Playing,8.0,84.0
F1 2001,PS2,2001.0,Racing,8.3,9.0
Darksiders,PC,2010.0,Action,7.8,603.0
Top Gun: Combat Zones,GC,2002.0,Simulation,7.1,7.0
NHL 09,PS2,2008.0,Sports,7.6,7.0
Fantastic Four: Rise of the Silver Surfer,PS3,2007.0,Action,6.2,10.0
All-Star Baseball 2003,GC,2002.0,Sports,8.0,6.0
Rocky,XB,2002.0,Fighting,7.3,6.0
Megamind: Ultimate Showdown,PS3,2010.0,Action,4.2,6.0
Space Invaders Extreme,DS,2008.0,Shooter,7.6,16.0
Thor: God of Thunder,Wii,2011.0,Action,8.0,9.0
BloodRayne 2,XB,2004.0,Shooter,8.5,4.0
Jaws Unleashed,XB,2006.0,Action,6.2,9.0
Star Trek: Voyager Elite Force,PS2,2001.0,Shooter,6.4,5.0
X-Men: The Official Game,GC,2006.0,Action,6.3,8.0
187: Ride or Die,PS2,2005.0,Racing,6.8,12.0
Battleborn,XOne,2016.0,Shooter,7.2,171.0
Geist,GC,2005.0,Adventure,8.5,23.0
The King of Fighters XIV,PS4,2016.0,Fighting,8.7,208.0
Sword Art Online: Hollow Realization,PSV,2016.0,Role-Playing,7.0,8.0
Street Fighter Alpha 3,GBA,2002.0,Fighting,7.8,10.0
Deponia,PC,2012.0,Adventure,8.2,307.0
Metal Gear Solid: Peace Walker HD Edition,PS3,2011.0,Action,8.0,60.0
Ridge Racer DS,DS,2004.0,Racing,6.7,7.0
High Velocity Bowling,PS3,2010.0,Sports,8.1,23.0
LEGO Harry Potter Collection,PS4,2016.0,Action,8.1,7.0
Brain Boost: Beta Wave,DS,2005.0,Puzzle,2.5,4.0
Shenmue II,DC,2001.0,Adventure,9.4,201.0
Armored Core: For Answer,X360,2008.0,Simulation,7.7,38.0
Major League Baseball 2K8,PS2,2008.0,Sports,6.5,4.0
Fugitive Hunter: War on Terror,PS2,2003.0,Shooter,5.0,23.0
The Incredible Hulk: Ultimate Destruction,GC,2005.0,Action,9.1,14.0
Prince of Persia: The Two Thrones,GC,2005.0,Action,8.1,22.0
Blazing Angels 2: Secret Missions of WWII,PS3,2007.0,Simulation,7.2,12.0
All-Star Baseball 2005,XB,,Sports,8.8,12.0
The Legend of Heroes: Trails of Cold Steel II,PS3,2014.0,Role-Playing,7.8,71.0
Batman Begins,GC,2005.0,Action,7.2,10.0
Toy Story Racer,PS,2001.0,Racing,8.7,9.0
Disney's Donald Duck: Goin' Quackers,PS,2000.0,Platform,7.0,10.0
Ys: The Oath in Felghana,PSP,2010.0,Role-Playing,8.3,57.0
Crash: Twinsanity,XB,2004.0,Platform,8.7,29.0
Arena Football,XB,2006.0,Sports,8.5,10.0
Medal of Honor: Infiltrator,GBA,2003.0,Shooter,7.2,12.0
Lego Star Wars: The Force Awakens,WiiU,2016.0,Action,8.0,11.0
The Wizard of Oz: Beyond The Yellow Brick Road,DS,2008.0,Role-Playing,6.0,4.0
The Cursed Crusade,X360,2011.0,Action,4.4,29.0
Earth Defense Force 2025,X360,2013.0,Shooter,8.1,63.0
NHL 2K10,X360,2009.0,Sports,7.9,15.0
Tom Clancy's Ghost Recon,GC,2003.0,Shooter,5.4,17.0
Darkstalkers Chronicle: The Chaos Tower,PSP,2004.0,Fighting,7.9,25.0
WWE '13,Wii,2012.0,Action,6.0,9.0
Mad Dash Racing,XB,2001.0,Racing,7.7,6.0
Rayman Origins,3DS,2012.0,Platform,6.3,65.0
Summon Night 5,PSP,2013.0,Role-Playing,8.3,6.0
Black * Rock Shooter: The Game,PSP,2011.0,Role-Playing,7.2,39.0
BMX XXX,PS2,2002.0,Sports,4.6,17.0
Boktai: The Sun is in Your Hand,GBA,2003.0,Role-Playing,9.6,16.0
Guilty Gear X2 #Reload,XB,2004.0,Fighting,7.6,12.0
ReCore,XOne,2016.0,Action,6.6,445.0
Soldier of Fortune: Payback,PS3,2007.0,Shooter,5.4,13.0
F1 2012,PC,2012.0,Racing,6.9,115.0
MLB SlugFest 20-03,GC,2002.0,Sports,7.5,4.0
Tiger Woods PGA Tour,DS,2004.0,Sports,7.4,7.0
Grabbed by the Ghoulies,XB,2003.0,Action,7.3,28.0
Cars: Mater-National Championship,X360,2007.0,Racing,7.8,6.0
Shadow Hearts: From The New World,PS2,2005.0,Role-Playing,8.2,33.0
Terraria,PC,2011.0,Action,8.5,1613.0
L.A. Rush,XB,2005.0,Racing,3.0,4.0
Record of Agarest War 2,PS3,2010.0,Role-Playing,7.2,36.0
Skylanders Giants,3DS,2012.0,Action,5.0,13.0
Spider-Man: Friend or Foe,Wii,2007.0,Action,8.0,6.0
Power Rangers: Super Legends,PS2,2007.0,Action,3.0,5.0
Fatal Frame,PS2,2001.0,Action,8.9,72.0
Rayman 3,GBA,2003.0,Platform,7.8,8.0
BlazBlue: Chrono Phantasma Extend,PS4,2015.0,Action,7.7,31.0
Wild ARMs 4,PS2,2005.0,Role-Playing,7.3,17.0
Ratatouille,GC,2007.0,Action,5.6,7.0
G.I. Joe: The Rise of Cobra,PS2,2009.0,Action,2.3,6.0
Casper: Spirit Dimensions,PS2,2001.0,Platform,3.5,6.0
Geometry Wars: Galaxies,DS,2007.0,Shooter,7.9,26.0
Syndicate,PS3,2012.0,Shooter,6.5,106.0
Cave Story 3D,3DS,2011.0,Platform,7.7,72.0
Mega Man Powered Up,PSP,2006.0,Platform,7.5,36.0
Class of Heroes,PSP,2008.0,Role-Playing,7.1,12.0
Second Sight,PS2,2004.0,Adventure,8.0,23.0
Alien: Isolation,PC,2014.0,Shooter,8.4,1588.0
Just Cause 3,PC,2015.0,Action,5.3,529.0
Phantom Brave,PS2,2004.0,Role-Playing,7.9,22.0
Thor: God of Thunder,X360,2011.0,Action,5.7,22.0
Bejeweled 3,PS3,,Puzzle,8.2,5.0
FIFA Soccer 2005,GC,2004.0,Sports,8.5,6.0
Harvest Moon: Hero of Leaf Valley,PSP,2009.0,Simulation,7.9,12.0
Hexyz Force,PSP,2009.0,Role-Playing,7.3,21.0
Jonny Moseley Mad Trix,PS2,2001.0,Sports,5.7,6.0
Terminator 3: Rise of the Machines,XB,2003.0,Action,2.0,10.0
SSX On Tour,XB,2005.0,Sports,8.1,10.0
NCAA College Basketball 2K3,XB,2002.0,Sports,8.4,5.0
Victorious Boxers: Revolution,Wii,2007.0,Fighting,5.4,8.0
Farming Simulator 2013,PS3,2013.0,Simulation,2.9,9.0
The Legend of Heroes II: Prophecy of the Moonlight Witch,PSP,2004.0,Role-Playing,6.9,11.0
Doom,GBA,2001.0,Shooter,8.5,15.0
NFL Head Coach 09,PS3,2008.0,Sports,7.1,12.0
Hitman: Blood Money,XB,2006.0,Action,9.1,32.0
PANGYA: Fantasy Golf,PSP,2009.0,Sports,7.0,13.0
Metal Gear Solid V: Ground Zeroes,X360,2014.0,Action,5.7,148.0
Gretzky NHL 06,PSP,2005.0,Sports,6.8,4.0
NFL Blitz 20-03,XB,2002.0,Sports,7.8,4.0
Pirates: The Legend of Black Kat,PS2,2002.0,Adventure,7.9,8.0
Fur Fighters: Viggo's Revenge,PS2,2001.0,Action,7.3,37.0
Thor: God of Thunder,PS3,2011.0,Action,4.4,19.0
Skylanders Imaginators,PS4,2016.0,Platform,5.5,17.0
The Da Vinci Code,PS2,2006.0,Action,8.0,24.0
Chicken Shoot,DS,2007.0,Action,3.1,7.0
Dead to Rights,GC,2002.0,Shooter,8.7,7.0
Scarface: The World is Yours,Wii,2007.0,Action,8.4,29.0
Top Spin 4,Wii,2011.0,Sports,7.4,7.0
Sphinx and the Cursed Mummy,GC,2003.0,Action,8.8,12.0
Cabela's Outdoor Adventures (2009),PS2,2009.0,Sports,6.6,5.0
XCOM 2,PS4,2016.0,Strategy,8.0,116.0
Pro Evolution Soccer 2015,XOne,2014.0,Sports,7.3,65.0
Destruction Derby Raw,PS,2000.0,Racing,7.3,14.0
Risen 2: Dark Waters,X360,2012.0,Role-Playing,6.0,58.0
World Tour Soccer 2003,PS2,2002.0,Sports,8.3,7.0
ArmA II,PC,2009.0,Shooter,7.5,589.0
WWE 2K17,PS3,2016.0,Sports,4.1,9.0
Spyro: A Hero's Tail,XB,2004.0,Platform,9.1,10.0
Cities: Skylines,PC,2015.0,Simulation,8.9,1404.0
Eternal Poison,PS2,2008.0,Role-Playing,8.2,9.0
Gungrave: Overdose,PS2,2004.0,Shooter,8.7,12.0
Metal Slug Anthology,Wii,2006.0,Shooter,8.0,22.0
The Orange Box,PC,2007.0,Shooter,9.3,1495.0
Shovel Knight,3DS,2015.0,Platform,8.2,225.0
Pro Evolution Soccer 2015,X360,2014.0,Sports,6.8,29.0
Mr. Driller: Drill Spirits,DS,2004.0,Puzzle,8.9,9.0
Baldur's Gate: Dark Alliance,GC,2002.0,Role-Playing,7.7,22.0
Star Wars: Knights of the Old Republic,PC,2003.0,Role-Playing,9.0,1497.0
The Operative: No One Lives Forever,PS2,2002.0,Shooter,8.0,16.0
Cabela's African Safari,X360,2006.0,Sports,5.0,8.0
Ecco the Dolphin: Defender of the Future,PS2,2002.0,Adventure,8.5,11.0
Just Cause,X360,2006.0,Action,7.2,52.0
Hot Wheels: Beat That!,Wii,2007.0,Racing,5.3,9.0
X-Blades,X360,2009.0,Action,5.4,14.0
Odin Sphere: Leifthrasir,PSV,2016.0,Role-Playing,7.9,83.0
Homefront: The Revolution,XOne,2016.0,Shooter,4.1,106.0
Godzilla: Save the Earth,XB,2004.0,Fighting,8.2,6.0
TRINITY: Souls of Zill O'll,PS3,2010.0,Role-Playing,6.2,33.0
Asphalt: Urban GT 2,DS,2006.0,Racing,6.9,13.0
Virtua Tennis 4,Wii,2011.0,Sports,7.5,4.0
Tim Burton's The Nightmare Before Christmas: The Pumpkin King,GBA,2005.0,Platform,5.5,6.0
Enclave,XB,2002.0,Adventure,8.4,13.0
Wild ARMs XF,PSP,2007.0,Role-Playing,6.6,19.0
7 Days to Die,PS4,2016.0,Action,5.9,140.0
Rayman Legends,PSV,2014.0,Platform,8.4,159.0
Dino Crisis 3,XB,2003.0,Action,4.1,22.0
College Hoops 2K8,PS3,2007.0,Sports,5.2,6.0
Risen,PC,2009.0,Role-Playing,8.1,676.0
Transformers: Devastation,XOne,2015.0,Action,7.9,55.0
The Darkness II,PC,2012.0,Shooter,7.6,448.0
Age of Empires: Collector's Edition,PC,2000.0,Strategy,8.0,6.0
Eragon,X360,2006.0,Action,5.7,24.0
Dynasty Warriors 7: Empires,PS3,2012.0,Action,8.0,22.0
Super Puzzle Fighter II Turbo,PS,1996.0,Puzzle,7.4,5.0
Bejeweled 3,X360,,Puzzle,8.4,11.0
Dead Island Definitive Collection,PS4,2016.0,Action,6.4,45.0
Blazing Angels 2: Secret Missions of WWII,X360,2007.0,Simulation,7.8,12.0
Rayman Arena,GC,2002.0,Racing,7.2,6.0
How to Train Your Dragon,X360,2010.0,Action,7.6,10.0
Battlefield: Hardline,PC,2015.0,Shooter,3.8,773.0
Shining Soul,GBA,2002.0,Role-Playing,8.5,8.0
Brothers: A Tale of Two Sons,PS4,2015.0,Adventure,8.6,73.0
Dead Rising 2,PC,2010.0,Action,6.3,211.0
Fear Factor: Unleashed,GBA,2004.0,Action,3.0,4.0
Robots,DS,2005.0,Action,6.7,6.0
Murdered: Soul Suspect,PS3,2014.0,Action,7.1,55.0
Heroes over Europe,X360,2009.0,Simulation,8.1,9.0
Create,X360,2010.0,Action,5.8,10.0
UEFA Euro 2004: Portugal,PS2,2004.0,Sports,6.4,18.0
Happy Feet,Wii,2006.0,Action,6.7,16.0
Hot Wheels: World Race,GBA,2003.0,Racing,6.2,5.0
NBA Jam,XB,2003.0,Sports,9.1,7.0
World Tour Soccer 2002,PS2,2001.0,Sports,7.5,10.0
NBA Ballers: Chosen One,PS3,2008.0,Sports,6.5,4.0
NCIS,X360,2011.0,Adventure,4.7,7.0
Apex,XB,2003.0,Racing,9.1,7.0
Persona 4: Arena Ultimax,PS3,2014.0,Fighting,8.1,85.0
Tomb Raider: The Prophecy,GBA,2002.0,Action,8.8,13.0
Vampire Night,PS2,2001.0,Shooter,8.0,5.0
Valhalla Knights: Eldar Saga,Wii,2009.0,Role-Playing,6.7,19.0
Metal Slug 7,DS,2008.0,Shooter,7.4,13.0
Call of Duty: Infinite Warfare,PC,2016.0,Shooter,3.0,440.0
MotoGP '06,X360,2006.0,Racing,7.7,13.0
G.I. Joe: The Rise of Cobra,DS,2009.0,Action,7.5,4.0
Salt Lake 2002,PS2,2002.0,Sports,3.5,6.0
Gladius,XB,2003.0,Strategy,8.5,22.0
Legends of Wrestling,XB,2002.0,Fighting,5.8,4.0
Magnetica,DS,2006.0,Puzzle,8.1,11.0
Red Orchestra 2: Heroes of Stalingrad,PC,2011.0,Shooter,7.3,729.0
Your Shape: Fitness Evolved 2013,WiiU,2012.0,Action,6.3,16.0
James Bond 007: Nightfire,GBA,2003.0,Shooter,8.1,9.0
Castlevania Chronicles,PS,2001.0,Platform,7.0,13.0
King Arthur,PS2,2004.0,Action,8.0,10.0
FIFA Street 2,PSP,2006.0,Sports,6.9,17.0
Blade II,XB,2002.0,Action,4.0,4.0
Rogue Warrior,PS3,2009.0,Shooter,2.8,66.0
Baseball Advance,GBA,2002.0,Sports,7.8,5.0
Nicktoons: MLB,X360,2011.0,Sports,7.6,7.0
Nitrobike,Wii,2008.0,Racing,7.1,7.0
Hulk Hogan's Main Event,X360,2011.0,Fighting,2.2,20.0
Need for Speed Underground 2,DS,2005.0,Racing,7.0,25.0
Ys: The Ark of Napishtim,PS2,2005.0,Role-Playing,8.8,14.0
Divinity II: The Dragon Knight Saga,X360,2010.0,Role-Playing,7.8,50.0
NHL 2K8,X360,2007.0,Sports,7.4,16.0
Puzzle Kingdoms,DS,2009.0,Puzzle,6.3,4.0
Life is Strange,XOne,2016.0,Adventure,8.7,123.0
NHL 2K9,PS2,2008.0,Sports,6.7,7.0
Shin Megami Tensei: Devil Summoner 2 - Raidou Kuzunoha vs. King Abaddon,PS2,2008.0,Role-Playing,8.7,26.0
MLB 11: The Show,PS2,2011.0,Sports,6.2,6.0
X-Blades,PS3,2009.0,Action,5.9,15.0
Army Men: Green Rogue,PS2,2001.0,Action,3.8,4.0
Peter Jackson's King Kong: The Official Game of the Movie,DS,2005.0,Action,3.2,32.0
Superman: The Man of Steel,XB,2002.0,Action,6.0,11.0
Kororinpa: Marble Mania,Wii,2006.0,Puzzle,8.7,21.0
NHL 2003,GC,2002.0,Sports,6.3,4.0
Chicken Run,PS,2000.0,Adventure,6.2,6.0
Fatal Inertia,X360,2007.0,Racing,4.2,19.0
Phantom Brave: We Meet Again,Wii,2009.0,Role-Playing,7.1,15.0
WWE Survivor Series,GBA,2004.0,Fighting,8.2,5.0
Kung-Fu: High Impact,X360,2011.0,Action,7.8,20.0
Euro Truck Simulator 2,PC,2012.0,Action,8.7,992.0
Tomb Raider: Legend,XB,2006.0,Action,7.2,13.0
Ninjatown,DS,2008.0,Strategy,8.3,21.0
Warcraft III: Reign of Chaos,PC,2002.0,Strategy,9.1,1023.0
Frogger Beyond,GC,2002.0,Platform,7.2,5.0
RPG Maker II,PS2,2002.0,Role-Playing,8.8,77.0
Alone in the Dark: Inferno,PS3,2008.0,Adventure,5.6,50.0
Gravity Rush Remastered,PS4,2015.0,Action,8.2,153.0
Destruction Derby Arenas,PS2,2004.0,Racing,7.8,14.0
Dengeki Bunko Fighting Climax,PSV,2014.0,Fighting,8.5,28.0
MLB Power Pros 2008,Wii,2008.0,Sports,8.7,21.0
Rumble Roses XX,X360,2006.0,Fighting,6.6,28.0
Total War: WARHAMMER,PC,2016.0,Strategy,7.3,556.0
Shaman King: Power of Spirit,PS2,2004.0,Adventure,8.2,17.0
Anno 1701: Dawn of Discovery,DS,2007.0,Simulation,7.5,19.0
The BIGS 2,PS3,2009.0,Sports,7.6,16.0
LEGO Legends of Chima: Laval's Journey,PSV,2013.0,Adventure,6.6,8.0
Dead to Rights: Reckoning,PSP,2005.0,Shooter,7.2,22.0
NBA 08,PS3,2007.0,Sports,6.0,4.0
Mission: Impossible - Operation Surma,XB,2003.0,Platform,6.8,4.0
Legendary,PS3,2008.0,Shooter,7.1,31.0
Batman: Arkham Knight,PC,2015.0,Action,2.5,1967.0
Disney's Kim Possible: Kimmunicator,DS,2005.0,Platform,7.5,4.0
Mega Man Anniversary Collection,XB,2005.0,Platform,9.2,5.0
Pro Evolution Soccer 2017,PS3,2016.0,Sports,7.2,19.0
Diablo II,PC,2000.0,Role-Playing,8.8,1056.0
Shrek Smash n' Crash Racing,GC,2006.0,Racing,3.1,7.0
F1 2011,PSV,2011.0,Racing,6.2,25.0
Drakengard 2,PS2,2005.0,Role-Playing,5.5,49.0
Sonic Riders,XB,2006.0,Racing,8.1,7.0
Venetica,X360,2010.0,Role-Playing,7.3,18.0
Persona 4: Arena,X360,2012.0,Fighting,7.3,60.0
Street Fighter IV,PC,,Fighting,8.0,352.0
Cabela's Alaskan Adventure,X360,2006.0,Sports,5.6,17.0
Heroes of the Pacific,XB,2005.0,Simulation,8.2,5.0
RollerCoaster Tycoon,XB,2003.0,Strategy,8.3,12.0
NightCaster,XB,2002.0,Action,5.7,7.0
FIFA World Cup Germany 2006,GC,2006.0,Sports,6.2,5.0
Space Camp,Wii,2009.0,Action,6.2,5.0
Hitman 2: Silent Assassin,GC,2003.0,Action,5.5,8.0
Ape Escape 3,PS2,2005.0,Platform,8.5,22.0
"Crouching Tiger, Hidden Dragon",PS2,2003.0,Action,3.7,6.0
Final Fantasy XIV: Heavensward,PS4,2015.0,Action,7.6,225.0
Secret Agent Clank,PSP,2008.0,Platform,7.8,35.0
Whiplash,PS2,2003.0,Racing,8.7,15.0
Farming Simulator 2011,PC,2010.0,Simulation,7.0,23.0
Watch Dogs,WiiU,2014.0,Action,6.4,162.0
BlazBlue: Continuum Shift II,PSP,2011.0,Fighting,6.8,10.0
Summon Night: Twin Age,DS,2007.0,Role-Playing,7.2,11.0
Spider-Man: Battle for New York,DS,2006.0,Platform,6.9,8.0
Army Men: Soldiers of Misfortune,Wii,2008.0,Shooter,2.5,6.0
Game Party: Champions,WiiU,2012.0,Action,3.5,21.0
Otogi: Myth of Demons,XB,2002.0,Action,8.5,28.0
Alter Echo,PS2,2003.0,Shooter,7.0,9.0
Green Lantern: Rise of the Manhunters,3DS,2011.0,Action,3.9,7.0
Puzzle de Harvest Moon,DS,2007.0,Puzzle,6.3,4.0
Shin Megami Tensei: Digital Devil Saga,PS2,2004.0,Role-Playing,8.2,48.0
Deception IV: Blood Ties,PSV,2014.0,Action,7.5,61.0
Rango: The Video Game,X360,2011.0,Action,8.0,9.0
One Piece: Unlimited World Red,PSV,2014.0,Action,7.8,25.0
Cabela's Dangerous Hunts 2009,PS3,2008.0,Sports,1.8,10.0
Teenage Mutant Ninja Turtles 2: Battle Nexus,XB,2004.0,Action,5.6,8.0
Tom Clancy's Splinter Cell: Double Agent,Wii,2006.0,Action,7.4,16.0
Eat Lead: The Return of Matt Hazard,PS3,2009.0,Shooter,6.5,21.0
Backyard Baseball,GC,2003.0,Sports,9.4,5.0
Star Wars: Lethal Alliance,PSP,2006.0,Action,7.0,7.0
Naruto Shippuden: Kizuna Drive,PSP,2010.0,Action,5.0,6.0
Sega GT,DC,2000.0,Racing,7.7,11.0
Green Lantern: Rise of the Manhunters,X360,2011.0,Action,7.2,23.0
Legends of Wrestling,GC,2002.0,Fighting,6.8,4.0
Fit in Six,PS3,2011.0,Sports,7.0,10.0
All-Star Baseball 2004,XB,2003.0,Sports,8.4,7.0
Dokapon Kingdom,Wii,2008.0,Role-Playing,8.3,17.0
Onechanbara: Bikini Samurai Squad,X360,2006.0,Action,6.4,55.0
Portal Runner,PS2,2001.0,Platform,6.7,6.0
Warriors Orochi 2,PS2,2008.0,Action,8.5,13.0
Hyperdevotion Noire: Goddess Black Heart,PSV,2014.0,Role-Playing,7.1,36.0
Spartan: Total Warrior,XB,2005.0,Action,8.8,12.0
City Crisis,PS2,2001.0,Simulation,6.2,5.0
Victorious: Time to Shine,X360,2011.0,Action,6.5,4.0
Advent Rising,XB,2005.0,Action,7.5,68.0
DT Racer,PS2,2005.0,Racing,3.8,5.0
NBA 2K13,WiiU,2012.0,Sports,7.0,43.0
7 Wonders of the Ancient World,DS,2007.0,Puzzle,8.3,48.0
X-Men: Next Dimension,GC,2002.0,Fighting,8.2,11.0
Dynasty Warriors 5 Empires,X360,2006.0,Action,8.2,19.0
Burnout,XB,2002.0,Racing,6.6,12.0
Baroque,PS2,2007.0,Role-Playing,8.8,44.0
Jurassic: The Hunted,X360,2009.0,Shooter,7.2,21.0
Hour of Victory,X360,2007.0,Shooter,3.0,40.0
Indianapolis 500 Legends,Wii,2007.0,Racing,6.7,7.0
Crash Tag Team Racing,XB,2005.0,Racing,7.8,11.0
Freedom Fighters,GC,2003.0,Shooter,7.8,12.0
NBA 2K17,PS3,2016.0,Sports,2.0,8.0
Quantum Redshift,XB,2002.0,Racing,8.1,15.0
Smash Court Tennis Pro Tournament 2,PS2,2004.0,Sports,9.1,12.0
Brothers in Arms: Double Time,Wii,2008.0,Shooter,6.6,17.0
Armed and Dangerous,XB,2003.0,Shooter,7.2,15.0
Project CARS,PC,2015.0,Racing,7.1,418.0
Teenage Mutant Ninja Turtles: Arcade Attack,DS,2009.0,Action,4.8,4.0
Deadpool,XOne,2015.0,Action,5.7,23.0
Just Cause 2,PC,2010.0,Action,7.7,838.0
Crush3D,3DS,2012.0,Platform,7.4,16.0
LEGO Marvel's Avengers,PSV,2016.0,Action,6.6,13.0
NeverDead,PS3,2012.0,Shooter,4.7,47.0
Mega Man X: Command Mission,GC,2004.0,Role-Playing,7.3,12.0
Need for Speed: ProStreet,DS,2007.0,Racing,7.4,10.0
DiRT Rally,XOne,2016.0,Racing,8.0,60.0
NHL 2K7,PS3,2006.0,Sports,6.6,5.0
Worms 3D,PS2,2003.0,Strategy,7.8,22.0
Gladiator Begins,PSP,2010.0,Action,8.0,14.0
Sleeping Dogs,PC,2012.0,Action,8.2,1209.0
Impossible Mission,DS,2007.0,Platform,4.8,6.0
Strikers 1945,PS,1998.0,Shooter,8.2,6.0
Pryzm Chapter One: The Dark Unicorn,PS2,2002.0,Adventure,5.2,6.0
Eat Lead: The Return of Matt Hazard,X360,2009.0,Shooter,7.0,27.0
Are You Smarter than a 5th Grader? Game Time,X360,2009.0,Puzzle,1.3,9.0
Guilty Gear X,PS2,2001.0,Fighting,7.8,16.0
Obscure: The Aftermath,Wii,2008.0,Action,8.1,14.0
Disney's PK: Out of the Shadows,PS2,2002.0,Platform,5.0,4.0
Record of Agarest War Zero,PS3,,Strategy,6.7,37.0
Conception II: Children of the Seven Stars,3DS,2013.0,Role-Playing,7.7,44.0
Puzzle Quest: Challenge of the Warlords,PS2,2007.0,Puzzle,7.0,6.0
Lego Star Wars: The Force Awakens,3DS,2016.0,Action,7.8,9.0
Makai Kingdom: Chronicles of the Sacred Tome,PS2,2005.0,Role-Playing,7.3,12.0
Lemony Snicket's A Series of Unfortunate Events,XB,2004.0,Platform,7.2,5.0
Neopets Petpet Adventures: The Wand of Wishing,PSP,2006.0,Adventure,7.7,6.0
Bomberman Party Edition,PS,1998.0,Puzzle,8.3,6.0
Ice Age: Dawn of the Dinosaurs,X360,2009.0,Action,7.5,6.0
Star Trek: Conquest,Wii,2007.0,Strategy,4.9,11.0
Major League Baseball 2K8 Fantasy All-Stars,DS,2008.0,Sports,7.0,6.0
Madden NFL 06,DS,2005.0,Sports,6.3,12.0
Red Faction II,XB,2003.0,Shooter,5.8,11.0
Voodoo Vince,XB,2003.0,Platform,8.4,22.0
Blackwater,X360,2011.0,Shooter,4.5,14.0
Tom Clancy's Ghost Recon,Wii,2010.0,Shooter,6.8,8.0
Ferrari Challenge Trofeo Pirelli,PS2,2008.0,Racing,7.0,6.0
Chase: Hollywood Stunt Driver,XB,2002.0,Racing,7.4,5.0
Thor: God of Thunder,DS,2011.0,Action,7.2,9.0
The X Files: Resist or Serve,PS2,2004.0,Adventure,8.4,8.0
Touch My Katamari ,PSV,2011.0,Puzzle,7.4,51.0
PixelJunk Monsters Deluxe,PSP,2010.0,Strategy,7.9,32.0
Curious George,PS2,2006.0,Action,7.7,6.0
Killer is Dead,X360,2013.0,Action,7.2,144.0
Don Bradman Cricket 14,PS4,2015.0,Sports,7.4,19.0
Megamind: Ultimate Showdown,X360,2010.0,Action,4.3,6.0
Zathura,PS2,2005.0,Adventure,2.0,5.0
Atelier Sophie: The Alchemist of the Mysterious Book,PS4,2015.0,Role-Playing,8.1,47.0
Mytran Wars,PSP,2009.0,Strategy,8.8,4.0
NCIS,PS3,2011.0,Adventure,4.0,4.0
Undead Knights,PSP,2009.0,Action,8.0,13.0
Ninja Reflex,Wii,2008.0,Action,6.0,11.0
Cel Damage,XB,2001.0,Racing,8.4,7.0
Supremacy MMA,PS3,2011.0,Fighting,6.5,4.0
Lunar: Dragon Song,DS,2005.0,Role-Playing,6.2,17.0
Breakdown,XB,2004.0,Adventure,8.2,17.0
Venetica,PS3,2010.0,Role-Playing,6.5,6.0
Looney Tunes: Sheep Raider,PS,2001.0,Platform,8.8,25.0
Geometry Wars: Galaxies,Wii,2007.0,Shooter,8.2,26.0
Robinson: The Journey,PS4,2016.0,Action,6.9,62.0
Conduit 2,Wii,2011.0,Shooter,7.6,60.0
Rise of the Tomb Raider,PC,2016.0,Adventure,7.9,915.0
X2: Wolverine's Revenge,GC,2003.0,Platform,6.6,8.0
Lego Star Wars: The Force Awakens,X360,2016.0,Action,6.9,7.0
Godzilla Unleashed: Double Smash,DS,2007.0,Action,4.9,8.0
Dishonored 2,PC,2016.0,Action,6.0,383.0
The Smurfs 2,X360,2013.0,Platform,5.4,14.0
Street Hoops,GC,,Sports,7.3,7.0
NPPL: Championship Paintball 2009,X360,2008.0,Shooter,7.3,9.0
Atelier Annie: Alchemists of Sera Island,DS,2009.0,Role-Playing,6.7,15.0
WRC: FIA World Rally Championship,X360,,Racing,6.0,4.0
WWE SmackDown vs Raw 2008,DS,2007.0,Fighting,6.6,13.0
Godzilla: Destroy All Monsters Melee,XB,,Fighting,6.8,8.0
College Hoops 2K6,X360,2006.0,Sports,7.3,11.0
Fat Princess: Fistful of Cake,PSP,2010.0,Action,8.7,25.0
Sonic Adventure 2,DC,2001.0,Platform,8.6,236.0
Space Chimps,PS2,2008.0,Platform,6.6,7.0
Tony Hawk's Pro Skater 5,XOne,2015.0,Sports,2.1,132.0
Gladiator: Sword of Vengeance,PS2,2003.0,Action,5.8,8.0
Rodea the Sky Soldier,WiiU,2015.0,Action,6.5,81.0
NBA 2K17,X360,2016.0,Sports,3.4,11.0
Academy of Champions: Soccer,Wii,2009.0,Sports,6.8,14.0
Overlord: Raising Hell,PS3,2008.0,Action,7.7,27.0
Monster Jam: Path of Destruction,X360,2010.0,Racing,5.0,4.0
NFL Head Coach,XB,2006.0,Sports,7.1,9.0
Kidz Sports: Crazy Golf,Wii,2008.0,Sports,3.4,8.0
Onimusha: Blade Warriors,PS2,2003.0,Fighting,6.9,7.0
Disney's Extreme Skate Adventure,GC,2003.0,Sports,7.6,5.0
NBA 2K2,GC,2002.0,Sports,8.0,4.0
Psychonauts,XB,2005.0,Platform,9.0,71.0
Jeremy McGrath Supercross World,GC,2002.0,Racing,5.6,5.0
Airborne Troops: Countdown to D-Day,PS2,2005.0,Shooter,8.1,9.0
The Sky Crawlers: Innocent Aces,Wii,2008.0,Simulation,7.9,13.0
nail'd,PS3,2010.0,Racing,6.2,13.0
Lost Magic,DS,2006.0,Role-Playing,8.2,32.0
Marvel Avengers: Battle for Earth,WiiU,2012.0,Action,5.0,25.0
Alice: Madness Returns,PC,2011.0,Adventure,8.4,559.0
Raiden IV,X360,2008.0,Shooter,7.8,10.0
Tom Clancy's Splinter Cell: Blacklist,WiiU,2013.0,Action,7.8,148.0
Phantasy Star Universe,X360,2006.0,Role-Playing,7.4,42.0
Peggle: Dual Shot,DS,2009.0,Puzzle,8.2,21.0
NPPL: Championship Paintball 2009,Wii,2008.0,Shooter,7.7,7.0
Spider-Man: Edge of Time,3DS,2011.0,Action,6.4,12.0
Cruis'n,Wii,2007.0,Racing,3.7,18.0
Samurai Warriors 4-II,PS4,2015.0,Action,7.3,24.0
Castlevania: Curse of Darkness,XB,2005.0,Action,7.0,13.0
Lost Planet 3,X360,2013.0,Shooter,5.8,142.0
Battles of Prince of Persia,DS,2005.0,Strategy,7.7,14.0
Turok: Evolution,GBA,2002.0,Shooter,7.0,5.0
Nightshade,PS2,2003.0,Action,7.7,20.0
CSI: Crime Scene Investigation,XB,2004.0,Adventure,7.3,4.0
LEGO Batman 2: DC Super Heroes,WiiU,2013.0,Action,7.3,31.0
Buffy the Vampire Slayer: Chaos Bleeds,XB,2003.0,Action,8.4,14.0
Onechanbara: Bikini Zombie Slayers,Wii,2008.0,Action,8.0,20.0
Tropico 5,PC,2014.0,Simulation,7.0,351.0
Reality Fighters,PSV,2012.0,Fighting,3.8,30.0
Dragon Ball: Origins,DS,2008.0,Action,7.5,15.0
FIFA 17,PC,2016.0,Sports,4.2,160.0
Armored Core: Verdict Day,PS3,2013.0,Simulation,7.4,28.0
Madden NFL 17,PS3,2016.0,Sports,0.2,5.0
Lost in Shadow,Wii,2010.0,Platform,8.7,18.0
NHL 2K3,XB,2002.0,Sports,7.1,14.0
Die Hard: Vendetta,GC,2002.0,Shooter,7.0,10.0
F1 2002,PS2,2002.0,Racing,6.4,10.0
Every Extend Extra,PSP,2006.0,Shooter,7.3,9.0
FIFA Soccer,PSP,2005.0,Sports,7.7,22.0
Darkspore,PC,2011.0,Role-Playing,6.0,133.0
Self-Defense Training Camp,X360,2011.0,Sports,5.0,25.0
Sphinx and the Cursed Mummy,XB,2003.0,Action,9.1,11.0
GT Advance 2: Rally Racing,GBA,2001.0,Racing,6.0,4.0
Deception IV: Blood Ties,PS3,2014.0,Action,8.2,27.0
Tenchu: Shadow Assassins,PSP,2009.0,Action,7.4,18.0
Cabela's Deer Hunt 2005 Season,XB,2004.0,Sports,7.5,6.0
18 Wheels of Steel: Extreme Trucker 2,PC,2011.0,Racing,8.3,10.0
Dead Man's Hand,XB,2004.0,Shooter,8.1,9.0
Smash Cars,PS2,2003.0,Racing,9.0,5.0
NASCAR 07,PS2,2006.0,Racing,8.9,16.0
Tecmo Bowl: Kickoff,DS,2008.0,Sports,7.3,8.0
Lost Horizon,PC,2010.0,Adventure,7.9,27.0
Rugby 15,PS4,2015.0,Sports,3.4,65.0
Dokapon Kingdom,PS2,2007.0,Role-Playing,6.5,8.0
Puzzle Quest 2,DS,2010.0,Puzzle,5.8,11.0
Phantasy Star Collection,GBA,2002.0,Role-Playing,8.1,7.0
Final Fantasy III,PSP,2012.0,Role-Playing,8.9,15.0
Disney Art Academy,3DS,2016.0,Action,6.8,5.0
A Witch's Tale,DS,2009.0,Role-Playing,6.2,9.0
Hyperdimension Neptunia U: Action Unleashed,PSV,2014.0,Action,6.8,44.0
Retro Game Challenge,DS,2007.0,Action,7.3,15.0
Shining Force NEO,PS2,2005.0,Role-Playing,8.1,20.0
FIFA Street 2,GC,2006.0,Sports,5.7,7.0
Fantastic Four: Rise of the Silver Surfer,X360,2007.0,Action,5.4,16.0
Monster Madness: Battle for Suburbia,X360,2007.0,Shooter,5.2,18.0
Tom Clancy's EndWar,PSP,2008.0,Strategy,5.9,8.0
NFL Head Coach 09,X360,2008.0,Sports,8.4,28.0
Star Trek: Conquest,PS2,,Strategy,9.1,10.0
Blood Drive,X360,2010.0,Racing,6.5,10.0
Phantom Dust,XB,2004.0,Action,8.5,35.0
The Walking Dead: Survival Instinct,WiiU,2013.0,Shooter,4.6,49.0
Growlanser Generations,PS2,2003.0,Role-Playing,7.7,19.0
Fatal Frame: Maiden of Black Water,WiiU,2014.0,Action,7.6,226.0
Prince of Persia: Rival Swords,PSP,2007.0,Action,8.2,19.0
Cold Winter,PS2,2005.0,Shooter,8.2,23.0
Ring of Red,PS2,2000.0,Strategy,8.7,11.0
Stubbs the Zombie in Rebel Without a Pulse,XB,2005.0,Action,8.1,16.0
Batman: Dark Tomorrow,XB,2003.0,Action,3.6,18.0
MLB 13: The Show,PSV,2013.0,Sports,7.5,21.0
18 Wheeler: American Pro Trucker,GC,2002.0,Racing,6.8,8.0
The King of Fighters '99,PS,2000.0,Fighting,8.9,39.0
Split/Second,PSP,2010.0,Racing,6.7,15.0
Warhammer: Battle March,X360,2008.0,Strategy,6.7,20.0
Batman: Rise of Sin Tzu,XB,2003.0,Action,7.7,6.0
The King of Fighters XII,X360,2009.0,Fighting,4.2,33.0
Spy vs Spy,XB,2005.0,Action,8.0,8.0
Coraline,PS2,2009.0,Action,2.0,6.0
Cold Fear,PS2,2005.0,Action,7.7,27.0
NHL Hitz 20-03,XB,2002.0,Sports,8.5,13.0
Murakumo: Renegade Mech Pursuit,XB,2002.0,Shooter,7.5,4.0
Gun Metal,XB,2002.0,Shooter,7.6,8.0
Cory in the House,DS,2007.0,Action,9.5,1273.0
BloodRayne,GC,2002.0,Shooter,8.5,4.0
ECW Anarchy Rulz,PS,1999.0,Fighting,6.3,4.0
InuYasha: A Feudal Fairy Tale,PS,2002.0,Fighting,9.0,74.0
Where the Wild Things Are,X360,2009.0,Platform,5.4,5.0
TMNT,PSP,2007.0,Action,4.1,12.0
Sabrina The Teenage Witch: Potion Commotion,GBA,2002.0,Action,2.8,6.0
Yu Yu Hakusho: Tournament Tactics,GBA,2004.0,Strategy,6.8,8.0
WWE All Stars,PS2,2011.0,Fighting,3.4,5.0
MLB Power Pros,PS2,2007.0,Sports,8.8,11.0
Dementium II,DS,2010.0,Shooter,8.3,31.0
GoldenEye: Rogue Agent,DS,2005.0,Shooter,7.5,18.0
BlazBlue: Calamity Trigger Portable,PSP,2010.0,Fighting,7.8,18.0
AirForce Delta Strike,PS2,2004.0,Simulation,7.0,6.0
Pimp My Ride,Wii,2008.0,Racing,3.8,8.0
Capcom vs. SNK 2 EO,GC,2002.0,Fighting,8.9,27.0
Hot Wheels Velocity X,GC,2002.0,Racing,6.4,5.0
Open Season,X360,2006.0,Platform,7.3,9.0
de Blob 2,DS,2011.0,Platform,8.2,6.0
Call of Juarez: The Cartel,PC,2011.0,Shooter,3.3,126.0
Space Chimps,X360,2008.0,Platform,5.3,12.0
FIFA Soccer 06,PSP,2005.0,Sports,7.7,20.0
JASF: Jane's Advanced Strike Fighters,PS3,2011.0,Simulation,3.1,7.0
The History Channel: Battle for the Pacific,Wii,2007.0,Shooter,5.3,6.0
Digimon Story: Cyber Sleuth,PS4,2016.0,Role-Playing,8.5,289.0
Cloudy With a Chance of Meatballs,Wii,2009.0,Platform,5.3,4.0
The Settlers,DS,2007.0,Action,5.6,7.0
Stronghold,PC,2001.0,Strategy,8.9,224.0
Ridge Racer Unbounded,X360,2012.0,Racing,7.7,56.0
Mortal Kombat: Deception,GC,2005.0,Fighting,8.9,15.0
ESPN NHL Hockey,XB,2003.0,Sports,8.4,24.0
John Daly's ProStroke Golf,PS3,2010.0,Sports,4.1,8.0
XXX,GBA,2002.0,Action,5.0,4.0
Worms Forts: Under Siege,PS2,2004.0,Strategy,8.0,15.0
Project: Snowblind,XB,2005.0,Action,7.0,10.0
Astro Boy: The Video Game,PS2,2009.0,Action,5.0,4.0
Gabrielle's Ghostly Groove 3D,3DS,2011.0,Adventure,7.4,9.0
Cake Mania,DS,2007.0,Puzzle,6.1,7.0
Disney's Extreme Skate Adventure,XB,2003.0,Sports,8.3,7.0
Pac-Man World 2,GBA,2005.0,Action,6.0,5.0
Naval Ops: Warship Gunner,PS2,2003.0,Simulation,8.9,23.0
Bionicle Heroes,GC,2006.0,Shooter,5.2,5.0
The King of Fighters 2000/2001,PS2,2003.0,Fighting,8.6,17.0
Valkyrie Drive: Bhikkhuni,PSV,2015.0,Action,8.5,11.0
Bodycount,PS3,2011.0,Shooter,3.5,28.0
Ninja Assault,PS2,2002.0,Shooter,5.3,4.0
Samurai Warriors 4,PSV,2014.0,Action,8.6,18.0
Alias,PS2,2004.0,Action,8.0,10.0
Calling,Wii,2009.0,Adventure,6.7,16.0
Night at the Museum: Battle of the Smithsonian,X360,2009.0,Action,7.1,8.0
Spyborgs,Wii,2009.0,Action,6.3,6.0
NHL Rivals 2004,XB,2003.0,Sports,8.8,20.0
Bodycount,X360,2011.0,Shooter,4.7,73.0
Machinarium,PC,2009.0,Adventure,8.8,526.0
Avatar: The Last Airbender,PSP,2006.0,Adventure,6.3,10.0
Death Jr.: Root of Evil,Wii,2008.0,Platform,8.1,14.0
Michael Phelps: Push the Limit,X360,2011.0,Sports,3.5,6.0
Lost in Blue,DS,2005.0,Adventure,7.8,21.0
Batman: Return to Arkham,XOne,2016.0,Action,8.2,43.0
Constantine,PS2,2005.0,Action,7.4,24.0
Charlie and the Chocolate Factory,XB,2005.0,Adventure,0.5,8.0
Dynasty Tactics 2,PS2,2003.0,Strategy,9.1,13.0
Real World Golf,PS2,2005.0,Sports,6.3,4.0
Ty the Tasmanian Tiger 2: Bush Rescue,XB,2004.0,Platform,8.8,4.0
Blazblue: Continuum Shift Extend,PSV,2011.0,Fighting,7.5,97.0
Mushroom Men: Rise of the Fungi,DS,2008.0,Action,7.3,4.0
The Polar Express,GC,2004.0,Adventure,4.7,9.0
BMX XXX,XB,2002.0,Sports,7.8,9.0
Frogger: Helmet Chaos,PSP,2005.0,Platform,6.4,5.0
Pimp My Ride,X360,2006.0,Racing,3.8,29.0
RIGS: Mechanized Combat League,PS4,2016.0,Action,7.9,76.0
Hellboy: The Science of Evil,X360,2008.0,Action,5.7,9.0
NBA Live 16,XOne,2015.0,Sports,5.6,62.0
Sonic Generations,PC,2011.0,Platform,8.3,337.0
Astro Boy: The Video Game,Wii,2009.0,Action,3.5,4.0
Grand Theft Auto: San Andreas,X360,2008.0,Action,7.5,46.0
[Prototype 2],PC,2012.0,Action,6.4,389.0
Zombie Army Trilogy,XOne,2015.0,Shooter,7.2,40.0
Cabela's North American Adventures,X360,2010.0,Sports,9.0,4.0
Rengoku: The Tower of Purgatory,PSP,2005.0,Action,5.6,22.0
Bust-A-Move DS,DS,2005.0,Puzzle,7.0,6.0
God Eater 2: Rage Burst,PS4,2015.0,Role-Playing,8.0,79.0
BlazBlue: Continuum Shift II,3DS,2011.0,Fighting,6.1,19.0
Mega Man Zero 4,GBA,2005.0,Platform,9.1,21.0
NASCAR '14,PS3,2014.0,Racing,4.6,20.0
Where the Wild Things Are,PS3,2009.0,Platform,4.8,4.0
Shrek: Forever After,X360,2010.0,Platform,6.2,9.0
Dawn of Discovery,DS,2009.0,Simulation,7.3,7.0
Pro Evolution Soccer 2016,XOne,2015.0,Sports,6.2,144.0
Tiger Woods PGA Tour 06,GC,2005.0,Sports,4.8,4.0
ArmA III,PC,2013.0,Shooter,7.4,866.0
FIFA World Cup Germany 2006,PSP,2006.0,Sports,7.3,8.0
Reign of Fire,GC,2002.0,Shooter,5.9,7.0
MLB 14: The Show,PSV,2014.0,Sports,7.0,25.0
Rogue Warrior,X360,2009.0,Shooter,2.8,64.0
Mace Griffin: Bounty Hunter,XB,2003.0,Shooter,8.2,11.0
Martian Gothic: Unification,PS,2001.0,Adventure,6.1,16.0
Fight Club,XB,2004.0,Fighting,4.7,13.0
Tom Clancy's Splinter Cell: Conviction,PC,2010.0,Action,5.2,672.0
FlatOut: Ultimate Carnage,X360,2007.0,Racing,8.8,66.0
Digimon Digital Card Battle,PS,1999.0,Strategy,9.0,44.0
Dragon Ball Z: Battle of Z,PSV,2014.0,Fighting,7.5,54.0
Aquapazza: Aquaplus Dream Match,PS3,2012.0,Fighting,7.8,20.0
Stronghold Kingdoms,PC,2011.0,Strategy,4.9,89.0
Lucha Libre AAA: Heroes del Ring,PS3,2010.0,Fighting,7.1,10.0
Dead to Rights II,XB,2005.0,Shooter,7.4,5.0
Pac-Man and the Ghostly Adventures 2,X360,2014.0,Adventure,6.5,10.0
Trauma Center: Under the Knife 2,DS,2008.0,Simulation,8.5,11.0
SimCity 2000,GBA,2003.0,Simulation,7.8,11.0
X-Men: The Official Game,DS,2006.0,Action,7.8,6.0
"Sakura Wars: So Long, My Love",Wii,2010.0,Role-Playing,7.3,31.0
Mind Zero,PSV,2013.0,Role-Playing,6.0,72.0
Rocky Balboa,PSP,2007.0,Sports,6.6,11.0
Gravity Games Bike: Street Vert Dirt,PS2,2002.0,Sports,4.1,27.0
Top Spin,PS2,2005.0,Sports,7.8,12.0
UFC: Tapout 2,XB,2003.0,Fighting,7.3,4.0
The Book of Unwritten Tales,PC,2009.0,Adventure,8.2,144.0
The Godfather: Mob Wars,PSP,2006.0,Action,7.9,16.0
Vexx,XB,2003.0,Platform,8.5,10.0
F1 Career Challenge,PS2,2003.0,Racing,7.7,15.0
Pariah,XB,2005.0,Action,7.4,19.0
Metal Slug 3,XB,2004.0,Shooter,5.1,15.0
Sacred 3,PS3,2014.0,Role-Playing,3.4,46.0
Winning Eleven: Pro Evolution Soccer 2007,X360,2006.0,Sports,6.5,33.0
Banjo-Pilot,GBA,2005.0,Racing,5.9,9.0
Gallop Racer 2006,PS2,2005.0,Sports,8.3,8.0
Wasteland 2,PC,2015.0,Role-Playing,7.3,1170.0
The First Templar,X360,2011.0,Action,6.3,26.0
Frogger: Ancient Shadow,PS2,2005.0,Platform,4.0,5.0
Pro Evolution Soccer 2014,PC,2013.0,Action,4.4,239.0
Metal Arms: Glitch in the System,GC,2003.0,Shooter,9.3,19.0
Tom Clancy's Splinter Cell: Chaos Theory,GC,2005.0,Action,8.5,15.0
Escape From Monkey Island,PS2,2001.0,Adventure,8.2,11.0
The Lord of the Rings: Conquest,DS,2009.0,Action,7.8,6.0
Gretzky NHL,PSP,2005.0,Sports,7.4,10.0
Dropship: United Peace Force,PS2,2002.0,Simulation,8.6,10.0
Road Rash: Jailbreak,GBA,2003.0,Racing,9.3,23.0
Syberia,XB,2003.0,Action,7.0,5.0
Thrillville: Off the Rails,PSP,2007.0,Strategy,0.6,24.0
Cloudy With a Chance of Meatballs,PS3,2009.0,Platform,6.0,5.0
G1 Jockey 3,PS2,2002.0,Sports,9.0,10.0
Exit DS,DS,2008.0,Puzzle,6.7,6.0
Riviera: The Promised Land,GBA,2004.0,Role-Playing,9.2,21.0
Blades of Time,X360,2012.0,Action,6.5,30.0
Yggdra Union: We'll Never Fight Alone,PSP,2008.0,Role-Playing,7.9,18.0
Bujingai: The Forsaken City,PS2,2003.0,Fighting,7.5,14.0
Universe at War: Earth Assault,X360,2008.0,Action,8.3,57.0
Death By Degrees,PS2,2005.0,Action,6.2,24.0
Rome: Total War,PC,2004.0,Strategy,9.1,1050.0
Doom 3,PC,2004.0,Shooter,7.6,896.0
Ride,XOne,2015.0,Racing,5.3,17.0
NASCAR The Game: Inside Line,X360,2012.0,Racing,3.4,27.0
JU-ON: The Grudge,Wii,2009.0,Action,5.6,34.0
Colin McRae Rally 04,XB,2004.0,Racing,8.1,19.0
FIFA Street,XB,2005.0,Sports,8.0,9.0
The Sims 4: City Living,PC,2016.0,Simulation,5.7,30.0
Hot Wheels: Stunt Track Challenge,XB,2004.0,Racing,6.2,5.0
Blitz: The League II,X360,2008.0,Sports,7.2,13.0
Miami Law,DS,2009.0,Adventure,8.8,4.0
Capcom vs. SNK 2 EO,XB,2003.0,Fighting,8.7,13.0
Hunter: The Reckoning,GC,2002.0,Action,7.6,7.0
Baten Kaitos Origins,GC,2006.0,Role-Playing,8.9,23.0
E·O·E: Eve of Extinction,PS2,2002.0,Fighting,7.2,6.0
NHL 2004,GC,2003.0,Sports,8.4,7.0
Surf's Up,X360,2007.0,Sports,6.1,9.0
X-Men: The Official Game,XB,2006.0,Action,8.1,7.0
RLH: Run Like Hell,PS2,2002.0,Shooter,8.2,9.0
Scribblenauts Unmasked: A DC Comics Adventure,WiiU,2013.0,Puzzle,6.3,39.0
The Ant Bully,PS2,2006.0,Platform,4.2,6.0
Conflict: Global Terror,XB,2005.0,Shooter,7.9,8.0
Monster Rancher EVO,PS2,2005.0,Role-Playing,6.8,8.0
Terraria,PSV,2013.0,Action,7.8,112.0
The Whispered World,PC,2009.0,Adventure,7.6,77.0
Agatha Christie: The ABC Murders,DS,2009.0,Adventure,6.5,4.0
Help Wanted: 50 Wacky Jobs,Wii,2008.0,Simulation,7.0,5.0
Beach Spikers: Virtua Beach Volleyball,GC,2002.0,Sports,8.1,9.0
Draglade,DS,2007.0,Fighting,7.5,4.0
Scribblenauts Unmasked: A DC Comics Adventure,3DS,2013.0,Puzzle,6.2,20.0
Jade Cocoon 2,PS2,2001.0,Role-Playing,7.8,22.0
Mana Khemia: Student Alliance,PSP,2008.0,Role-Playing,5.3,37.0
Van Helsing,GBA,2004.0,Action,6.3,6.0
Bee Movie Game,PS2,2007.0,Action,7.5,4.0
Resident Evil: Revelations 2,PSV,2015.0,Action,7.8,63.0
Record of Agarest War Zero,X360,2010.0,Strategy,6.8,17.0
Kelly Slater's Pro Surfer,XB,2002.0,Sports,8.0,5.0
NFL Tour,X360,2008.0,Sports,3.1,45.0
Harry Potter and the Deathly Hallows - Part 1,PC,2010.0,Action,4.1,33.0
Sudoku Mania,DS,2006.0,Puzzle,3.5,4.0
Codename: Kids Next Door: Operation V.I.D.E.O.G.A.M.E.,PS2,2005.0,Platform,8.0,11.0
Resident Evil: Revelations 2,XOne,2015.0,Action,7.5,106.0
The Bard's Tale,XB,2004.0,Role-Playing,8.8,4.0
Alien Hominid,PS2,2004.0,Shooter,8.3,13.0
Myst,DS,2007.0,Adventure,3.5,6.0
Murdered: Soul Suspect,X360,2014.0,Action,7.2,57.0
nail'd,X360,2010.0,Racing,7.1,16.0
Tom Clancy's Splinter Cell,GBA,2003.0,Action,8.6,8.0
Bullet Witch,X360,2006.0,Shooter,6.1,41.0
Spider-Man: Web of Shadows,DS,2008.0,Action,7.5,14.0
NBA Ballers: Rebound,PSP,2006.0,Sports,7.7,7.0
Silent Scope Complete,XB,2004.0,Shooter,7.4,5.0
King's Field: The Ancient City,PS2,2001.0,Role-Playing,8.5,13.0
Leisure Suit Larry: Box Office Bust,PS3,2009.0,Adventure,1.7,37.0
Indigo Prophecy,XB,2005.0,Adventure,7.7,39.0
Cabela's North American Adventures,PSP,2010.0,Sports,7.8,5.0
Sneakers,XB,2002.0,Puzzle,4.6,8.0
NHL 2K6,X360,2005.0,Sports,6.1,24.0
X-Men: Destiny,Wii,2011.0,Action,4.5,15.0
College Hoops 2K6,XB,2005.0,Sports,9.2,6.0
Contact,DS,2006.0,Role-Playing,8.2,35.0
NBA 2K16,PC,2015.0,Sports,5.7,65.0
Harvey Birdman: Attorney at Law,PSP,2008.0,Adventure,8.0,8.0
Harry Potter and the Deathly Hallows - Part 2,PC,2011.0,Action,5.0,56.0
Predator: Concrete Jungle,XB,2005.0,Action,8.0,10.0
Opoona,Wii,2007.0,Role-Playing,7.7,14.0
Big League Sports,Wii,2008.0,Sports,1.4,10.0
Steins;Gate,PSV,2013.0,Adventure,9.2,87.0
Rocky: Legends,XB,2004.0,Action,5.2,6.0
Star Trek: Shattered Universe,PS2,2004.0,Simulation,8.3,18.0
Ultra Street Fighter IV,PS4,2015.0,Fighting,5.9,94.0
EVE: Valkyrie,PS4,2016.0,Shooter,6.3,37.0
Dragon Ball: Evolution,PSP,2009.0,Fighting,0.9,50.0
The Crew: Wild Run,PS4,2015.0,Action,6.8,50.0
Natural Doctrine,PS4,2014.0,Role-Playing,6.0,79.0
NeverDead,X360,2012.0,Shooter,5.5,65.0
MotoGP 07,PS2,2007.0,Racing,9.1,7.0
Blades of Time,PS3,2012.0,Action,7.2,22.0
Thor: God of Thunder,3DS,2011.0,Action,4.2,5.0
Pro Evolution Soccer 2016,X360,2015.0,Sports,7.0,34.0
Cubic Ninja,3DS,2011.0,Platform,5.9,14.0
F1 2014,PC,2014.0,Racing,4.8,65.0
Harvest Moon: Frantic Farming,DS,2009.0,Puzzle,6.8,6.0
Angry Birds Star Wars,WiiU,2013.0,Strategy,6.8,17.0
Blue Dragon: Awakened Shadow,DS,2009.0,Role-Playing,6.6,10.0
Shining Force EXA,PS2,2007.0,Role-Playing,7.3,17.0
Digimon World DS,DS,2006.0,Role-Playing,7.6,27.0
MySims SkyHeroes,X360,2010.0,Action,5.5,4.0
Guilty Gear Isuka,PS2,2004.0,Fighting,7.5,13.0
Tornado Outbreak,Wii,2009.0,Action,8.2,5.0
Shovel Knight,WiiU,2015.0,Platform,8.3,280.0
Operation Abyss: New Tokyo Legacy,PSV,2014.0,Role-Playing,7.3,24.0
Skylanders: Spyro's Adventure,PC,2011.0,Action,3.5,15.0
Man vs. Wild,X360,2011.0,Action,4.6,8.0
MotoGP 2,XB,2003.0,Racing,8.5,14.0
iCarly 2: iJoin The Click!,Wii,2010.0,Adventure,9.0,10.0
Heatseeker,Wii,2007.0,Action,6.2,32.0
Ar tonelico: Melody of Elemia,PS2,2006.0,Role-Playing,7.7,43.0
Castlevania Double Pack,GBA,2006.0,Platform,8.4,12.0
Samurai Warriors 4: Empires,PS4,2015.0,Action,6.5,15.0
Steel Battalion,XB,2002.0,Simulation,8.5,20.0
Power Stone Collection,PSP,2006.0,Action,6.8,6.0
Cartoon Network: Punch Time Explosion,3DS,2011.0,Fighting,5.9,28.0
"Blast Works: Build, Trade, Destroy",Wii,2008.0,Shooter,7.7,17.0
SNK vs. Capcom Card Fighters DS,DS,2006.0,Strategy,4.8,6.0
Medieval II: Total War,PC,2006.0,Strategy,8.9,648.0
Lego Star Wars: The Force Awakens,PSV,2016.0,Action,7.1,13.0
Darkest of Days,X360,2009.0,Shooter,4.8,76.0
Skylanders Imaginators,XOne,2016.0,Platform,6.0,8.0
Minority Report: Everybody Runs,XB,2002.0,Action,5.0,4.0
NASCAR,PSP,2006.0,Racing,5.3,6.0
One Piece: Burning Blood,PSV,2016.0,Fighting,7.8,10.0
Playboy: The Mansion,XB,2005.0,Simulation,4.1,9.0
Disney's Aladdin in Nasira's Revenge,PS,2000.0,Action,8.3,7.0
Barnyard,PS2,2006.0,Action,8.7,10.0
Ultimate Marvel vs. Capcom 3,PS3,2011.0,Fighting,6.2,114.0
MindJack,X360,2011.0,Shooter,1.2,116.0
Pac-Man World 3,GC,2005.0,Platform,7.3,10.0
Glory Days 2,DS,2007.0,Strategy,7.3,6.0
Brain Age: Concentration Training,3DS,2012.0,Puzzle,7.9,17.0
Crash 'N' Burn,XB,2004.0,Racing,6.4,7.0
Pac-Man and the Ghostly Adventures 2,PS3,2014.0,Adventure,6.3,4.0
Hakuoki: Demon of the Fleeting Blossom,PSP,2009.0,Adventure,8.3,30.0
Speed Kings,PS2,2003.0,Racing,7.8,6.0
Dungeons,PC,2011.0,Strategy,4.6,106.0
Little League World Series Baseball 2008,Wii,2008.0,Sports,8.0,6.0
Winter Stars,X360,2011.0,Sports,6.5,4.0
Bladestorm: The Hundred Years' War,X360,2007.0,Action,6.8,16.0
Burnout Paradise: The Ultimate Box,PC,2009.0,Racing,7.5,435.0
Forever Kingdom,PS2,2001.0,Role-Playing,7.8,6.0
Blitz: Overtime,PSP,2006.0,Sports,7.5,4.0
Altered Beast: Guardian of the Realms,GBA,2002.0,Action,4.8,4.0
The Legend of Heroes: A Tear of Vermillion,PSP,2005.0,Role-Playing,7.7,26.0
Young Justice: Legacy,PS3,2013.0,Action,4.9,15.0
Raven Squad: Operation Hidden Dagger,X360,2009.0,Shooter,3.5,37.0
Age of Empires II: The Age of Kings,PC,1999.0,Strategy,9.0,801.0
Shining Tears,PS2,2004.0,Role-Playing,6.5,11.0
MotoGP,XB,2002.0,Racing,8.4,16.0
Scaler,PS2,2004.0,Platform,8.6,18.0
Halo 2,PC,2007.0,Shooter,5.6,216.0
Gradius V,PS2,2004.0,Shooter,8.5,13.0
Medal of Honor: Vanguard,Wii,2007.0,Shooter,7.0,24.0
Arcania: Gothic 4,X360,2010.0,Role-Playing,5.2,52.0
Psychonauts,PS2,2005.0,Platform,8.7,61.0
Code Lyoko: Quest for Infinity,Wii,2007.0,Action,8.5,8.0
Backyard Sports: Sandlot Sluggers,X360,2010.0,Sports,3.8,4.0
Digimon Rumble Arena 2,PS2,2004.0,Fighting,7.3,23.0
Teenage Mutant Ninja Turtles: Mutants in Manhattan,PS4,2016.0,Action,5.5,163.0
Ribbit King,PS2,2003.0,Sports,6.5,4.0
Alien Hominid,GC,2004.0,Shooter,8.5,15.0
Rygar: The Battle of Argus,Wii,2008.0,Action,7.0,4.0
Ninja Gaiden Black,XB,2005.0,Action,8.7,121.0
Touch Detective,DS,2006.0,Adventure,6.8,6.0
NCAA March Madness 08,PS3,2007.0,Sports,3.8,4.0
InuYasha: Secret of the Divine Jewel,DS,2007.0,Role-Playing,7.6,17.0
Bloody Roar 4,PS2,2003.0,Fighting,8.6,43.0
Let's Ride! Silver Buckle Stables,PS2,2006.0,Sports,7.8,6.0
I-Ninja,GC,2003.0,Platform,7.6,8.0
Steins;Gate 0,PSV,2015.0,Adventure,9.3,20.0
Football Manager 2017,PC,2016.0,Simulation,4.3,57.0
Wild ARMs: Alter Code F,PS2,2003.0,Role-Playing,8.3,26.0
Army Corps of Hell,PSV,2011.0,Action,6.6,28.0
Shrek SuperSlam,XB,2005.0,Action,9.3,4.0
Ultimate Mortal Kombat,DS,2007.0,Fighting,8.6,22.0
Total Overdose: A Gunslinger's Tale in Mexico,PS2,2005.0,Shooter,9.0,25.0
Agassi Tennis Generation,PS2,2003.0,Sports,6.0,4.0
Metal Slug X,PS,2001.0,Shooter,8.8,31.0
Romance of the Three Kingdoms X,PS2,2005.0,Strategy,8.5,10.0
Prinny: Can I Really Be the Hero?,PSP,2008.0,Platform,7.0,41.0
GripShift,PSP,2005.0,Racing,8.7,22.0
Fighting Fantasy: The Warlock of Firetop Mountain,DS,2009.0,Role-Playing,8.1,31.0
Beowulf: The Game,PSP,2007.0,Action,5.4,7.0
Skies of Arcadia,DC,2000.0,Role-Playing,9.4,98.0
NASCAR: Dirt to Daytona,GC,2002.0,Racing,7.3,7.0
Road Trip,PS2,2002.0,Racing,9.0,41.0
Jimmie Johnson's Anything With an Engine,X360,2011.0,Racing,8.8,8.0
echochrome,PSP,2008.0,Puzzle,7.7,13.0
Project Eden,PS2,2001.0,Action,7.8,8.0
Riviera: The Promised Land,PSP,2006.0,Role-Playing,7.7,17.0
Digimon All-Star Rumble,PS3,2014.0,Fighting,5.8,32.0
Driver: Renegade,3DS,2011.0,Racing,5.0,20.0
Yaiba: Ninja Gaiden Z,PS3,2014.0,Action,4.5,84.0
Castlevania: Lords of Shadow 2,X360,2014.0,Action,7.8,239.0
Ghosthunter,PS2,2003.0,Action,8.7,22.0
Shadow of Destiny,PSP,2009.0,Adventure,8.2,5.0
Pro Evolution Soccer 2012,PC,2011.0,Action,6.4,88.0
Mimana Iyar Chronicle,PSP,2009.0,Role-Playing,5.8,8.0
Def Jam Fight For NY: The Takeover,PSP,2006.0,Action,8.2,16.0
Tom Clancy's EndWar,DS,2008.0,Strategy,5.8,4.0
JASF: Jane's Advanced Strike Fighters,X360,2011.0,Simulation,4.5,8.0
The Smurfs 2,PS3,2013.0,Platform,5.0,7.0
Astro Boy: Omega Factor,GBA,2003.0,Action,8.6,18.0
Disgaea Infinite,PSP,2010.0,Adventure,4.4,40.0
Phantom Brave: The Hermuda Triangle,PSP,2010.0,Role-Playing,7.3,11.0
Fullmetal Alchemist: Dual Sympathy,DS,2005.0,Role-Playing,7.3,12.0
The Wolf Among Us,PS3,2014.0,Adventure,8.2,48.0
Lock's Quest,DS,2008.0,Strategy,8.7,27.0
Rugby 2005,PS2,2005.0,Sports,8.6,19.0
Pokemon Rumble World,3DS,2015.0,Action,6.4,69.0
Spectral Force Genesis,DS,2008.0,Role-Playing,7.0,5.0
Last Rebellion,PS3,2010.0,Role-Playing,4.6,34.0
DriveClub VR,PS4,2016.0,Racing,7.4,110.0
Quantum Theory,X360,2010.0,Shooter,3.6,31.0
SpongeBob: HeroPants,X360,2015.0,Platform,3.4,20.0
Tornado Outbreak,PS3,2009.0,Action,7.6,8.0
Justice League Heroes,DS,2006.0,Role-Playing,5.7,7.0
Back to the Future: The Game,PS3,2011.0,Adventure,6.8,51.0
Space Invaders Extreme,PSP,2008.0,Shooter,6.8,13.0
Mystic Heroes,GC,2002.0,Action,8.5,26.0
Zoids Assault,X360,2007.0,Strategy,7.3,7.0
Arslan: The Warriors of Legend,PS4,2015.0,Action,6.6,23.0
Freestyle Metal X,PS2,2003.0,Racing,8.3,17.0
Dark Angel: Vampire Apocalypse,PS2,2001.0,Role-Playing,5.6,5.0
Damnation,PS3,2009.0,Shooter,2.8,40.0
Super Puzzle Fighter II,GBA,,Puzzle,9.5,4.0
Supreme Commander,X360,2008.0,Strategy,5.7,19.0
Transworld Snowboarding,XB,2002.0,Sports,9.2,14.0
World Soccer Winning Eleven 8 International,XB,2004.0,Sports,8.4,11.0
Sniper Elite,XB,2005.0,Shooter,8.5,11.0
Mahjong Cub3D,3DS,2011.0,Puzzle,5.3,4.0
Test Drive: Eve of Destruction,XB,2004.0,Racing,8.7,7.0
Blazblue: Continuum Shift Extend,PS3,2011.0,Fighting,7.5,27.0
Crimson Sea,XB,2002.0,Action,8.2,10.0
Viewtiful Joe: Red Hot Rumble,PSP,2006.0,Action,6.3,6.0
Wolfenstein: The Old Blood,PC,2015.0,Action,7.6,338.0
GRID Autosport,X360,2014.0,Racing,6.0,56.0
Ikaruga,GC,2003.0,Shooter,8.5,42.0
The Suffering: Ties That Bind,XB,2005.0,Action,9.1,8.0
Nobunaga's Ambition: Iron Triangle,PS2,2006.0,Strategy,8.0,7.0
Crysis: Maximum Edition,PC,2009.0,Shooter,8.2,11.0
The Mummy: Tomb of the Dragon Emperor,Wii,2008.0,Action,6.4,5.0
Knights in the Nightmare,PSP,2010.0,Role-Playing,7.7,7.0
Terraria,3DS,2016.0,Action,7.1,21.0
Shrek Smash n' Crash Racing,PSP,2006.0,Racing,9.3,4.0
Digimon World 4,GC,2005.0,Role-Playing,8.1,19.0
Spectral Force 3,X360,2006.0,Role-Playing,7.5,19.0
Ty the Tasmanian Tiger 3: Night of the Quinkan,GC,2005.0,Action,8.0,9.0
The Ant Bully,Wii,2006.0,Platform,1.4,5.0
Risen 3: Titan Lords,PC,2014.0,Role-Playing,5.7,822.0
Battle Fantasia,X360,2008.0,Fighting,6.6,8.0
Fire Pro Wrestling Returns,PS2,2005.0,Sports,8.5,17.0
Obscure: The Aftermath,PSP,2009.0,Action,8.2,20.0
Jimmy Neutron: Boy Genius,GC,2002.0,Platform,5.1,7.0
Henry Hatsworth in the Puzzling Adventure,DS,2009.0,Puzzle,8.0,38.0
Rollcage Stage II,PS,2000.0,Racing,8.9,16.0
Samurai Warriors 2: Xtreme Legends,PS2,2007.0,Action,8.0,9.0
Spider-Man: Edge of Time,Wii,2011.0,Action,5.2,6.0
Jumper: Griffin's Story,Wii,2008.0,Action,2.5,11.0
Forgotten Realms: Demon Stone,XB,2004.0,Action,6.5,6.0
LEGO Star Wars II: The Original Trilogy,GBA,2006.0,Action,7.0,6.0
Tim Burton's The Nightmare Before Christmas: Oogie's Revenge,XB,2005.0,Adventure,7.3,6.0
Top Gear Rally,GBA,2003.0,Racing,7.6,5.0
Red Faction: Armageddon,PC,2011.0,Shooter,6.7,273.0
Rugby 15,XOne,2015.0,Sports,3.1,30.0
XIII,GC,2003.0,Shooter,7.7,20.0
Wizardry: Tale of the Forsaken Land,PS2,2001.0,Role-Playing,7.5,6.0
ShellShock 2: Blood Trails,X360,2009.0,Shooter,5.9,33.0
F.E.A.R. Files,X360,2007.0,Shooter,7.1,16.0
Assassin's Creed Chronicles,PS4,2016.0,Action,6.1,12.0
The Smurfs 2,WiiU,2013.0,Platform,5.6,21.0
Lara Croft and the Temple of Osiris,PS4,2014.0,Action,6.7,128.0
The Sims 2: Apartment Life,PC,2008.0,Simulation,7.7,19.0
Killer7,PS2,2005.0,Action,8.1,36.0
Age of Mythology,PC,2002.0,Strategy,8.9,484.0
Astro Boy,PS2,2004.0,Action,6.9,7.0
Puss in Boots,PS3,2011.0,Action,7.0,4.0
Monster House,GBA,2006.0,Adventure,9.0,4.0
Cloudy With a Chance of Meatballs,X360,2009.0,Platform,6.5,11.0
MetropolisMania,PS2,2001.0,Strategy,7.1,16.0
NCAA Football 08,XB,2007.0,Sports,8.1,8.0
Ephemeral Fantasia,PS2,2000.0,Role-Playing,6.3,39.0
Counter-Strike: Source,PC,2004.0,Shooter,8.9,9851.0
Gray Matter,PC,2011.0,Adventure,7.7,80.0
America's Army: True Soldiers,X360,2007.0,Shooter,6.7,55.0
Raiden Fighters Aces,X360,2008.0,Shooter,7.5,12.0
NASCAR The Game: Inside Line,PS3,2012.0,Racing,4.5,15.0
Star Wars: Empire at War,PC,2006.0,Strategy,8.4,240.0
BlazBlue Central Fiction,PS4,2016.0,Fighting,7.6,39.0
Jaws: Ultimate Predator,Wii,2011.0,Action,6.3,4.0
Sega GT Online,XB,2003.0,Racing,9.2,5.0
Knights in the Nightmare,DS,2008.0,Role-Playing,8.6,23.0
Marvel Nemesis: Rise of the Imperfects,DS,2005.0,Fighting,6.5,16.0
Zoids: Legacy,GBA,2003.0,Role-Playing,8.9,9.0
Nano Assault,3DS,2011.0,Shooter,7.7,18.0
Captain America: Super Soldier,3DS,2011.0,Action,5.0,6.0
Onimusha Tactics,GBA,2003.0,Strategy,8.7,7.0
Bomberman Jetters,GC,2002.0,Puzzle,7.9,10.0
TOCA Race Driver 3,PS2,2006.0,Racing,7.2,15.0
Mad Dog McCree: Gunslinger Pack,Wii,2009.0,Shooter,5.0,11.0
How to Train Your Dragon 2,WiiU,2014.0,Adventure,4.9,7.0
Blacksite: Area 51,PS3,2007.0,Shooter,6.3,18.0
Disney's Donald Duck: Goin' Quackers,PS2,2000.0,Platform,7.3,7.0
Angry Birds Star Wars,PSV,2013.0,Strategy,2.0,13.0
Exit,PSP,2005.0,Puzzle,7.7,13.0
Harvey Birdman: Attorney at Law,Wii,2008.0,Adventure,7.8,5.0
Aliens versus Predator: Extinction,XB,2003.0,Strategy,7.7,21.0
Bejeweled 3,PC,2010.0,Puzzle,8.1,86.0
RTX Red Rock,PS2,2003.0,Shooter,5.0,4.0
FIFA Street 2,XB,2006.0,Sports,7.1,9.0
Smart Bomb,PSP,2005.0,Puzzle,5.4,5.0
Shining Force: Resurrection of the Dark Dragon,GBA,2004.0,Role-Playing,8.8,15.0
Shining Soul II,GBA,2003.0,Role-Playing,8.3,9.0
Guilty Gear XX Accent Core Plus,PSP,2008.0,Fighting,6.7,9.0
The Golf Club,PS4,2014.0,Sports,6.3,67.0
Hello Kitty: Roller Rescue,GC,2005.0,Action,6.8,6.0
Metal Slug Advance,GBA,2004.0,Shooter,8.3,14.0
Pac-Man World Rally,GC,2006.0,Racing,7.8,4.0
Blazing Angels: Squadrons of WWII,XB,2006.0,Simulation,6.8,4.0
God Eater Resurrection,PS4,2015.0,Action,7.8,44.0
NHL 2K7,X360,2006.0,Sports,7.9,166.0
Miami Nights: Singles in the City,DS,2008.0,Simulation,7.1,7.0
Shovel Knight,PS4,2015.0,Platform,7.6,312.0
Strider 2,PS,2000.0,Platform,8.1,11.0
Invizimals: The Alliance,PSV,2013.0,Action,6.8,10.0
Death Jr. and the Science Fair of Doom,DS,2007.0,Platform,7.5,6.0
Shin Megami Tensei: Digital Devil Saga 2,PS2,2005.0,Role-Playing,7.9,38.0
Pro Evolution Soccer 2013,PC,2012.0,Sports,6.9,182.0
Transformers: Devastation,PS3,2015.0,Action,7.1,17.0
Battleborn,PC,2016.0,Shooter,6.9,400.0
Agatha Christie: Evil Under the Sun,Wii,2008.0,Adventure,7.3,6.0
Don King Boxing,DS,2009.0,Sports,7.8,5.0
Grand Prix Challenge,PS2,2002.0,Racing,9.2,9.0
FIFA Soccer 2005,GBA,2004.0,Sports,7.8,5.0
ShellShock 2: Blood Trails,PS3,2009.0,Shooter,4.8,27.0
Mega Man Legacy Collection,PS4,2016.0,Platform,6.1,55.0
Knights Contract,PS3,2011.0,Action,6.0,8.0
NHL 06,GC,2005.0,Sports,9.3,7.0
State of Emergency 2,PS2,2006.0,Shooter,5.8,15.0
Fatal Frame III: The Tormented,PS2,2005.0,Action,8.9,58.0
Seven Samurai 20XX,PS2,2004.0,Action,7.0,6.0
Adventure Time: The Secret of the Nameless Kingdom,3DS,2014.0,Action,5.6,8.0
Risen 3: Titan Lords,PS3,2014.0,Role-Playing,3.7,77.0
Transformers: Devastation,X360,2015.0,Action,8.4,25.0
Tornado Outbreak,X360,2009.0,Action,8.0,6.0
Ninjabread Man,Wii,2007.0,Action,1.7,52.0
Tom Clancy's Splinter Cell: Pandora Tomorrow,GC,2004.0,Action,8.0,11.0
Battlefield 2,PC,2005.0,Shooter,8.4,837.0
Swingerz Golf,GC,2002.0,Sports,9.3,4.0
Titanfall 2,PC,2016.0,Shooter,8.0,488.0
Persona 4: Arena Ultimax,X360,2014.0,Fighting,7.4,35.0
Supremacy MMA,X360,2011.0,Fighting,6.2,11.0
The King of Fighters 2006,PS2,2006.0,Fighting,8.6,17.0
The Hidden,3DS,,Adventure,4.2,5.0
Nobunaga's Ambition: Rise to Power,PS2,2004.0,Strategy,8.8,6.0
FIFA Soccer 2003,GC,2002.0,Sports,7.8,10.0
Major League Baseball 2K11,PC,2011.0,Sports,5.9,16.0
The Italian Job,XB,2003.0,Racing,5.8,5.0
SafeCracker: The Ultimate Puzzle Adventure,Wii,2008.0,Puzzle,7.8,4.0
Warriors Orochi 3 Hyper,WiiU,2012.0,Action,7.4,31.0
NBA 10: The Inside,PSP,2009.0,Sports,3.0,13.0
PAC-MAN and the Ghostly Adventures,PS3,2013.0,Platform,3.1,7.0
The Legend of Alon D'ar,PS2,2001.0,Role-Playing,6.7,10.0
The Sims 3: Fast Lane Stuff,PC,2010.0,Simulation,5.4,14.0
Big Mutha Truckers,GC,2003.0,Racing,8.2,6.0
Super Robot Taisen OG Saga: Endless Frontier,DS,2008.0,Role-Playing,9.0,22.0
Sniper: Ghost Warrior 2,PC,2013.0,Shooter,5.8,320.0
Samurai Shodown Sen,X360,2009.0,Fighting,5.2,12.0
Samurai Western,PS2,2004.0,Action,7.6,5.0
Looney Tunes: Acme Arsenal,X360,2007.0,Action,6.8,13.0
Line Rider 2: Unbound,DS,2008.0,Puzzle,5.6,5.0
Harry Potter and the Sorcerer's Stone,GC,2003.0,Action,8.3,6.0
High Heat Major League Baseball 2004,XB,2003.0,Sports,8.4,8.0
TimeSplitters: Future Perfect,GC,2005.0,Shooter,9.1,41.0
"Warhammer 40,000: Dawn of War II - Retribution",PC,2011.0,Strategy,7.8,235.0
Incredible Crisis,PS,1999.0,Action,7.5,11.0
The King of Fighters EX2: Howling Blood,GBA,2002.0,Fighting,9.1,10.0
Ice Age 2: The Meltdown,Wii,2006.0,Platform,7.8,5.0
Knights Contract,X360,2011.0,Action,5.6,16.0
Hidden Invasion,PS2,2001.0,Shooter,5.8,4.0
Superman: Shadow of Apokolips,GC,2003.0,Action,7.3,8.0
Armored Core 3 Portable,PSP,2009.0,Simulation,6.7,6.0
PAC-MAN and the Ghostly Adventures,X360,2013.0,Platform,5.1,13.0
Batman: Dark Tomorrow,GC,2003.0,Action,3.2,19.0
Crush,PSP,2007.0,Puzzle,9.0,21.0
The First Templar,PC,2011.0,Action,5.8,60.0
Jillian Michaels Fitness Ultimatum 2010,DS,2009.0,Sports,8.2,5.0
Earth Defense Force 2017,X360,2006.0,Action,7.7,60.0
Tomb Raider: Legend,GC,2006.0,Action,7.8,8.0
RoadKill,XB,2003.0,Action,7.4,5.0
Game of Thrones,PC,2012.0,Role-Playing,6.5,345.0
From Russia With Love,PSP,2006.0,Action,6.9,12.0
Lost Dimension,PSV,2014.0,Role-Playing,8.3,35.0
Resident Evil 6,PS4,2016.0,Shooter,6.7,94.0
Assassin's Creed: Rogue,PC,2015.0,Action,7.5,362.0
Taz Wanted,GC,2002.0,Platform,7.0,5.0
Tomb Raider: Underworld,PC,2008.0,Action,7.7,272.0
Evolution Worlds,GC,2002.0,Role-Playing,8.0,10.0
Far Cry Vengeance,Wii,2006.0,Shooter,5.3,53.0
Code Lyoko: Fall of X.A.N.A.,DS,2008.0,Adventure,6.3,4.0
Worms: A Space Oddity,Wii,2008.0,Strategy,4.3,13.0
MLB Front Office Manager,PS3,2009.0,Sports,6.5,8.0
X Rebirth,PC,2013.0,Simulation,3.3,1340.0
Song of the Deep,PS4,2016.0,Action,7.3,30.0
Super Monkey Ball Adventure,PSP,2006.0,Platform,5.9,7.0
Worms: Open Warfare,DS,2006.0,Strategy,7.0,16.0
Gadget Racers,PS2,2000.0,Racing,7.4,7.0
Phantasy Star Online Episode III: C.A.R.D. Revolution,GC,2003.0,Role-Playing,8.2,13.0
Assassin's Creed The Ezio Collection,XOne,2016.0,Action,7.6,24.0
Ultimate Ghosts 'n Goblins,PSP,2006.0,Platform,7.7,18.0
Samurai Warriors 2,X360,2006.0,Action,8.7,18.0
TrackMania DS,DS,2008.0,Racing,6.9,12.0
Silent Hunter III,PC,2005.0,Simulation,7.9,95.0
Alien Syndrome,PSP,2007.0,Role-Playing,6.0,9.0
Endgame,PS2,2002.0,Shooter,6.8,5.0
The Dukes of Hazzard: Return of the General Lee,XB,2004.0,Racing,7.0,4.0
The Sims 3: Barnacle Bay,PC,2011.0,Simulation,6.7,9.0
WWE Crush Hour,GC,2003.0,Racing,7.0,5.0
Metal Gear Solid V: The Phantom Pain,PC,2015.0,Action,7.7,1963.0
NHL Hitz 20-03,GC,2002.0,Sports,8.4,5.0
C.O.P.: The Recruit,DS,2009.0,Action,7.5,13.0
Urban Reign,PS2,2005.0,Action,8.2,26.0
Soul Bubbles,DS,2008.0,Puzzle,8.0,22.0
Resident Evil 3: Nemesis,GC,2003.0,Action,8.3,44.0
All-Star Baseball 2004,GC,2003.0,Sports,9.2,5.0
Bangai-O Spirits,DS,2008.0,Shooter,8.1,27.0
Valentino Rossi: The Game,PS4,2016.0,Racing,8.0,50.0
Whac-A-Mole,DS,2005.0,Puzzle,5.4,7.0
Samurai Warriors Chronicles 3,3DS,2014.0,Action,6.1,10.0
Lost in Blue: Shipwrecked,Wii,2008.0,Adventure,6.0,6.0
Madden NFL 08,GC,2007.0,Sports,7.0,7.0
Stuart Little 3: Big Photo Adventure,PS2,2005.0,Platform,7.7,7.0
Serious Sam 3: BFE,PC,2011.0,Shooter,8.2,586.0
Infernal: Hell's Vengeance,X360,2009.0,Shooter,5.3,10.0
Pitfall: The Lost Expedition,GC,2004.0,Platform,8.6,8.0
Duke Nukem: Land of the Babes,PS,2000.0,Shooter,6.8,20.0
Puchi Puchi Virus,DS,2007.0,Puzzle,4.2,5.0
Need For Speed: Undercover,PC,2008.0,Racing,4.9,231.0
Need for Speed: Most Wanted,PC,2012.0,Racing,8.5,525.0
The Wolf Among Us,XOne,2014.0,Adventure,8.5,82.0
Zero Escape: Zero Time Dilemma,3DS,2016.0,Adventure,8.5,72.0
Stella Deus: The Gate of Eternity,PS2,2004.0,Strategy,8.0,9.0
Vietcong: Purple Haze,XB,2004.0,Shooter,8.4,11.0
Conflict: Desert Storm,GC,2003.0,Shooter,8.4,13.0
P.T.O. IV: Pacific Theater of Operations,PS2,2002.0,Strategy,6.6,5.0
Elebits: The Adventures of Kai and Zero,DS,2008.0,Adventure,8.3,4.0
Far Cry Instincts Evolution,XB,2006.0,Shooter,6.3,32.0
Rayman Origins,PC,2012.0,Platform,8.4,337.0
Medal of Honor: Underground,GBA,2002.0,Shooter,1.7,11.0
Dynasty Warriors 3,XB,2002.0,Action,8.9,20.0
Jimmie Johnson's Anything With an Engine,PS3,2011.0,Racing,6.8,4.0
Grand Ages: Medieval,PS4,2015.0,Strategy,7.1,12.0
The Legend of Kage 2,DS,2008.0,Action,6.3,4.0
Baroque,Wii,2008.0,Role-Playing,8.1,24.0
Lost Dimension,PS3,2014.0,Role-Playing,7.3,27.0
Magic Pengel: The Quest for Color,PS2,2002.0,Role-Playing,7.5,12.0
Agatha Christie: And Then There Were None,Wii,2008.0,Adventure,6.2,12.0
Futurama,PS2,2003.0,Platform,6.6,14.0
The History Channel: Battle for the Pacific,PS3,2008.0,Shooter,2.4,15.0
Rayman 3: Hoodlum Havoc,XB,2003.0,Platform,7.9,8.0
Superman Returns,DS,2006.0,Action,4.9,13.0
Super Ghouls 'n Ghosts,GBA,2002.0,Platform,8.8,4.0
Legend of the Guardians: The Owls of Ga'Hoole,X360,2010.0,Action,8.0,5.0
Need for Speed Underground 2,PC,2004.0,Racing,8.5,407.0
Gladius,GC,2003.0,Strategy,8.8,12.0
The Hustle: Detroit Streets,PSP,2005.0,Sports,5.3,4.0
Blood Drive,PS3,2010.0,Racing,7.0,5.0
Escape Dead Island,PS3,2014.0,Action,3.5,51.0
Torchlight,PC,2009.0,Role-Playing,8.0,794.0
Pac-Man World 3,PSP,2005.0,Platform,6.0,4.0
Rogue Trooper: Quartz Zone Massacre,Wii,2009.0,Shooter,8.2,5.0
Disney's Planes,3DS,2013.0,Simulation,4.3,6.0
Damage Inc.: Pacific Squadron WWII,X360,2012.0,Simulation,5.5,6.0
Smashing Drive,GC,,Racing,5.2,6.0
F.E.A.R. 2: Project Origin,PC,2009.0,Shooter,7.8,520.0
Toy Soldiers: War Chest,PS4,2015.0,Action,7.7,61.0
Godai: Elemental Force,PS2,2002.0,Action,3.8,19.0
Still Life,XB,2005.0,Adventure,8.2,5.0
Big Mutha Truckers 2,XB,2005.0,Racing,3.4,5.0
SpongeBob's Truth or Square,X360,2009.0,Action,6.5,15.0
I-Ninja,XB,2003.0,Platform,8.4,8.0
The Lord of the Rings: The Battle for Middle-Earth,PC,2004.0,Strategy,8.6,199.0
Kessen III,PS2,2004.0,Strategy,8.1,20.0
The King of Fighters Collection: The Orochi Saga,PSP,2008.0,Fighting,7.0,9.0
Aero Elite: Combat Academy,PS2,2002.0,Simulation,7.0,8.0
Wrath Unleashed,PS2,2004.0,Strategy,6.0,6.0
Divinity II: Ego Draconis,PC,2009.0,Role-Playing,7.7,125.0
Commandos 2: Men of Courage,XB,2002.0,Strategy,8.4,5.0
Emergency 2012,PC,2010.0,Simulation,6.2,12.0
Overlord: Minions,DS,2009.0,Puzzle,5.5,4.0
Fairy Fencer F: Advent Dark Force,PS4,2015.0,Role-Playing,6.2,34.0
Hearts of Iron III,PC,2009.0,Strategy,7.1,233.0
Kengo: Legend of The 9,X360,2006.0,Fighting,4.1,14.0
Romance of the Three Kingdoms XI,PS2,2007.0,Strategy,8.4,8.0
Hammerin' Hero,PSP,2008.0,Action,7.3,8.0
Dark Souls III,PC,2016.0,Role-Playing,8.6,1848.0
TMNT: Mutant Melee,GC,2005.0,Fighting,2.8,4.0
Combat: Task Force 121,XB,2005.0,Shooter,8.5,4.0
Circus Maximus: Chariot Wars,XB,2002.0,Racing,5.0,4.0
Serious Sam: Next Encounter,PS2,2004.0,Shooter,7.8,17.0
Tom Clancy's Ghost Recon 2,GC,2005.0,Shooter,1.4,11.0
Port Royale 3,PS3,,Simulation,8.9,9.0
Monster Racers,DS,2009.0,Racing,9.0,5.0
Speed Zone,Wii,2009.0,Racing,3.8,11.0
James Cameron's Dark Angel,XB,2002.0,Action,8.3,6.0
Aqua Teen Hunger Force: Zombie Ninja Pro-Am,PS2,2007.0,Racing,5.9,10.0
Dream Trigger 3D,3DS,,Shooter,6.3,29.0
Jumper: Griffin's Story,PS2,2008.0,Action,4.2,5.0
Operation Darkness,X360,2007.0,Role-Playing,7.0,21.0
Galerians: Ash,PS2,2002.0,Adventure,7.9,11.0
Dead Island: Riptide,PC,,Action,6.0,441.0
R-Type Command,PSP,2007.0,Strategy,6.5,6.0
Haunting Ground,PS2,2005.0,Action,8.8,44.0
Grand Kingdom,PS4,2015.0,Role-Playing,8.1,63.0
Robocalypse,DS,2008.0,Strategy,8.6,18.0
Homie Rollerz,DS,2008.0,Racing,2.4,12.0
Escape Dead Island,X360,2014.0,Action,3.8,74.0
Tom Clancy's Splinter Cell: Chaos Theory,DS,2005.0,Action,7.0,25.0
SimCity 4: Deluxe Edition,PC,2003.0,Simulation,8.3,37.0
CSI: Dark Motives,DS,2007.0,Adventure,6.7,6.0
Romance of the Three Kingdoms IX,PS2,2003.0,Strategy,8.9,10.0
Second Sight,XB,2004.0,Adventure,8.0,6.0
Operation Flashpoint: Red River,PC,2011.0,Shooter,4.9,103.0
Vanguard Bandits,PS,1998.0,Strategy,7.4,15.0
MLB Front Office Manager,X360,2009.0,Sports,4.6,10.0
Child of Light,PSV,2014.0,Role-Playing,7.8,108.0
Silent Hill: Origins,PS2,2008.0,Action,7.4,59.0
Resident Evil: Revelations 2,X360,2015.0,Action,6.6,48.0
Harry Potter and the Sorcerer's Stone,XB,2003.0,Action,6.0,5.0
McFarlane's Evil Prophecy,PS2,,Action,3.2,5.0
Damnation,X360,2009.0,Shooter,5.6,50.0
Samurai Warriors,XB,2004.0,Action,9.0,5.0
FIFA Soccer 2004,GC,2003.0,Sports,6.2,12.0
Record of Agarest War,PS3,2007.0,Role-Playing,6.8,34.0
Dave Mirra BMX Challenge,PSP,2006.0,Sports,4.6,10.0
Rayman 3: Hoodlum Havoc,GC,2003.0,Platform,8.3,21.0
Tony Hawk's Pro Skater 5,X360,2015.0,Sports,2.8,10.0
Ghost in the Shell: Stand Alone Complex,PSP,2005.0,Adventure,7.4,14.0
Open Season,Wii,2006.0,Platform,5.6,7.0
Drake of the 99 Dragons,XB,,Shooter,1.8,37.0
BlazBlue: Chrono Phantasma,PSV,2014.0,Fighting,7.8,28.0
Crimson Sea 2,PS2,2004.0,Action,8.3,6.0
Tokyo Twilight Ghost Hunters,PSV,2014.0,Role-Playing,7.0,16.0
Saint Seiya: Brave Soldiers,PS3,2013.0,Fighting,7.4,45.0
Earth Defense Force 2: Invaders from Planet Space,PSV,2014.0,Action,8.5,22.0
Digimon World Championship,DS,2008.0,Role-Playing,6.5,13.0
RayStorm,PS,1997.0,Shooter,7.8,4.0
Dynasty Warriors 8: Empires,XOne,2014.0,Action,6.8,15.0
Catwoman,GC,2004.0,Action,6.1,7.0
Colosseum: Road to Freedom,PS2,2005.0,Role-Playing,8.3,17.0
Football Manager 2010,PC,2009.0,Sports,9.0,262.0
Target: Terror,Wii,2008.0,Shooter,2.7,16.0
Mugen Souls Z,PS3,2013.0,Role-Playing,6.4,56.0
BeatMania,PS2,2006.0,Simulation,8.9,11.0
Silpheed: The Lost Planet,PS2,2000.0,Shooter,7.5,4.0
Real Time Conflict: Shogun Empires,DS,2005.0,Strategy,5.6,11.0
Spartan: Total Warrior,GC,2005.0,Action,8.3,15.0
Pitfall: The Lost Expedition,XB,2004.0,Platform,7.8,4.0
River City Ransom EX,GBA,2004.0,Action,8.4,7.0
Bionicle Heroes,X360,2006.0,Shooter,5.9,22.0
Fable: The Lost Chapters,PC,2005.0,Role-Playing,8.7,489.0
Crazy Taxi 2,DC,2001.0,Racing,8.1,29.0
The Sims 2: Seasons,PC,2007.0,Simulation,7.3,29.0
The Testament of Sherlock Holmes,PC,2012.0,Adventure,8.0,128.0
Robot Alchemic Drive,PS2,2002.0,Action,8.2,13.0
Tomb Raider: Legend,DS,2006.0,Action,8.0,7.0
Warhammer: Battle For Atluma,PSP,2006.0,Action,7.4,8.0
Eagle Flight,PS4,2016.0,Adventure,7.8,22.0
Operation: Vietnam,DS,2007.0,Shooter,6.3,4.0
Fighter Maker 2,PS2,2002.0,Fighting,7.8,5.0
Lifeline,PS2,2003.0,Adventure,7.7,9.0
Dragon Valor,PS,1999.0,Role-Playing,8.3,10.0
NHL 2005,GC,2004.0,Sports,5.6,5.0
Microsoft Flight Simulator 2004: A Century of Flight,PC,2003.0,Simulation,8.2,49.0
Anubis II,Wii,2007.0,Platform,2.7,28.0
Goodbye Deponia,PC,2013.0,Adventure,7.9,171.0
The Book of Unwritten Tales 2,PS4,2015.0,Adventure,8.6,7.0
Inversion,PS3,2012.0,Shooter,5.4,43.0
Ultimate Marvel vs. Capcom 3,X360,2011.0,Fighting,6.2,85.0
The Powerpuff Girls: Relish Rampage,GC,2002.0,Action,7.6,5.0
Army Men: RTS,GC,2004.0,Strategy,8.5,4.0
Assassin's Creed Chronicles,PSV,2016.0,Action,8.0,24.0
Dragoneer's Aria,PSP,2007.0,Role-Playing,6.0,7.0
N+,DS,2007.0,Platform,7.4,20.0
Obscure,PS2,2004.0,Adventure,8.9,39.0
Sega Soccer Slam,GC,2002.0,Sports,7.7,7.0
Deep Labyrinth,DS,2006.0,Action,8.8,4.0
Spawn: Armageddon,GC,2003.0,Action,7.2,9.0
God Hand,PS2,2006.0,Action,7.7,165.0
Legends of Wrestling II,GBA,2002.0,Fighting,3.7,10.0
Jurassic Park: Operation Genesis,XB,2003.0,Simulation,8.8,19.0
RedCard 20-03,PS2,2002.0,Sports,9.0,6.0
Future Tactics: The Uprising,PS2,2004.0,Strategy,6.0,6.0
Driver: Parallel Lines,XB,2006.0,Racing,4.6,17.0
Top Gun,PS3,2011.0,Simulation,4.4,5.0
Batman: Rise of Sin Tzu,GBA,2003.0,Action,6.8,4.0
Dragon Ball Z: Battle of Z,X360,2014.0,Fighting,5.1,44.0
World Racing,XB,2003.0,Racing,8.1,8.0
Resident Evil 5,PC,2009.0,Action,7.1,597.0
X-Men: The Official Game,GBA,2006.0,Action,9.3,6.0
The King of Fighters 02/03,PS2,2005.0,Fighting,8.8,14.0
Port Royale 3,X360,,Simulation,4.5,6.0
Sly 2: Band of Thieves,PS3,2010.0,Platform,7.4,23.0
Armored Core: Nine Breaker,PS2,2004.0,Simulation,8.2,5.0
Terraria,PS4,2014.0,Action,7.9,47.0
Cabela's Big Game Hunter 2005 Adventures,GC,2004.0,Sports,8.8,9.0
Worms 3D,GC,2003.0,Strategy,7.6,19.0
BlazBlue: Chrono Phantasma Extend,XOne,2015.0,Action,6.3,4.0
TRON: Evolution,PC,2010.0,Action,6.0,25.0
Pac-Man and the Ghostly Adventures 2,WiiU,2014.0,Adventure,7.0,9.0
The Guided Fate Paradox,PS3,2013.0,Role-Playing,7.8,66.0
Mayhem 3D,X360,2011.0,Racing,8.6,9.0
Alex Rider: Stormbreaker,DS,,Action,6.1,10.0
WipEout HD Fury,PS3,2009.0,Racing,8.4,115.0
Fallout: Brotherhood of Steel,PS2,2004.0,Role-Playing,4.1,51.0
"Flower, Sun, and Rain",DS,2008.0,Adventure,7.1,15.0
Gunstar Super Heroes,GBA,2005.0,Shooter,8.5,13.0
Cities XL 2012,PC,2011.0,Strategy,5.6,95.0
Worms Forts: Under Siege,XB,2004.0,Strategy,8.0,6.0
Full Spectrum Warrior: Ten Hammers,PS2,2006.0,Strategy,8.0,5.0
Natural Doctrine,PSV,2014.0,Role-Playing,7.5,29.0
Prince of Persia: The Fallen King,DS,2008.0,Action,6.0,9.0
NHL Hitz Pro,XB,2003.0,Sports,8.8,12.0
Broken Sword 5: The Serpent's Curse,PS4,2015.0,Adventure,7.2,23.0
Alan Wake,PC,2012.0,Action,8.0,1473.0
Risen 3: Titan Lords,X360,2014.0,Role-Playing,4.4,69.0
Steambot Chronicles: Battle Tournament,PSP,2008.0,Fighting,6.3,8.0
Wings of War,XB,2004.0,Simulation,5.0,5.0
187: Ride or Die,XB,2005.0,Racing,6.9,8.0
RPG Maker 3,PS2,2004.0,Role-Playing,7.9,14.0
Kabuki Warriors,XB,2001.0,Action,2.5,12.0
Age of Empires III: The Asian Dynasties,PC,2007.0,Strategy,8.5,71.0
IL-2 Sturmovik: Birds of Prey,DS,2009.0,Simulation,2.4,5.0
NanoBreaker,PS2,2005.0,Action,6.7,11.0
Bionicle,XB,2003.0,Action,1.5,4.0
GRID 2,PC,2013.0,Racing,5.7,571.0
Cabela's Trophy Bucks,Wii,2008.0,Sports,6.0,5.0
Criminal Girls: Invite Only,PSV,2013.0,Role-Playing,6.7,37.0
Miami Vice: The Game,PSP,2006.0,Shooter,7.0,12.0
Samurai Warriors Chronicles 3,PSV,2014.0,Action,7.9,14.0
BMX XXX,GC,2002.0,Sports,5.0,7.0
One Piece: Unlimited World Red,WiiU,2014.0,Action,7.8,43.0
Aggressive Inline,XB,2002.0,Sports,7.7,7.0
Insecticide,DS,2008.0,Action,7.0,5.0
XGRA: Extreme G Racing Association,PS2,2003.0,Racing,8.6,8.0
Mario vs. Donkey Kong: Tipping Stars,3DS,2015.0,Puzzle,7.5,48.0
Tournament of Legends,Wii,2010.0,Fighting,6.9,11.0
Escape from Bug Island,Wii,2006.0,Action,5.0,25.0
Gradius Collection,PSP,2006.0,Shooter,8.5,4.0
Fist of the North Star: Ken's Rage 2,X360,2012.0,Fighting,7.1,20.0
Gallop Racer 2004,PS2,2004.0,Sports,8.7,12.0
Mobile Suit Gundam Seed: Never Ending Tomorrow,PS2,2004.0,Shooter,7.8,10.0
F1 2001,XB,2001.0,Racing,5.5,8.0
Crimson Gem Saga,PSP,2008.0,Role-Playing,7.5,30.0
Monster Tale,DS,2011.0,Platform,8.0,15.0
Legend of the Dragon,Wii,2007.0,Fighting,4.8,5.0
Cel Damage,GC,2002.0,Racing,6.8,11.0
Mirror's Edge Catalyst,PC,2016.0,Platform,4.4,606.0
Arc the Lad: End of Darkness,PS2,2004.0,Role-Playing,4.2,10.0
Tom Clancy's Splinter Cell: Pandora Tomorrow,GBA,2004.0,Action,6.2,6.0
Tokobot,PSP,2005.0,Platform,7.3,8.0
Land of the Dead: Road to Fiddler's Green,XB,2005.0,Shooter,5.8,10.0
Odin Sphere: Leifthrasir,PS3,2016.0,Role-Playing,7.0,29.0
Assetto Corsa,PS4,2016.0,Racing,6.2,70.0
NHL 2K9,Wii,2008.0,Sports,5.4,19.0
"Warhammer 40,000: Squad Command",DS,2007.0,Strategy,7.9,16.0
Johnny Test,DS,2011.0,Platform,0.9,7.0
One Piece: Burning Blood,XOne,2016.0,Fighting,5.8,12.0
TrackMania Turbo,XOne,2016.0,Action,7.7,27.0
Pro Evolution Soccer 2015,PC,2014.0,Sports,5.8,173.0
Zero Escape: Zero Time Dilemma,PSV,2016.0,Adventure,8.3,116.0
Bionicle Heroes,DS,2006.0,Shooter,6.4,15.0
Mystic Heroes,PS2,2002.0,Action,8.6,14.0
Jurassic Park III: Park Builder,GBA,2001.0,Simulation,8.0,5.0
Unchained Blades ,PSP,2011.0,Role-Playing,7.5,15.0
Showtime Championship Boxing,Wii,2007.0,Fighting,4.7,10.0
Generator Rex: Agent of Providence,X360,2011.0,Action,4.0,6.0
Steins;Gate,PS3,2012.0,Adventure,8.7,51.0
Nights of Azure,PS4,2015.0,Action,7.6,71.0
Age of Empires Online,PC,2011.0,Strategy,5.6,186.0
Earth Defense Force 2017 Portable,PSV,2012.0,Action,7.9,31.0
Atelier Iris 2: The Azoth Of Destiny,PS2,2005.0,Role-Playing,7.8,14.0
Lego Batman 3: Beyond Gotham,PC,2014.0,Action,6.8,21.0
From The Abyss,DS,2008.0,Role-Playing,8.0,5.0
The LEGO Movie Videogame,PC,2014.0,Action,6.8,33.0
DuckTales: Remastered,WiiU,2013.0,Action,7.9,100.0
Giants: Citizen Kabuto,PS2,2001.0,Shooter,6.9,8.0
MX vs. ATV Supercross,X360,2014.0,Racing,4.8,14.0
Grand Kingdom,PSV,2015.0,Role-Playing,8.8,33.0
Guilty Gear XX Accent Core Plus,PS2,2008.0,Fighting,8.0,7.0
LEGO Batman: The Videogame,PC,2008.0,Action,7.8,61.0
Alone in the Dark,PS2,2008.0,Adventure,5.4,24.0
Earth Defense Force 4.1: The Shadow of New Despair,PS4,2015.0,Shooter,7.9,51.0
Cold Fear,XB,2005.0,Action,7.6,20.0
The Technomancer,PS4,2016.0,Role-Playing,6.7,116.0
Theme Park,DS,2007.0,Simulation,7.6,14.0
Call of Cthulhu: Dark Corners of the Earth,XB,2005.0,Adventure,8.1,37.0
Blur,PC,2010.0,Racing,7.4,177.0
The Next BIG Thing,PC,2011.0,Adventure,7.9,35.0
Alien Syndrome,Wii,2007.0,Role-Playing,7.1,23.0
Vexx,GC,2003.0,Platform,7.3,6.0
Secret Files: Tunguska,Wii,2008.0,Adventure,7.6,8.0
EverQuest II: Destiny of Velious,PC,2011.0,Role-Playing,7.4,5.0
Unreal Tournament III,PC,2007.0,Shooter,8.0,523.0
Disney Sports Skateboarding,GC,2002.0,Sports,4.7,6.0
Pro Evolution Soccer 2012,PS2,2011.0,Action,8.2,11.0
Terminator 3: The Redemption,XB,2004.0,Shooter,8.6,5.0
Arkanoid DS,DS,2007.0,Puzzle,7.0,5.0
Call of Duty 2,PC,2005.0,Shooter,8.4,626.0
Big Bang Mini,DS,2009.0,Shooter,8.2,26.0
Serious Sam II,XB,2005.0,Shooter,6.7,11.0
Song of the Deep,XOne,2016.0,Action,6.9,20.0
Digimon All-Star Rumble,X360,2014.0,Fighting,5.7,10.0
Dead Rising 2: Off the Record,PC,2011.0,Action,5.3,54.0
ICO,PS3,2011.0,Action,7.4,27.0
The Witcher,PC,2007.0,Role-Playing,8.8,1116.0
Atelier Sophie: The Alchemist of the Mysterious Book,PSV,2015.0,Role-Playing,8.0,14.0
Coded Arms: Contagion,PSP,2007.0,Shooter,6.6,28.0
Foster's Home for Imaginary Friends: Imagination Invaders,DS,2007.0,Adventure,7.2,6.0
S.T.A.L.K.E.R.: Call of Pripyat,PC,2009.0,Shooter,8.7,602.0
Create,PC,2010.0,Action,6.8,9.0
Cabela's Dangerous Hunts: Ultimate Challenge,PSP,2006.0,Sports,4.0,4.0
Tony Hawk's Pro Skater 5,PS3,2015.0,Sports,3.1,12.0
Commandos: Strike Force,PS2,2006.0,Shooter,8.5,11.0
Mobile Suit Gundam: Gundam vs. Zeta Gundam,PS2,2004.0,Shooter,8.6,11.0
Guilty Gear X: Advance Edition,GBA,2002.0,Fighting,5.9,10.0
Warriors of the Lost Empire,PSP,2007.0,Role-Playing,7.4,12.0
Devil's Third,WiiU,2015.0,Action,6.5,283.0
Star Trek: Tactical Assault,DS,2006.0,Strategy,7.0,10.0
Oddworld: Munch's Oddysee,GBA,2003.0,Platform,2.5,4.0
Broken Sword: The Shadow of the Templars,GBA,2002.0,Adventure,7.8,10.0
Resident Evil - Code: Veronica X,GC,2003.0,Action,8.5,32.0
Zoo Tycoon: Complete Collection,PC,2003.0,Strategy,8.0,8.0
Trapt,PS2,2005.0,Action,7.9,14.0
Lord of Magna: Maiden Heaven,3DS,2014.0,Role-Playing,7.8,36.0
Worms 3D,XB,2003.0,Strategy,8.4,10.0
PoPoLoCrois,PSP,2005.0,Role-Playing,7.4,17.0
Dragon Rage,PS2,2001.0,Shooter,6.4,9.0
Theresia...,DS,2008.0,Adventure,8.0,8.0
Sacred 2: Fallen Angel,PC,2008.0,Role-Playing,6.9,203.0
Adventure Time: The Secret of the Nameless Kingdom,X360,2014.0,Action,7.5,4.0
Teenage Mutant Ninja Turtles 3: Mutant Nightmare,DS,2005.0,Action,7.0,5.0
Jumper: Griffin's Story,X360,2008.0,Action,3.3,30.0
Tron 2.0: Killer App,XB,2004.0,Action,4.3,4.0
The Fast and the Furious,PS2,2006.0,Racing,6.6,24.0
Vampire Rain: Altered Species,PS3,2008.0,Action,3.5,36.0
The History Channel: Battle for the Pacific,X360,2007.0,Shooter,6.1,21.0
Racing Gears Advance,GBA,2004.0,Racing,8.9,9.0
Syphon Filter: Logan's Shadow,PS2,2010.0,Shooter,7.9,9.0
Toy Soldiers: War Chest,XOne,2015.0,Action,8.4,50.0
Inversion,X360,2012.0,Shooter,6.5,72.0
Need for Speed: Shift,PC,2009.0,Racing,5.8,387.0
Mercury Meltdown,PSP,2006.0,Action,7.8,8.0
Exist Archive: The Other Side of the Sky,PSV,2015.0,Role-Playing,8.3,12.0
Zoo Tycoon 2,PC,2004.0,Strategy,8.1,43.0
Brave: A Warrior's Tale,X360,2009.0,Action,5.0,4.0
Fatal Frame,XB,2002.0,Action,8.6,16.0
Urban Chaos: Riot Response,PS2,2006.0,Shooter,7.8,24.0
Tom Clancy's Ghost Recon: Advanced Warfighter,PS2,2006.0,Shooter,4.6,41.0
Ivy the Kiwi?,Wii,2010.0,Puzzle,7.2,12.0
Resident Evil 2,GC,2003.0,Action,8.5,31.0
Catwoman,XB,2004.0,Action,4.6,5.0
Top Gun: Hard Lock,X360,2012.0,Action,3.5,16.0
Warriors Orochi 2,X360,2008.0,Action,8.1,15.0
Mana Khemia: Alchemists of Al-Revis,PS2,2007.0,Role-Playing,7.5,41.0
Street Fighter V,PC,2016.0,Fighting,2.9,431.0
Zone of the Enders: The Fist of Mars,GBA,2001.0,Role-Playing,9.0,9.0
MX vs. ATV Supercross Encore,PS4,2015.0,Sports,4.1,9.0
Gun Showdown,PSP,2006.0,Action,7.6,9.0
Tiger Woods PGA Tour 08,DS,2007.0,Sports,7.6,8.0
Constantine,XB,2005.0,Action,7.1,17.0
Tom Clancy's Splinter Cell: Double Agent,GC,2006.0,Action,7.1,7.0
Samurai Shodown Anthology,Wii,2008.0,Fighting,8.2,5.0
S.T.A.L.K.E.R.: Shadow of Chernobyl,PC,2007.0,Shooter,8.4,1088.0
Nanostray,DS,2005.0,Shooter,7.7,19.0
Samurai Jack: The Shadow of Aku,PS2,2004.0,Action,8.4,10.0
Tropico 5,X360,2014.0,Simulation,7.2,9.0
Winx Club: Quest for the Codex,DS,2006.0,Action,6.8,6.0
Rugby World Cup 2015,PS4,2015.0,Sports,1.9,39.0
Lost Kingdoms II,GC,2003.0,Role-Playing,9.1,14.0
Aggressive Inline,GC,2002.0,Sports,7.8,5.0
Viewtiful Joe: Red Hot Rumble,GC,2005.0,Action,6.9,8.0
Blade Dancer: Lineage of Light,PSP,2006.0,Role-Playing,6.9,16.0
Hakuoki: Stories of the Shinsengumi,PS3,2010.0,Adventure,6.5,10.0
X-Men: Destiny,DS,2011.0,Action,5.6,7.0
The Sims 2: University,PC,2005.0,Simulation,7.8,49.0
Generation of Chaos,PSP,2005.0,Role-Playing,7.7,18.0
Tokyo Twilight Ghost Hunters,PS3,2014.0,Role-Playing,6.4,17.0
MotorStorm RC,PSV,2012.0,Racing,6.8,123.0
Harry Potter and the Sorcerer's Stone,PC,2001.0,Action,7.8,76.0
Tom Clancy's Rainbow Six: Critical Hour,XB,,Shooter,3.6,14.0
Scurge: Hive,DS,2006.0,Action,8.6,5.0
Remember Me,PC,2013.0,Action,7.4,1007.0
NBA Live 07,XB,2006.0,Sports,6.8,13.0
Handball 16,PS4,2015.0,Sports,3.0,4.0
Ride to Hell,X360,2013.0,Racing,1.3,433.0
The Saboteur,PC,2009.0,Action,8.0,236.0
Tom Clancy's Rainbow Six 3,GC,2004.0,Shooter,8.2,5.0
Rocket League,PC,2016.0,Sports,8.2,580.0
V-Rally 3,PS2,2002.0,Racing,7.4,14.0
Mirror's Edge,PC,2009.0,Platform,8.1,1026.0
Titan Quest,PC,2006.0,Role-Playing,8.1,387.0
Amazing Island,GC,2004.0,Strategy,6.6,7.0
Izuna 2: The Unemployed Ninja Returns,DS,2007.0,Role-Playing,7.9,13.0
Gothic 3,PC,2006.0,Role-Playing,7.3,519.0
7 Days to Die,XOne,2016.0,Action,5.2,74.0
Final Fight: Streetwise,PS2,2006.0,Action,6.2,11.0
Speed Kings,XB,2003.0,Racing,8.8,4.0
Rebelstar: Tactical Command,GBA,2005.0,Strategy,9.1,10.0
F1 2010,PC,2010.0,Racing,6.6,99.0
Gladiator: Sword of Vengeance,XB,2003.0,Action,7.1,7.0
Dungeon Keeper 2,PC,1999.0,Action,8.8,100.0
Bombastic,PS2,2002.0,Puzzle,7.2,6.0
Coraline,Wii,2009.0,Action,5.5,8.0
Hearts of Iron IV,PC,2016.0,Strategy,6.9,306.0
Wing Commander: Prophecy,GBA,2003.0,Simulation,8.3,7.0
Marc Ecko's Getting Up: Contents Under Pressure,PS2,2006.0,Action,7.2,31.0
Captain America: Super Soldier,Wii,,Action,6.0,6.0
Sega Soccer Slam,XB,2002.0,Sports,8.5,10.0
Enemy Front,PS3,2014.0,Shooter,6.0,75.0
Front Mission Evolved,PC,2010.0,Shooter,5.1,48.0
Dynasty Warriors 5,XB,2005.0,Action,8.0,4.0
The Lost Chronicles of Zerzura,PC,2012.0,Adventure,6.7,15.0
4 Elements,PC,2009.0,Puzzle,7.4,19.0
Murdered: Soul Suspect,PC,2014.0,Action,7.4,379.0
Rez,PS2,2001.0,Shooter,8.3,28.0
Neverland Card Battles,PSP,2008.0,Role-Playing,7.8,12.0
Lufia: The Ruins of Lore,GBA,2002.0,Role-Playing,8.3,8.0
UEFA Euro 2004: Portugal,XB,2004.0,Sports,8.1,9.0
Airline Tycoon 2,PC,2011.0,Simulation,5.5,30.0
Medabots: Infinity,GC,2003.0,Role-Playing,8.0,7.0
IL-2 Sturmovik: Cliffs of Dover,PC,2011.0,Simulation,7.1,114.0
NFL Blitz Pro,XB,2003.0,Sports,6.6,8.0
Black Sigil: Blade of the Exiled,DS,2009.0,Role-Playing,7.5,20.0
Death Jr. II: Root of Evil,PSP,2006.0,Platform,7.3,9.0
Wakeboarding Unleashed Featuring Shaun Murray,XB,2003.0,Sports,8.8,9.0
Mighty No. 9,PS4,2016.0,Platform,3.5,282.0
Samurai Champloo: Sidetracked,PS2,2006.0,Action,7.2,6.0
Dead or Alive Xtreme 3: Fortune,PS4,2016.0,Sports,7.8,110.0
Drill Dozer,GBA,,Platform,8.3,10.0
Medal of Honor: Airborne,PC,2007.0,Shooter,7.3,204.0
Men of War: Assault Squad,PC,2011.0,Strategy,8.2,93.0
Rhapsody: A Musical Adventure,DS,2008.0,Role-Playing,6.8,12.0
Dead Island Definitive Collection,XOne,2016.0,Action,4.9,18.0
PAC-MAN and the Ghostly Adventures,WiiU,2013.0,Platform,6.5,16.0
Virtua Striker 2002,GC,2002.0,Sports,6.0,5.0
UEFA Champions League 2006-2007,X360,2007.0,Sports,8.2,10.0
F1 2015,PC,2015.0,Racing,3.6,63.0
Aliens in the Attic,DS,2009.0,Action,6.0,5.0
Hunted: The Demon's Forge,PC,2011.0,Action,6.6,127.0
Otogi 2: Immortal Warriors,XB,2003.0,Action,8.3,12.0
Legend of Kay,PS2,2005.0,Action,7.3,18.0
Lucha Libre AAA: Heroes del Ring,X360,2010.0,Fighting,6.3,12.0
Piglet's Big Game,GC,2003.0,Platform,8.0,5.0
Tom Clancy's HAWX 2,PC,2010.0,Action,3.8,47.0
Myth Makers: Orbs of Doom,Wii,2007.0,Puzzle,1.1,8.0
Fallout: Brotherhood of Steel,XB,2004.0,Role-Playing,5.5,23.0
IndyCar Series,XB,2003.0,Racing,7.8,5.0
Teenage Mutant Ninja Turtles: Mutants in Manhattan,PS3,2016.0,Action,3.4,14.0
Killing Floor 2 ,PS4,2016.0,Shooter,8.0,57.0
Ferrari F355 Challenge,PS2,2002.0,Racing,4.4,5.0
Mortal Kombat X,PC,2015.0,Fighting,5.1,475.0
Cities in Motion,PC,2011.0,Simulation,7.7,105.0
Shifters,PS2,2002.0,Adventure,5.9,8.0
Bladestorm: Nightmare,XOne,2015.0,Action,7.1,8.0
TNA iMPACT: Cross the Line,PSP,2010.0,Fighting,6.5,4.0
Sacred 3,X360,2014.0,Role-Playing,4.1,42.0
Venetica,PC,2009.0,Role-Playing,6.8,51.0
Operation Flashpoint: Dragon Rising,PC,2009.0,Shooter,4.9,539.0
Wasteland 2,XOne,2015.0,Role-Playing,7.1,56.0
DoDonPachi Resurrection,X360,2010.0,Shooter,8.6,16.0
MorphX,X360,2010.0,Shooter,6.6,15.0
Sigma Star Saga,GBA,2005.0,Role-Playing,8.2,6.0
FIFA Soccer 2004,GBA,2003.0,Sports,7.9,9.0
The Bureau: XCOM Declassified,PC,2013.0,Shooter,6.5,621.0
Nanostray 2,DS,2008.0,Shooter,7.8,8.0
Dokapon Journey,DS,2008.0,Role-Playing,7.0,8.0
Metal Slug Anthology,PSP,2007.0,Shooter,7.4,25.0
Back to the Future: The Game,Wii,2011.0,Adventure,4.1,9.0
Phantom Crash,XB,2002.0,Simulation,8.3,14.0
Yanya Caballista: City Skater,PS2,2001.0,Sports,6.3,7.0
The Typing of the Dead,DC,2000.0,Shooter,7.8,12.0
Tenchu: Dark Secret,DS,2006.0,Action,5.1,7.0
Second Sight,GC,2004.0,Adventure,8.5,13.0
SpongeBob SquarePants: Plankton's Robotic Revenge,WiiU,2013.0,Shooter,6.2,18.0
Rave Master,GC,2002.0,Fighting,6.3,4.0
Bejeweled Twist,PC,2008.0,Puzzle,7.3,11.0
GRID,DS,,Racing,8.1,15.0
Steins;Gate 0,PS4,2015.0,Adventure,8.3,29.0
Ivy the Kiwi?,DS,2010.0,Puzzle,6.3,4.0
Alias,XB,2004.0,Action,6.0,4.0
OutRun 2006: Coast 2 Coast,PS2,2006.0,Racing,8.8,17.0
Arx Fatalis,XB,2003.0,Role-Playing,8.2,6.0
Ride,PS3,2015.0,Racing,4.8,4.0
Dr. Seuss: Green Eggs and Ham,GBA,2003.0,Action,9.0,21.0
Guilty Gear Dust Strikers,DS,2006.0,Fighting,5.8,9.0
Dark Summit,GC,2002.0,Sports,4.5,4.0
Star Wars: Republic Commando,PC,2005.0,Shooter,8.7,279.0
The Lost Vikings,GBA,2003.0,Puzzle,9.1,15.0
Tour de France 2011,X360,,Racing,7.6,5.0
Plants vs. Zombies,PC,2009.0,Strategy,8.9,891.0
Secret Files: Tunguska,DS,2008.0,Adventure,7.6,5.0
Stretch Panic,PS2,2001.0,Platform,7.8,4.0
Blazing Souls: Accelate,PSP,2009.0,Role-Playing,7.8,17.0
PQ2: Practical Intelligence Quotient,PSP,2006.0,Puzzle,7.8,6.0
Metroid Prime: Federation Force,3DS,2016.0,Action,5.1,219.0
Natural Doctrine,PS3,2014.0,Role-Playing,8.1,17.0
DiRT 2,PC,2009.0,Racing,8.2,352.0
Payday 2,PC,2013.0,Shooter,3.4,3558.0
Woody Woodpecker: Escape from Buzz Buzzard Park,PS2,2001.0,Platform,7.4,5.0
Whirl Tour,GC,2002.0,Sports,9.0,4.0
Grand Ages: Medieval,PC,2015.0,Strategy,5.4,52.0
Saints Row: Gat out of Hell,PS4,2015.0,Action,5.7,98.0
Stunt GP,PS2,2001.0,Racing,8.1,9.0
Plants vs. Zombies: Garden Warfare 2,PC,2016.0,Shooter,7.5,44.0
Singularity,PC,2010.0,Shooter,7.7,326.0
NASCAR Heat Evolution,PS4,2016.0,Racing,3.8,18.0
Ms Saga: A New Dawn,PS2,2005.0,Role-Playing,8.6,15.0
Child of Light,PS4,2014.0,Role-Playing,8.0,451.0
GrimGrimoire,PS2,2007.0,Strategy,7.9,17.0
Deadliest Catch: Alaskan Storm,X360,2008.0,Sports,5.9,15.0
Crime Life: Gang Wars,XB,2005.0,Action,3.4,9.0
Rugby 2005,XB,2005.0,Sports,7.7,11.0
"Warhammer 40,000: Dawn of War",PC,2004.0,Strategy,8.8,295.0
Rock 'N Roll Racing,GBA,2003.0,Racing,9.4,5.0
Silhouette Mirage,PS,1998.0,Platform,7.5,4.0
Dynasty Warriors Vol. 2,PSP,2006.0,Action,8.1,8.0
Freelancer,PC,2003.0,Simulation,9.0,185.0
LEGO Indiana Jones 2: The Adventure Continues,PC,2009.0,Action,8.0,19.0
Rugby 06,PS2,2006.0,Sports,7.8,27.0
Fatal Frame II: Crimson Butterfly Director's Cut,XB,2004.0,Action,8.3,16.0
2002 FIFA World Cup,GC,2002.0,Sports,7.7,6.0
The Lord of the Rings: The Battle for Middle-Earth II,X360,2006.0,Strategy,7.5,83.0
Need for Speed Carbon,PC,2006.0,Racing,7.2,249.0
Colin McRae Rally 2005,XB,2004.0,Racing,7.5,6.0
Saiyuki: Journey West,PS,1999.0,Strategy,7.1,9.0
Secret Service,X360,2008.0,Action,5.5,8.0
Empire Earth,PC,2001.0,Strategy,8.2,126.0
DuckTales: Remastered,PS3,2013.0,Action,7.4,135.0
Worms Reloaded,PC,2010.0,Strategy,6.8,185.0
StarCraft,PC,1998.0,Strategy,9.1,813.0
World Championship Pool 2004,PS2,2004.0,Sports,6.7,6.0
Kakuto Chojin,XB,2002.0,Fighting,7.2,17.0
Need for Speed Underground,PC,2003.0,Racing,8.3,307.0
Moon,DS,2009.0,Adventure,7.4,21.0
Snoopy vs the Red Baron,PSP,2006.0,Adventure,7.8,4.0
Virtua Tennis 3,PSP,2007.0,Sports,7.7,13.0
Raze's Hell,XB,2005.0,Shooter,8.1,8.0
Far Cry,PC,2004.0,Shooter,8.1,724.0
Hoshigami: Ruining Blue Earth,PS,2001.0,Role-Playing,8.7,26.0
NightCaster II: Equinox,XB,2002.0,Action,7.0,4.0
Ship Simulator Extremes,PC,2010.0,Simulation,6.2,27.0
Time Crisis: Project Titan,PS,2001.0,Shooter,6.7,6.0
Billy the Wizard: Rocket Broomstick Racing,Wii,2007.0,Racing,0.3,4.0
Ys: The Ark of Napishtim,PSP,2006.0,Role-Playing,7.3,13.0
Pro Evolution Soccer 2017,XOne,2016.0,Sports,6.1,84.0
FIFA Soccer 10,PC,2009.0,Sports,3.8,59.0
Tom Clancy's Rainbow Six: Lockdown,GC,2005.0,Shooter,7.8,5.0
The Sims,PC,2000.0,Simulation,7.9,451.0
FIFA Manager 12,PC,2011.0,Sports,3.9,24.0
SpongeBob SquarePants: Plankton's Robotic Revenge,X360,2013.0,Shooter,6.1,13.0
Cabela's Trophy Bucks,X360,2007.0,Sports,3.0,4.0
XCOM 2,XOne,2016.0,Strategy,8.1,40.0
Yaiba: Ninja Gaiden Z,X360,2014.0,Action,5.3,43.0
Rock of the Dead,X360,2010.0,Shooter,4.8,4.0
Code Lyoko,DS,2007.0,Action,6.8,13.0
Pool Party,Wii,2007.0,Sports,0.7,6.0
Rapala Fishing Frenzy 2009,X360,2008.0,Sports,7.2,6.0
Company of Heroes,PC,2006.0,Strategy,8.8,1128.0
Ride 2,PS4,2016.0,Racing,8.0,12.0
Wing Island,Wii,2006.0,Simulation,4.9,8.0
Silent Hunter: Wolves of the Pacific,PC,2007.0,Simulation,6.9,40.0
Wrath Unleashed,XB,2004.0,Strategy,7.0,4.0
March of the Penguins,DS,2006.0,Adventure,1.7,6.0
Double Dragon Advance,GBA,2003.0,Action,8.4,5.0
Bubble Bobble Revolution,DS,2005.0,Puzzle,6.2,6.0
Yager,XB,2003.0,Shooter,9.3,9.0
Root Letter,PSV,2016.0,Adventure,7.8,6.0
Futurama,XB,2003.0,Platform,6.9,14.0
Supreme Commander,PC,2007.0,Strategy,8.3,263.0
Pool Hall Pro,Wii,2009.0,Sports,5.3,4.0
Wolfenstein,PC,2009.0,Shooter,7.3,261.0
Cesar Millan's Dog Whisperer,DS,2008.0,Simulation,8.6,9.0
Microsoft Train Simulator,PC,2001.0,Simulation,8.4,21.0
Resident Evil 6,XOne,2016.0,Shooter,6.3,34.0
Assassin's Creed: Altair's Chronicles,DS,2008.0,Platform,6.3,30.0
Bad Boys: Miami Takedown,GC,2004.0,Shooter,2.0,9.0
Fantastic Four: Rise of the Silver Surfer,Wii,2007.0,Action,5.9,15.0
Pony Friends,DS,2007.0,Simulation,6.6,12.0
Art of Fighting Anthology,PS2,2006.0,Fighting,7.0,4.0
Sébastien Loeb Rally Evo,PS4,2016.0,Racing,8.1,73.0
Lux-Pain,DS,2008.0,Adventure,6.2,18.0
Guilty Gear XX Accent Core,PS2,2007.0,Fighting,8.3,16.0
Grey's Anatomy: The Video Game,DS,2009.0,Adventure,7.5,4.0
Mafia,PC,2002.0,Action,9.1,863.0
Disney's Donald Duck: Goin' Quackers,GC,2002.0,Platform,3.0,4.0
Operation Flashpoint: Elite,XB,2005.0,Shooter,8.3,27.0
Fantastic Four: Rise of the Silver Surfer,DS,2007.0,Action,4.8,13.0
Virtua Tennis 3,X360,2007.0,Sports,6.8,26.0
Front Mission,DS,2007.0,Strategy,8.9,9.0
Tropico 3,PC,2009.0,Strategy,8.1,184.0
Boktai 2: Solar Boy Django,GBA,2004.0,Role-Playing,8.5,11.0
Life is Strange,PC,2016.0,Adventure,8.6,1620.0
TOCA Race Driver 2,XB,2004.0,Racing,8.3,6.0
Battlezone,PS4,2016.0,Action,7.0,31.0
Pro Evolution Soccer 2016,PC,2015.0,Sports,4.3,286.0
The Dark Spire,DS,2008.0,Role-Playing,7.7,21.0
Teenage Mutant Ninja Turtles: Mutants in Manhattan,XOne,2016.0,Action,6.0,38.0
Runaway: A Twist of Fate,PC,2009.0,Adventure,8.2,40.0
FlatOut 2,XB,2006.0,Racing,7.3,8.0
Rogue Trooper,PS2,2006.0,Shooter,8.2,9.0
Backyard Baseball '09,Wii,2008.0,Sports,7.8,5.0
Tom Clancy's HAWX,PC,2009.0,Action,7.3,125.0
Enemy Front,X360,2014.0,Shooter,5.8,78.0
Shantae and the Pirate's Curse,3DS,2015.0,Platform,8.5,86.0
Dai Senryaku VII: Modern Military Tactics,XB,2003.0,Strategy,8.8,6.0
Castle of Shikigami III,Wii,2007.0,Shooter,7.6,9.0
Nobunaga's Ambition: Sphere of Influence,PS4,2014.0,Strategy,8.1,46.0
FIFA Street 2,DS,2006.0,Sports,7.5,4.0
City Life: World Edition,PC,2007.0,Simulation,8.2,9.0
Corpse Party: Book of Shadows,PSP,2011.0,Adventure,8.2,50.0
WarTech: Senko no Ronde,X360,2006.0,Fighting,6.1,7.0
Teenage Mutant Ninja Turtles: Mutants in Manhattan,X360,2016.0,Action,4.3,16.0
IL-2 Sturmovik: 1946,PC,2006.0,Simulation,8.8,115.0
Red Ninja: End of Honor,PS2,2005.0,Action,5.0,7.0
Praetorians,PC,2003.0,Strategy,8.2,38.0
The Wolf Among Us,PSV,2014.0,Adventure,8.4,29.0
Smash Court Tennis 3,PSP,2007.0,Sports,6.3,4.0
LEGO Friends,3DS,2013.0,Action,8.3,4.0
Guild Wars Trilogy,PC,2005.0,Role-Playing,8.8,8.0
SPRay,Wii,2008.0,Action,4.5,6.0
Outlaw Tennis,XB,2005.0,Sports,7.7,6.0
Saint Seiya: Soldiers' Soul,PS3,2015.0,Fighting,6.3,4.0
Brothers: A Tale of Two Sons,XOne,2015.0,Adventure,8.9,26.0
Attack of the Movies 3D,X360,2010.0,Shooter,1.7,10.0
Secret Files: Tunguska,PC,2006.0,Adventure,7.4,38.0
NASCAR 07,XB,2006.0,Racing,7.0,4.0
Dance Dance Revolution Disney Mix,PS,2000.0,Simulation,8.3,13.0
Nitroplus Blasterz: Heroines Infinite Duel,PS4,2015.0,Fighting,6.9,28.0
Thrillville: Off the Rails,DS,2007.0,Strategy,6.2,5.0
Bloody Roar Extreme,XB,2003.0,Fighting,8.6,9.0
Clockwork Empires,PC,,Strategy,3.8,5.0
Split/Second,PC,2010.0,Racing,8.2,116.0
Resident Evil 6,PC,2012.0,Shooter,5.9,868.0
Dead Head Fred,PSP,2007.0,Action,7.3,23.0
Myth Makers: Trixie in Toyland,Wii,2008.0,Platform,0.2,5.0
Ride to Hell,PS3,2013.0,Racing,1.0,218.0
Need for Speed: ProStreet,PC,2007.0,Racing,5.9,163.0
Digimon Rumble Arena 2,GC,2004.0,Fighting,8.1,7.0
Gravity Falls: Legend of the Gnome Gemulets,3DS,2015.0,Action,5.8,10.0
Rodea the Sky Soldier,3DS,2015.0,Action,5.6,37.0
Major League Baseball 2K12,PC,2012.0,Sports,5.7,15.0
Hellboy: The Science of Evil,PSP,2008.0,Action,7.1,13.0
The Sims Deluxe,PC,2002.0,Simulation,8.2,77.0
LEGO Indiana Jones: The Original Adventures,PC,2008.0,Action,7.7,35.0
The Sims 2: Pets,PC,2006.0,Simulation,7.7,40.0
Deadliest Warrior: Ancient Combat,X360,2012.0,Fighting,6.3,4.0
The Kore Gang,Wii,2010.0,Platform,8.6,7.0
Rugby Challenge 3,PS4,2016.0,Sports,6.8,12.0
Blood Bowl,PC,2009.0,Sports,6.5,57.0
Port Royale 2,PC,2004.0,Strategy,7.7,40.0
Star Trek: Shattered Universe,XB,2004.0,Simulation,4.0,10.0
Company of Heroes: Tales of Valor,PC,2009.0,Strategy,7.2,204.0
Guilty Gear XX Accent Core,Wii,2007.0,Fighting,8.4,19.0
WarJetz,PS2,2001.0,Shooter,5.5,4.0
Stellaris,PC,2016.0,Strategy,8.0,569.0
Devil May Cry 4,PC,2008.0,Action,8.5,353.0
Barnyard,Wii,2006.0,Action,5.7,7.0
Test Drive: Ferrari Legends,PS3,2012.0,Racing,4.9,22.0
Heroes of Might and Magic V,PC,2006.0,Strategy,7.9,349.0
Aeon Flux,PS2,2005.0,Action,5.8,9.0
Age of Mythology: The Titans,PC,2003.0,Strategy,8.7,119.0
Psycho-Pass: Mandatory Happiness,PS4,2016.0,Adventure,8.3,19.0
Virtua Tennis 4,PC,2011.0,Sports,7.3,43.0
Shattered Union,XB,2005.0,Strategy,6.9,7.0
GRID,PC,,Racing,7.9,463.0
Unchained Blades ,3DS,2011.0,Role-Playing,7.8,16.0
Terraria,XOne,2014.0,Action,7.7,29.0
Company of Heroes: Opposing Fronts,PC,2007.0,Strategy,8.6,235.0
NHL Hitz Pro,GC,,Sports,7.8,5.0
Superman: Countdown to Apokolips,GBA,2003.0,Platform,5.7,6.0
Ben 10 Galactic Racing,PSV,2012.0,Racing,3.8,8.0
Worms 4: Mayhem,XB,2005.0,Strategy,9.2,6.0
Rise of Nations,PC,2003.0,Strategy,9.0,274.0
Men of War: Vietnam,PC,2011.0,Strategy,4.9,35.0
Imperial Glory,PC,2005.0,Strategy,8.4,73.0
Antz Extreme Racing,PS2,2002.0,Racing,5.0,8.0
Samurai Warriors 2: Empires,X360,2007.0,Action,8.5,13.0
Metal Slug XX,PSP,2009.0,Shooter,6.1,9.0
Patrician IV,PC,2010.0,Strategy,6.4,34.0
Fisherman's Challenge,PS2,2003.0,Sports,7.5,4.0
Resident Evil: Revelations,PC,2013.0,Action,7.0,342.0
The Da Vinci Code,XB,2006.0,Action,2.8,5.0
Shadow of the Colossus,PS3,2011.0,Action,8.4,72.0
BlazBlue: Chrono Phantasma Extend,PS3,2015.0,Action,8.3,10.0
Headhunter: Redemption,PS2,2004.0,Action,6.7,7.0
Dead Rising,PS4,2016.0,Action,6.6,30.0
Grand Theft Auto: Vice City,PC,2003.0,Action,8.8,1520.0
Surf's Up,PS3,2007.0,Sports,5.1,7.0
SWAT: Target Liberty,PSP,2007.0,Shooter,7.7,9.0
Twin Strike: Operation Thunder,Wii,2008.0,Shooter,8.3,6.0
CSI: Fatal Conspiracy,PC,2010.0,Adventure,5.5,6.0
Bomberman: Act Zero,X360,2006.0,Puzzle,2.2,42.0
Empire Earth III,PC,2007.0,Strategy,2.8,53.0
The Sims 4: Spa Day,PC,2015.0,Simulation,7.6,26.0
Resident Evil: Operation Raccoon City,PC,2012.0,Action,3.8,188.0
Dreamfall: The Longest Journey,XB,2006.0,Adventure,8.8,24.0
JASF: Jane's Advanced Strike Fighters,PC,2011.0,Simulation,3.1,14.0
Metal Gear Solid V: The Definitive Experience,PS4,2016.0,Action,7.8,11.0
Brothers In Arms DS,DS,2007.0,Shooter,8.0,25.0
Gal Gun: Double Peace,PSV,2015.0,Action,8.1,10.0
Off-Road Drive,PC,2011.0,Racing,6.4,17.0
Colin McRae Rally 3,XB,2002.0,Racing,7.4,14.0
TMNT,DS,2007.0,Action,2.2,5.0
Stolen,PS2,2005.0,Action,7.4,16.0
Stoked: Big Air Edition,X360,2009.0,Sports,7.7,16.0
LEGO Jurassic World,PC,2015.0,Action,7.1,31.0
Pro Race Driver,XB,2003.0,Racing,7.5,4.0
The Movies,PC,2005.0,Simulation,8.3,131.0
FIFA World Cup Germany 2006,DS,2006.0,Sports,7.2,6.0
Train Simulator 2016,PC,2015.0,Simulation,4.0,8.0
Supreme Commander: Forged Alliance,PC,2007.0,Strategy,8.9,219.0
Dragon Ball: Advanced Adventure,GBA,2004.0,Action,8.5,11.0
Lost Planet 3,PC,2013.0,Shooter,6.2,210.0
Echo Night Beyond,PS2,2004.0,Adventure,8.8,8.0
Meteos: Disney Magic,DS,2007.0,Puzzle,6.6,5.0
NASCAR Heat Evolution,XOne,2016.0,Racing,1.6,10.0
Beyblade Evolution,3DS,2013.0,Action,6.3,4.0
Castlevania: Lords of Shadow 2,PC,2014.0,Action,7.7,498.0
Greg Hastings' Tournament Paintball Max'd,DS,2006.0,Shooter,7.4,10.0
Halo: Combat Evolved,PC,2003.0,Shooter,7.4,396.0
Exist Archive: The Other Side of the Sky,PS4,2015.0,Role-Playing,7.9,16.0
Little Red Riding Hood's Zombie BBQ,DS,2008.0,Shooter,7.3,8.0
Assassin's Creed Chronicles: China,PS4,2015.0,Action,6.4,83.0
Worms: Ultimate Mayhem,PC,2011.0,Strategy,7.8,48.0
Rugby 08,PS2,2007.0,Sports,7.4,25.0
Caesar IV,PC,2006.0,Strategy,7.6,43.0
Ferrari Challenge Trofeo Pirelli,PS3,2008.0,Racing,6.2,26.0
Cy Girls,PS2,2004.0,Action,8.8,4.0
Ray Gigant,PSV,2015.0,Role-Playing,8.1,25.0
APB Reloaded,PC,2011.0,Role-Playing,5.7,269.0
Bubble Bobble Double Shot,DS,2007.0,Puzzle,4.8,4.0
Bionicle Heroes,Wii,2007.0,Shooter,5.8,5.0
Harry Potter and the Order of the Phoenix,PC,2007.0,Action,7.1,34.0
C.O.R.E.,DS,2009.0,Shooter,6.9,19.0
Chaos Wars,PS2,2006.0,Strategy,6.9,9.0
Steambot Chronicles,PS2,2005.0,Role-Playing,8.2,17.0
Scaler,GC,2004.0,Platform,7.3,8.0
Scarface: The World is Yours,PC,2006.0,Action,7.5,57.0
Legasista,PS3,2012.0,Role-Playing,6.3,15.0
Fatal Fury: Battle Archives Volume 1,PS2,2006.0,Fighting,8.3,4.0
Harry Potter and the Prisoner of Azkaban,PC,2004.0,Action,7.2,50.0
OutRun 2006: Coast 2 Coast,PSP,2006.0,Racing,8.1,14.0
Without Warning,PS2,2005.0,Shooter,6.5,8.0
Napoleon Dynamite: The Game,PSP,2007.0,Puzzle,4.6,7.0
Saints Row 2,PC,2009.0,Action,6.8,380.0
Trine 2,PC,2011.0,Platform,8.4,667.0
Teenage Zombies: Invasion of the Alien Brain Thingys,DS,2008.0,Adventure,8.2,29.0
Transport Fever,PC,2016.0,Simulation,7.0,28.0
Homefront: The Revolution,PC,2016.0,Shooter,3.5,284.0
RLH: Run Like Hell,XB,2003.0,Shooter,8.0,5.0
Obscure,XB,2004.0,Adventure,8.4,9.0
Stranger of Sword City,PSV,2015.0,Role-Playing,8.0,30.0
World of Goo,PC,2008.0,Puzzle,8.5,607.0
Pro Evolution Soccer 2017,X360,2016.0,Sports,6.5,17.0
Secret Files 2: Puritas Cordis,PC,2009.0,Adventure,7.1,17.0
Monster Kingdom: Jewel Summoner,PSP,2006.0,Role-Playing,6.8,6.0
Railroad Tycoon 3,PC,2003.0,Strategy,7.7,57.0
S.T.A.L.K.E.R.: Clear Sky,PC,2008.0,Shooter,7.7,478.0
Sins of a Solar Empire: Trinity,PC,2010.0,Strategy,7.9,19.0
Painkiller: Hell Wars,XB,2006.0,Shooter,7.4,16.0
World in Conflict,PC,2007.0,Strategy,8.1,301.0
XBLAZE Code: Embryo,PS3,2013.0,Adventure,7.1,14.0
Pro Cycling Manager 2016,PC,2016.0,Sports,4.8,5.0
Tomb Raider: Anniversary,PC,2007.0,Action,8.1,242.0
Infamous: First Light,PS4,2014.0,Action,7.5,580.0
Tour de France 2014,PS4,2014.0,Sports,5.1,22.0
RedCard 20-03,XB,2002.0,Sports,9.0,4.0
The Night of the Rabbit,PC,2013.0,Adventure,7.5,82.0
Bounty Hounds,PSP,2006.0,Action,6.0,7.0
TOCA Race Driver 3,XB,2006.0,Racing,8.0,6.0
A Game of Thrones: Genesis,PC,2011.0,Strategy,4.0,110.0
Gothic Universe,PC,2007.0,Role-Playing,7.9,10.0
Silent Scope,GBA,2002.0,Shooter,8.0,5.0
The Cursed Crusade,PC,2011.0,Action,6.0,33.0
Hotel Giant 2,PC,2008.0,Strategy,2.5,19.0
Caesar III,PC,1998.0,Strategy,8.7,50.0
DarkStar One,PC,2006.0,Simulation,7.2,54.0
Hitman: Blood Money,PC,2006.0,Action,8.8,528.0
Duke Nukem 3D: 20th Anniversary World Tour,PS4,2016.0,Shooter,6.9,15.0
Section 8,PC,2009.0,Shooter,7.0,78.0
Sabre Wulf,GBA,,Platform,8.0,4.0
Alpha Protocol,PC,2010.0,Role-Playing,7.5,511.0
Planescape: Torment,PC,1998.0,Role-Playing,9.2,813.0
Star Wars Jedi Knight: Jedi Academy,PC,2003.0,Shooter,8.6,293.0
Red Faction II,GC,2003.0,Shooter,7.3,4.0
Battle Engine Aquila,PS2,2003.0,Shooter,9.0,5.0
Special Forces: Nemesis Strike,XB,2005.0,Shooter,6.5,4.0
Women's Volleyball Championship,PS2,2007.0,Sports,4.0,4.0
Crimson Tears,PS2,2004.0,Role-Playing,7.8,4.0
Battle Assault 3 featuring Gundam Seed,PS2,2004.0,Action,8.7,7.0
WRC: FIA World Rally Championship,PSP,2005.0,Racing,7.8,19.0
Cabela's Outdoor Adventures,GC,2005.0,Sports,8.8,9.0
Penguins of Madagascar,WiiU,2014.0,Action,5.2,6.0
Rapala Tournament Fishing!,X360,2006.0,Sports,8.0,6.0
Superstars V8 Racing,PS3,2009.0,Racing,4.9,9.0
JoJo's Bizarre Adventure: Eyes of Heaven,PS4,2015.0,Fighting,7.4,44.0
The Void,PC,2008.0,Adventure,8.3,97.0
Supreme Ruler: Cold War,PC,2011.0,Strategy,6.8,27.0
Rise of Nations: Rise of Legends,PC,2006.0,Strategy,8.5,108.0
The Sum of All Fears,GC,2003.0,Shooter,3.4,5.0
Yumi's Odd Odyssey,3DS,2013.0,Platform,7.7,23.0
EverBlue 2,PS2,2002.0,Adventure,7.5,4.0
FIFA World Cup: Germany 2006,GBA,2006.0,Sports,6.9,7.0
Earthworm Jim 2,GBA,2002.0,Platform,5.7,6.0
Dungeon Maker: Hunting Ground,PSP,2006.0,Role-Playing,6.4,8.0
MotoGP,PSP,2006.0,Racing,7.1,7.0
Driv3r,GBA,2005.0,Racing,5.4,5.0
Apache: Air Assault,PC,2010.0,Simulation,7.5,18.0
Call of Juarez: Bound in Blood,PC,2009.0,Shooter,8.0,282.0
Red Faction: Guerrilla,PC,2009.0,Shooter,7.5,308.0
Deus Ex: Mankind Divided,PC,2016.0,Role-Playing,6.1,684.0
Astonishia Story,PSP,2006.0,Role-Playing,4.9,18.0
Prince of Persia: The Forgotten Sands,PC,2010.0,Action,6.6,218.0
The Sims 2: Glamour Life Stuff,PC,2006.0,Simulation,6.7,7.0
RACE On,PC,2009.0,Racing,8.2,20.0
Song of the Deep,PC,2016.0,Action,6.3,15.0
The Binding of Isaac,PC,2012.0,Action,8.3,1010.0
Tork: Prehistoric Punk,XB,2005.0,Platform,6.2,6.0
Overlord II,PC,2009.0,Action,8.1,159.0
Jikandia: The Timeless Land,PSP,2010.0,Role-Playing,7.2,5.0
Toy Shop,DS,2008.0,Simulation,5.4,11.0
DiRT Rally,PC,2016.0,Racing,8.7,288.0
Trials Fusion,PC,2014.0,Racing,6.8,97.0
SuperCar Challenge,PS3,2009.0,Racing,7.8,11.0
Prison Architect,PS4,2016.0,Action,8.0,19.0
Rome: Total War - Gold Edition,PC,2006.0,Strategy,8.6,20.0
Breath of Fire III,PSP,2005.0,Role-Playing,9.7,6.0
Rugby World Cup 2015,X360,2015.0,Sports,8.0,5.0
Sorcery Saga: The Curse of the Great Curry God,PSV,2013.0,Role-Playing,7.3,44.0
Cabela's Big Game Hunter: Pro Hunts,PS3,2014.0,Shooter,5.9,8.0
Dance Factory,PS2,2006.0,Action,5.8,8.0
The Legend of Heroes III: Song of the Ocean,PSP,2006.0,Role-Playing,6.1,7.0
Combat Mission: Shock Force,PC,2007.0,Strategy,3.3,86.0
Top Gun: Hard Lock,PS3,2012.0,Action,7.8,11.0
F1 2002,GC,2002.0,Racing,7.8,4.0
Men of War,PC,2009.0,Strategy,8.1,136.0
Alter Ego,PC,1985.0,Simulation,5.8,19.0
Zero Escape: Virtue's Last Reward,3DS,2012.0,Adventure,8.8,188.0
Darkstalkers Resurrection,PS3,2013.0,Fighting,7.3,27.0
Transformers: Devastation,PC,2015.0,Action,7.6,56.0
The Golf Club,XOne,2014.0,Sports,5.4,59.0
Neverwinter Nights,PC,2002.0,Role-Playing,8.2,490.0
Digimon World 4,XB,2005.0,Role-Playing,8.8,4.0
Guilty Gear XX Accent Core Plus,Wii,2009.0,Fighting,7.3,9.0
Galleon: Islands of Mystery,XB,2004.0,Action,7.0,10.0
Sunny Garcia Surfing,PS2,2001.0,Sports,7.9,7.0
Lock On: Modern Air Combat,PC,2003.0,Simulation,7.5,549.0
Worms: WMD,PS4,2016.0,Action,7.6,19.0
Shaun White Skateboarding,PC,2010.0,Sports,7.3,6.0
Ratatouille,PC,2007.0,Action,7.9,9.0
Guild Wars,PC,2005.0,Role-Playing,8.4,455.0
Take On Helicopters,PC,2011.0,Simulation,6.7,28.0
Young Justice: Legacy,3DS,2013.0,Action,7.1,7.0
S.L.A.I.: Steel Lancer Arena International,PS2,2005.0,Simulation,7.8,10.0
Nacho Libre,DS,2006.0,Action,5.8,6.0
Homeworld 2,PC,2003.0,Strategy,8.3,128.0
Rayman 3: Hoodlum Havoc,PC,2003.0,Platform,8.3,70.0
Graffiti Kingdom,PS2,2004.0,Role-Playing,7.1,12.0
Klonoa 2: Dream Champ Tournament,GBA,2002.0,Platform,9.3,6.0
N+,PSP,2007.0,Platform,7.8,18.0
Knights of Honor,PC,2004.0,Strategy,9.1,89.0
The Inner World,PC,2013.0,Adventure,8.1,48.0
Terraria,WiiU,2016.0,Action,6.9,7.0
Empire Earth II,PC,2005.0,Strategy,7.1,89.0
Hot Pixel,PSP,2007.0,Puzzle,6.5,6.0
Valentino Rossi: The Game,XOne,2016.0,Racing,8.1,7.0
Codename: Panzers Cold War,PC,2009.0,Strategy,5.8,8.0
Star Wars: The Force Unleashed II,PC,2010.0,Action,5.8,162.0
Atomic Betty,GBA,2005.0,Puzzle,7.5,6.0
Doom,PC,1992.0,Shooter,8.2,1796.0
Street Jam Basketball,GBA,2004.0,Sports,8.0,7.0
SimCity,PC,1988.0,Simulation,2.2,4572.0
Harry Potter and the Half-Blood Prince,PC,2009.0,Action,6.1,35.0
Doom 3 BFG Edition,PC,2012.0,Shooter,5.3,210.0
Popeye: Rush for Spinach,GBA,2005.0,Platform,4.2,5.0
Culdcept,PS2,2002.0,Strategy,8.9,9.0
Bladestorm: Nightmare,PS3,2015.0,Action,7.4,5.0
GTR Evolution,PC,2008.0,Racing,8.2,63.0
Lords of the Fallen,PC,2014.0,Role-Playing,6.9,583.0
NBA 08,PSP,2007.0,Sports,7.5,8.0
Sins of a Solar Empire,PC,2008.0,Strategy,8.2,275.0
The Wolf Among Us,X360,2011.0,Adventure,7.7,88.0
NBA 2K13,PC,2012.0,Sports,6.8,130.0
Resident Evil 4,PC,2007.0,Action,7.4,242.0
007: Quantum of Solace,PC,2008.0,Action,6.3,55.0
Batman: A Telltale Game Series,XOne,2016.0,Adventure,4.3,7.0
Metal Dungeon,XB,2002.0,Role-Playing,7.2,5.0
Drome Racers,GC,2003.0,Racing,6.6,5.0
World of Zoo,PC,2009.0,Simulation,8.4,11.0
Gekido Advance: Kintaro's Revenge,GBA,2002.0,Action,7.0,4.0
Commander: Conquest of the Americas,PC,2010.0,Strategy,5.2,19.0
World of Tanks,X360,,Shooter,5.2,9.0
LEGO Pirates of the Caribbean: The Video Game,PC,2011.0,Action,6.6,17.0
Race Driver 2006,PSP,2006.0,Racing,8.5,6.0
Buffy the Vampire Slayer: Wrath of the Darkhul King,GBA,2003.0,Action,8.6,5.0
Mighty No. 9,WiiU,2016.0,Platform,4.6,78.0
Superdimension Neptune vs Sega Hard Girls,PSV,2016.0,Role-Playing,8.4,12.0
The Talos Principle,PS4,2015.0,Puzzle,8.4,124.0
Spectral Souls: Resurrection of the Ethereal Empires,PSP,2005.0,Role-Playing,8.2,12.0
Syberia II,XB,2004.0,Adventure,8.7,6.0
Braid,PC,2009.0,Platform,8.6,819.0
Syberia,PC,2002.0,Action,8.5,235.0
Turn It Around,DS,2006.0,Action,4.5,4.0
Jack Keane,PC,2008.0,Adventure,7.0,21.0
Monsters vs. Aliens,PC,2009.0,Action,6.2,5.0
Ride,PC,2015.0,Racing,4.8,30.0
LEGO Harry Potter: Years 1-4,PC,2010.0,Action,7.9,55.0
Bus Simulator 16,PC,2016.0,Simulation,6.1,18.0
Cabela's Big Game Hunter: Pro Hunts,X360,2014.0,Shooter,7.3,4.0
MechAssault: Phantom War,DS,2006.0,Simulation,4.5,4.0
The Last Guy,PS3,2009.0,Action,6.9,30.0
Botanicula,PC,2012.0,Adventure,8.3,341.0
Max Payne,GBA,2003.0,Shooter,7.8,13.0
Star Trek: Tactical Assault,PSP,2006.0,Strategy,7.9,10.0
Cossacks: European Wars,PC,2001.0,Strategy,8.6,60.0
MX vs. ATV Supercross,PS3,2014.0,Racing,3.5,4.0
NBA 2K7,XB,2006.0,Sports,8.6,5.0
XBLAZE Code: Embryo,PSV,2013.0,Adventure,7.4,24.0
Warhammer: Mark of Chaos,PC,2006.0,Strategy,7.4,57.0
Warship Gunner 2,PS2,2006.0,Simulation,8.5,11.0
Putty Squad,PSV,2013.0,Platform,8.2,6.0
Gotcha Force,GC,2003.0,Shooter,8.2,17.0
Driver: Parallel Lines,Wii,2007.0,Racing,6.0,20.0
Battlefield Vietnam,PC,2004.0,Shooter,7.5,133.0
Dead Rising 2,PS4,2016.0,Action,6.6,8.0
Age of Conan: Rise of the Godslayer,PC,2010.0,Role-Playing,8.4,52.0
The Peanuts Movie: Snoopy's Grand Adventure,3DS,2015.0,Action,8.8,4.0
Buffy the Vampire Slayer: Chaos Bleeds,GC,2003.0,Action,9.0,9.0
Jet Grind Radio,GBA,2003.0,Action,9.3,6.0
Max Payne 2: The Fall of Max Payne,PC,2003.0,Shooter,9.0,802.0
Magicka,PC,2011.0,Role-Playing,7.6,602.0
Baldur's Gate: Dark Alliance,GBA,2004.0,Role-Playing,6.5,11.0
NHL 07,XB,2006.0,Sports,7.7,6.0
The Technomancer,XOne,2016.0,Role-Playing,7.4,55.0
Aegis of Earth: Protonovus Assault,PSV,2016.0,Action,8.3,8.0
Guild Wars: Nightfall,PC,2006.0,Role-Playing,8.7,104.0
Medal of Honor: Vanguard,PS2,2007.0,Shooter,6.1,34.0
Super Monkey Ball Adventure,PS2,2006.0,Platform,6.7,10.0
Madden NFL 07,GBA,2006.0,Sports,9.3,4.0
MySims,PC,2008.0,Simulation,6.4,8.0
The Sims 2: Bon Voyage,PC,2007.0,Simulation,7.3,24.0
AniMates!,DS,2007.0,Simulation,2.5,4.0
Star Wars The Clone Wars: Republic Heroes,PC,2009.0,Action,4.7,46.0
The Peanuts Movie: Snoopy's Grand Adventure,PS4,2015.0,Action,6.6,19.0
Aegis of Earth: Protonovus Assault,PS4,2016.0,Action,7.8,9.0
Bully: Scholarship Edition,PC,2008.0,Action,7.5,257.0
RollerCoaster Tycoon 2: Triple Thrill Pack,PC,2003.0,Strategy,3.2,26.0
Justice League Heroes: The Flash,GBA,2006.0,Action,7.4,7.0
Harvest Moon: Skytree Village,3DS,2016.0,Simulation,7.4,7.0
Age of Empires III: Gold Edition,PC,2007.0,Strategy,7.8,6.0
World War II Combat: Road To Berlin,XB,2006.0,Shooter,1.2,5.0
Metal Saga,PS2,2005.0,Role-Playing,7.3,9.0
Divinity II: Flames of Vengeance,PC,2010.0,Role-Playing,8.3,15.0
Battlefield 2142,PC,2006.0,Shooter,6.8,326.0
Air Conflicts: Secret Wars,PC,2011.0,Simulation,6.4,24.0
Lost Planet 2,PC,2010.0,Shooter,6.3,87.0
Kawasaki Snowmobiles,Wii,2008.0,Racing,2.0,6.0
X3: Terran Conflict,PC,2008.0,Simulation,7.9,222.0
Agatha Christie's The ABC Murders,PS4,2016.0,Adventure,6.2,12.0
Judge Dredd: Dredd Vs Death,PS2,2003.0,Shooter,5.3,9.0
SWAT 4,PC,2005.0,Shooter,8.6,224.0
Battlefield 1942,PC,2002.0,Shooter,8.6,327.0
Bode Miller Alpine Skiing,PS2,2006.0,Sports,6.6,5.0
Magicka Collection,PC,2011.0,Adventure,7.5,6.0
Captain Morgane and the Golden Turtle,PC,2012.0,Adventure,6.2,11.0
Napoleon Dynamite: The Game,DS,2007.0,Puzzle,7.3,4.0
BlazBlue: Chrono Phantasma Extend,PSV,2015.0,Action,6.8,13.0
Legend of Kay Anniversary,PS4,2015.0,Action,6.4,11.0
Dungeon Siege II,PC,2005.0,Role-Playing,7.9,159.0
Battlestations: Pacific,PC,2009.0,Strategy,8.4,46.0
Neverwinter Nights Diamond,PC,2004.0,Role-Playing,8.2,11.0
ZooCube,GC,2002.0,Puzzle,6.1,7.0
GRID Autosport,PC,2014.0,Racing,6.2,257.0
The Lord of the Rings: Conquest,PC,2009.0,Action,6.7,42.0
Stake: Fortune Fighters,XB,2003.0,Fighting,3.7,6.0
Serious Sam Advance,GBA,2004.0,Shooter,7.2,10.0
Turbo: Super Stunt Squad,WiiU,2013.0,Sports,3.9,8.0
Cold War,XB,2005.0,Shooter,8.0,4.0
Steel Battalion: Line of Contact,XB,2004.0,Simulation,8.0,8.0
NBA Starting Five,XB,2002.0,Sports,5.5,4.0
Spy Hunter: Nowhere To Run,PS2,2006.0,Racing,6.0,6.0
Final Fantasy XIV: Heavensward,PC,2015.0,Action,7.7,255.0
Omega Quintet,PS4,2014.0,Role-Playing,7.1,81.0
Final Fantasy XIV: Heavensward,PS3,2015.0,Action,8.2,72.0
"Ed, Edd n Eddy: The Mis-Edventures",XB,2005.0,Platform,7.7,6.0
Viva Pinata,PC,2007.0,Simulation,7.8,20.0
Neverwinter Nights 2,PC,2006.0,Role-Playing,6.5,565.0
Star Wars: Empire at War - Forces of Corruption,PC,2006.0,Strategy,8.6,79.0
Jurassic Park: Operation Genesis,PC,2003.0,Simulation,8.7,55.0
Warhammer Online: Age of Reckoning,PC,2008.0,Role-Playing,7.9,374.0
Total Overdose: A Gunslinger's Tale in Mexico,XB,2005.0,Shooter,9.2,27.0
AMF Xtreme Bowling,PS2,2006.0,Sports,4.2,5.0
Worms,PS3,2009.0,Strategy,6.9,18.0
Capcom Digital Collection,X360,2012.0,Action,5.3,4.0
The Settlers: Rise of an Empire,PC,2007.0,Strategy,7.7,44.0
Tank Beat,DS,2006.0,Strategy,5.4,8.0
Rugby League Live 3,PS4,2015.0,Action,7.6,7.0
ParaWorld,PC,2006.0,Strategy,8.3,23.0
Rengoku II:  The Stairway To H.E.A.V.E.N.,PSP,2006.0,Action,7.6,14.0
Here They Lie,PS4,2016.0,Adventure,6.5,36.0
George of the Jungle and the Search for the Secret,Wii,2008.0,Platform,4.0,6.0
Rugby League Live 3,X360,2015.0,Action,7.0,4.0
Pharaoh,PC,1998.0,Strategy,8.6,45.0
Inkheart,DS,2009.0,Adventure,2.2,5.0
Demigod,PC,2009.0,Strategy,7.9,183.0
Europa Universalis III Complete,PC,2008.0,Strategy,8.7,6.0
Mage Knight: Destiny's Soldier,DS,2006.0,Strategy,7.1,11.0
Stronghold Crusader Extreme,PC,2008.0,Strategy,6.8,45.0
DemiKids: Light Version,GBA,2002.0,Role-Playing,8.3,15.0
Cities XL 2011,PC,2010.0,Simulation,5.7,39.0
Line Rider 2: Unbound,Wii,2008.0,Puzzle,6.4,5.0
SimCity Societies,PC,2007.0,Simulation,4.3,95.0
Star Trek Online,PC,2010.0,Role-Playing,6.2,694.0
Anima - Gate of Memories,PS4,2016.0,Action,7.9,34.0
Tom Clancy's Rainbow Six: Vegas 2,PC,2008.0,Shooter,7.3,185.0
Tropico 4: Modern Times,PC,2012.0,Strategy,8.0,58.0
ScrapLand,XB,2005.0,Action,7.4,5.0
Brothers in Arms: Hell's Highway,PC,2008.0,Shooter,7.9,130.0
DiRT,PC,2007.0,Racing,7.3,91.0
IL-2 Sturmovik: Forgotten Battles,PC,2003.0,Simulation,8.6,38.0
Psycho-Pass: Mandatory Happiness,PSV,2016.0,Adventure,7.3,10.0
Ceville,PC,2009.0,Action,8.2,21.0
Brandish: The Dark Revenant,PSP,2009.0,Role-Playing,8.3,12.0
Summon Night: Swordcraft Story,GBA,2003.0,Role-Playing,8.1,19.0
Falcon 4.0: Allied Force,PC,2005.0,Simulation,8.6,37.0
Pro Fishing Challenge,XB,2004.0,Sports,9.1,9.0
Phoenix Wright: Ace Attorney Trilogy,3DS,2014.0,Adventure,9.0,76.0
Kawasaki Jet Ski,Wii,2008.0,Racing,0.6,5.0
Rule of Rose,PS2,2006.0,Action,8.6,51.0
RedCard 20-03,GC,2002.0,Sports,7.4,5.0
Dino Dini's Kick Off Revival,PS4,2016.0,Sports,4.5,66.0
Pac-Man World Rally,PS2,2006.0,Racing,7.4,5.0
GT Legends,PC,2005.0,Racing,8.6,44.0
Monster High 13 Wishes,WiiU,2013.0,Action,5.5,8.0
Street Fighter X Tekken,PC,2012.0,Fighting,6.4,134.0
Kung Fu Panda,PC,2008.0,Action,7.8,12.0
Frontlines: Fuel of War,PC,2008.0,Shooter,6.9,171.0
Rugby World Cup 2015,XOne,2015.0,Sports,4.3,7.0
Tom Clancy's EndWar,PC,2009.0,Strategy,6.7,42.0
Zathura,XB,2005.0,Adventure,5.5,4.0
Plants vs. Zombies: Garden Warfare,PC,2014.0,Shooter,7.8,186.0
Eureka Seven Vol. 2: The New Vision,PS2,2006.0,Shooter,7.0,5.0
Test Drive Unlimited,PC,2007.0,Racing,8.1,124.0
Grey's Anatomy: The Video Game,PC,2009.0,Adventure,3.9,20.0
F1 Race Stars,PC,2012.0,Racing,5.4,46.0
Call of Duty: Modern Warfare Trilogy,PS3,2016.0,Shooter,7.0,5.0
Serious Sam: Next Encounter,GC,2004.0,Shooter,8.4,9.0
Knight's Apprentice: Memorick's Adventures,XB,2004.0,Action,4.5,8.0
Freedom Wings,DS,2006.0,Simulation,7.7,6.0
Unreal Anthology,PC,2006.0,Shooter,8.8,5.0
18 Wheels of Steel: Extreme Trucker,PC,2009.0,Racing,8.0,10.0
Left 4 Dead,PC,2008.0,Shooter,9.2,3717.0
Iron Phoenix,XB,2005.0,Fighting,6.5,4.0
Kuon,PS2,2004.0,Adventure,7.7,9.0
Heavy Fire: The Chosen Few 3D,3DS,2011.0,Shooter,6.3,4.0
Fuel,PC,2009.0,Racing,6.7,86.0
Dungeon Defenders,PC,2011.0,Role-Playing,7.3,399.0
Group S Challenge,XB,2003.0,Racing,6.0,5.0
Balls of Fury,Wii,2007.0,Sports,2.8,25.0
Indigo Prophecy,PC,2005.0,Adventure,8.3,375.0
Overlord,PC,2007.0,Strategy,8.1,220.0
The Lord of the Rings: The Battle for Middle-Earth II,PC,2006.0,Strategy,7.5,366.0
FIFA Soccer 09,PC,2008.0,Sports,6.8,36.0
Quake 4,PC,2005.0,Shooter,7.6,281.0
XGRA: Extreme G Racing Association,GC,2003.0,Racing,7.0,5.0
Max Payne,PC,2001.0,Shooter,9.1,1016.0
Touhou Genso Rondo: Bullet Ballet,PS4,2016.0,Shooter,4.7,34.0
SBK: Snowboard Kids,DS,2005.0,Sports,6.5,4.0
Homeworld,PC,1998.0,Strategy,9.0,326.0
Back to the Future: The Game,X360,2015.0,Adventure,7.5,10.0
Sniper Elite V2,WiiU,2013.0,Shooter,5.8,30.0
Paragon,PS4,2016.0,Action,6.1,96.0
Order of War,PC,2009.0,Strategy,7.3,73.0
The Fast and the Furious,PSP,2007.0,Racing,5.3,6.0
Maximum Capacity: Hotel Giant,PC,2002.0,Strategy,7.7,9.0
Sacred Gold,PC,2005.0,Role-Playing,8.2,25.0
Legend: Hand of God,PC,2007.0,Role-Playing,5.8,19.0
Sacred 3,PC,2014.0,Role-Playing,1.4,544.0
Pro Evolution Soccer 2017,PC,2016.0,Sports,3.7,137.0
SAW,PC,2009.0,Action,6.0,31.0
The Awakened Fate Ultimatum,PS3,2014.0,Role-Playing,7.3,23.0
Spider-Man 3,PC,2007.0,Platform,7.1,29.0
Xblaze: Lost Memories,PS3,2015.0,Adventure,6.2,5.0
Fallout Trilogy,PC,2004.0,Role-Playing,8.9,31.0
Spider-Man: Web of Shadows,PC,2008.0,Action,7.8,57.0
Headhunter: Redemption,XB,2004.0,Action,6.8,4.0
Chicago Enforcer,XB,2005.0,Shooter,2.8,4.0
The Lord of the Rings Online: Mines of Moria,PC,2008.0,Role-Playing,8.2,99.0
Carmageddon: Max Damage,XOne,2016.0,Action,7.1,12.0
Stormrise,PC,2009.0,Strategy,4.9,22.0
Painkiller,PC,2004.0,Shooter,8.1,284.0
Ruff Trigger: The Vanocore Conspiracy,PS2,2006.0,Platform,7.0,7.0
War Leaders: Clash of Nations,PC,2009.0,Strategy,6.4,8.0
RollerCoaster Tycoon World,PC,2016.0,Simulation,2.4,31.0
Oil Rush,PC,2012.0,Strategy,6.5,55.0
XGRA: Extreme G Racing Association,XB,2003.0,Racing,6.8,5.0
Arslan: The Warriors of Legend,XOne,2016.0,Action,5.8,12.0
Darksiders: Warmastered Edition,PS4,2016.0,Action,8.5,15.0
Agatha Christie: The ABC Murders,PC,2016.0,Adventure,8.5,144.0
Lara Croft and the Temple of Osiris,PC,2014.0,Action,5.4,52.0
Motocross Mania 3,XB,2005.0,Racing,3.6,7.0
Fist of the North Star: Ken's Rage 2,WiiU,2013.0,Fighting,5.8,18.0
Blazing Angels: Squadrons of WWII,PC,2006.0,Simulation,4.6,17.0
Hellgate: London,PC,2007.0,Role-Playing,6.3,374.0
Dynasty Warriors 8: Empires,PSV,2015.0,Action,7.4,9.0
Tenkai Knights: Brave Battle,3DS,2014.0,Action,2.4,22.0
TOCA Race Driver 3,PC,2006.0,Racing,7.8,53.0
Battle Princess of Arcadias,PS3,2013.0,Role-Playing,7.9,25.0
Digimon Rumble Arena 2,XB,2004.0,Fighting,8.8,4.0
Ridge Racer Unbounded,PC,2012.0,Racing,6.0,83.0
Mini Ninjas,PC,2009.0,Action,8.3,78.0
Tom Clancy's Splinter Cell Classic Trilogy HD,PS3,2011.0,Action,6.8,29.0
Kung Fu Panda: Showdown of Legendary Legends,X360,2015.0,Action,6.8,4.0
Mighty No. 9,XOne,2016.0,Platform,4.2,94.0
Crysis: Warhead,PC,2008.0,Shooter,7.9,516.0
The Sims 2: Family Fun Stuff,PC,2006.0,Simulation,4.1,10.0
Hogs of War,PS,2000.0,Strategy,8.8,31.0
Elven Legacy,PC,2009.0,Strategy,7.1,38.0
Trapped Dead,PC,2011.0,Strategy,4.7,57.0
Point Blank 3,PS,2000.0,Shooter,8.4,5.0
Vietcong,PC,2003.0,Shooter,8.7,76.0
Nervous Brickdown,DS,2007.0,Puzzle,7.5,11.0
Charlie's Angels,GC,2003.0,Action,3.3,23.0
The Testament of Sherlock Holmes,X360,2012.0,Adventure,7.6,30.0
The Crew: Wild Run,XOne,2015.0,Action,6.6,21.0
Marvel Avengers: Battle for Earth,X360,2012.0,Action,7.3,12.0
Urban Chaos: Riot Response,XB,2006.0,Shooter,8.6,9.0
Starship Troopers,PC,2005.0,Shooter,6.1,29.0
Heroes of the Pacific,PC,2005.0,Simulation,6.7,19.0
Broken Sword: The Sleeping Dragon,XB,2003.0,Adventure,8.3,12.0
Darksiders,PS3,2010.0,Action,7.9,319.0
Tycoon City: New York,PC,2006.0,Strategy,8.3,4.0
NHL 09,PC,2008.0,Sports,4.1,30.0
The Crew: Wild Run,PC,2015.0,Action,7.4,41.0
WorldShift,PC,2009.0,Strategy,8.1,8.0
Pillars of Eternity,PC,2014.0,Role-Playing,8.3,2191.0
Heavy Fire: Afghanistan,PC,2011.0,Shooter,3.2,5.0
Legendary,PC,2008.0,Shooter,6.6,104.0
Red Ninja: End of Honor,XB,2005.0,Action,4.0,5.0
Commandos 3: Destination Berlin,PC,2003.0,Strategy,7.6,83.0
James Bond 007: Blood Stone,PC,2010.0,Shooter,7.1,72.0
Chili Con Carnage,PSP,2007.0,Shooter,8.2,13.0
Puzzle Quest: Challenge of the Warlords,PSP,2007.0,Puzzle,8.0,19.0
Emergency Mayhem,Wii,2008.0,Racing,4.3,4.0
Uru: Ages Beyond Myst,PC,2003.0,Adventure,7.6,29.0
Ben 10 Omniverse 2,3DS,2013.0,Action,7.6,5.0
TMNT: Mutant Melee,XB,2005.0,Fighting,4.8,5.0
Prototype: Biohazard Bundle,PS4,2016.0,Action,2.0,53.0
RoboCop,XB,2003.0,Shooter,3.6,12.0
Blood Bowl: Legendary Edition,PC,2010.0,Sports,6.4,75.0
Invizimals: The Lost Kingdom,PS3,2013.0,Action,5.0,14.0
Worms,X360,2007.0,Strategy,6.9,28.0
NHL 2K3,GC,2002.0,Sports,7.0,6.0
Back to the Future: The Game,XOne,2015.0,Adventure,7.3,7.0
Still Life 2,PC,2009.0,Adventure,5.7,54.0
Virtua Quest,PS2,,Role-Playing,7.6,5.0
Castle Shikigami 2,PS2,2004.0,Shooter,7.4,8.0
Peggle Nights,PC,2008.0,Puzzle,8.1,24.0
Pulse Racer,XB,2003.0,Racing,2.8,17.0
NBA 07,PS2,2006.0,Sports,6.8,5.0
Rogue Trooper,XB,2006.0,Shooter,8.5,11.0
Combat Flight Simulator 3: Battle for Europe,PC,2002.0,Simulation,6.5,22.0
Tomb Raider: Legend,PC,2006.0,Action,7.9,244.0
Raven Squad: Operation Hidden Dagger,PC,2009.0,Shooter,3.1,61.0
Myth Makers: Super Kart GP,Wii,2007.0,Racing,1.8,4.0
Pirates: Legend of the Black Buccaneer,PS2,2006.0,Adventure,7.0,5.0
East India Company,PC,2009.0,Strategy,5.7,49.0
Aedis Eclipse: Generation of Chaos,PSP,2006.0,Role-Playing,6.5,11.0
Without Warning,XB,,Shooter,2.0,5.0
Digimon Rumble Arena,PS,2001.0,Fighting,8.8,71.0
Goblin Commander: Unleash the Horde,GC,2003.0,Strategy,7.8,6.0
Final Fight: Streetwise,XB,2006.0,Action,4.0,4.0
Top Gear RPM Tuning,XB,2005.0,Racing,7.5,4.0
Mark McMorris Infinite Air,PS4,2016.0,Sports,6.0,29.0
Dungeons - The Dark Lord,PC,2011.0,Strategy,5.6,16.0
Divinity: Original Sin,PC,2014.0,Role-Playing,8.7,2089.0
Airline Tycoon,PC,2000.0,Simulation,8.0,9.0
Broken Sword 5: The Serpent's Curse,XOne,2015.0,Adventure,7.2,11.0
Unreal Tournament 2004,PC,2004.0,Shooter,8.9,537.0
Pirates of the Burning Sea,PC,2008.0,Role-Playing,7.6,61.0
Just Cause,PC,2006.0,Action,7.3,206.0
Army Men: Major Malfunction,XB,2006.0,Shooter,4.0,5.0
Big Bass Fishing,PS,2002.0,Action,7.2,6.0
The Haunted: Hell's Reach,PC,2011.0,Shooter,7.6,47.0
Disciples III: Renaissance,PC,2010.0,Strategy,5.4,105.0
The Longest Journey,PC,1999.0,Adventure,8.9,439.0
Lost: Via Domus,PC,2008.0,Action,6.0,38.0
Judge Dredd: Dredd Vs Death,XB,2003.0,Shooter,6.7,7.0
Dark Void,PC,2010.0,Action,5.1,67.0
Stronghold Legends,PC,2006.0,Strategy,7.2,44.0
Worms World Party,PC,2001.0,Strategy,7.6,68.0
Gears of War,PC,2007.0,Shooter,7.8,567.0
Dragon Booster,DS,2005.0,Shooter,7.0,9.0
Post Mortem,PC,2003.0,Adventure,8.0,28.0
Wall-E,PC,2008.0,Platform,6.8,17.0
Majesty 2: The Fantasy Kingdom Sim,PC,2009.0,Simulation,7.3,129.0
LEGO Star Wars II: The Original Trilogy,PC,2006.0,Action,8.2,64.0
Star Trek: Legacy,PC,2006.0,Simulation,4.0,35.0
Syberia II,PC,2004.0,Adventure,8.3,150.0
A Vampyre Story,PC,2008.0,Adventure,8.5,25.0
The Sims 4: Luxury Party Stuff,PC,2015.0,Simulation,5.3,12.0
Sniper Elite,PC,2005.0,Shooter,8.0,142.0
Achtung Panzer: Kharkov 1943,PC,2010.0,Strategy,8.3,20.0
Antz Extreme Racing,XB,2002.0,Racing,8.7,10.0
Majesty 2 Collection,PC,2011.0,Strategy,8.3,10.0
Enemy Territory: Quake Wars,PC,2007.0,Shooter,8.3,231.0
Kao the Kangaroo Round 2,PS2,2005.0,Platform,8.7,7.0
Mark McMorris Infinite Air,XOne,2016.0,Sports,7.1,18.0
Colin McRae Rally 2005,PC,2004.0,Racing,7.1,50.0
Quantum Break,PC,2016.0,Action,4.3,539.0
FIFA Soccer 08,PC,2007.0,Sports,6.1,50.0
Hummer Badlands,XB,2006.0,Racing,6.0,5.0
Turbo: Super Stunt Squad,3DS,2013.0,Sports,5.2,5.0
Just Cause,PS2,2006.0,Action,7.9,41.0
Drone Tactics,DS,2007.0,Strategy,7.4,7.0
DuckTales: Remastered,PC,2013.0,Action,7.6,152.0
Assetto Corsa,XOne,2016.0,Racing,6.7,27.0
Evil Genius,PC,2004.0,Strategy,8.3,106.0
Imperium Romanum,PC,2008.0,Strategy,7.5,24.0
Blackthorne,GBA,2003.0,Action,7.6,5.0
Contrast,PC,2013.0,Platform,7.7,169.0
Space Invaders Revolution,DS,2005.0,Shooter,5.2,5.0
SpongeBob: HeroPants,PSV,2015.0,Platform,5.1,7.0
Turok,PC,2008.0,Action,6.5,55.0
Valentino Rossi: The Game,PC,2016.0,Racing,6.2,14.0
Sengoku,PC,2011.0,Strategy,6.8,86.0
Republique,PS4,2016.0,Action,5.8,29.0
Ship Simulator 2008,PC,2007.0,Simulation,6.6,8.0
NBA 2K17,PC,2016.0,Sports,6.3,52.0
Rise of Flight: Iron Cross Edition,PC,2010.0,Simulation,7.9,11.0
Guild Wars: Factions,PC,2006.0,Role-Playing,8.5,128.0
Super Stardust Ultra VR,PS4,2016.0,Shooter,6.2,13.0
Dead Rising,XOne,2016.0,Action,8.8,12.0
MLB 15: The Show,PSV,2015.0,Sports,8.8,5.0
Azure Striker Gunvolt,3DS,2016.0,Action,8.4,62.0
Don Bradman Cricket 14,PS3,2014.0,Sports,6.9,55.0
Codename: Panzers Phase Two,PC,2005.0,Strategy,8.1,15.0
Alfa Romeo Racing Italiano,PS2,2005.0,Racing,6.8,5.0
The Last Remnant,PC,2009.0,Role-Playing,8.3,240.0
Aquaman: Battle for Atlantis,XB,,Action,2.7,15.0
Call of Juarez,PC,2006.0,Shooter,7.8,223.0
Unreal Tournament 2003,PC,2002.0,Shooter,8.2,98.0
Neverwinter Nights 2: Mask of the Betrayer,PC,2007.0,Role-Playing,8.8,182.0
Mortal Kombat: Tournament Edition,GBA,2003.0,Fighting,8.1,8.0
War for the Overworld,PC,2015.0,Strategy,7.7,90.0
Road Trip: Shifting Gears,GBA,2002.0,Racing,7.6,5.0
Darksiders: Warmastered Edition,XOne,2016.0,Action,7.9,14.0
Grand Theft Auto III,PC,2002.0,Action,8.4,805.0
Grooverider: Slot Car Thunder,XB,2003.0,Racing,7.3,8.0
LifeSigns: Surgical Unit,DS,2005.0,Simulation,7.8,5.0
The Technomancer,PC,2016.0,Role-Playing,6.8,149.0
Football Manager Live,PC,2009.0,Sports,3.1,45.0
Aeon Flux,XB,2005.0,Action,3.0,4.0
Impossible Creatures,PC,2002.0,Strategy,8.0,39.0
Serious Sam II,PC,2005.0,Shooter,7.0,152.0
Monster Rancher Advance 2,GBA,2002.0,Simulation,9.4,9.0
Madden NFL 13,PS3,2012.0,Sports,5.5,101.0
IL-2 Sturmovik,PC,2001.0,Simulation,8.8,130.0
Theatre Of War,PC,2007.0,Strategy,6.2,21.0
htoL#NiQ: The Firefly Diary,PSV,2014.0,Platform,7.7,23.0
Virtua Tennis 3,PC,2007.0,Sports,7.4,17.0
Worms: WMD,XOne,2016.0,Action,8.1,7.0
Doki-Doki Universe,PSV,2013.0,Adventure,5.7,16.0
Homeworld Remastered Collection,PC,,Strategy,8.2,324.0
Sherlock Holmes: The Devil's Daughter,PC,2016.0,Adventure,7.3,72.0
Metal Slug Anthology,PS2,2007.0,Shooter,8.1,16.0
BattleForge,PC,2009.0,Strategy,7.0,112.0
Barbie and Her Sisters Puppy Rescue,WiiU,2015.0,Action,2.8,11.0
Groovin' Blocks,Wii,2009.0,Puzzle,8.5,6.0
Rail Simulator,PC,2007.0,Simulation,6.9,24.0
Banjo-Kazooie,X360,2008.0,Platform,8.2,70.0
Prototype: Biohazard Bundle,XOne,2016.0,Action,3.1,14.0
Spider-Man: Friend or Foe,PC,2007.0,Action,5.3,11.0
BlazBlue: Calamity Trigger,PC,2010.0,Fighting,8.7,26.0
Agatha Christie's The ABC Murders,XOne,2016.0,Adventure,7.5,8.0
Harry Potter and the Chamber of Secrets,PC,2002.0,Action,8.4,93.0
Marvel: Ultimate Alliance,PC,2006.0,Role-Playing,8.0,52.0
Battle Worlds: Kronos,PC,2016.0,Strategy,7.1,71.0
F.E.A.R. Perseus Mandate,PC,2007.0,Shooter,7.3,106.0
Deus Ex,PC,2000.0,Role-Playing,9.3,1069.0
Aquaman: Battle for Atlantis,GC,2003.0,Action,3.1,19.0
Dokuro,PSV,2012.0,Action,8.0,18.0
Tiger Woods PGA Tour 2005,PC,2004.0,Sports,4.5,39.0
Smuggler's Run,GBA,2002.0,Racing,4.3,12.0
Goat Simulator,XOne,2016.0,Simulation,6.3,63.0
TimeShift,PC,2007.0,Shooter,7.6,124.0
Freaky Flyers,GC,,Racing,6.5,6.0
The Chronicles of Riddick: Assault on Dark Athena,PC,2009.0,Shooter,8.0,136.0
Conflict: Denied Ops,PC,2008.0,Shooter,4.8,54.0
Legend of Kay Anniversary,WiiU,2015.0,Action,7.1,35.0
FlatOut: Ultimate Carnage,PC,2008.0,Racing,7.7,127.0
Battlestations: Midway,PC,2007.0,Strategy,7.3,46.0
Mario vs. Donkey Kong: Tipping Stars,WiiU,2015.0,Puzzle,7.4,72.0
Cities: Skylines Snowfall,PC,2016.0,Simulation,7.1,20.0
Greg Hastings' Tournament Paintball Max'd,PS2,2006.0,Shooter,9.2,32.0
Inversion,PC,,Shooter,6.7,107.0
Monster Jam,PC,2007.0,Racing,5.8,5.0
Turbo: Super Stunt Squad,X360,2013.0,Sports,4.5,10.0
Act of Aggression,PC,2015.0,Strategy,7.1,93.0
Powerdrome,XB,2004.0,Racing,7.0,9.0
Fallout Anthology,PC,2015.0,Action,8.3,12.0
Young Justice: Legacy,X360,2013.0,Action,6.2,10.0
TrackMania Turbo,PC,2016.0,Action,6.8,42.0
Myst,PSP,2006.0,Adventure,4.8,5.0
Darkened Skye,GC,2002.0,Adventure,6.4,7.0
Juiced 2: Hot Import Nights,PC,2007.0,Racing,5.0,42.0
Super Dungeon Bros,PS4,2016.0,Action,2.3,7.0
Dungeon Explorer: Warriors of Ancient Arts,PSP,2007.0,Role-Playing,5.5,4.0
Sherlock Holmes: The Devil's Daughter,PS4,2016.0,Adventure,6.8,64.0
Root Letter,PS4,2016.0,Adventure,7.5,11.0
Ride 2,XOne,2016.0,Racing,8.2,6.0
Ride 2,PC,2016.0,Racing,7.9,14.0
Colin McRae Rally 04,PC,2004.0,Racing,7.2,44.0
Rugby World Cup 2015,PC,2015.0,Sports,1.4,8.0
Virtua Quest,GC,,Role-Playing,5.5,12.0
Icewind Dale II,PC,2002.0,Role-Playing,8.3,147.0
Dungeons 2,PS4,2016.0,Role-Playing,7.9,14.0
Pro Evolution Soccer 2010,PC,2009.0,Sports,6.9,49.0
Hoshigami: Ruining Blue Earth Remix,DS,2007.0,Role-Playing,7.9,11.0
Carmageddon: Max Damage,PS4,2016.0,Action,5.5,39.0
Alone in the Dark,PC,2008.0,Adventure,5.7,148.0
Rugby League Live 3,XOne,2015.0,Action,7.1,10.0
Clive Barker's Jericho,PC,2007.0,Shooter,7.5,218.0
Grand Prix Legends,PC,1997.0,Racing,7.5,6.0
Assassin's Creed Chronicles,XOne,2016.0,Action,6.8,8.0
Madagascar: Escape 2 Africa,PC,2008.0,Action,8.0,4.0
Wade Hixton's Counter Punch,GBA,2004.0,Sports,9.5,4.0
MotoGP 14 ,PSV,2014.0,Racing,7.5,4.0
Sega Rally Revo,PC,2007.0,Racing,7.6,18.0
Egg Mania: Eggstreme Madness,GC,2002.0,Puzzle,8.0,4.0
The Eye of Judgment: Legends,PSP,2010.0,Strategy,7.9,16.0
King's Bounty: Armored Princess,PC,2009.0,Role-Playing,8.6,158.0
Transformers: Fall of Cybertron,PC,2012.0,Action,7.9,121.0
Micro Machines V4,PS2,2006.0,Racing,6.8,8.0
Saints Row: Gat out of Hell,XOne,2015.0,Action,6.0,27.0
Dragon Ball Z for Kinect,X360,2012.0,Fighting,2.1,39.0
Legacy of Kain: Defiance,PC,2003.0,Action,8.7,67.0
Xblaze: Lost Memories,PSV,2015.0,Adventure,7.0,8.0
Trine,PC,2009.0,Action,8.2,488.0
Karnaaj Rally,GBA,2003.0,Racing,9.5,4.0
Sébastien Loeb Rally Evo,XOne,2016.0,Racing,8.2,22.0
Hospital Tycoon,PC,2007.0,Strategy,3.8,29.0
Rugby Challenge 3,XOne,2016.0,Sports,6.6,5.0
Fast Racing Neo ,WiiU,2016.0,Action,8.5,151.0
Ben 10 Omniverse 2,X360,2013.0,Action,5.1,9.0
Prison Architect,XOne,2016.0,Action,6.7,7.0
Bookworm Deluxe,PC,2006.0,Puzzle,8.0,6.0
E.T. The Extra-Terrestrial,GBA,2001.0,Action,2.4,21.0
Mortal Kombat: Deadly Alliance,GBA,2002.0,Fighting,8.8,9.0
Worms 2,PC,1997.0,Strategy,8.1,12.0
Metal Gear Solid V: Ground Zeroes,PC,2014.0,Action,7.6,412.0
Breach,PC,2011.0,Shooter,5.8,43.0
STORM: Frontline Nation,PC,2011.0,Strategy,7.2,13.0
15 Days,PC,2009.0,Adventure,5.8,8.0
Battlefield 3,PS3,2011.0,Shooter,7.5,1761.0
Fallout 4,PS4,2015.0,Role-Playing,6.5,4228.0
Tekken 3,PS,1998.0,Fighting,9.1,367.0
The Legend of Zelda: Twilight Princess,Wii,2006.0,Action,9.0,1658.0
Crash Bandicoot 3: Warped,PS,1998.0,Platform,8.9,432.0
Mario Kart 8,WiiU,2014.0,Racing,9.1,1599.0
Super Smash Bros. Melee,GC,2001.0,Fighting,9.1,568.0
Need for Speed Underground 2,PS2,2004.0,Racing,8.6,132.0
Medal of Honor: Frontline,PS2,2002.0,Shooter,8.5,135.0
Gears of War 2,X360,2008.0,Shooter,7.7,2739.0
Ben 10 Omniverse 2,X360,2013.0,Action,5.1,9.0
Prison Architect,XOne,2016.0,Action,6.7,7.0
Bookworm Deluxe,PC,2006.0,Puzzle,8.0,6.0
E.T. The Extra-Terrestrial,GBA,2001.0,Action,2.4,21.0
Mortal Kombat: Deadly Alliance,GBA,2002.0,Fighting,8.8,9.0
The Crew,XOne,2014.0,Racing,5.9,176.0
Dragon Ball: Raging Blast 2,X360,2010.0,Fighting,7.4,30.0
NHL 13,PS3,2012.0,Sports,6.8,60.0
Dead or Alive 5,PS3,2012.0,Fighting,7.7,109.0
Evolve,XOne,2015.0,Shooter,5.1,336.0
Lemony Snicket's A Series of Unfortunate Events,PS2,2004.0,Platform,5.7,12.0
Lost Planet: Extreme Condition,PS3,2008.0,Shooter,7.0,36.0
X-Men Legends II: Rise of Apocalypse,PS2,2005.0,Role-Playing,7.3,41.0
LittleBigPlanet 3,PS3,2014.0,Platform,7.2,64.0
LEGO Star Wars II: The Original Trilogy,X360,2006.0,Action,8.0,45.0
Dragon Age II,PC,2011.0,Action,4.5,4533.0
Tony Hawk's Pro Skater 2x,XB,2001.0,Sports,8.8,5.0
NBA Live 08,PS3,2007.0,Sports,6.8,10.0
FIFA Soccer 2003,XB,2002.0,Sports,7.7,11.0
The Lord of the Rings: Conquest,X360,2009.0,Action,7.0,110.0
Far Cry 4,PC,2014.0,Shooter,6.7,1064.0
NASCAR 06: Total Team Control,PS2,2005.0,Racing,7.7,18.0
Iron Man,PSP,2008.0,Action,6.5,16.0
White Knight Chronicles II,PS3,2010.0,Role-Playing,7.1,64.0
Juiced 2: Hot Import Nights,X360,2007.0,Racing,7.6,21.0
Wolfenstein,PS3,2009.0,Shooter,7.4,77.0
The Walking Dead: Survival Instinct,X360,2013.0,Shooter,4.0,410.0
The Sims 3: Generations,PC,2011.0,Simulation,3.6,81.0
Ape Escape 2,PS2,2002.0,Platform,8.4,32.0
Sega Rally Revo,PS3,2007.0,Racing,7.0,20.0
Shin Megami Tensei: Persona 3 FES,PS2,2007.0,Role-Playing,8.3,296.0
FIFA Soccer 2002,PS2,2001.0,Sports,5.8,28.0
Angry Birds Trilogy,3DS,2012.0,Action,4.6,20.0
Condemned 2: Bloodshot,X360,2008.0,Action,8.4,178.0
Okami,PS2,2006.0,Action,9.3,327.0
Shin Megami Tensei: Persona 3 Portable,PSP,2009.0,Role-Playing,8.3,317.0
Crash of the Titans,PSP,2007.0,Action,7.1,24.0
NHL 2001,PS,2000.0,Sports,7.7,7.0
Crysis 3,PC,2013.0,Shooter,6.5,1223.0
Buzz Lightyear of Star Command,PS,2000.0,Platform,5.3,4.0
NHL 16,PS4,2015.0,Sports,5.5,157.0
Tony Hawk's Project 8,PS3,2006.0,Sports,7.2,14.0
Ghostbusters: The Video Game,X360,2009.0,Action,8.5,125.0
XCOM: Enemy Unknown,X360,2012.0,Strategy,8.3,366.0
Metal Gear Solid 2: Substance,XB,,Action,8.5,39.0
Tony Hawk's American Wasteland,XB,2005.0,Sports,7.7,15.0
Wild ARMs 3,PS2,2002.0,Role-Playing,8.4,38.0
Madden NFL 07,GC,2006.0,Sports,9.2,5.0
LEGO Jurassic World,3DS,2015.0,Action,7.2,11.0
Tiger Woods PGA Tour 2004,XB,2003.0,Sports,8.2,14.0
Test Drive Unlimited 2,PS3,,Racing,6.1,44.0
Tak 2: The Staff of Dreams,PS2,2004.0,Platform,8.0,10.0
LEGO Pirates of the Caribbean: The Video Game,3DS,2011.0,Action,7.3,20.0
Donkey Kong Barrel Blast,Wii,2007.0,Racing,6.8,26.0
Viewtiful Joe,GC,2003.0,Action,8.3,115.0
The Urbz: Sims in the City,GBA,2004.0,Simulation,9.2,25.0
Strike Force Bowling,PS2,2004.0,Sports,6.8,4.0
Red Steel 2,Wii,2010.0,Shooter,8.6,178.0
XGRA: Extreme G-Racing Association,PS2,2004.0,Racing,8.6,8.0
Mafia III,XOne,2016.0,Action,4.6,274.0
Prince of Persia: The Forgotten Sands,X360,2010.0,Action,7.8,112.0
Warriors Orochi 3,PS3,2011.0,Action,7.9,35.0
Tomb Raider III: Adventures of Lara Croft,PC,1998.0,Action,8.2,29.0
Tiger Woods PGA Tour 12: The Masters,X360,2011.0,Sports,6.1,25.0
Battle of Giants: Dragons,DS,2009.0,Strategy,6.0,4.0
Wall-E,X360,2008.0,Platform,6.3,6.0
Harry Potter and the Half-Blood Prince,DS,2009.0,Action,4.3,7.0
NieR,PS3,2010.0,Role-Playing,8.4,263.0
2014 FIFA World Cup Brazil,PS3,2014.0,Sports,4.3,87.0
NBA 2K9,PS3,2008.0,Sports,7.0,37.0
SpongeBob's Atlantis SquarePantis,Wii,2007.0,Action,5.5,6.0
NFL Fever 2003,XB,2002.0,Sports,8.6,12.0
Samurai Warriors 2,PS2,2006.0,Action,8.8,13.0
Wet,PS3,2009.0,Shooter,6.4,55.0
Cooking Mama 4: Kitchen Magic!,3DS,2011.0,Simulation,6.0,7.0
Scribblenauts: Unlimited,3DS,2012.0,Action,7.4,21.0
Fire Emblem: Shadow Dragon,DS,2008.0,Role-Playing,7.0,106.0
Plants vs. Zombies: Garden Warfare,PS4,2014.0,Shooter,7.6,259.0
Metroid Prime: Trilogy,Wii,2009.0,Shooter,9.3,316.0
Robotech: Battlecry,PS2,2002.0,Shooter,8.5,8.0
Dora the Explorer: Super Spies,GBA,2004.0,Platform,8.0,5.0
Disney Universe,PS3,2011.0,Action,6.9,13.0
Advance Wars: Days of Ruin,DS,,Strategy,8.7,96.0
Jak and Daxter: The Lost Frontier,PSP,2009.0,Platform,6.3,28.0
Time Crisis 3,PS2,2003.0,Shooter,8.1,12.0
WWE SmackDown vs. Raw 2010,PSP,2009.0,Fighting,6.6,8.0
Vanquish,PS3,2010.0,Shooter,8.1,304.0
Tearaway,PSV,2013.0,Adventure,8.9,391.0
Half-Life 2,XB,2005.0,Shooter,8.6,115.0
Tony Hawk: RIDE,X360,2009.0,Sports,3.0,67.0
Borderlands: The Pre-Sequel,PS3,2014.0,Shooter,6.3,130.0
Major League Baseball 2K8,X360,2008.0,Sports,5.9,34.0
Sacred 2: Fallen Angel,PS3,2009.0,Role-Playing,7.1,51.0
pro evolution soccer 2011,X360,2010.0,Sports,5.9,33.0
Major League Baseball 2K9,X360,2009.0,Sports,5.3,26.0
Final Fantasy IV Advance,GBA,2005.0,Role-Playing,7.3,70.0
Dragon Ball Z: Ultimate Tenkaichi,PS3,2011.0,Fighting,5.4,77.0
Harry Potter and the Goblet of Fire,GBA,2005.0,Action,6.0,8.0
Dragon Ball Z: Buu's Fury,GBA,2004.0,Action,8.9,39.0
Spider-Man: Mysterio's Menace,GBA,2001.0,Action,8.7,11.0
MySims Racing,DS,2009.0,Racing,7.3,4.0
Naruto: Ultimate Ninja,PS2,2003.0,Fighting,7.7,35.0
Tony Hawk's Underground,GBA,2003.0,Sports,7.7,9.0
World of Zoo,Wii,2009.0,Simulation,8.2,6.0
Shadow The Hedgehog,PS2,2005.0,Platform,6.0,137.0
Wave Race: Blue Storm,GC,2001.0,Racing,8.3,29.0
Aliens: Colonial Marines,PS3,2013.0,Shooter,3.6,295.0
Backyard Wrestling: Don't Try This at Home,PS2,2003.0,Fighting,7.8,29.0
Yakuza: Dead Souls,PS3,2011.0,Shooter,7.4,69.0
Fight Night Round 2,XB,2005.0,Fighting,8.8,27.0
