row_type,flow_id,step,x,y0,y1,node_x0,node_x1,node_y0,node_y1,label_x,label_y,publisher,genre,game_count,publisher_visible_total,publisher_full_total,publisher_top10_coverage_percent,publisher_visible_share_percent,genre_visible_total
flow,1,0,0.08,0.0,195.0,,,,,,,Sega,Misc,195,1311,1486,88.2,14.87,1412
flow,1,1,0.108,0.0,195.0,,,,,,,Sega,Misc,195,1311,1486,88.2,14.87,1412
flow,1,2,0.136,0.0,195.0,,,,,,,Sega,Misc,195,1311,1486,88.2,14.87,1412
flow,1,3,0.164,0.0,195.0,,,,,,,Sega,Misc,195,1311,1486,88.2,14.87,1412
flow,1,4,0.192,0.0,195.0,,,,,,,Sega,Misc,195,1311,1486,88.2,14.87,1412
flow,1,5,0.22,0.0,195.0,,,,,,,Sega,Misc,195,1311,1486,88.2,14.87,1412
flow,1,6,0.248,0.0,195.0,,,,,,,Sega,Misc,195,1311,1486,88.2,14.87,1412
flow,1,7,0.276,0.0,195.0,,,,,,,Sega,Misc,195,1311,1486,88.2,14.87,1412
flow,1,8,0.304,0.0,195.0,,,,,,,Sega,Misc,195,1311,1486,88.2,14.87,1412
flow,1,9,0.332,0.0,195.0,,,,,,,Sega,Misc,195,1311,1486,88.2,14.87,1412
flow,1,10,0.36,0.0,195.0,,,,,,,Sega,Misc,195,1311,1486,88.2,14.87,1412
flow,1,11,0.388,0.0,195.0,,,,,,,Sega,Misc,195,1311,1486,88.2,14.87,1412
flow,1,12,0.416,0.0,195.0,,,,,,,Sega,Misc,195,1311,1486,88.2,14.87,1412
flow,1,13,0.444,0.0,195.0,,,,,,,Sega,Misc,195,1311,1486,88.2,14.87,1412
flow,1,14,0.472,0.0,195.0,,,,,,,Sega,Misc,195,1311,1486,88.2,14.87,1412
flow,1,15,0.5,0.0,195.0,,,,,,,Sega,Misc,195,1311,1486,88.2,14.87,1412
flow,1,16,0.528,0.0,195.0,,,,,,,Sega,Misc,195,1311,1486,88.2,14.87,1412
flow,1,17,0.556,0.0,195.0,,,,,,,Sega,Misc,195,1311,1486,88.2,14.87,1412
flow,1,18,0.584,0.0,195.0,,,,,,,Sega,Misc,195,1311,1486,88.2,14.87,1412
flow,1,19,0.612,0.0,195.0,,,,,,,Sega,Misc,195,1311,1486,88.2,14.87,1412
flow,1,20,0.64,0.0,195.0,,,,,,,Sega,Misc,195,1311,1486,88.2,14.87,1412
flow,1,21,0.668,0.0,195.0,,,,,,,Sega,Misc,195,1311,1486,88.2,14.87,1412
flow,1,22,0.696,0.0,195.0,,,,,,,Sega,Misc,195,1311,1486,88.2,14.87,1412
flow,1,23,0.724,0.0,195.0,,,,,,,Sega,Misc,195,1311,1486,88.2,14.87,1412
flow,1,24,0.752,0.0,195.0,,,,,,,Sega,Misc,195,1311,1486,88.2,14.87,1412
flow,1,25,0.78,0.0,195.0,,,,,,,Sega,Misc,195,1311,1486,88.2,14.87,1412
flow,1,26,0.808,0.0,195.0,,,,,,,Sega,Misc,195,1311,1486,88.2,14.87,1412
flow,1,27,0.836,0.0,195.0,,,,,,,Sega,Misc,195,1311,1486,88.2,14.87,1412
flow,1,28,0.864,0.0,195.0,,,,,,,Sega,Misc,195,1311,1486,88.2,14.87,1412
flow,1,29,0.892,0.0,195.0,,,,,,,Sega,Misc,195,1311,1486,88.2,14.87,1412
flow,1,30,0.92,0.0,195.0,,,,,,,Sega,Misc,195,1311,1486,88.2,14.87,1412
flow,2,0,0.08,195.0,430.0,,,,,,,Sega,Sports,235,1311,1486,88.2,17.93,1031
flow,2,1,0.108,199.144,434.144,,,,,,,Sega,Sports,235,1311,1486,88.2,17.93,1031
flow,2,2,0.136,211.1991,446.1991,,,,,,,Sega,Sports,235,1311,1486,88.2,17.93,1031
flow,2,3,0.164,230.6004,465.6004,,,,,,,Sega,Sports,235,1311,1486,88.2,17.93,1031
flow,2,4,0.192,256.7828,491.7828,,,,,,,Sega,Sports,235,1311,1486,88.2,17.93,1031
flow,2,5,0.22,289.1811,524.1811,,,,,,,Sega,Sports,235,1311,1486,88.2,17.93,1031
flow,2,6,0.248,327.2302,562.2302,,,,,,,Sega,Sports,235,1311,1486,88.2,17.93,1031
flow,2,7,0.276,370.3652,605.3652,,,,,,,Sega,Sports,235,1311,1486,88.2,17.93,1031
flow,2,8,0.304,418.0208,653.0208,,,,,,,Sega,Sports,235,1311,1486,88.2,17.93,1031
flow,2,9,0.332,469.632,704.632,,,,,,,Sega,Sports,235,1311,1486,88.2,17.93,1031
flow,2,10,0.36,524.6337,759.6337,,,,,,,Sega,Sports,235,1311,1486,88.2,17.93,1031
flow,2,11,0.388,582.4609,817.4609,,,,,,,Sega,Sports,235,1311,1486,88.2,17.93,1031
flow,2,12,0.416,642.5484,877.5484,,,,,,,Sega,Sports,235,1311,1486,88.2,17.93,1031
flow,2,13,0.444,704.3312,939.3312,,,,,,,Sega,Sports,235,1311,1486,88.2,17.93,1031
flow,2,14,0.472,767.2442,1002.2442,,,,,,,Sega,Sports,235,1311,1486,88.2,17.93,1031
flow,2,15,0.5,830.7222,1065.7222,,,,,,,Sega,Sports,235,1311,1486,88.2,17.93,1031
flow,2,16,0.528,894.2003,1129.2003,,,,,,,Sega,Sports,235,1311,1486,88.2,17.93,1031
flow,2,17,0.556,957.1132,1192.1132,,,,,,,Sega,Sports,235,1311,1486,88.2,17.93,1031
flow,2,18,0.584,1018.896,1253.896,,,,,,,Sega,Sports,235,1311,1486,88.2,17.93,1031
flow,2,19,0.612,1078.9835,1313.9835,,,,,,,Sega,Sports,235,1311,1486,88.2,17.93,1031
flow,2,20,0.64,1136.8107,1371.8107,,,,,,,Sega,Sports,235,1311,1486,88.2,17.93,1031
flow,2,21,0.668,1191.8124,1426.8124,,,,,,,Sega,Sports,235,1311,1486,88.2,17.93,1031
flow,2,22,0.696,1243.4237,1478.4237,,,,,,,Sega,Sports,235,1311,1486,88.2,17.93,1031
flow,2,23,0.724,1291.0793,1526.0793,,,,,,,Sega,Sports,235,1311,1486,88.2,17.93,1031
flow,2,24,0.752,1334.2142,1569.2142,,,,,,,Sega,Sports,235,1311,1486,88.2,17.93,1031
flow,2,25,0.78,1372.2634,1607.2634,,,,,,,Sega,Sports,235,1311,1486,88.2,17.93,1031
flow,2,26,0.808,1404.6617,1639.6617,,,,,,,Sega,Sports,235,1311,1486,88.2,17.93,1031
flow,2,27,0.836,1430.844,1665.844,,,,,,,Sega,Sports,235,1311,1486,88.2,17.93,1031
flow,2,28,0.864,1450.2453,1685.2453,,,,,,,Sega,Sports,235,1311,1486,88.2,17.93,1031
flow,2,29,0.892,1462.3005,1697.3005,,,,,,,Sega,Sports,235,1311,1486,88.2,17.93,1031
flow,2,30,0.92,1466.4444,1701.4444,,,,,,,Sega,Sports,235,1311,1486,88.2,17.93,1031
flow,3,0,0.08,430.0,599.0,,,,,,,Sega,Action,169,1311,1486,88.2,12.89,1021
flow,3,1,0.108,436.9158,605.9158,,,,,,,Sega,Action,169,1311,1486,88.2,12.89,1021
flow,3,2,0.136,457.0344,626.0344,,,,,,,Sega,Action,169,1311,1486,88.2,12.89,1021
flow,3,3,0.164,489.4129,658.4129,,,,,,,Sega,Action,169,1311,1486,88.2,12.89,1021
flow,3,4,0.192,533.1081,702.1081,,,,,,,Sega,Action,169,1311,1486,88.2,12.89,1021
flow,3,5,0.22,587.177,756.177,,,,,,,Sega,Action,169,1311,1486,88.2,12.89,1021
flow,3,6,0.248,650.6764,819.6764,,,,,,,Sega,Action,169,1311,1486,88.2,12.89,1021
flow,3,7,0.276,722.6635,891.6635,,,,,,,Sega,Action,169,1311,1486,88.2,12.89,1021
flow,3,8,0.304,802.195,971.195,,,,,,,Sega,Action,169,1311,1486,88.2,12.89,1021
flow,3,9,0.332,888.328,1057.328,,,,,,,Sega,Action,169,1311,1486,88.2,12.89,1021
flow,3,10,0.36,980.1193,1149.1193,,,,,,,Sega,Action,169,1311,1486,88.2,12.89,1021
flow,3,11,0.388,1076.626,1245.626,,,,,,,Sega,Action,169,1311,1486,88.2,12.89,1021
flow,3,12,0.416,1176.9049,1345.9049,,,,,,,Sega,Action,169,1311,1486,88.2,12.89,1021
flow,3,13,0.444,1280.013,1449.013,,,,,,,Sega,Action,169,1311,1486,88.2,12.89,1021
flow,3,14,0.472,1385.0072,1554.0072,,,,,,,Sega,Action,169,1311,1486,88.2,12.89,1021
flow,3,15,0.5,1490.9444,1659.9444,,,,,,,Sega,Action,169,1311,1486,88.2,12.89,1021
flow,3,16,0.528,1596.8817,1765.8817,,,,,,,Sega,Action,169,1311,1486,88.2,12.89,1021
flow,3,17,0.556,1701.8759,1870.8759,,,,,,,Sega,Action,169,1311,1486,88.2,12.89,1021
flow,3,18,0.584,1804.984,1973.984,,,,,,,Sega,Action,169,1311,1486,88.2,12.89,1021
flow,3,19,0.612,1905.2629,2074.2629,,,,,,,Sega,Action,169,1311,1486,88.2,12.89,1021
flow,3,20,0.64,2001.7695,2170.7695,,,,,,,Sega,Action,169,1311,1486,88.2,12.89,1021
flow,3,21,0.668,2093.5609,2262.5609,,,,,,,Sega,Action,169,1311,1486,88.2,12.89,1021
flow,3,22,0.696,2179.6939,2348.6939,,,,,,,Sega,Action,169,1311,1486,88.2,12.89,1021
flow,3,23,0.724,2259.2254,2428.2254,,,,,,,Sega,Action,169,1311,1486,88.2,12.89,1021
flow,3,24,0.752,2331.2124,2500.2124,,,,,,,Sega,Action,169,1311,1486,88.2,12.89,1021
flow,3,25,0.78,2394.7119,2563.7119,,,,,,,Sega,Action,169,1311,1486,88.2,12.89,1021
flow,3,26,0.808,2448.7808,2617.7808,,,,,,,Sega,Action,169,1311,1486,88.2,12.89,1021
flow,3,27,0.836,2492.476,2661.476,,,,,,,Sega,Action,169,1311,1486,88.2,12.89,1021
flow,3,28,0.864,2524.8545,2693.8545,,,,,,,Sega,Action,169,1311,1486,88.2,12.89,1021
flow,3,29,0.892,2544.9731,2713.9731,,,,,,,Sega,Action,169,1311,1486,88.2,12.89,1021
flow,3,30,0.92,2551.8889,2720.8889,,,,,,,Sega,Action,169,1311,1486,88.2,12.89,1021
flow,4,0,0.08,599.0,738.0,,,,,,,Sega,Shooter,139,1311,1486,88.2,10.6,891
flow,4,1,0.108,608.8701,747.8701,,,,,,,Sega,Shooter,139,1311,1486,88.2,10.6,891
flow,4,2,0.136,637.5832,776.5832,,,,,,,Sega,Shooter,139,1311,1486,88.2,10.6,891
flow,4,3,0.164,683.7933,822.7933,,,,,,,Sega,Shooter,139,1311,1486,88.2,10.6,891
flow,4,4,0.192,746.1546,885.1546,,,,,,,Sega,Shooter,139,1311,1486,88.2,10.6,891
flow,4,5,0.22,823.321,962.321,,,,,,,Sega,Shooter,139,1311,1486,88.2,10.6,891
flow,4,6,0.248,913.9467,1052.9467,,,,,,,Sega,Shooter,139,1311,1486,88.2,10.6,891
flow,4,7,0.276,1016.6857,1155.6857,,,,,,,Sega,Shooter,139,1311,1486,88.2,10.6,891
flow,4,8,0.304,1130.1921,1269.1921,,,,,,,Sega,Shooter,139,1311,1486,88.2,10.6,891
flow,4,9,0.332,1253.12,1392.12,,,,,,,Sega,Shooter,139,1311,1486,88.2,10.6,891
flow,4,10,0.36,1384.1235,1523.1235,,,,,,,Sega,Shooter,139,1311,1486,88.2,10.6,891
flow,4,11,0.388,1521.8565,1660.8565,,,,,,,Sega,Shooter,139,1311,1486,88.2,10.6,891
flow,4,12,0.416,1664.9733,1803.9733,,,,,,,Sega,Shooter,139,1311,1486,88.2,10.6,891
flow,4,13,0.444,1812.1279,1951.1279,,,,,,,Sega,Shooter,139,1311,1486,88.2,10.6,891
flow,4,14,0.472,1961.9743,2100.9743,,,,,,,Sega,Shooter,139,1311,1486,88.2,10.6,891
flow,4,15,0.5,2113.1667,2252.1667,,,,,,,Sega,Shooter,139,1311,1486,88.2,10.6,891
flow,4,16,0.528,2264.359,2403.359,,,,,,,Sega,Shooter,139,1311,1486,88.2,10.6,891
flow,4,17,0.556,2414.2054,2553.2054,,,,,,,Sega,Shooter,139,1311,1486,88.2,10.6,891
flow,4,18,0.584,2561.36,2700.36,,,,,,,Sega,Shooter,139,1311,1486,88.2,10.6,891
flow,4,19,0.612,2704.4768,2843.4768,,,,,,,Sega,Shooter,139,1311,1486,88.2,10.6,891
flow,4,20,0.64,2842.2099,2981.2099,,,,,,,Sega,Shooter,139,1311,1486,88.2,10.6,891
flow,4,21,0.668,2973.2133,3112.2133,,,,,,,Sega,Shooter,139,1311,1486,88.2,10.6,891
flow,4,22,0.696,3096.1412,3235.1412,,,,,,,Sega,Shooter,139,1311,1486,88.2,10.6,891
flow,4,23,0.724,3209.6477,3348.6477,,,,,,,Sega,Shooter,139,1311,1486,88.2,10.6,891
flow,4,24,0.752,3312.3867,3451.3867,,,,,,,Sega,Shooter,139,1311,1486,88.2,10.6,891
flow,4,25,0.78,3403.0123,3542.0123,,,,,,,Sega,Shooter,139,1311,1486,88.2,10.6,891
flow,4,26,0.808,3480.1788,3619.1788,,,,,,,Sega,Shooter,139,1311,1486,88.2,10.6,891
flow,4,27,0.836,3542.54,3681.54,,,,,,,Sega,Shooter,139,1311,1486,88.2,10.6,891
flow,4,28,0.864,3588.7501,3727.7501,,,,,,,Sega,Shooter,139,1311,1486,88.2,10.6,891
flow,4,29,0.892,3617.4632,3756.4632,,,,,,,Sega,Shooter,139,1311,1486,88.2,10.6,891
flow,4,30,0.92,3627.3333,3766.3333,,,,,,,Sega,Shooter,139,1311,1486,88.2,10.6,891
flow,5,0,0.08,738.0,906.0,,,,,,,Sega,Platform,168,1311,1486,88.2,12.81,704
flow,5,1,0.108,750.4985,918.4985,,,,,,,Sega,Platform,168,1311,1486,88.2,12.81,704
flow,5,2,0.136,786.8579,954.8579,,,,,,,Sega,Platform,168,1311,1486,88.2,12.81,704
flow,5,3,0.164,845.3738,1013.3738,,,,,,,Sega,Platform,168,1311,1486,88.2,12.81,704
flow,5,4,0.192,924.3418,1092.3418,,,,,,,Sega,Platform,168,1311,1486,88.2,12.81,704
flow,5,5,0.22,1022.0576,1190.0576,,,,,,,Sega,Platform,168,1311,1486,88.2,12.81,704
flow,5,6,0.248,1136.8169,1304.8169,,,,,,,Sega,Platform,168,1311,1486,88.2,12.81,704
flow,5,7,0.276,1266.9153,1434.9153,,,,,,,Sega,Platform,168,1311,1486,88.2,12.81,704
flow,5,8,0.304,1410.6484,1578.6484,,,,,,,Sega,Platform,168,1311,1486,88.2,12.81,704
flow,5,9,0.332,1566.312,1734.312,,,,,,,Sega,Platform,168,1311,1486,88.2,12.81,704
flow,5,10,0.36,1732.2016,1900.2016,,,,,,,Sega,Platform,168,1311,1486,88.2,12.81,704
flow,5,11,0.388,1906.613,2074.613,,,,,,,Sega,Platform,168,1311,1486,88.2,12.81,704
flow,5,12,0.416,2087.8418,2255.8418,,,,,,,Sega,Platform,168,1311,1486,88.2,12.81,704
flow,5,13,0.444,2274.1836,2442.1836,,,,,,,Sega,Platform,168,1311,1486,88.2,12.81,704
flow,5,14,0.472,2463.9341,2631.9341,,,,,,,Sega,Platform,168,1311,1486,88.2,12.81,704
flow,5,15,0.5,2655.3889,2823.3889,,,,,,,Sega,Platform,168,1311,1486,88.2,12.81,704
flow,5,16,0.528,2846.8437,3014.8437,,,,,,,Sega,Platform,168,1311,1486,88.2,12.81,704
flow,5,17,0.556,3036.5942,3204.5942,,,,,,,Sega,Platform,168,1311,1486,88.2,12.81,704
flow,5,18,0.584,3222.936,3390.936,,,,,,,Sega,Platform,168,1311,1486,88.2,12.81,704
flow,5,19,0.612,3404.1648,3572.1648,,,,,,,Sega,Platform,168,1311,1486,88.2,12.81,704
flow,5,20,0.64,3578.5761,3746.5761,,,,,,,Sega,Platform,168,1311,1486,88.2,12.81,704
flow,5,21,0.668,3744.4658,3912.4658,,,,,,,Sega,Platform,168,1311,1486,88.2,12.81,704
flow,5,22,0.696,3900.1293,4068.1293,,,,,,,Sega,Platform,168,1311,1486,88.2,12.81,704
flow,5,23,0.724,4043.8625,4211.8625,,,,,,,Sega,Platform,168,1311,1486,88.2,12.81,704
flow,5,24,0.752,4173.9609,4341.9609,,,,,,,Sega,Platform,168,1311,1486,88.2,12.81,704
flow,5,25,0.78,4288.7202,4456.7202,,,,,,,Sega,Platform,168,1311,1486,88.2,12.81,704
flow,5,26,0.808,4386.436,4554.436,,,,,,,Sega,Platform,168,1311,1486,88.2,12.81,704
flow,5,27,0.836,4465.404,4633.404,,,,,,,Sega,Platform,168,1311,1486,88.2,12.81,704
flow,5,28,0.864,4523.9199,4691.9199,,,,,,,Sega,Platform,168,1311,1486,88.2,12.81,704
flow,5,29,0.892,4560.2792,4728.2792,,,,,,,Sega,Platform,168,1311,1486,88.2,12.81,704
flow,5,30,0.92,4572.7778,4740.7778,,,,,,,Sega,Platform,168,1311,1486,88.2,12.81,704
flow,6,0,0.08,906.0,1045.0,,,,,,,Sega,Role-Playing,139,1311,1486,88.2,10.6,602
flow,6,1,0.108,920.4229,1059.4229,,,,,,,Sega,Role-Playing,139,1311,1486,88.2,10.6,602
flow,6,2,0.136,962.3806,1101.3806,,,,,,,Sega,Role-Playing,139,1311,1486,88.2,10.6,602
flow,6,3,0.164,1029.9062,1168.9062,,,,,,,Sega,Role-Playing,139,1311,1486,88.2,10.6,602
flow,6,4,0.192,1121.033,1260.033,,,,,,,Sega,Role-Playing,139,1311,1486,88.2,10.6,602
flow,6,5,0.22,1233.7942,1372.7942,,,,,,,Sega,Role-Playing,139,1311,1486,88.2,10.6,602
flow,6,6,0.248,1366.2231,1505.2231,,,,,,,Sega,Role-Playing,139,1311,1486,88.2,10.6,602
flow,6,7,0.276,1516.3529,1655.3529,,,,,,,Sega,Role-Playing,139,1311,1486,88.2,10.6,602
flow,6,8,0.304,1682.2168,1821.2168,,,,,,,Sega,Role-Playing,139,1311,1486,88.2,10.6,602
flow,6,9,0.332,1861.848,2000.848,,,,,,,Sega,Role-Playing,139,1311,1486,88.2,10.6,602
flow,6,10,0.36,2053.2798,2192.2798,,,,,,,Sega,Role-Playing,139,1311,1486,88.2,10.6,602
flow,6,11,0.388,2254.5455,2393.5455,,,,,,,Sega,Role-Playing,139,1311,1486,88.2,10.6,602
flow,6,12,0.416,2463.6782,2602.6782,,,,,,,Sega,Role-Playing,139,1311,1486,88.2,10.6,602
flow,6,13,0.444,2678.7112,2817.7112,,,,,,,Sega,Role-Playing,139,1311,1486,88.2,10.6,602
flow,6,14,0.472,2897.6778,3036.6778,,,,,,,Sega,Role-Playing,139,1311,1486,88.2,10.6,602
flow,6,15,0.5,3118.6111,3257.6111,,,,,,,Sega,Role-Playing,139,1311,1486,88.2,10.6,602
flow,6,16,0.528,3339.5444,3478.5444,,,,,,,Sega,Role-Playing,139,1311,1486,88.2,10.6,602
flow,6,17,0.556,3558.511,3697.511,,,,,,,Sega,Role-Playing,139,1311,1486,88.2,10.6,602
flow,6,18,0.584,3773.544,3912.544,,,,,,,Sega,Role-Playing,139,1311,1486,88.2,10.6,602
flow,6,19,0.612,3982.6767,4121.6767,,,,,,,Sega,Role-Playing,139,1311,1486,88.2,10.6,602
flow,6,20,0.64,4183.9424,4322.9424,,,,,,,Sega,Role-Playing,139,1311,1486,88.2,10.6,602
flow,6,21,0.668,4375.3742,4514.3742,,,,,,,Sega,Role-Playing,139,1311,1486,88.2,10.6,602
flow,6,22,0.696,4555.0055,4694.0055,,,,,,,Sega,Role-Playing,139,1311,1486,88.2,10.6,602
flow,6,23,0.724,4720.8693,4859.8693,,,,,,,Sega,Role-Playing,139,1311,1486,88.2,10.6,602
flow,6,24,0.752,4870.9991,5009.9991,,,,,,,Sega,Role-Playing,139,1311,1486,88.2,10.6,602
flow,6,25,0.78,5003.428,5142.428,,,,,,,Sega,Role-Playing,139,1311,1486,88.2,10.6,602
flow,6,26,0.808,5116.1892,5255.1892,,,,,,,Sega,Role-Playing,139,1311,1486,88.2,10.6,602
flow,6,27,0.836,5207.316,5346.316,,,,,,,Sega,Role-Playing,139,1311,1486,88.2,10.6,602
flow,6,28,0.864,5274.8416,5413.8416,,,,,,,Sega,Role-Playing,139,1311,1486,88.2,10.6,602
flow,6,29,0.892,5316.7993,5455.7993,,,,,,,Sega,Role-Playing,139,1311,1486,88.2,10.6,602
flow,6,30,0.92,5331.2222,5470.2222,,,,,,,Sega,Role-Playing,139,1311,1486,88.2,10.6,602
flow,7,0,0.08,1045.0,1084.0,,,,,,,Sega,Simulation,39,1311,1486,88.2,2.97,590
flow,7,1,0.108,1061.1094,1100.1094,,,,,,,Sega,Simulation,39,1311,1486,88.2,2.97,590
flow,7,2,0.136,1107.9732,1146.9732,,,,,,,Sega,Simulation,39,1311,1486,88.2,2.97,590
flow,7,3,0.164,1183.3947,1222.3947,,,,,,,Sega,Simulation,39,1311,1486,88.2,2.97,590
flow,7,4,0.192,1285.177,1324.177,,,,,,,Sega,Simulation,39,1311,1486,88.2,2.97,590
flow,7,5,0.22,1411.1235,1450.1235,,,,,,,Sega,Simulation,39,1311,1486,88.2,2.97,590
flow,7,6,0.248,1559.0373,1598.0373,,,,,,,Sega,Simulation,39,1311,1486,88.2,2.97,590
flow,7,7,0.276,1726.7219,1765.7219,,,,,,,Sega,Simulation,39,1311,1486,88.2,2.97,590
flow,7,8,0.304,1911.9803,1950.9803,,,,,,,Sega,Simulation,39,1311,1486,88.2,2.97,590
flow,7,9,0.332,2112.616,2151.616,,,,,,,Sega,Simulation,39,1311,1486,88.2,2.97,590
flow,7,10,0.36,2326.4321,2365.4321,,,,,,,Sega,Simulation,39,1311,1486,88.2,2.97,590
flow,7,11,0.388,2551.2319,2590.2319,,,,,,,Sega,Simulation,39,1311,1486,88.2,2.97,590
flow,7,12,0.416,2784.8187,2823.8187,,,,,,,Sega,Simulation,39,1311,1486,88.2,2.97,590
flow,7,13,0.444,3024.9957,3063.9957,,,,,,,Sega,Simulation,39,1311,1486,88.2,2.97,590
flow,7,14,0.472,3269.5661,3308.5661,,,,,,,Sega,Simulation,39,1311,1486,88.2,2.97,590
flow,7,15,0.5,3516.3333,3555.3333,,,,,,,Sega,Simulation,39,1311,1486,88.2,2.97,590
flow,7,16,0.528,3763.1005,3802.1005,,,,,,,Sega,Simulation,39,1311,1486,88.2,2.97,590
flow,7,17,0.556,4007.671,4046.671,,,,,,,Sega,Simulation,39,1311,1486,88.2,2.97,590
flow,7,18,0.584,4247.848,4286.848,,,,,,,Sega,Simulation,39,1311,1486,88.2,2.97,590
flow,7,19,0.612,4481.4348,4520.4348,,,,,,,Sega,Simulation,39,1311,1486,88.2,2.97,590
flow,7,20,0.64,4706.2346,4745.2346,,,,,,,Sega,Simulation,39,1311,1486,88.2,2.97,590
flow,7,21,0.668,4920.0507,4959.0507,,,,,,,Sega,Simulation,39,1311,1486,88.2,2.97,590
flow,7,22,0.696,5120.6863,5159.6863,,,,,,,Sega,Simulation,39,1311,1486,88.2,2.97,590
flow,7,23,0.724,5305.9448,5344.9448,,,,,,,Sega,Simulation,39,1311,1486,88.2,2.97,590
flow,7,24,0.752,5473.6293,5512.6293,,,,,,,Sega,Simulation,39,1311,1486,88.2,2.97,590
flow,7,25,0.78,5621.5432,5660.5432,,,,,,,Sega,Simulation,39,1311,1486,88.2,2.97,590
flow,7,26,0.808,5747.4897,5786.4897,,,,,,,Sega,Simulation,39,1311,1486,88.2,2.97,590
flow,7,27,0.836,5849.272,5888.272,,,,,,,Sega,Simulation,39,1311,1486,88.2,2.97,590
flow,7,28,0.864,5924.6934,5963.6934,,,,,,,Sega,Simulation,39,1311,1486,88.2,2.97,590
flow,7,29,0.892,5971.5572,6010.5572,,,,,,,Sega,Simulation,39,1311,1486,88.2,2.97,590
flow,7,30,0.92,5987.6667,6026.6667,,,,,,,Sega,Simulation,39,1311,1486,88.2,2.97,590
flow,8,0,0.08,1084.0,1148.0,,,,,,,Sega,Puzzle,64,1311,1486,88.2,4.88,566
flow,8,1,0.108,1102.0827,1166.0827,,,,,,,Sega,Puzzle,64,1311,1486,88.2,4.88,566
flow,8,2,0.136,1154.687,1218.687,,,,,,,Sega,Puzzle,64,1311,1486,88.2,4.88,566
flow,8,3,0.164,1239.3471,1303.3471,,,,,,,Sega,Puzzle,64,1311,1486,88.2,4.88,566
flow,8,4,0.192,1353.5971,1417.5971,,,,,,,Sega,Puzzle,64,1311,1486,88.2,4.88,566
flow,8,5,0.22,1494.9712,1558.9712,,,,,,,Sega,Puzzle,64,1311,1486,88.2,4.88,566
flow,8,6,0.248,1661.0036,1725.0036,,,,,,,Sega,Puzzle,64,1311,1486,88.2,4.88,566
flow,8,7,0.276,1849.2284,1913.2284,,,,,,,Sega,Puzzle,64,1311,1486,88.2,4.88,566
flow,8,8,0.304,2057.1798,2121.1798,,,,,,,Sega,Puzzle,64,1311,1486,88.2,4.88,566
flow,8,9,0.332,2282.392,2346.392,,,,,,,Sega,Puzzle,64,1311,1486,88.2,4.88,566
flow,8,10,0.36,2522.3992,2586.3992,,,,,,,Sega,Puzzle,64,1311,1486,88.2,4.88,566
flow,8,11,0.388,2774.7355,2838.7355,,,,,,,Sega,Puzzle,64,1311,1486,88.2,4.88,566
flow,8,12,0.416,3036.9351,3100.9351,,,,,,,Sega,Puzzle,64,1311,1486,88.2,4.88,566
flow,8,13,0.444,3306.5322,3370.5322,,,,,,,Sega,Puzzle,64,1311,1486,88.2,4.88,566
flow,8,14,0.472,3581.061,3645.061,,,,,,,Sega,Puzzle,64,1311,1486,88.2,4.88,566
flow,8,15,0.5,3858.0556,3922.0556,,,,,,,Sega,Puzzle,64,1311,1486,88.2,4.88,566
flow,8,16,0.528,4135.0501,4199.0501,,,,,,,Sega,Puzzle,64,1311,1486,88.2,4.88,566
flow,8,17,0.556,4409.5789,4473.5789,,,,,,,Sega,Puzzle,64,1311,1486,88.2,4.88,566
flow,8,18,0.584,4679.176,4743.176,,,,,,,Sega,Puzzle,64,1311,1486,88.2,4.88,566
flow,8,19,0.612,4941.3756,5005.3756,,,,,,,Sega,Puzzle,64,1311,1486,88.2,4.88,566
flow,8,20,0.64,5193.7119,5257.7119,,,,,,,Sega,Puzzle,64,1311,1486,88.2,4.88,566
flow,8,21,0.668,5433.7191,5497.7191,,,,,,,Sega,Puzzle,64,1311,1486,88.2,4.88,566
flow,8,22,0.696,5658.9313,5722.9313,,,,,,,Sega,Puzzle,64,1311,1486,88.2,4.88,566
flow,8,23,0.724,5866.8827,5930.8827,,,,,,,Sega,Puzzle,64,1311,1486,88.2,4.88,566
flow,8,24,0.752,6055.1076,6119.1076,,,,,,,Sega,Puzzle,64,1311,1486,88.2,4.88,566
flow,8,25,0.78,6221.1399,6285.1399,,,,,,,Sega,Puzzle,64,1311,1486,88.2,4.88,566
flow,8,26,0.808,6362.514,6426.514,,,,,,,Sega,Puzzle,64,1311,1486,88.2,4.88,566
flow,8,27,0.836,6476.764,6540.764,,,,,,,Sega,Puzzle,64,1311,1486,88.2,4.88,566
flow,8,28,0.864,6561.4241,6625.4241,,,,,,,Sega,Puzzle,64,1311,1486,88.2,4.88,566
flow,8,29,0.892,6614.0284,6678.0284,,,,,,,Sega,Puzzle,64,1311,1486,88.2,4.88,566
flow,8,30,0.92,6632.1111,6696.1111,,,,,,,Sega,Puzzle,64,1311,1486,88.2,4.88,566
flow,9,0,0.08,1148.0,1228.0,,,,,,,Sega,Racing,80,1311,1486,88.2,6.1,499
flow,9,1,0.108,1167.8963,1247.8963,,,,,,,Sega,Racing,80,1311,1486,88.2,6.1,499
flow,9,2,0.136,1225.7766,1305.7766,,,,,,,Sega,Racing,80,1311,1486,88.2,6.1,499
flow,9,3,0.164,1318.9276,1398.9276,,,,,,,Sega,Racing,80,1311,1486,88.2,6.1,499
flow,9,4,0.192,1444.6362,1524.6362,,,,,,,Sega,Racing,80,1311,1486,88.2,6.1,499
flow,9,5,0.22,1600.1893,1680.1893,,,,,,,Sega,Racing,80,1311,1486,88.2,6.1,499
flow,9,6,0.248,1782.8738,1862.8738,,,,,,,Sega,Racing,80,1311,1486,88.2,6.1,499
flow,9,7,0.276,1989.9765,2069.9765,,,,,,,Sega,Racing,80,1311,1486,88.2,6.1,499
flow,9,8,0.304,2218.7843,2298.7843,,,,,,,Sega,Racing,80,1311,1486,88.2,6.1,499
flow,9,9,0.332,2466.584,2546.584,,,,,,,Sega,Racing,80,1311,1486,88.2,6.1,499
flow,9,10,0.36,2730.6626,2810.6626,,,,,,,Sega,Racing,80,1311,1486,88.2,6.1,499
flow,9,11,0.388,3008.3068,3088.3068,,,,,,,Sega,Racing,80,1311,1486,88.2,6.1,499
flow,9,12,0.416,3296.8036,3376.8036,,,,,,,Sega,Racing,80,1311,1486,88.2,6.1,499
flow,9,13,0.444,3593.4397,3673.4397,,,,,,,Sega,Racing,80,1311,1486,88.2,6.1,499
flow,9,14,0.472,3895.5022,3975.5022,,,,,,,Sega,Racing,80,1311,1486,88.2,6.1,499
flow,9,15,0.5,4200.2778,4280.2778,,,,,,,Sega,Racing,80,1311,1486,88.2,6.1,499
flow,9,16,0.528,4505.0534,4585.0534,,,,,,,Sega,Racing,80,1311,1486,88.2,6.1,499
flow,9,17,0.556,4807.1158,4887.1158,,,,,,,Sega,Racing,80,1311,1486,88.2,6.1,499
flow,9,18,0.584,5103.752,5183.752,,,,,,,Sega,Racing,80,1311,1486,88.2,6.1,499
flow,9,19,0.612,5392.2488,5472.2488,,,,,,,Sega,Racing,80,1311,1486,88.2,6.1,499
flow,9,20,0.64,5669.893,5749.893,,,,,,,Sega,Racing,80,1311,1486,88.2,6.1,499
flow,9,21,0.668,5933.9716,6013.9716,,,,,,,Sega,Racing,80,1311,1486,88.2,6.1,499
flow,9,22,0.696,6181.7713,6261.7713,,,,,,,Sega,Racing,80,1311,1486,88.2,6.1,499
flow,9,23,0.724,6410.5791,6490.5791,,,,,,,Sega,Racing,80,1311,1486,88.2,6.1,499
flow,9,24,0.752,6617.6818,6697.6818,,,,,,,Sega,Racing,80,1311,1486,88.2,6.1,499
flow,9,25,0.78,6800.3663,6880.3663,,,,,,,Sega,Racing,80,1311,1486,88.2,6.1,499
flow,9,26,0.808,6955.9194,7035.9194,,,,,,,Sega,Racing,80,1311,1486,88.2,6.1,499
flow,9,27,0.836,7081.628,7161.628,,,,,,,Sega,Racing,80,1311,1486,88.2,6.1,499
flow,9,28,0.864,7174.779,7254.779,,,,,,,Sega,Racing,80,1311,1486,88.2,6.1,499
flow,9,29,0.892,7232.6592,7312.6592,,,,,,,Sega,Racing,80,1311,1486,88.2,6.1,499
flow,9,30,0.92,7252.5556,7332.5556,,,,,,,Sega,Racing,80,1311,1486,88.2,6.1,499
flow,10,0,0.08,1228.0,1311.0,,,,,,,Sega,Adventure,83,1311,1486,88.2,6.33,476
flow,10,1,0.108,1249.4394,1332.4394,,,,,,,Sega,Adventure,83,1311,1486,88.2,6.33,476
flow,10,2,0.136,1311.8086,1394.8086,,,,,,,Sega,Adventure,83,1311,1486,88.2,6.33,476
flow,10,3,0.164,1412.184,1495.184,,,,,,,Sega,Adventure,83,1311,1486,88.2,6.33,476
flow,10,4,0.192,1547.6421,1630.6421,,,,,,,Sega,Adventure,83,1311,1486,88.2,6.33,476
flow,10,5,0.22,1715.2593,1798.2593,,,,,,,Sega,Adventure,83,1311,1486,88.2,6.33,476
flow,10,6,0.248,1912.112,1995.112,,,,,,,Sega,Adventure,83,1311,1486,88.2,6.33,476
flow,10,7,0.276,2135.2767,2218.2767,,,,,,,Sega,Adventure,83,1311,1486,88.2,6.33,476
flow,10,8,0.304,2381.8299,2464.8299,,,,,,,Sega,Adventure,83,1311,1486,88.2,6.33,476
flow,10,9,0.332,2648.848,2731.848,,,,,,,Sega,Adventure,83,1311,1486,88.2,6.33,476
flow,10,10,0.36,2933.4074,3016.4074,,,,,,,Sega,Adventure,83,1311,1486,88.2,6.33,476
flow,10,11,0.388,3232.5846,3315.5846,,,,,,,Sega,Adventure,83,1311,1486,88.2,6.33,476
flow,10,12,0.416,3543.456,3626.456,,,,,,,Sega,Adventure,83,1311,1486,88.2,6.33,476
flow,10,13,0.444,3863.0981,3946.0981,,,,,,,Sega,Adventure,83,1311,1486,88.2,6.33,476
flow,10,14,0.472,4188.5873,4271.5873,,,,,,,Sega,Adventure,83,1311,1486,88.2,6.33,476
flow,10,15,0.5,4517.0,4600.0,,,,,,,Sega,Adventure,83,1311,1486,88.2,6.33,476
flow,10,16,0.528,4845.4127,4928.4127,,,,,,,Sega,Adventure,83,1311,1486,88.2,6.33,476
flow,10,17,0.556,5170.9019,5253.9019,,,,,,,Sega,Adventure,83,1311,1486,88.2,6.33,476
flow,10,18,0.584,5490.544,5573.544,,,,,,,Sega,Adventure,83,1311,1486,88.2,6.33,476
flow,10,19,0.612,5801.4154,5884.4154,,,,,,,Sega,Adventure,83,1311,1486,88.2,6.33,476
flow,10,20,0.64,6100.5926,6183.5926,,,,,,,Sega,Adventure,83,1311,1486,88.2,6.33,476
flow,10,21,0.668,6385.152,6468.152,,,,,,,Sega,Adventure,83,1311,1486,88.2,6.33,476
flow,10,22,0.696,6652.1701,6735.1701,,,,,,,Sega,Adventure,83,1311,1486,88.2,6.33,476
flow,10,23,0.724,6898.7233,6981.7233,,,,,,,Sega,Adventure,83,1311,1486,88.2,6.33,476
flow,10,24,0.752,7121.888,7204.888,,,,,,,Sega,Adventure,83,1311,1486,88.2,6.33,476
flow,10,25,0.78,7318.7407,7401.7407,,,,,,,Sega,Adventure,83,1311,1486,88.2,6.33,476
flow,10,26,0.808,7486.3579,7569.3579,,,,,,,Sega,Adventure,83,1311,1486,88.2,6.33,476
flow,10,27,0.836,7621.816,7704.816,,,,,,,Sega,Adventure,83,1311,1486,88.2,6.33,476
flow,10,28,0.864,7722.1914,7805.1914,,,,,,,Sega,Adventure,83,1311,1486,88.2,6.33,476
flow,10,29,0.892,7784.5606,7867.5606,,,,,,,Sega,Adventure,83,1311,1486,88.2,6.33,476
flow,10,30,0.92,7806.0,7889.0,,,,,,,Sega,Adventure,83,1311,1486,88.2,6.33,476
flow,11,0,0.08,1381.0,1715.0,,,,,,,Microsoft,Misc,334,1177,1268,92.8,28.38,1412
flow,11,1,0.108,1377.1345,1711.1345,,,,,,,Microsoft,Misc,334,1177,1268,92.8,28.38,1412
flow,11,2,0.136,1365.8895,1699.8895,,,,,,,Microsoft,Misc,334,1177,1268,92.8,28.38,1412
flow,11,3,0.164,1347.792,1681.792,,,,,,,Microsoft,Misc,334,1177,1268,92.8,28.38,1412
flow,11,4,0.192,1323.3692,1657.3692,,,,,,,Microsoft,Misc,334,1177,1268,92.8,28.38,1412
flow,11,5,0.22,1293.1481,1627.1481,,,,,,,Microsoft,Misc,334,1177,1268,92.8,28.38,1412
flow,11,6,0.248,1257.656,1591.656,,,,,,,Microsoft,Misc,334,1177,1268,92.8,28.38,1412
flow,11,7,0.276,1217.4199,1551.4199,,,,,,,Microsoft,Misc,334,1177,1268,92.8,28.38,1412
flow,11,8,0.304,1172.9668,1506.9668,,,,,,,Microsoft,Misc,334,1177,1268,92.8,28.38,1412
flow,11,9,0.332,1124.824,1458.824,,,,,,,Microsoft,Misc,334,1177,1268,92.8,28.38,1412
flow,11,10,0.36,1073.5185,1407.5185,,,,,,,Microsoft,Misc,334,1177,1268,92.8,28.38,1412
flow,11,11,0.388,1019.5775,1353.5775,,,,,,,Microsoft,Misc,334,1177,1268,92.8,28.38,1412
flow,11,12,0.416,963.528,1297.528,,,,,,,Microsoft,Misc,334,1177,1268,92.8,28.38,1412
flow,11,13,0.444,905.8972,1239.8972,,,,,,,Microsoft,Misc,334,1177,1268,92.8,28.38,1412
flow,11,14,0.472,847.2121,1181.2121,,,,,,,Microsoft,Misc,334,1177,1268,92.8,28.38,1412
flow,11,15,0.5,788.0,1122.0,,,,,,,Microsoft,Misc,334,1177,1268,92.8,28.38,1412
flow,11,16,0.528,728.7879,1062.7879,,,,,,,Microsoft,Misc,334,1177,1268,92.8,28.38,1412
flow,11,17,0.556,670.1028,1004.1028,,,,,,,Microsoft,Misc,334,1177,1268,92.8,28.38,1412
flow,11,18,0.584,612.472,946.472,,,,,,,Microsoft,Misc,334,1177,1268,92.8,28.38,1412
flow,11,19,0.612,556.4225,890.4225,,,,,,,Microsoft,Misc,334,1177,1268,92.8,28.38,1412
flow,11,20,0.64,502.4815,836.4815,,,,,,,Microsoft,Misc,334,1177,1268,92.8,28.38,1412
flow,11,21,0.668,451.176,785.176,,,,,,,Microsoft,Misc,334,1177,1268,92.8,28.38,1412
flow,11,22,0.696,403.0332,737.0332,,,,,,,Microsoft,Misc,334,1177,1268,92.8,28.38,1412
flow,11,23,0.724,358.5801,692.5801,,,,,,,Microsoft,Misc,334,1177,1268,92.8,28.38,1412
flow,11,24,0.752,318.344,652.344,,,,,,,Microsoft,Misc,334,1177,1268,92.8,28.38,1412
flow,11,25,0.78,282.8519,616.8519,,,,,,,Microsoft,Misc,334,1177,1268,92.8,28.38,1412
flow,11,26,0.808,252.6308,586.6308,,,,,,,Microsoft,Misc,334,1177,1268,92.8,28.38,1412
flow,11,27,0.836,228.208,562.208,,,,,,,Microsoft,Misc,334,1177,1268,92.8,28.38,1412
flow,11,28,0.864,210.1105,544.1105,,,,,,,Microsoft,Misc,334,1177,1268,92.8,28.38,1412
flow,11,29,0.892,198.8655,532.8655,,,,,,,Microsoft,Misc,334,1177,1268,92.8,28.38,1412
flow,11,30,0.92,195.0,529.0,,,,,,,Microsoft,Misc,334,1177,1268,92.8,28.38,1412
flow,12,0,0.08,1715.0,1762.0,,,,,,,Microsoft,Sports,47,1177,1268,92.8,3.99,1031
flow,12,1,0.108,1714.9558,1761.9558,,,,,,,Microsoft,Sports,47,1177,1268,92.8,3.99,1031
flow,12,2,0.136,1714.8273,1761.8273,,,,,,,Microsoft,Sports,47,1177,1268,92.8,3.99,1031
flow,12,3,0.164,1714.6204,1761.6204,,,,,,,Microsoft,Sports,47,1177,1268,92.8,3.99,1031
flow,12,4,0.192,1714.3413,1761.3413,,,,,,,Microsoft,Sports,47,1177,1268,92.8,3.99,1031
flow,12,5,0.22,1713.9959,1760.9959,,,,,,,Microsoft,Sports,47,1177,1268,92.8,3.99,1031
flow,12,6,0.248,1713.5902,1760.5902,,,,,,,Microsoft,Sports,47,1177,1268,92.8,3.99,1031
flow,12,7,0.276,1713.1303,1760.1303,,,,,,,Microsoft,Sports,47,1177,1268,92.8,3.99,1031
flow,12,8,0.304,1712.6223,1759.6223,,,,,,,Microsoft,Sports,47,1177,1268,92.8,3.99,1031
flow,12,9,0.332,1712.072,1759.072,,,,,,,Microsoft,Sports,47,1177,1268,92.8,3.99,1031
flow,12,10,0.36,1711.4856,1758.4856,,,,,,,Microsoft,Sports,47,1177,1268,92.8,3.99,1031
flow,12,11,0.388,1710.8691,1757.8691,,,,,,,Microsoft,Sports,47,1177,1268,92.8,3.99,1031
flow,12,12,0.416,1710.2284,1757.2284,,,,,,,Microsoft,Sports,47,1177,1268,92.8,3.99,1031
flow,12,13,0.444,1709.5697,1756.5697,,,,,,,Microsoft,Sports,47,1177,1268,92.8,3.99,1031
flow,12,14,0.472,1708.899,1755.899,,,,,,,Microsoft,Sports,47,1177,1268,92.8,3.99,1031
flow,12,15,0.5,1708.2222,1755.2222,,,,,,,Microsoft,Sports,47,1177,1268,92.8,3.99,1031
flow,12,16,0.528,1707.5454,1754.5454,,,,,,,Microsoft,Sports,47,1177,1268,92.8,3.99,1031
flow,12,17,0.556,1706.8747,1753.8747,,,,,,,Microsoft,Sports,47,1177,1268,92.8,3.99,1031
flow,12,18,0.584,1706.216,1753.216,,,,,,,Microsoft,Sports,47,1177,1268,92.8,3.99,1031
flow,12,19,0.612,1705.5754,1752.5754,,,,,,,Microsoft,Sports,47,1177,1268,92.8,3.99,1031
flow,12,20,0.64,1704.9588,1751.9588,,,,,,,Microsoft,Sports,47,1177,1268,92.8,3.99,1031
flow,12,21,0.668,1704.3724,1751.3724,,,,,,,Microsoft,Sports,47,1177,1268,92.8,3.99,1031
flow,12,22,0.696,1703.8222,1750.8222,,,,,,,Microsoft,Sports,47,1177,1268,92.8,3.99,1031
flow,12,23,0.724,1703.3141,1750.3141,,,,,,,Microsoft,Sports,47,1177,1268,92.8,3.99,1031
flow,12,24,0.752,1702.8542,1749.8542,,,,,,,Microsoft,Sports,47,1177,1268,92.8,3.99,1031
flow,12,25,0.78,1702.4486,1749.4486,,,,,,,Microsoft,Sports,47,1177,1268,92.8,3.99,1031
flow,12,26,0.808,1702.1031,1749.1031,,,,,,,Microsoft,Sports,47,1177,1268,92.8,3.99,1031
flow,12,27,0.836,1701.824,1748.824,,,,,,,Microsoft,Sports,47,1177,1268,92.8,3.99,1031
flow,12,28,0.864,1701.6172,1748.6172,,,,,,,Microsoft,Sports,47,1177,1268,92.8,3.99,1031
flow,12,29,0.892,1701.4886,1748.4886,,,,,,,Microsoft,Sports,47,1177,1268,92.8,3.99,1031
flow,12,30,0.92,1701.4444,1748.4444,,,,,,,Microsoft,Sports,47,1177,1268,92.8,3.99,1031
flow,13,0,0.08,1762.0,1950.0,,,,,,,Microsoft,Action,188,1177,1268,92.8,15.97,1021
flow,13,1,0.108,1765.1253,1953.1253,,,,,,,Microsoft,Action,188,1177,1268,92.8,15.97,1021
flow,13,2,0.136,1774.217,1962.217,,,,,,,Microsoft,Action,188,1177,1268,92.8,15.97,1021
flow,13,3,0.164,1788.8489,1976.8489,,,,,,,Microsoft,Action,188,1177,1268,92.8,15.97,1021
flow,13,4,0.192,1808.5949,1996.5949,,,,,,,Microsoft,Action,188,1177,1268,92.8,15.97,1021
flow,13,5,0.22,1833.0288,2021.0288,,,,,,,Microsoft,Action,188,1177,1268,92.8,15.97,1021
flow,13,6,0.248,1861.7244,2049.7244,,,,,,,Microsoft,Action,188,1177,1268,92.8,15.97,1021
flow,13,7,0.276,1894.2556,2082.2556,,,,,,,Microsoft,Action,188,1177,1268,92.8,15.97,1021
flow,13,8,0.304,1930.1962,2118.1962,,,,,,,Microsoft,Action,188,1177,1268,92.8,15.97,1021
flow,13,9,0.332,1969.12,2157.12,,,,,,,Microsoft,Action,188,1177,1268,92.8,15.97,1021
flow,13,10,0.36,2010.6008,2198.6008,,,,,,,Microsoft,Action,188,1177,1268,92.8,15.97,1021
flow,13,11,0.388,2054.2125,2242.2125,,,,,,,Microsoft,Action,188,1177,1268,92.8,15.97,1021
flow,13,12,0.416,2099.5289,2287.5289,,,,,,,Microsoft,Action,188,1177,1268,92.8,15.97,1021
flow,13,13,0.444,2146.1238,2334.1238,,,,,,,Microsoft,Action,188,1177,1268,92.8,15.97,1021
flow,13,14,0.472,2193.571,2381.571,,,,,,,Microsoft,Action,188,1177,1268,92.8,15.97,1021
flow,13,15,0.5,2241.4444,2429.4444,,,,,,,Microsoft,Action,188,1177,1268,92.8,15.97,1021
flow,13,16,0.528,2289.3179,2477.3179,,,,,,,Microsoft,Action,188,1177,1268,92.8,15.97,1021
flow,13,17,0.556,2336.7651,2524.7651,,,,,,,Microsoft,Action,188,1177,1268,92.8,15.97,1021
flow,13,18,0.584,2383.36,2571.36,,,,,,,Microsoft,Action,188,1177,1268,92.8,15.97,1021
flow,13,19,0.612,2428.6764,2616.6764,,,,,,,Microsoft,Action,188,1177,1268,92.8,15.97,1021
flow,13,20,0.64,2472.2881,2660.2881,,,,,,,Microsoft,Action,188,1177,1268,92.8,15.97,1021
flow,13,21,0.668,2513.7689,2701.7689,,,,,,,Microsoft,Action,188,1177,1268,92.8,15.97,1021
flow,13,22,0.696,2552.6927,2740.6927,,,,,,,Microsoft,Action,188,1177,1268,92.8,15.97,1021
flow,13,23,0.724,2588.6333,2776.6333,,,,,,,Microsoft,Action,188,1177,1268,92.8,15.97,1021
flow,13,24,0.752,2621.1644,2809.1644,,,,,,,Microsoft,Action,188,1177,1268,92.8,15.97,1021
flow,13,25,0.78,2649.8601,2837.8601,,,,,,,Microsoft,Action,188,1177,1268,92.8,15.97,1021
flow,13,26,0.808,2674.294,2862.294,,,,,,,Microsoft,Action,188,1177,1268,92.8,15.97,1021
flow,13,27,0.836,2694.04,2882.04,,,,,,,Microsoft,Action,188,1177,1268,92.8,15.97,1021
flow,13,28,0.864,2708.6719,2896.6719,,,,,,,Microsoft,Action,188,1177,1268,92.8,15.97,1021
flow,13,29,0.892,2717.7636,2905.7636,,,,,,,Microsoft,Action,188,1177,1268,92.8,15.97,1021
flow,13,30,0.92,2720.8889,2908.8889,,,,,,,Microsoft,Action,188,1177,1268,92.8,15.97,1021
flow,14,0,0.08,1950.0,2136.0,,,,,,,Microsoft,Shooter,186,1177,1268,92.8,15.8,891
flow,14,1,0.108,1955.9199,2141.9199,,,,,,,Microsoft,Shooter,186,1177,1268,92.8,15.8,891
flow,14,2,0.136,1973.1414,2159.1414,,,,,,,Microsoft,Shooter,186,1177,1268,92.8,15.8,891
flow,14,3,0.164,2000.8573,2186.8573,,,,,,,Microsoft,Shooter,186,1177,1268,92.8,15.8,891
flow,14,4,0.192,2038.2603,2224.2603,,,,,,,Microsoft,Shooter,186,1177,1268,92.8,15.8,891
flow,14,5,0.22,2084.5432,2270.5432,,,,,,,Microsoft,Shooter,186,1177,1268,92.8,15.8,891
flow,14,6,0.248,2138.8987,2324.8987,,,,,,,Microsoft,Shooter,186,1177,1268,92.8,15.8,891
flow,14,7,0.276,2200.5195,2386.5195,,,,,,,Microsoft,Shooter,186,1177,1268,92.8,15.8,891
flow,14,8,0.304,2268.5983,2454.5983,,,,,,,Microsoft,Shooter,186,1177,1268,92.8,15.8,891
flow,14,9,0.332,2342.328,2528.328,,,,,,,Microsoft,Shooter,186,1177,1268,92.8,15.8,891
flow,14,10,0.36,2420.9012,2606.9012,,,,,,,Microsoft,Shooter,186,1177,1268,92.8,15.8,891
flow,14,11,0.388,2503.5108,2689.5108,,,,,,,Microsoft,Shooter,186,1177,1268,92.8,15.8,891
flow,14,12,0.416,2589.3493,2775.3493,,,,,,,Microsoft,Shooter,186,1177,1268,92.8,15.8,891
flow,14,13,0.444,2677.6097,2863.6097,,,,,,,Microsoft,Shooter,186,1177,1268,92.8,15.8,891
flow,14,14,0.472,2767.4845,2953.4845,,,,,,,Microsoft,Shooter,186,1177,1268,92.8,15.8,891
flow,14,15,0.5,2858.1667,3044.1667,,,,,,,Microsoft,Shooter,186,1177,1268,92.8,15.8,891
flow,14,16,0.528,2948.8488,3134.8488,,,,,,,Microsoft,Shooter,186,1177,1268,92.8,15.8,891
flow,14,17,0.556,3038.7237,3224.7237,,,,,,,Microsoft,Shooter,186,1177,1268,92.8,15.8,891
flow,14,18,0.584,3126.984,3312.984,,,,,,,Microsoft,Shooter,186,1177,1268,92.8,15.8,891
flow,14,19,0.612,3212.8226,3398.8226,,,,,,,Microsoft,Shooter,186,1177,1268,92.8,15.8,891
flow,14,20,0.64,3295.4321,3481.4321,,,,,,,Microsoft,Shooter,186,1177,1268,92.8,15.8,891
flow,14,21,0.668,3374.0053,3560.0053,,,,,,,Microsoft,Shooter,186,1177,1268,92.8,15.8,891
flow,14,22,0.696,3447.735,3633.735,,,,,,,Microsoft,Shooter,186,1177,1268,92.8,15.8,891
flow,14,23,0.724,3515.8139,3701.8139,,,,,,,Microsoft,Shooter,186,1177,1268,92.8,15.8,891
flow,14,24,0.752,3577.4347,3763.4347,,,,,,,Microsoft,Shooter,186,1177,1268,92.8,15.8,891
flow,14,25,0.78,3631.7901,3817.7901,,,,,,,Microsoft,Shooter,186,1177,1268,92.8,15.8,891
flow,14,26,0.808,3678.073,3864.073,,,,,,,Microsoft,Shooter,186,1177,1268,92.8,15.8,891
flow,14,27,0.836,3715.476,3901.476,,,,,,,Microsoft,Shooter,186,1177,1268,92.8,15.8,891
flow,14,28,0.864,3743.1919,3929.1919,,,,,,,Microsoft,Shooter,186,1177,1268,92.8,15.8,891
flow,14,29,0.892,3760.4134,3946.4134,,,,,,,Microsoft,Shooter,186,1177,1268,92.8,15.8,891
flow,14,30,0.92,3766.3333,3952.3333,,,,,,,Microsoft,Shooter,186,1177,1268,92.8,15.8,891
flow,15,0,0.08,2136.0,2226.0,,,,,,,Microsoft,Platform,90,1177,1268,92.8,7.65,704
flow,15,1,0.108,2144.4896,2234.4896,,,,,,,Microsoft,Platform,90,1177,1268,92.8,7.65,704
flow,15,2,0.136,2169.1868,2259.1868,,,,,,,Microsoft,Platform,90,1177,1268,92.8,7.65,704
flow,15,3,0.164,2208.9338,2298.9338,,,,,,,Microsoft,Platform,90,1177,1268,92.8,7.65,704
flow,15,4,0.192,2262.5729,2352.5729,,,,,,,Microsoft,Platform,90,1177,1268,92.8,7.65,704
flow,15,5,0.22,2328.9465,2418.9465,,,,,,,Microsoft,Platform,90,1177,1268,92.8,7.65,704
flow,15,6,0.248,2406.8969,2496.8969,,,,,,,Microsoft,Platform,90,1177,1268,92.8,7.65,704
flow,15,7,0.276,2495.2664,2585.2664,,,,,,,Microsoft,Platform,90,1177,1268,92.8,7.65,704
flow,15,8,0.304,2592.8973,2682.8973,,,,,,,Microsoft,Platform,90,1177,1268,92.8,7.65,704
flow,15,9,0.332,2698.632,2788.632,,,,,,,Microsoft,Platform,90,1177,1268,92.8,7.65,704
flow,15,10,0.36,2811.3128,2901.3128,,,,,,,Microsoft,Platform,90,1177,1268,92.8,7.65,704
flow,15,11,0.388,2929.7819,3019.7819,,,,,,,Microsoft,Platform,90,1177,1268,92.8,7.65,704
flow,15,12,0.416,3052.8818,3142.8818,,,,,,,Microsoft,Platform,90,1177,1268,92.8,7.65,704
flow,15,13,0.444,3179.4547,3269.4547,,,,,,,Microsoft,Platform,90,1177,1268,92.8,7.65,704
flow,15,14,0.472,3308.3429,3398.3429,,,,,,,Microsoft,Platform,90,1177,1268,92.8,7.65,704
flow,15,15,0.5,3438.3889,3528.3889,,,,,,,Microsoft,Platform,90,1177,1268,92.8,7.65,704
flow,15,16,0.528,3568.4348,3658.4348,,,,,,,Microsoft,Platform,90,1177,1268,92.8,7.65,704
flow,15,17,0.556,3697.3231,3787.3231,,,,,,,Microsoft,Platform,90,1177,1268,92.8,7.65,704
flow,15,18,0.584,3823.896,3913.896,,,,,,,Microsoft,Platform,90,1177,1268,92.8,7.65,704
flow,15,19,0.612,3946.9959,4036.9959,,,,,,,Microsoft,Platform,90,1177,1268,92.8,7.65,704
flow,15,20,0.64,4065.465,4155.465,,,,,,,Microsoft,Platform,90,1177,1268,92.8,7.65,704
flow,15,21,0.668,4178.1458,4268.1458,,,,,,,Microsoft,Platform,90,1177,1268,92.8,7.65,704
flow,15,22,0.696,4283.8805,4373.8805,,,,,,,Microsoft,Platform,90,1177,1268,92.8,7.65,704
flow,15,23,0.724,4381.5114,4471.5114,,,,,,,Microsoft,Platform,90,1177,1268,92.8,7.65,704
flow,15,24,0.752,4469.8809,4559.8809,,,,,,,Microsoft,Platform,90,1177,1268,92.8,7.65,704
flow,15,25,0.78,4547.8313,4637.8313,,,,,,,Microsoft,Platform,90,1177,1268,92.8,7.65,704
flow,15,26,0.808,4614.2049,4704.2049,,,,,,,Microsoft,Platform,90,1177,1268,92.8,7.65,704
flow,15,27,0.836,4667.844,4757.844,,,,,,,Microsoft,Platform,90,1177,1268,92.8,7.65,704
flow,15,28,0.864,4707.591,4797.591,,,,,,,Microsoft,Platform,90,1177,1268,92.8,7.65,704
flow,15,29,0.892,4732.2881,4822.2881,,,,,,,Microsoft,Platform,90,1177,1268,92.8,7.65,704
flow,15,30,0.92,4740.7778,4830.7778,,,,,,,Microsoft,Platform,90,1177,1268,92.8,7.65,704
flow,16,0,0.08,2226.0,2279.0,,,,,,,Microsoft,Role-Playing,53,1177,1268,92.8,4.5,602
flow,16,1,0.108,2236.5738,2289.5738,,,,,,,Microsoft,Role-Playing,53,1177,1268,92.8,4.5,602
flow,16,2,0.136,2267.3338,2320.3338,,,,,,,Microsoft,Role-Playing,53,1177,1268,92.8,4.5,602
flow,16,3,0.164,2316.8382,2369.8382,,,,,,,Microsoft,Role-Playing,53,1177,1268,92.8,4.5,602
flow,16,4,0.192,2383.6452,2436.6452,,,,,,,Microsoft,Role-Playing,53,1177,1268,92.8,4.5,602
flow,16,5,0.22,2466.3128,2519.3128,,,,,,,Microsoft,Role-Playing,53,1177,1268,92.8,4.5,602
flow,16,6,0.248,2563.3991,2616.3991,,,,,,,Microsoft,Role-Playing,53,1177,1268,92.8,4.5,602
flow,16,7,0.276,2673.4624,2726.4624,,,,,,,Microsoft,Role-Playing,53,1177,1268,92.8,4.5,602
flow,16,8,0.304,2795.0606,2848.0606,,,,,,,Microsoft,Role-Playing,53,1177,1268,92.8,4.5,602
flow,16,9,0.332,2926.752,2979.752,,,,,,,Microsoft,Role-Playing,53,1177,1268,92.8,4.5,602
flow,16,10,0.36,3067.0947,3120.0947,,,,,,,Microsoft,Role-Playing,53,1177,1268,92.8,4.5,602
flow,16,11,0.388,3214.6467,3267.6467,,,,,,,Microsoft,Role-Playing,53,1177,1268,92.8,4.5,602
flow,16,12,0.416,3367.9662,3420.9662,,,,,,,Microsoft,Role-Playing,53,1177,1268,92.8,4.5,602
flow,16,13,0.444,3525.6114,3578.6114,,,,,,,Microsoft,Role-Playing,53,1177,1268,92.8,4.5,602
flow,16,14,0.472,3686.1403,3739.1403,,,,,,,Microsoft,Role-Playing,53,1177,1268,92.8,4.5,602
flow,16,15,0.5,3848.1111,3901.1111,,,,,,,Microsoft,Role-Playing,53,1177,1268,92.8,4.5,602
flow,16,16,0.528,4010.0819,4063.0819,,,,,,,Microsoft,Role-Playing,53,1177,1268,92.8,4.5,602
flow,16,17,0.556,4170.6108,4223.6108,,,,,,,Microsoft,Role-Playing,53,1177,1268,92.8,4.5,602
flow,16,18,0.584,4328.256,4381.256,,,,,,,Microsoft,Role-Playing,53,1177,1268,92.8,4.5,602
flow,16,19,0.612,4481.5755,4534.5755,,,,,,,Microsoft,Role-Playing,53,1177,1268,92.8,4.5,602
flow,16,20,0.64,4629.1276,4682.1276,,,,,,,Microsoft,Role-Playing,53,1177,1268,92.8,4.5,602
flow,16,21,0.668,4769.4702,4822.4702,,,,,,,Microsoft,Role-Playing,53,1177,1268,92.8,4.5,602
flow,16,22,0.696,4901.1616,4954.1616,,,,,,,Microsoft,Role-Playing,53,1177,1268,92.8,4.5,602
flow,16,23,0.724,5022.7599,5075.7599,,,,,,,Microsoft,Role-Playing,53,1177,1268,92.8,4.5,602
flow,16,24,0.752,5132.8231,5185.8231,,,,,,,Microsoft,Role-Playing,53,1177,1268,92.8,4.5,602
flow,16,25,0.78,5229.9095,5282.9095,,,,,,,Microsoft,Role-Playing,53,1177,1268,92.8,4.5,602
flow,16,26,0.808,5312.5771,5365.5771,,,,,,,Microsoft,Role-Playing,53,1177,1268,92.8,4.5,602
flow,16,27,0.836,5379.384,5432.384,,,,,,,Microsoft,Role-Playing,53,1177,1268,92.8,4.5,602
flow,16,28,0.864,5428.8884,5481.8884,,,,,,,Microsoft,Role-Playing,53,1177,1268,92.8,4.5,602
flow,16,29,0.892,5459.6485,5512.6485,,,,,,,Microsoft,Role-Playing,53,1177,1268,92.8,4.5,602
flow,16,30,0.92,5470.2222,5523.2222,,,,,,,Microsoft,Role-Playing,53,1177,1268,92.8,4.5,602
flow,17,0,0.08,2279.0,2306.0,,,,,,,Microsoft,Simulation,27,1177,1268,92.8,2.29,590
flow,17,1,0.108,2291.2146,2318.2146,,,,,,,Microsoft,Simulation,27,1177,1268,92.8,2.29,590
flow,17,2,0.136,2326.748,2353.748,,,,,,,Microsoft,Simulation,27,1177,1268,92.8,2.29,590
flow,17,3,0.164,2383.9347,2410.9347,,,,,,,Microsoft,Simulation,27,1177,1268,92.8,2.29,590
flow,17,4,0.192,2461.1088,2488.1088,,,,,,,Microsoft,Simulation,27,1177,1268,92.8,2.29,590
flow,17,5,0.22,2556.6049,2583.6049,,,,,,,Microsoft,Simulation,27,1177,1268,92.8,2.29,590
flow,17,6,0.248,2668.7573,2695.7573,,,,,,,Microsoft,Simulation,27,1177,1268,92.8,2.29,590
flow,17,7,0.276,2795.9004,2822.9004,,,,,,,Microsoft,Simulation,27,1177,1268,92.8,2.29,590
flow,17,8,0.304,2936.3685,2963.3685,,,,,,,Microsoft,Simulation,27,1177,1268,92.8,2.29,590
flow,17,9,0.332,3088.496,3115.496,,,,,,,Microsoft,Simulation,27,1177,1268,92.8,2.29,590
flow,17,10,0.36,3250.6173,3277.6173,,,,,,,Microsoft,Simulation,27,1177,1268,92.8,2.29,590
flow,17,11,0.388,3421.0667,3448.0667,,,,,,,Microsoft,Simulation,27,1177,1268,92.8,2.29,590
flow,17,12,0.416,3598.1787,3625.1787,,,,,,,Microsoft,Simulation,27,1177,1268,92.8,2.29,590
flow,17,13,0.444,3780.2875,3807.2875,,,,,,,Microsoft,Simulation,27,1177,1268,92.8,2.29,590
flow,17,14,0.472,3965.7276,3992.7276,,,,,,,Microsoft,Simulation,27,1177,1268,92.8,2.29,590
flow,17,15,0.5,4152.8333,4179.8333,,,,,,,Microsoft,Simulation,27,1177,1268,92.8,2.29,590
flow,17,16,0.528,4339.9391,4366.9391,,,,,,,Microsoft,Simulation,27,1177,1268,92.8,2.29,590
flow,17,17,0.556,4525.3792,4552.3792,,,,,,,Microsoft,Simulation,27,1177,1268,92.8,2.29,590
flow,17,18,0.584,4707.488,4734.488,,,,,,,Microsoft,Simulation,27,1177,1268,92.8,2.29,590
flow,17,19,0.612,4884.6,4911.6,,,,,,,Microsoft,Simulation,27,1177,1268,92.8,2.29,590
flow,17,20,0.64,5055.0494,5082.0494,,,,,,,Microsoft,Simulation,27,1177,1268,92.8,2.29,590
flow,17,21,0.668,5217.1707,5244.1707,,,,,,,Microsoft,Simulation,27,1177,1268,92.8,2.29,590
flow,17,22,0.696,5369.2982,5396.2982,,,,,,,Microsoft,Simulation,27,1177,1268,92.8,2.29,590
flow,17,23,0.724,5509.7663,5536.7663,,,,,,,Microsoft,Simulation,27,1177,1268,92.8,2.29,590
flow,17,24,0.752,5636.9093,5663.9093,,,,,,,Microsoft,Simulation,27,1177,1268,92.8,2.29,590
flow,17,25,0.78,5749.0617,5776.0617,,,,,,,Microsoft,Simulation,27,1177,1268,92.8,2.29,590
flow,17,26,0.808,5844.5578,5871.5578,,,,,,,Microsoft,Simulation,27,1177,1268,92.8,2.29,590
flow,17,27,0.836,5921.732,5948.732,,,,,,,Microsoft,Simulation,27,1177,1268,92.8,2.29,590
flow,17,28,0.864,5978.9186,6005.9186,,,,,,,Microsoft,Simulation,27,1177,1268,92.8,2.29,590
flow,17,29,0.892,6014.452,6041.452,,,,,,,Microsoft,Simulation,27,1177,1268,92.8,2.29,590
flow,17,30,0.92,6026.6667,6053.6667,,,,,,,Microsoft,Simulation,27,1177,1268,92.8,2.29,590
flow,18,0,0.08,2306.0,2488.0,,,,,,,Microsoft,Puzzle,182,1177,1268,92.8,15.46,566
flow,18,1,0.108,2320.3085,2502.3085,,,,,,,Microsoft,Puzzle,182,1177,1268,92.8,15.46,566
flow,18,2,0.136,2361.9333,2543.9333,,,,,,,Microsoft,Puzzle,182,1177,1268,92.8,15.46,566
flow,18,3,0.164,2428.9231,2610.9231,,,,,,,Microsoft,Puzzle,182,1177,1268,92.8,15.46,566
flow,18,4,0.192,2519.3269,2701.3269,,,,,,,Microsoft,Puzzle,182,1177,1268,92.8,15.46,566
flow,18,5,0.22,2631.1934,2813.1934,,,,,,,Microsoft,Puzzle,182,1177,1268,92.8,15.46,566
flow,18,6,0.248,2762.5716,2944.5716,,,,,,,Microsoft,Puzzle,182,1177,1268,92.8,15.46,566
flow,18,7,0.276,2911.5101,3093.5101,,,,,,,Microsoft,Puzzle,182,1177,1268,92.8,15.46,566
flow,18,8,0.304,3076.058,3258.058,,,,,,,Microsoft,Puzzle,182,1177,1268,92.8,15.46,566
flow,18,9,0.332,3254.264,3436.264,,,,,,,Microsoft,Puzzle,182,1177,1268,92.8,15.46,566
flow,18,10,0.36,3444.177,3626.177,,,,,,,Microsoft,Puzzle,182,1177,1268,92.8,15.46,566
flow,18,11,0.388,3643.8457,3825.8457,,,,,,,Microsoft,Puzzle,182,1177,1268,92.8,15.46,566
flow,18,12,0.416,3851.3191,4033.3191,,,,,,,Microsoft,Puzzle,182,1177,1268,92.8,15.46,566
flow,18,13,0.444,4064.646,4246.646,,,,,,,Microsoft,Puzzle,182,1177,1268,92.8,15.46,566
flow,18,14,0.472,4281.8752,4463.8752,,,,,,,Microsoft,Puzzle,182,1177,1268,92.8,15.46,566
flow,18,15,0.5,4501.0556,4683.0556,,,,,,,Microsoft,Puzzle,182,1177,1268,92.8,15.46,566
flow,18,16,0.528,4720.2359,4902.2359,,,,,,,Microsoft,Puzzle,182,1177,1268,92.8,15.46,566
flow,18,17,0.556,4937.4651,5119.4651,,,,,,,Microsoft,Puzzle,182,1177,1268,92.8,15.46,566
flow,18,18,0.584,5150.792,5332.792,,,,,,,Microsoft,Puzzle,182,1177,1268,92.8,15.46,566
flow,18,19,0.612,5358.2654,5540.2654,,,,,,,Microsoft,Puzzle,182,1177,1268,92.8,15.46,566
flow,18,20,0.64,5557.9342,5739.9342,,,,,,,Microsoft,Puzzle,182,1177,1268,92.8,15.46,566
flow,18,21,0.668,5747.8471,5929.8471,,,,,,,Microsoft,Puzzle,182,1177,1268,92.8,15.46,566
flow,18,22,0.696,5926.0531,6108.0531,,,,,,,Microsoft,Puzzle,182,1177,1268,92.8,15.46,566
flow,18,23,0.724,6090.601,6272.601,,,,,,,Microsoft,Puzzle,182,1177,1268,92.8,15.46,566
flow,18,24,0.752,6239.5396,6421.5396,,,,,,,Microsoft,Puzzle,182,1177,1268,92.8,15.46,566
flow,18,25,0.78,6370.9177,6552.9177,,,,,,,Microsoft,Puzzle,182,1177,1268,92.8,15.46,566
flow,18,26,0.808,6482.7842,6664.7842,,,,,,,Microsoft,Puzzle,182,1177,1268,92.8,15.46,566
flow,18,27,0.836,6573.188,6755.188,,,,,,,Microsoft,Puzzle,182,1177,1268,92.8,15.46,566
flow,18,28,0.864,6640.1778,6822.1778,,,,,,,Microsoft,Puzzle,182,1177,1268,92.8,15.46,566
flow,18,29,0.892,6681.8026,6863.8026,,,,,,,Microsoft,Puzzle,182,1177,1268,92.8,15.46,566
flow,18,30,0.92,6696.1111,6878.1111,,,,,,,Microsoft,Puzzle,182,1177,1268,92.8,15.46,566
flow,19,0,0.08,2488.0,2548.0,,,,,,,Microsoft,Racing,60,1177,1268,92.8,5.1,499
flow,19,1,0.108,2503.7897,2563.7897,,,,,,,Microsoft,Racing,60,1177,1268,92.8,5.1,499
flow,19,2,0.136,2549.7232,2609.7232,,,,,,,Microsoft,Racing,60,1177,1268,92.8,5.1,499
flow,19,3,0.164,2623.6476,2683.6476,,,,,,,Microsoft,Racing,60,1177,1268,92.8,5.1,499
flow,19,4,0.192,2723.4095,2783.4095,,,,,,,Microsoft,Racing,60,1177,1268,92.8,5.1,499
flow,19,5,0.22,2846.856,2906.856,,,,,,,Microsoft,Racing,60,1177,1268,92.8,5.1,499
flow,19,6,0.248,2991.8338,3051.8338,,,,,,,Microsoft,Racing,60,1177,1268,92.8,5.1,499
flow,19,7,0.276,3156.1898,3216.1898,,,,,,,Microsoft,Racing,60,1177,1268,92.8,5.1,499
flow,19,8,0.304,3337.7709,3397.7709,,,,,,,Microsoft,Racing,60,1177,1268,92.8,5.1,499
flow,19,9,0.332,3534.424,3594.424,,,,,,,Microsoft,Racing,60,1177,1268,92.8,5.1,499
flow,19,10,0.36,3743.9959,3803.9959,,,,,,,Microsoft,Racing,60,1177,1268,92.8,5.1,499
flow,19,11,0.388,3964.3334,4024.3334,,,,,,,Microsoft,Racing,60,1177,1268,92.8,5.1,499
flow,19,12,0.416,4193.2836,4253.2836,,,,,,,Microsoft,Racing,60,1177,1268,92.8,5.1,499
flow,19,13,0.444,4428.6931,4488.6931,,,,,,,Microsoft,Racing,60,1177,1268,92.8,5.1,499
flow,19,14,0.472,4668.4089,4728.4089,,,,,,,Microsoft,Racing,60,1177,1268,92.8,5.1,499
flow,19,15,0.5,4910.2778,4970.2778,,,,,,,Microsoft,Racing,60,1177,1268,92.8,5.1,499
flow,19,16,0.528,5152.1467,5212.1467,,,,,,,Microsoft,Racing,60,1177,1268,92.8,5.1,499
flow,19,17,0.556,5391.8625,5451.8625,,,,,,,Microsoft,Racing,60,1177,1268,92.8,5.1,499
flow,19,18,0.584,5627.272,5687.272,,,,,,,Microsoft,Racing,60,1177,1268,92.8,5.1,499
flow,19,19,0.612,5856.2221,5916.2221,,,,,,,Microsoft,Racing,60,1177,1268,92.8,5.1,499
flow,19,20,0.64,6076.5597,6136.5597,,,,,,,Microsoft,Racing,60,1177,1268,92.8,5.1,499
flow,19,21,0.668,6286.1316,6346.1316,,,,,,,Microsoft,Racing,60,1177,1268,92.8,5.1,499
flow,19,22,0.696,6482.7846,6542.7846,,,,,,,Microsoft,Racing,60,1177,1268,92.8,5.1,499
flow,19,23,0.724,6664.3657,6724.3657,,,,,,,Microsoft,Racing,60,1177,1268,92.8,5.1,499
flow,19,24,0.752,6828.7218,6888.7218,,,,,,,Microsoft,Racing,60,1177,1268,92.8,5.1,499
flow,19,25,0.78,6973.6996,7033.6996,,,,,,,Microsoft,Racing,60,1177,1268,92.8,5.1,499
flow,19,26,0.808,7097.146,7157.146,,,,,,,Microsoft,Racing,60,1177,1268,92.8,5.1,499
flow,19,27,0.836,7196.908,7256.908,,,,,,,Microsoft,Racing,60,1177,1268,92.8,5.1,499
flow,19,28,0.864,7270.8323,7330.8323,,,,,,,Microsoft,Racing,60,1177,1268,92.8,5.1,499
flow,19,29,0.892,7316.7659,7376.7659,,,,,,,Microsoft,Racing,60,1177,1268,92.8,5.1,499
flow,19,30,0.92,7332.5556,7392.5556,,,,,,,Microsoft,Racing,60,1177,1268,92.8,5.1,499
flow,20,0,0.08,2548.0,2558.0,,,,,,,Microsoft,Adventure,10,1177,1268,92.8,0.85,476
flow,20,1,0.108,2565.4077,2575.4077,,,,,,,Microsoft,Adventure,10,1177,1268,92.8,0.85,476
flow,20,2,0.136,2616.0483,2626.0483,,,,,,,Microsoft,Adventure,10,1177,1268,92.8,0.85,476
flow,20,3,0.164,2697.548,2707.548,,,,,,,Microsoft,Adventure,10,1177,1268,92.8,0.85,476
flow,20,4,0.192,2807.533,2817.533,,,,,,,Microsoft,Adventure,10,1177,1268,92.8,0.85,476
flow,20,5,0.22,2943.6296,2953.6296,,,,,,,Microsoft,Adventure,10,1177,1268,92.8,0.85,476
flow,20,6,0.248,3103.464,3113.464,,,,,,,Microsoft,Adventure,10,1177,1268,92.8,0.85,476
flow,20,7,0.276,3284.6624,3294.6624,,,,,,,Microsoft,Adventure,10,1177,1268,92.8,0.85,476
flow,20,8,0.304,3484.851,3494.851,,,,,,,Microsoft,Adventure,10,1177,1268,92.8,0.85,476
flow,20,9,0.332,3701.656,3711.656,,,,,,,Microsoft,Adventure,10,1177,1268,92.8,0.85,476
flow,20,10,0.36,3932.7037,3942.7037,,,,,,,Microsoft,Adventure,10,1177,1268,92.8,0.85,476
flow,20,11,0.388,4175.6203,4185.6203,,,,,,,Microsoft,Adventure,10,1177,1268,92.8,0.85,476
flow,20,12,0.416,4428.032,4438.032,,,,,,,Microsoft,Adventure,10,1177,1268,92.8,0.85,476
flow,20,13,0.444,4687.565,4697.565,,,,,,,Microsoft,Adventure,10,1177,1268,92.8,0.85,476
flow,20,14,0.472,4951.8456,4961.8456,,,,,,,Microsoft,Adventure,10,1177,1268,92.8,0.85,476
flow,20,15,0.5,5218.5,5228.5,,,,,,,Microsoft,Adventure,10,1177,1268,92.8,0.85,476
flow,20,16,0.528,5485.1544,5495.1544,,,,,,,Microsoft,Adventure,10,1177,1268,92.8,0.85,476
flow,20,17,0.556,5749.435,5759.435,,,,,,,Microsoft,Adventure,10,1177,1268,92.8,0.85,476
flow,20,18,0.584,6008.968,6018.968,,,,,,,Microsoft,Adventure,10,1177,1268,92.8,0.85,476
flow,20,19,0.612,6261.3797,6271.3797,,,,,,,Microsoft,Adventure,10,1177,1268,92.8,0.85,476
flow,20,20,0.64,6504.2963,6514.2963,,,,,,,Microsoft,Adventure,10,1177,1268,92.8,0.85,476
flow,20,21,0.668,6735.344,6745.344,,,,,,,Microsoft,Adventure,10,1177,1268,92.8,0.85,476
flow,20,22,0.696,6952.149,6962.149,,,,,,,Microsoft,Adventure,10,1177,1268,92.8,0.85,476
flow,20,23,0.724,7152.3376,7162.3376,,,,,,,Microsoft,Adventure,10,1177,1268,92.8,0.85,476
flow,20,24,0.752,7333.536,7343.536,,,,,,,Microsoft,Adventure,10,1177,1268,92.8,0.85,476
flow,20,25,0.78,7493.3704,7503.3704,,,,,,,Microsoft,Adventure,10,1177,1268,92.8,0.85,476
flow,20,26,0.808,7629.467,7639.467,,,,,,,Microsoft,Adventure,10,1177,1268,92.8,0.85,476
flow,20,27,0.836,7739.452,7749.452,,,,,,,Microsoft,Adventure,10,1177,1268,92.8,0.85,476
flow,20,28,0.864,7820.9517,7830.9517,,,,,,,Microsoft,Adventure,10,1177,1268,92.8,0.85,476
flow,20,29,0.892,7871.5923,7881.5923,,,,,,,Microsoft,Adventure,10,1177,1268,92.8,0.85,476
flow,20,30,0.92,7889.0,7899.0,,,,,,,Microsoft,Adventure,10,1177,1268,92.8,0.85,476
flow,21,0,0.08,2628.0,2863.0,,,,,,,Nintendo,Misc,235,1090,1217,89.6,21.56,1412
flow,21,1,0.108,2621.1588,2856.1588,,,,,,,Nintendo,Misc,235,1090,1217,89.6,21.56,1412
flow,21,2,0.136,2601.2572,2836.2572,,,,,,,Nintendo,Misc,235,1090,1217,89.6,21.56,1412
flow,21,3,0.164,2569.228,2804.228,,,,,,,Nintendo,Misc,235,1090,1217,89.6,21.56,1412
flow,21,4,0.192,2526.0041,2761.0041,,,,,,,Nintendo,Misc,235,1090,1217,89.6,21.56,1412
flow,21,5,0.22,2472.5185,2707.5185,,,,,,,Nintendo,Misc,235,1090,1217,89.6,21.56,1412
flow,21,6,0.248,2409.704,2644.704,,,,,,,Nintendo,Misc,235,1090,1217,89.6,21.56,1412
flow,21,7,0.276,2338.4935,2573.4935,,,,,,,Nintendo,Misc,235,1090,1217,89.6,21.56,1412
flow,21,8,0.304,2259.8199,2494.8199,,,,,,,Nintendo,Misc,235,1090,1217,89.6,21.56,1412
flow,21,9,0.332,2174.616,2409.616,,,,,,,Nintendo,Misc,235,1090,1217,89.6,21.56,1412
flow,21,10,0.36,2083.8148,2318.8148,,,,,,,Nintendo,Misc,235,1090,1217,89.6,21.56,1412
flow,21,11,0.388,1988.3492,2223.3492,,,,,,,Nintendo,Misc,235,1090,1217,89.6,21.56,1412
flow,21,12,0.416,1889.152,2124.152,,,,,,,Nintendo,Misc,235,1090,1217,89.6,21.56,1412
flow,21,13,0.444,1787.1561,2022.1561,,,,,,,Nintendo,Misc,235,1090,1217,89.6,21.56,1412
flow,21,14,0.472,1683.2945,1918.2945,,,,,,,Nintendo,Misc,235,1090,1217,89.6,21.56,1412
flow,21,15,0.5,1578.5,1813.5,,,,,,,Nintendo,Misc,235,1090,1217,89.6,21.56,1412
flow,21,16,0.528,1473.7055,1708.7055,,,,,,,Nintendo,Misc,235,1090,1217,89.6,21.56,1412
flow,21,17,0.556,1369.8439,1604.8439,,,,,,,Nintendo,Misc,235,1090,1217,89.6,21.56,1412
flow,21,18,0.584,1267.848,1502.848,,,,,,,Nintendo,Misc,235,1090,1217,89.6,21.56,1412
flow,21,19,0.612,1168.6508,1403.6508,,,,,,,Nintendo,Misc,235,1090,1217,89.6,21.56,1412
flow,21,20,0.64,1073.1852,1308.1852,,,,,,,Nintendo,Misc,235,1090,1217,89.6,21.56,1412
flow,21,21,0.668,982.384,1217.384,,,,,,,Nintendo,Misc,235,1090,1217,89.6,21.56,1412
flow,21,22,0.696,897.1801,1132.1801,,,,,,,Nintendo,Misc,235,1090,1217,89.6,21.56,1412
flow,21,23,0.724,818.5065,1053.5065,,,,,,,Nintendo,Misc,235,1090,1217,89.6,21.56,1412
flow,21,24,0.752,747.296,982.296,,,,,,,Nintendo,Misc,235,1090,1217,89.6,21.56,1412
flow,21,25,0.78,684.4815,919.4815,,,,,,,Nintendo,Misc,235,1090,1217,89.6,21.56,1412
flow,21,26,0.808,630.9959,865.9959,,,,,,,Nintendo,Misc,235,1090,1217,89.6,21.56,1412
flow,21,27,0.836,587.772,822.772,,,,,,,Nintendo,Misc,235,1090,1217,89.6,21.56,1412
flow,21,28,0.864,555.7428,790.7428,,,,,,,Nintendo,Misc,235,1090,1217,89.6,21.56,1412
flow,21,29,0.892,535.8412,770.8412,,,,,,,Nintendo,Misc,235,1090,1217,89.6,21.56,1412
flow,21,30,0.92,529.0,764.0,,,,,,,Nintendo,Misc,235,1090,1217,89.6,21.56,1412
flow,22,0,0.08,2863.0,2950.0,,,,,,,Nintendo,Sports,87,1090,1217,89.6,7.98,1031
flow,22,1,0.108,2859.3674,2946.3674,,,,,,,Nintendo,Sports,87,1090,1217,89.6,7.98,1031
flow,22,2,0.136,2848.7997,2935.7997,,,,,,,Nintendo,Sports,87,1090,1217,89.6,7.98,1031
flow,22,3,0.164,2831.7924,2918.7924,,,,,,,Nintendo,Sports,87,1090,1217,89.6,7.98,1031
flow,22,4,0.192,2808.8409,2895.8409,,,,,,,Nintendo,Sports,87,1090,1217,89.6,7.98,1031
flow,22,5,0.22,2780.4403,2867.4403,,,,,,,Nintendo,Sports,87,1090,1217,89.6,7.98,1031
flow,22,6,0.248,2747.0862,2834.0862,,,,,,,Nintendo,Sports,87,1090,1217,89.6,7.98,1031
flow,22,7,0.276,2709.2739,2796.2739,,,,,,,Nintendo,Sports,87,1090,1217,89.6,7.98,1031
flow,22,8,0.304,2667.4987,2754.4987,,,,,,,Nintendo,Sports,87,1090,1217,89.6,7.98,1031
flow,22,9,0.332,2622.256,2709.256,,,,,,,Nintendo,Sports,87,1090,1217,89.6,7.98,1031
flow,22,10,0.36,2574.0412,2661.0412,,,,,,,Nintendo,Sports,87,1090,1217,89.6,7.98,1031
flow,22,11,0.388,2523.3495,2610.3495,,,,,,,Nintendo,Sports,87,1090,1217,89.6,7.98,1031
flow,22,12,0.416,2470.6764,2557.6764,,,,,,,Nintendo,Sports,87,1090,1217,89.6,7.98,1031
flow,22,13,0.444,2416.5173,2503.5173,,,,,,,Nintendo,Sports,87,1090,1217,89.6,7.98,1031
flow,22,14,0.472,2361.3674,2448.3674,,,,,,,Nintendo,Sports,87,1090,1217,89.6,7.98,1031
flow,22,15,0.5,2305.7222,2392.7222,,,,,,,Nintendo,Sports,87,1090,1217,89.6,7.98,1031
flow,22,16,0.528,2250.077,2337.077,,,,,,,Nintendo,Sports,87,1090,1217,89.6,7.98,1031
flow,22,17,0.556,2194.9271,2281.9271,,,,,,,Nintendo,Sports,87,1090,1217,89.6,7.98,1031
flow,22,18,0.584,2140.768,2227.768,,,,,,,Nintendo,Sports,87,1090,1217,89.6,7.98,1031
flow,22,19,0.612,2088.0949,2175.0949,,,,,,,Nintendo,Sports,87,1090,1217,89.6,7.98,1031
flow,22,20,0.64,2037.4033,2124.4033,,,,,,,Nintendo,Sports,87,1090,1217,89.6,7.98,1031
flow,22,21,0.668,1989.1884,2076.1884,,,,,,,Nintendo,Sports,87,1090,1217,89.6,7.98,1031
flow,22,22,0.696,1943.9457,2030.9457,,,,,,,Nintendo,Sports,87,1090,1217,89.6,7.98,1031
flow,22,23,0.724,1902.1706,1989.1706,,,,,,,Nintendo,Sports,87,1090,1217,89.6,7.98,1031
flow,22,24,0.752,1864.3582,1951.3582,,,,,,,Nintendo,Sports,87,1090,1217,89.6,7.98,1031
flow,22,25,0.78,1831.0041,1918.0041,,,,,,,Nintendo,Sports,87,1090,1217,89.6,7.98,1031
flow,22,26,0.808,1802.6036,1889.6036,,,,,,,Nintendo,Sports,87,1090,1217,89.6,7.98,1031
flow,22,27,0.836,1779.652,1866.652,,,,,,,Nintendo,Sports,87,1090,1217,89.6,7.98,1031
flow,22,28,0.864,1762.6447,1849.6447,,,,,,,Nintendo,Sports,87,1090,1217,89.6,7.98,1031
flow,22,29,0.892,1752.0771,1839.0771,,,,,,,Nintendo,Sports,87,1090,1217,89.6,7.98,1031
flow,22,30,0.92,1748.4444,1835.4444,,,,,,,Nintendo,Sports,87,1090,1217,89.6,7.98,1031
flow,23,0,0.08,2950.0,3042.0,,,,,,,Nintendo,Action,92,1090,1217,89.6,8.44,1021
flow,23,1,0.108,2949.866,3041.866,,,,,,,Nintendo,Action,92,1090,1217,89.6,8.44,1021
flow,23,2,0.136,2949.4762,3041.4762,,,,,,,Nintendo,Action,92,1090,1217,89.6,8.44,1021
flow,23,3,0.164,2948.8489,3040.8489,,,,,,,Nintendo,Action,92,1090,1217,89.6,8.44,1021
flow,23,4,0.192,2948.0023,3040.0023,,,,,,,Nintendo,Action,92,1090,1217,89.6,8.44,1021
flow,23,5,0.22,2946.9547,3038.9547,,,,,,,Nintendo,Action,92,1090,1217,89.6,8.44,1021
flow,23,6,0.248,2945.7244,3037.7244,,,,,,,Nintendo,Action,92,1090,1217,89.6,8.44,1021
flow,23,7,0.276,2944.3297,3036.3297,,,,,,,Nintendo,Action,92,1090,1217,89.6,8.44,1021
flow,23,8,0.304,2942.7888,3034.7888,,,,,,,Nintendo,Action,92,1090,1217,89.6,8.44,1021
flow,23,9,0.332,2941.12,3033.12,,,,,,,Nintendo,Action,92,1090,1217,89.6,8.44,1021
flow,23,10,0.36,2939.3416,3031.3416,,,,,,,Nintendo,Action,92,1090,1217,89.6,8.44,1021
flow,23,11,0.388,2937.4718,3029.4718,,,,,,,Nintendo,Action,92,1090,1217,89.6,8.44,1021
flow,23,12,0.416,2935.5289,3027.5289,,,,,,,Nintendo,Action,92,1090,1217,89.6,8.44,1021
flow,23,13,0.444,2933.5312,3025.5312,,,,,,,Nintendo,Action,92,1090,1217,89.6,8.44,1021
flow,23,14,0.472,2931.497,3023.497,,,,,,,Nintendo,Action,92,1090,1217,89.6,8.44,1021
flow,23,15,0.5,2929.4444,3021.4444,,,,,,,Nintendo,Action,92,1090,1217,89.6,8.44,1021
flow,23,16,0.528,2927.3919,3019.3919,,,,,,,Nintendo,Action,92,1090,1217,89.6,8.44,1021
flow,23,17,0.556,2925.3577,3017.3577,,,,,,,Nintendo,Action,92,1090,1217,89.6,8.44,1021
flow,23,18,0.584,2923.36,3015.36,,,,,,,Nintendo,Action,92,1090,1217,89.6,8.44,1021
flow,23,19,0.612,2921.4171,3013.4171,,,,,,,Nintendo,Action,92,1090,1217,89.6,8.44,1021
flow,23,20,0.64,2919.5473,3011.5473,,,,,,,Nintendo,Action,92,1090,1217,89.6,8.44,1021
flow,23,21,0.668,2917.7689,3009.7689,,,,,,,Nintendo,Action,92,1090,1217,89.6,8.44,1021
flow,23,22,0.696,2916.1001,3008.1001,,,,,,,Nintendo,Action,92,1090,1217,89.6,8.44,1021
flow,23,23,0.724,2914.5592,3006.5592,,,,,,,Nintendo,Action,92,1090,1217,89.6,8.44,1021
flow,23,24,0.752,2913.1644,3005.1644,,,,,,,Nintendo,Action,92,1090,1217,89.6,8.44,1021
flow,23,25,0.78,2911.9342,3003.9342,,,,,,,Nintendo,Action,92,1090,1217,89.6,8.44,1021
flow,23,26,0.808,2910.8866,3002.8866,,,,,,,Nintendo,Action,92,1090,1217,89.6,8.44,1021
flow,23,27,0.836,2910.04,3002.04,,,,,,,Nintendo,Action,92,1090,1217,89.6,8.44,1021
flow,23,28,0.864,2909.4127,3001.4127,,,,,,,Nintendo,Action,92,1090,1217,89.6,8.44,1021
flow,23,29,0.892,2909.0229,3001.0229,,,,,,,Nintendo,Action,92,1090,1217,89.6,8.44,1021
flow,23,30,0.92,2908.8889,3000.8889,,,,,,,Nintendo,Action,92,1090,1217,89.6,8.44,1021
flow,24,0,0.08,3042.0,3090.0,,,,,,,Nintendo,Shooter,48,1090,1217,89.6,4.4,891
flow,24,1,0.108,3044.967,3092.967,,,,,,,Nintendo,Shooter,48,1090,1217,89.6,4.4,891
flow,24,2,0.136,3053.5983,3101.5983,,,,,,,Nintendo,Shooter,48,1090,1217,89.6,4.4,891
flow,24,3,0.164,3067.4893,3115.4893,,,,,,,Nintendo,Shooter,48,1090,1217,89.6,4.4,891
flow,24,4,0.192,3086.2355,3134.2355,,,,,,,Nintendo,Shooter,48,1090,1217,89.6,4.4,891
flow,24,5,0.22,3109.4321,3157.4321,,,,,,,Nintendo,Shooter,48,1090,1217,89.6,4.4,891
flow,24,6,0.248,3136.6747,3184.6747,,,,,,,Nintendo,Shooter,48,1090,1217,89.6,4.4,891
flow,24,7,0.276,3167.5586,3215.5586,,,,,,,Nintendo,Shooter,48,1090,1217,89.6,4.4,891
flow,24,8,0.304,3201.6792,3249.6792,,,,,,,Nintendo,Shooter,48,1090,1217,89.6,4.4,891
flow,24,9,0.332,3238.632,3286.632,,,,,,,Nintendo,Shooter,48,1090,1217,89.6,4.4,891
flow,24,10,0.36,3278.0123,3326.0123,,,,,,,Nintendo,Shooter,48,1090,1217,89.6,4.4,891
flow,24,11,0.388,3319.4157,3367.4157,,,,,,,Nintendo,Shooter,48,1090,1217,89.6,4.4,891
flow,24,12,0.416,3362.4373,3410.4373,,,,,,,Nintendo,Shooter,48,1090,1217,89.6,4.4,891
flow,24,13,0.444,3406.6728,3454.6728,,,,,,,Nintendo,Shooter,48,1090,1217,89.6,4.4,891
flow,24,14,0.472,3451.7174,3499.7174,,,,,,,Nintendo,Shooter,48,1090,1217,89.6,4.4,891
flow,24,15,0.5,3497.1667,3545.1667,,,,,,,Nintendo,Shooter,48,1090,1217,89.6,4.4,891
flow,24,16,0.528,3542.6159,3590.6159,,,,,,,Nintendo,Shooter,48,1090,1217,89.6,4.4,891
flow,24,17,0.556,3587.6605,3635.6605,,,,,,,Nintendo,Shooter,48,1090,1217,89.6,4.4,891
flow,24,18,0.584,3631.896,3679.896,,,,,,,Nintendo,Shooter,48,1090,1217,89.6,4.4,891
flow,24,19,0.612,3674.9177,3722.9177,,,,,,,Nintendo,Shooter,48,1090,1217,89.6,4.4,891
flow,24,20,0.64,3716.321,3764.321,,,,,,,Nintendo,Shooter,48,1090,1217,89.6,4.4,891
flow,24,21,0.668,3755.7013,3803.7013,,,,,,,Nintendo,Shooter,48,1090,1217,89.6,4.4,891
flow,24,22,0.696,3792.6541,3840.6541,,,,,,,Nintendo,Shooter,48,1090,1217,89.6,4.4,891
flow,24,23,0.724,3826.7748,3874.7748,,,,,,,Nintendo,Shooter,48,1090,1217,89.6,4.4,891
flow,24,24,0.752,3857.6587,3905.6587,,,,,,,Nintendo,Shooter,48,1090,1217,89.6,4.4,891
flow,24,25,0.78,3884.9012,3932.9012,,,,,,,Nintendo,Shooter,48,1090,1217,89.6,4.4,891
flow,24,26,0.808,3908.0979,3956.0979,,,,,,,Nintendo,Shooter,48,1090,1217,89.6,4.4,891
flow,24,27,0.836,3926.844,3974.844,,,,,,,Nintendo,Shooter,48,1090,1217,89.6,4.4,891
flow,24,28,0.864,3940.735,3988.735,,,,,,,Nintendo,Shooter,48,1090,1217,89.6,4.4,891
flow,24,29,0.892,3949.3663,3997.3663,,,,,,,Nintendo,Shooter,48,1090,1217,89.6,4.4,891
flow,24,30,0.92,3952.3333,4000.3333,,,,,,,Nintendo,Shooter,48,1090,1217,89.6,4.4,891
flow,25,0,0.08,3090.0,3238.0,,,,,,,Nintendo,Platform,148,1090,1217,89.6,13.58,704
flow,25,1,0.108,3095.6736,3243.6736,,,,,,,Nintendo,Platform,148,1090,1217,89.6,13.58,704
flow,25,2,0.136,3112.1788,3260.1788,,,,,,,Nintendo,Platform,148,1090,1217,89.6,13.58,704
flow,25,3,0.164,3138.7418,3286.7418,,,,,,,Nintendo,Platform,148,1090,1217,89.6,13.58,704
flow,25,4,0.192,3174.5889,3322.5889,,,,,,,Nintendo,Platform,148,1090,1217,89.6,13.58,704
flow,25,5,0.22,3218.9465,3366.9465,,,,,,,Nintendo,Platform,148,1090,1217,89.6,13.58,704
flow,25,6,0.248,3271.0409,3419.0409,,,,,,,Nintendo,Platform,148,1090,1217,89.6,13.58,704
flow,25,7,0.276,3330.0984,3478.0984,,,,,,,Nintendo,Platform,148,1090,1217,89.6,13.58,704
flow,25,8,0.304,3395.3453,3543.3453,,,,,,,Nintendo,Platform,148,1090,1217,89.6,13.58,704
flow,25,9,0.332,3466.008,3614.008,,,,,,,Nintendo,Platform,148,1090,1217,89.6,13.58,704
flow,25,10,0.36,3541.3128,3689.3128,,,,,,,Nintendo,Platform,148,1090,1217,89.6,13.58,704
flow,25,11,0.388,3620.4859,3768.4859,,,,,,,Nintendo,Platform,148,1090,1217,89.6,13.58,704
flow,25,12,0.416,3702.7538,3850.7538,,,,,,,Nintendo,Platform,148,1090,1217,89.6,13.58,704
flow,25,13,0.444,3787.3427,3935.3427,,,,,,,Nintendo,Platform,148,1090,1217,89.6,13.58,704
flow,25,14,0.472,3873.4789,4021.4789,,,,,,,Nintendo,Platform,148,1090,1217,89.6,13.58,704
flow,25,15,0.5,3960.3889,4108.3889,,,,,,,Nintendo,Platform,148,1090,1217,89.6,13.58,704
flow,25,16,0.528,4047.2988,4195.2988,,,,,,,Nintendo,Platform,148,1090,1217,89.6,13.58,704
flow,25,17,0.556,4133.4351,4281.4351,,,,,,,Nintendo,Platform,148,1090,1217,89.6,13.58,704
flow,25,18,0.584,4218.024,4366.024,,,,,,,Nintendo,Platform,148,1090,1217,89.6,13.58,704
flow,25,19,0.612,4300.2919,4448.2919,,,,,,,Nintendo,Platform,148,1090,1217,89.6,13.58,704
flow,25,20,0.64,4379.465,4527.465,,,,,,,Nintendo,Platform,148,1090,1217,89.6,13.58,704
flow,25,21,0.668,4454.7698,4602.7698,,,,,,,Nintendo,Platform,148,1090,1217,89.6,13.58,704
flow,25,22,0.696,4525.4325,4673.4325,,,,,,,Nintendo,Platform,148,1090,1217,89.6,13.58,704
flow,25,23,0.724,4590.6794,4738.6794,,,,,,,Nintendo,Platform,148,1090,1217,89.6,13.58,704
flow,25,24,0.752,4649.7369,4797.7369,,,,,,,Nintendo,Platform,148,1090,1217,89.6,13.58,704
flow,25,25,0.78,4701.8313,4849.8313,,,,,,,Nintendo,Platform,148,1090,1217,89.6,13.58,704
flow,25,26,0.808,4746.1889,4894.1889,,,,,,,Nintendo,Platform,148,1090,1217,89.6,13.58,704
flow,25,27,0.836,4782.036,4930.036,,,,,,,Nintendo,Platform,148,1090,1217,89.6,13.58,704
flow,25,28,0.864,4808.599,4956.599,,,,,,,Nintendo,Platform,148,1090,1217,89.6,13.58,704
flow,25,29,0.892,4825.1041,4973.1041,,,,,,,Nintendo,Platform,148,1090,1217,89.6,13.58,704
flow,25,30,0.92,4830.7778,4978.7778,,,,,,,Nintendo,Platform,148,1090,1217,89.6,13.58,704
flow,26,0,0.08,3238.0,3379.0,,,,,,,Nintendo,Role-Playing,141,1090,1217,89.6,12.94,602
flow,26,1,0.108,3245.4481,3386.4481,,,,,,,Nintendo,Role-Playing,141,1090,1217,89.6,12.94,602
flow,26,2,0.136,3267.1154,3408.1154,,,,,,,Nintendo,Role-Playing,141,1090,1217,89.6,12.94,602
flow,26,3,0.164,3301.9862,3442.9862,,,,,,,Nintendo,Role-Playing,141,1090,1217,89.6,12.94,602
flow,26,4,0.192,3349.0449,3490.0449,,,,,,,Nintendo,Role-Playing,141,1090,1217,89.6,12.94,602
flow,26,5,0.22,3407.2757,3548.2757,,,,,,,Nintendo,Role-Playing,141,1090,1217,89.6,12.94,602
flow,26,6,0.248,3475.6631,3616.6631,,,,,,,Nintendo,Role-Playing,141,1090,1217,89.6,12.94,602
flow,26,7,0.276,3553.1914,3694.1914,,,,,,,Nintendo,Role-Playing,141,1090,1217,89.6,12.94,602
flow,26,8,0.304,3638.8449,3779.8449,,,,,,,Nintendo,Role-Playing,141,1090,1217,89.6,12.94,602
flow,26,9,0.332,3731.608,3872.608,,,,,,,Nintendo,Role-Playing,141,1090,1217,89.6,12.94,602
flow,26,10,0.36,3830.465,3971.465,,,,,,,Nintendo,Role-Playing,141,1090,1217,89.6,12.94,602
flow,26,11,0.388,3934.4003,4075.4003,,,,,,,Nintendo,Role-Playing,141,1090,1217,89.6,12.94,602
flow,26,12,0.416,4042.3982,4183.3982,,,,,,,Nintendo,Role-Playing,141,1090,1217,89.6,12.94,602
flow,26,13,0.444,4153.4431,4294.4431,,,,,,,Nintendo,Role-Playing,141,1090,1217,89.6,12.94,602
flow,26,14,0.472,4266.5193,4407.5193,,,,,,,Nintendo,Role-Playing,141,1090,1217,89.6,12.94,602
flow,26,15,0.5,4380.6111,4521.6111,,,,,,,Nintendo,Role-Playing,141,1090,1217,89.6,12.94,602
flow,26,16,0.528,4494.7029,4635.7029,,,,,,,Nintendo,Role-Playing,141,1090,1217,89.6,12.94,602
flow,26,17,0.556,4607.7791,4748.7791,,,,,,,Nintendo,Role-Playing,141,1090,1217,89.6,12.94,602
flow,26,18,0.584,4718.824,4859.824,,,,,,,Nintendo,Role-Playing,141,1090,1217,89.6,12.94,602
flow,26,19,0.612,4826.8219,4967.8219,,,,,,,Nintendo,Role-Playing,141,1090,1217,89.6,12.94,602
flow,26,20,0.64,4930.7572,5071.7572,,,,,,,Nintendo,Role-Playing,141,1090,1217,89.6,12.94,602
flow,26,21,0.668,5029.6142,5170.6142,,,,,,,Nintendo,Role-Playing,141,1090,1217,89.6,12.94,602
flow,26,22,0.696,5122.3773,5263.3773,,,,,,,Nintendo,Role-Playing,141,1090,1217,89.6,12.94,602
flow,26,23,0.724,5208.0308,5349.0308,,,,,,,Nintendo,Role-Playing,141,1090,1217,89.6,12.94,602
flow,26,24,0.752,5285.5591,5426.5591,,,,,,,Nintendo,Role-Playing,141,1090,1217,89.6,12.94,602
flow,26,25,0.78,5353.9465,5494.9465,,,,,,,Nintendo,Role-Playing,141,1090,1217,89.6,12.94,602
flow,26,26,0.808,5412.1773,5553.1773,,,,,,,Nintendo,Role-Playing,141,1090,1217,89.6,12.94,602
flow,26,27,0.836,5459.236,5600.236,,,,,,,Nintendo,Role-Playing,141,1090,1217,89.6,12.94,602
flow,26,28,0.864,5494.1068,5635.1068,,,,,,,Nintendo,Role-Playing,141,1090,1217,89.6,12.94,602
flow,26,29,0.892,5515.7741,5656.7741,,,,,,,Nintendo,Role-Playing,141,1090,1217,89.6,12.94,602
flow,26,30,0.92,5523.2222,5664.2222,,,,,,,Nintendo,Role-Playing,141,1090,1217,89.6,12.94,602
flow,27,0,0.08,3379.0,3423.0,,,,,,,Nintendo,Simulation,44,1090,1217,89.6,4.04,590
flow,27,1,0.108,3387.7174,3431.7174,,,,,,,Nintendo,Simulation,44,1090,1217,89.6,4.04,590
flow,27,2,0.136,3413.0772,3457.0772,,,,,,,Nintendo,Simulation,44,1090,1217,89.6,4.04,590
flow,27,3,0.164,3453.8907,3497.8907,,,,,,,Nintendo,Simulation,44,1090,1217,89.6,4.04,590
flow,27,4,0.192,3508.969,3552.969,,,,,,,Nintendo,Simulation,44,1090,1217,89.6,4.04,590
flow,27,5,0.22,3577.1235,3621.1235,,,,,,,Nintendo,Simulation,44,1090,1217,89.6,4.04,590
flow,27,6,0.248,3657.1653,3701.1653,,,,,,,Nintendo,Simulation,44,1090,1217,89.6,4.04,590
flow,27,7,0.276,3747.9059,3791.9059,,,,,,,Nintendo,Simulation,44,1090,1217,89.6,4.04,590
flow,27,8,0.304,3848.1563,3892.1563,,,,,,,Nintendo,Simulation,44,1090,1217,89.6,4.04,590
flow,27,9,0.332,3956.728,4000.728,,,,,,,Nintendo,Simulation,44,1090,1217,89.6,4.04,590
flow,27,10,0.36,4072.4321,4116.4321,,,,,,,Nintendo,Simulation,44,1090,1217,89.6,4.04,590
flow,27,11,0.388,4194.0799,4238.0799,,,,,,,Nintendo,Simulation,44,1090,1217,89.6,4.04,590
flow,27,12,0.416,4320.4827,4364.4827,,,,,,,Nintendo,Simulation,44,1090,1217,89.6,4.04,590
flow,27,13,0.444,4450.4517,4494.4517,,,,,,,Nintendo,Simulation,44,1090,1217,89.6,4.04,590
flow,27,14,0.472,4582.7981,4626.7981,,,,,,,Nintendo,Simulation,44,1090,1217,89.6,4.04,590
flow,27,15,0.5,4716.3333,4760.3333,,,,,,,Nintendo,Simulation,44,1090,1217,89.6,4.04,590
flow,27,16,0.528,4849.8685,4893.8685,,,,,,,Nintendo,Simulation,44,1090,1217,89.6,4.04,590
flow,27,17,0.556,4982.215,5026.215,,,,,,,Nintendo,Simulation,44,1090,1217,89.6,4.04,590
flow,27,18,0.584,5112.184,5156.184,,,,,,,Nintendo,Simulation,44,1090,1217,89.6,4.04,590
flow,27,19,0.612,5238.5868,5282.5868,,,,,,,Nintendo,Simulation,44,1090,1217,89.6,4.04,590
flow,27,20,0.64,5360.2346,5404.2346,,,,,,,Nintendo,Simulation,44,1090,1217,89.6,4.04,590
flow,27,21,0.668,5475.9387,5519.9387,,,,,,,Nintendo,Simulation,44,1090,1217,89.6,4.04,590
flow,27,22,0.696,5584.5103,5628.5103,,,,,,,Nintendo,Simulation,44,1090,1217,89.6,4.04,590
flow,27,23,0.724,5684.7608,5728.7608,,,,,,,Nintendo,Simulation,44,1090,1217,89.6,4.04,590
flow,27,24,0.752,5775.5013,5819.5013,,,,,,,Nintendo,Simulation,44,1090,1217,89.6,4.04,590
flow,27,25,0.78,5855.5432,5899.5432,,,,,,,Nintendo,Simulation,44,1090,1217,89.6,4.04,590
flow,27,26,0.808,5923.6977,5967.6977,,,,,,,Nintendo,Simulation,44,1090,1217,89.6,4.04,590
flow,27,27,0.836,5978.776,6022.776,,,,,,,Nintendo,Simulation,44,1090,1217,89.6,4.04,590
flow,27,28,0.864,6019.5894,6063.5894,,,,,,,Nintendo,Simulation,44,1090,1217,89.6,4.04,590
flow,27,29,0.892,6044.9492,6088.9492,,,,,,,Nintendo,Simulation,44,1090,1217,89.6,4.04,590
flow,27,30,0.92,6053.6667,6097.6667,,,,,,,Nintendo,Simulation,44,1090,1217,89.6,4.04,590
flow,28,0,0.08,3423.0,3578.0,,,,,,,Nintendo,Puzzle,155,1090,1217,89.6,14.22,566
flow,28,1,0.108,3434.2611,3589.2611,,,,,,,Nintendo,Puzzle,155,1090,1217,89.6,14.22,566
flow,28,2,0.136,3467.0207,3622.0207,,,,,,,Nintendo,Puzzle,155,1090,1217,89.6,14.22,566
flow,28,3,0.164,3519.7431,3674.7431,,,,,,,Nintendo,Puzzle,155,1090,1217,89.6,14.22,566
flow,28,4,0.192,3590.8928,3745.8928,,,,,,,Nintendo,Puzzle,155,1090,1217,89.6,14.22,566
flow,28,5,0.22,3678.9342,3833.9342,,,,,,,Nintendo,Puzzle,155,1090,1217,89.6,14.22,566
flow,28,6,0.248,3782.3316,3937.3316,,,,,,,Nintendo,Puzzle,155,1090,1217,89.6,14.22,566
flow,28,7,0.276,3899.5494,4054.5494,,,,,,,Nintendo,Puzzle,155,1090,1217,89.6,14.22,566
flow,28,8,0.304,4029.0521,4184.0521,,,,,,,Nintendo,Puzzle,155,1090,1217,89.6,14.22,566
flow,28,9,0.332,4169.304,4324.304,,,,,,,Nintendo,Puzzle,155,1090,1217,89.6,14.22,566
flow,28,10,0.36,4318.7695,4473.7695,,,,,,,Nintendo,Puzzle,155,1090,1217,89.6,14.22,566
flow,28,11,0.388,4475.9131,4630.9131,,,,,,,Nintendo,Puzzle,155,1090,1217,89.6,14.22,566
flow,28,12,0.416,4639.1991,4794.1991,,,,,,,Nintendo,Puzzle,155,1090,1217,89.6,14.22,566
flow,28,13,0.444,4807.0919,4962.0919,,,,,,,Nintendo,Puzzle,155,1090,1217,89.6,14.22,566
flow,28,14,0.472,4978.0559,5133.0559,,,,,,,Nintendo,Puzzle,155,1090,1217,89.6,14.22,566
flow,28,15,0.5,5150.5556,5305.5556,,,,,,,Nintendo,Puzzle,155,1090,1217,89.6,14.22,566
flow,28,16,0.528,5323.0552,5478.0552,,,,,,,Nintendo,Puzzle,155,1090,1217,89.6,14.22,566
flow,28,17,0.556,5494.0192,5649.0192,,,,,,,Nintendo,Puzzle,155,1090,1217,89.6,14.22,566
flow,28,18,0.584,5661.912,5816.912,,,,,,,Nintendo,Puzzle,155,1090,1217,89.6,14.22,566
flow,28,19,0.612,5825.198,5980.198,,,,,,,Nintendo,Puzzle,155,1090,1217,89.6,14.22,566
flow,28,20,0.64,5982.3416,6137.3416,,,,,,,Nintendo,Puzzle,155,1090,1217,89.6,14.22,566
flow,28,21,0.668,6131.8071,6286.8071,,,,,,,Nintendo,Puzzle,155,1090,1217,89.6,14.22,566
flow,28,22,0.696,6272.059,6427.059,,,,,,,Nintendo,Puzzle,155,1090,1217,89.6,14.22,566
flow,28,23,0.724,6401.5617,6556.5617,,,,,,,Nintendo,Puzzle,155,1090,1217,89.6,14.22,566
flow,28,24,0.752,6518.7796,6673.7796,,,,,,,Nintendo,Puzzle,155,1090,1217,89.6,14.22,566
flow,28,25,0.78,6622.177,6777.177,,,,,,,Nintendo,Puzzle,155,1090,1217,89.6,14.22,566
flow,28,26,0.808,6710.2183,6865.2183,,,,,,,Nintendo,Puzzle,155,1090,1217,89.6,14.22,566
flow,28,27,0.836,6781.368,6936.368,,,,,,,Nintendo,Puzzle,155,1090,1217,89.6,14.22,566
flow,28,28,0.864,6834.0904,6989.0904,,,,,,,Nintendo,Puzzle,155,1090,1217,89.6,14.22,566
flow,28,29,0.892,6866.85,7021.85,,,,,,,Nintendo,Puzzle,155,1090,1217,89.6,14.22,566
flow,28,30,0.92,6878.1111,7033.1111,,,,,,,Nintendo,Puzzle,155,1090,1217,89.6,14.22,566
flow,29,0,0.08,3578.0,3630.0,,,,,,,Nintendo,Racing,52,1090,1217,89.6,4.77,499
flow,29,1,0.108,3590.4326,3642.4326,,,,,,,Nintendo,Racing,52,1090,1217,89.6,4.77,499
flow,29,2,0.136,3626.6003,3678.6003,,,,,,,Nintendo,Racing,52,1090,1217,89.6,4.77,499
flow,29,3,0.164,3684.8076,3736.8076,,,,,,,Nintendo,Racing,52,1090,1217,89.6,4.77,499
flow,29,4,0.192,3763.3591,3815.3591,,,,,,,Nintendo,Racing,52,1090,1217,89.6,4.77,499
flow,29,5,0.22,3860.5597,3912.5597,,,,,,,Nintendo,Racing,52,1090,1217,89.6,4.77,499
flow,29,6,0.248,3974.7138,4026.7138,,,,,,,Nintendo,Racing,52,1090,1217,89.6,4.77,499
flow,29,7,0.276,4104.1261,4156.1261,,,,,,,Nintendo,Racing,52,1090,1217,89.6,4.77,499
flow,29,8,0.304,4247.1013,4299.1013,,,,,,,Nintendo,Racing,52,1090,1217,89.6,4.77,499
flow,29,9,0.332,4401.944,4453.944,,,,,,,Nintendo,Racing,52,1090,1217,89.6,4.77,499
flow,29,10,0.36,4566.9588,4618.9588,,,,,,,Nintendo,Racing,52,1090,1217,89.6,4.77,499
flow,29,11,0.388,4740.4505,4792.4505,,,,,,,Nintendo,Racing,52,1090,1217,89.6,4.77,499
flow,29,12,0.416,4920.7236,4972.7236,,,,,,,Nintendo,Racing,52,1090,1217,89.6,4.77,499
flow,29,13,0.444,5106.0827,5158.0827,,,,,,,Nintendo,Racing,52,1090,1217,89.6,4.77,499
flow,29,14,0.472,5294.8326,5346.8326,,,,,,,Nintendo,Racing,52,1090,1217,89.6,4.77,499
flow,29,15,0.5,5485.2778,5537.2778,,,,,,,Nintendo,Racing,52,1090,1217,89.6,4.77,499
flow,29,16,0.528,5675.723,5727.723,,,,,,,Nintendo,Racing,52,1090,1217,89.6,4.77,499
flow,29,17,0.556,5864.4729,5916.4729,,,,,,,Nintendo,Racing,52,1090,1217,89.6,4.77,499
flow,29,18,0.584,6049.832,6101.832,,,,,,,Nintendo,Racing,52,1090,1217,89.6,4.77,499
flow,29,19,0.612,6230.1051,6282.1051,,,,,,,Nintendo,Racing,52,1090,1217,89.6,4.77,499
flow,29,20,0.64,6403.5967,6455.5967,,,,,,,Nintendo,Racing,52,1090,1217,89.6,4.77,499
flow,29,21,0.668,6568.6116,6620.6116,,,,,,,Nintendo,Racing,52,1090,1217,89.6,4.77,499
flow,29,22,0.696,6723.4543,6775.4543,,,,,,,Nintendo,Racing,52,1090,1217,89.6,4.77,499
flow,29,23,0.724,6866.4294,6918.4294,,,,,,,Nintendo,Racing,52,1090,1217,89.6,4.77,499
flow,29,24,0.752,6995.8418,7047.8418,,,,,,,Nintendo,Racing,52,1090,1217,89.6,4.77,499
flow,29,25,0.78,7109.9959,7161.9959,,,,,,,Nintendo,Racing,52,1090,1217,89.6,4.77,499
flow,29,26,0.808,7207.1964,7259.1964,,,,,,,Nintendo,Racing,52,1090,1217,89.6,4.77,499
flow,29,27,0.836,7285.748,7337.748,,,,,,,Nintendo,Racing,52,1090,1217,89.6,4.77,499
flow,29,28,0.864,7343.9553,7395.9553,,,,,,,Nintendo,Racing,52,1090,1217,89.6,4.77,499
flow,29,29,0.892,7380.1229,7432.1229,,,,,,,Nintendo,Racing,52,1090,1217,89.6,4.77,499
flow,29,30,0.92,7392.5556,7444.5556,,,,,,,Nintendo,Racing,52,1090,1217,89.6,4.77,499
flow,30,0,0.08,3630.0,3718.0,,,,,,,Nintendo,Adventure,88,1090,1217,89.6,8.07,476
flow,30,1,0.108,3643.9138,3731.9138,,,,,,,Nintendo,Adventure,88,1090,1217,89.6,8.07,476
flow,30,2,0.136,3684.3902,3772.3902,,,,,,,Nintendo,Adventure,88,1090,1217,89.6,8.07,476
flow,30,3,0.164,3749.532,3837.532,,,,,,,Nintendo,Adventure,88,1090,1217,89.6,8.07,476
flow,30,4,0.192,3837.4418,3925.4418,,,,,,,Nintendo,Adventure,88,1090,1217,89.6,8.07,476
flow,30,5,0.22,3946.2222,4034.2222,,,,,,,Nintendo,Adventure,88,1090,1217,89.6,8.07,476
flow,30,6,0.248,4073.976,4161.976,,,,,,,Nintendo,Adventure,88,1090,1217,89.6,8.07,476
flow,30,7,0.276,4218.8058,4306.8058,,,,,,,Nintendo,Adventure,88,1090,1217,89.6,8.07,476
flow,30,8,0.304,4378.8142,4466.8142,,,,,,,Nintendo,Adventure,88,1090,1217,89.6,8.07,476
flow,30,9,0.332,4552.104,4640.104,,,,,,,Nintendo,Adventure,88,1090,1217,89.6,8.07,476
flow,30,10,0.36,4736.7778,4824.7778,,,,,,,Nintendo,Adventure,88,1090,1217,89.6,8.07,476
flow,30,11,0.388,4930.9382,5018.9382,,,,,,,Nintendo,Adventure,88,1090,1217,89.6,8.07,476
flow,30,12,0.416,5132.688,5220.688,,,,,,,Nintendo,Adventure,88,1090,1217,89.6,8.07,476
flow,30,13,0.444,5340.1298,5428.1298,,,,,,,Nintendo,Adventure,88,1090,1217,89.6,8.07,476
flow,30,14,0.472,5551.3662,5639.3662,,,,,,,Nintendo,Adventure,88,1090,1217,89.6,8.07,476
flow,30,15,0.5,5764.5,5852.5,,,,,,,Nintendo,Adventure,88,1090,1217,89.6,8.07,476
flow,30,16,0.528,5977.6338,6065.6338,,,,,,,Nintendo,Adventure,88,1090,1217,89.6,8.07,476
flow,30,17,0.556,6188.8702,6276.8702,,,,,,,Nintendo,Adventure,88,1090,1217,89.6,8.07,476
flow,30,18,0.584,6396.312,6484.312,,,,,,,Nintendo,Adventure,88,1090,1217,89.6,8.07,476
flow,30,19,0.612,6598.0618,6686.0618,,,,,,,Nintendo,Adventure,88,1090,1217,89.6,8.07,476
flow,30,20,0.64,6792.2222,6880.2222,,,,,,,Nintendo,Adventure,88,1090,1217,89.6,8.07,476
flow,30,21,0.668,6976.896,7064.896,,,,,,,Nintendo,Adventure,88,1090,1217,89.6,8.07,476
flow,30,22,0.696,7150.1858,7238.1858,,,,,,,Nintendo,Adventure,88,1090,1217,89.6,8.07,476
flow,30,23,0.724,7310.1942,7398.1942,,,,,,,Nintendo,Adventure,88,1090,1217,89.6,8.07,476
flow,30,24,0.752,7455.024,7543.024,,,,,,,Nintendo,Adventure,88,1090,1217,89.6,8.07,476
flow,30,25,0.78,7582.7778,7670.7778,,,,,,,Nintendo,Adventure,88,1090,1217,89.6,8.07,476
flow,30,26,0.808,7691.5582,7779.5582,,,,,,,Nintendo,Adventure,88,1090,1217,89.6,8.07,476
flow,30,27,0.836,7779.468,7867.468,,,,,,,Nintendo,Adventure,88,1090,1217,89.6,8.07,476
flow,30,28,0.864,7844.6098,7932.6098,,,,,,,Nintendo,Adventure,88,1090,1217,89.6,8.07,476
flow,30,29,0.892,7885.0862,7973.0862,,,,,,,Nintendo,Adventure,88,1090,1217,89.6,8.07,476
flow,30,30,0.92,7899.0,7987.0,,,,,,,Nintendo,Adventure,88,1090,1217,89.6,8.07,476
flow,31,0,0.08,3788.0,3923.0,,,,,,,Konami,Misc,135,1091,1172,93.1,12.37,1412
flow,31,1,0.108,3778.144,3913.144,,,,,,,Konami,Misc,135,1091,1172,93.1,12.37,1412
flow,31,2,0.136,3749.472,3884.472,,,,,,,Konami,Misc,135,1091,1172,93.1,12.37,1412
flow,31,3,0.164,3703.328,3838.328,,,,,,,Konami,Misc,135,1091,1172,93.1,12.37,1412
flow,31,4,0.192,3641.056,3776.056,,,,,,,Konami,Misc,135,1091,1172,93.1,12.37,1412
flow,31,5,0.22,3564.0,3699.0,,,,,,,Konami,Misc,135,1091,1172,93.1,12.37,1412
flow,31,6,0.248,3473.504,3608.504,,,,,,,Konami,Misc,135,1091,1172,93.1,12.37,1412
flow,31,7,0.276,3370.912,3505.912,,,,,,,Konami,Misc,135,1091,1172,93.1,12.37,1412
flow,31,8,0.304,3257.568,3392.568,,,,,,,Konami,Misc,135,1091,1172,93.1,12.37,1412
flow,31,9,0.332,3134.816,3269.816,,,,,,,Konami,Misc,135,1091,1172,93.1,12.37,1412
flow,31,10,0.36,3004.0,3139.0,,,,,,,Konami,Misc,135,1091,1172,93.1,12.37,1412
flow,31,11,0.388,2866.464,3001.464,,,,,,,Konami,Misc,135,1091,1172,93.1,12.37,1412
flow,31,12,0.416,2723.552,2858.552,,,,,,,Konami,Misc,135,1091,1172,93.1,12.37,1412
flow,31,13,0.444,2576.608,2711.608,,,,,,,Konami,Misc,135,1091,1172,93.1,12.37,1412
flow,31,14,0.472,2426.976,2561.976,,,,,,,Konami,Misc,135,1091,1172,93.1,12.37,1412
flow,31,15,0.5,2276.0,2411.0,,,,,,,Konami,Misc,135,1091,1172,93.1,12.37,1412
flow,31,16,0.528,2125.024,2260.024,,,,,,,Konami,Misc,135,1091,1172,93.1,12.37,1412
flow,31,17,0.556,1975.392,2110.392,,,,,,,Konami,Misc,135,1091,1172,93.1,12.37,1412
flow,31,18,0.584,1828.448,1963.448,,,,,,,Konami,Misc,135,1091,1172,93.1,12.37,1412
flow,31,19,0.612,1685.536,1820.536,,,,,,,Konami,Misc,135,1091,1172,93.1,12.37,1412
flow,31,20,0.64,1548.0,1683.0,,,,,,,Konami,Misc,135,1091,1172,93.1,12.37,1412
flow,31,21,0.668,1417.184,1552.184,,,,,,,Konami,Misc,135,1091,1172,93.1,12.37,1412
flow,31,22,0.696,1294.432,1429.432,,,,,,,Konami,Misc,135,1091,1172,93.1,12.37,1412
flow,31,23,0.724,1181.088,1316.088,,,,,,,Konami,Misc,135,1091,1172,93.1,12.37,1412
flow,31,24,0.752,1078.496,1213.496,,,,,,,Konami,Misc,135,1091,1172,93.1,12.37,1412
flow,31,25,0.78,988.0,1123.0,,,,,,,Konami,Misc,135,1091,1172,93.1,12.37,1412
flow,31,26,0.808,910.944,1045.944,,,,,,,Konami,Misc,135,1091,1172,93.1,12.37,1412
flow,31,27,0.836,848.672,983.672,,,,,,,Konami,Misc,135,1091,1172,93.1,12.37,1412
flow,31,28,0.864,802.528,937.528,,,,,,,Konami,Misc,135,1091,1172,93.1,12.37,1412
flow,31,29,0.892,773.856,908.856,,,,,,,Konami,Misc,135,1091,1172,93.1,12.37,1412
flow,31,30,0.92,764.0,899.0,,,,,,,Konami,Misc,135,1091,1172,93.1,12.37,1412
flow,32,0,0.08,3923.0,4205.0,,,,,,,Konami,Sports,282,1091,1172,93.1,25.85,1031
flow,32,1,0.108,3916.1961,4198.1961,,,,,,,Konami,Sports,282,1091,1172,93.1,25.85,1031
flow,32,2,0.136,3896.403,4178.403,,,,,,,Konami,Sports,282,1091,1172,93.1,25.85,1031
flow,32,3,0.164,3864.5484,4146.5484,,,,,,,Konami,Sports,282,1091,1172,93.1,25.85,1031
flow,32,4,0.192,3821.5603,4103.5603,,,,,,,Konami,Sports,282,1091,1172,93.1,25.85,1031
flow,32,5,0.22,3768.3663,4050.3663,,,,,,,Konami,Sports,282,1091,1172,93.1,25.85,1031
flow,32,6,0.248,3705.8942,3987.8942,,,,,,,Konami,Sports,282,1091,1172,93.1,25.85,1031
flow,32,7,0.276,3635.072,3917.072,,,,,,,Konami,Sports,282,1091,1172,93.1,25.85,1031
flow,32,8,0.304,3556.8273,3838.8273,,,,,,,Konami,Sports,282,1091,1172,93.1,25.85,1031
flow,32,9,0.332,3472.088,3754.088,,,,,,,Konami,Sports,282,1091,1172,93.1,25.85,1031
flow,32,10,0.36,3381.7819,3663.7819,,,,,,,Konami,Sports,282,1091,1172,93.1,25.85,1031
flow,32,11,0.388,3286.8368,3568.8368,,,,,,,Konami,Sports,282,1091,1172,93.1,25.85,1031
flow,32,12,0.416,3188.1804,3470.1804,,,,,,,Konami,Sports,282,1091,1172,93.1,25.85,1031
flow,32,13,0.444,3086.7407,3368.7407,,,,,,,Konami,Sports,282,1091,1172,93.1,25.85,1031
flow,32,14,0.472,2983.4454,3265.4454,,,,,,,Konami,Sports,282,1091,1172,93.1,25.85,1031
flow,32,15,0.5,2879.2222,3161.2222,,,,,,,Konami,Sports,282,1091,1172,93.1,25.85,1031
flow,32,16,0.528,2774.9991,3056.9991,,,,,,,Konami,Sports,282,1091,1172,93.1,25.85,1031
flow,32,17,0.556,2671.7037,2953.7037,,,,,,,Konami,Sports,282,1091,1172,93.1,25.85,1031
flow,32,18,0.584,2570.264,2852.264,,,,,,,Konami,Sports,282,1091,1172,93.1,25.85,1031
flow,32,19,0.612,2471.6077,2753.6077,,,,,,,Konami,Sports,282,1091,1172,93.1,25.85,1031
flow,32,20,0.64,2376.6626,2658.6626,,,,,,,Konami,Sports,282,1091,1172,93.1,25.85,1031
flow,32,21,0.668,2286.3564,2568.3564,,,,,,,Konami,Sports,282,1091,1172,93.1,25.85,1031
flow,32,22,0.696,2201.6172,2483.6172,,,,,,,Konami,Sports,282,1091,1172,93.1,25.85,1031
flow,32,23,0.724,2123.3725,2405.3725,,,,,,,Konami,Sports,282,1091,1172,93.1,25.85,1031
flow,32,24,0.752,2052.5502,2334.5502,,,,,,,Konami,Sports,282,1091,1172,93.1,25.85,1031
flow,32,25,0.78,1990.0782,2272.0782,,,,,,,Konami,Sports,282,1091,1172,93.1,25.85,1031
flow,32,26,0.808,1936.8842,2218.8842,,,,,,,Konami,Sports,282,1091,1172,93.1,25.85,1031
flow,32,27,0.836,1893.896,2175.896,,,,,,,Konami,Sports,282,1091,1172,93.1,25.85,1031
flow,32,28,0.864,1862.0414,2144.0414,,,,,,,Konami,Sports,282,1091,1172,93.1,25.85,1031
flow,32,29,0.892,1842.2483,2124.2483,,,,,,,Konami,Sports,282,1091,1172,93.1,25.85,1031
flow,32,30,0.92,1835.4444,2117.4444,,,,,,,Konami,Sports,282,1091,1172,93.1,25.85,1031
flow,33,0,0.08,4205.0,4343.0,,,,,,,Konami,Action,138,1091,1172,93.1,12.65,1021
flow,33,1,0.108,4201.0755,4339.0755,,,,,,,Konami,Action,138,1091,1172,93.1,12.65,1021
flow,33,2,0.136,4189.6587,4327.6587,,,,,,,Konami,Action,138,1091,1172,93.1,12.65,1021
flow,33,3,0.164,4171.2849,4309.2849,,,,,,,Konami,Action,138,1091,1172,93.1,12.65,1021
flow,33,4,0.192,4146.4891,4284.4891,,,,,,,Konami,Action,138,1091,1172,93.1,12.65,1021
flow,33,5,0.22,4115.8066,4253.8066,,,,,,,Konami,Action,138,1091,1172,93.1,12.65,1021
flow,33,6,0.248,4079.7724,4217.7724,,,,,,,Konami,Action,138,1091,1172,93.1,12.65,1021
flow,33,7,0.276,4038.9219,4176.9219,,,,,,,Konami,Action,138,1091,1172,93.1,12.65,1021
flow,33,8,0.304,3993.79,4131.79,,,,,,,Konami,Action,138,1091,1172,93.1,12.65,1021
flow,33,9,0.332,3944.912,4082.912,,,,,,,Konami,Action,138,1091,1172,93.1,12.65,1021
flow,33,10,0.36,3892.823,4030.823,,,,,,,Konami,Action,138,1091,1172,93.1,12.65,1021
flow,33,11,0.388,3838.0583,3976.0583,,,,,,,Konami,Action,138,1091,1172,93.1,12.65,1021
flow,33,12,0.416,3781.1529,3919.1529,,,,,,,Konami,Action,138,1091,1172,93.1,12.65,1021
flow,33,13,0.444,3722.642,3860.642,,,,,,,Konami,Action,138,1091,1172,93.1,12.65,1021
flow,33,14,0.472,3663.0608,3801.0608,,,,,,,Konami,Action,138,1091,1172,93.1,12.65,1021
flow,33,15,0.5,3602.9444,3740.9444,,,,,,,Konami,Action,138,1091,1172,93.1,12.65,1021
flow,33,16,0.528,3542.8281,3680.8281,,,,,,,Konami,Action,138,1091,1172,93.1,12.65,1021
flow,33,17,0.556,3483.2469,3621.2469,,,,,,,Konami,Action,138,1091,1172,93.1,12.65,1021
flow,33,18,0.584,3424.736,3562.736,,,,,,,Konami,Action,138,1091,1172,93.1,12.65,1021
flow,33,19,0.612,3367.8306,3505.8306,,,,,,,Konami,Action,138,1091,1172,93.1,12.65,1021
flow,33,20,0.64,3313.0658,3451.0658,,,,,,,Konami,Action,138,1091,1172,93.1,12.65,1021
flow,33,21,0.668,3260.9769,3398.9769,,,,,,,Konami,Action,138,1091,1172,93.1,12.65,1021
flow,33,22,0.696,3212.0989,3350.0989,,,,,,,Konami,Action,138,1091,1172,93.1,12.65,1021
flow,33,23,0.724,3166.967,3304.967,,,,,,,Konami,Action,138,1091,1172,93.1,12.65,1021
flow,33,24,0.752,3126.1164,3264.1164,,,,,,,Konami,Action,138,1091,1172,93.1,12.65,1021
flow,33,25,0.78,3090.0823,3228.0823,,,,,,,Konami,Action,138,1091,1172,93.1,12.65,1021
flow,33,26,0.808,3059.3998,3197.3998,,,,,,,Konami,Action,138,1091,1172,93.1,12.65,1021
flow,33,27,0.836,3034.604,3172.604,,,,,,,Konami,Action,138,1091,1172,93.1,12.65,1021
flow,33,28,0.864,3016.2302,3154.2302,,,,,,,Konami,Action,138,1091,1172,93.1,12.65,1021
flow,33,29,0.892,3004.8134,3142.8134,,,,,,,Konami,Action,138,1091,1172,93.1,12.65,1021
flow,33,30,0.92,3000.8889,3138.8889,,,,,,,Konami,Action,138,1091,1172,93.1,12.65,1021
flow,34,0,0.08,4343.0,4430.0,,,,,,,Konami,Shooter,87,1091,1172,93.1,7.97,891
flow,34,1,0.108,4341.8832,4428.8832,,,,,,,Konami,Shooter,87,1091,1172,93.1,7.97,891
flow,34,2,0.136,4338.6342,4425.6342,,,,,,,Konami,Shooter,87,1091,1172,93.1,7.97,891
flow,34,3,0.164,4333.4053,4420.4053,,,,,,,Konami,Shooter,87,1091,1172,93.1,7.97,891
flow,34,4,0.192,4326.3489,4413.3489,,,,,,,Konami,Shooter,87,1091,1172,93.1,7.97,891
flow,34,5,0.22,4317.6173,4404.6173,,,,,,,Konami,Shooter,87,1091,1172,93.1,7.97,891
flow,34,6,0.248,4307.3627,4394.3627,,,,,,,Konami,Shooter,87,1091,1172,93.1,7.97,891
flow,34,7,0.276,4295.7374,4382.7374,,,,,,,Konami,Shooter,87,1091,1172,93.1,7.97,891
flow,34,8,0.304,4282.8937,4369.8937,,,,,,,Konami,Shooter,87,1091,1172,93.1,7.97,891
flow,34,9,0.332,4268.984,4355.984,,,,,,,Konami,Shooter,87,1091,1172,93.1,7.97,891
flow,34,10,0.36,4254.1605,4341.1605,,,,,,,Konami,Shooter,87,1091,1172,93.1,7.97,891
flow,34,11,0.388,4238.5755,4325.5755,,,,,,,Konami,Shooter,87,1091,1172,93.1,7.97,891
flow,34,12,0.416,4222.3813,4309.3813,,,,,,,Konami,Shooter,87,1091,1172,93.1,7.97,891
flow,34,13,0.444,4205.7303,4292.7303,,,,,,,Konami,Shooter,87,1091,1172,93.1,7.97,891
flow,34,14,0.472,4188.7746,4275.7746,,,,,,,Konami,Shooter,87,1091,1172,93.1,7.97,891
flow,34,15,0.5,4171.6667,4258.6667,,,,,,,Konami,Shooter,87,1091,1172,93.1,7.97,891
flow,34,16,0.528,4154.5587,4241.5587,,,,,,,Konami,Shooter,87,1091,1172,93.1,7.97,891
flow,34,17,0.556,4137.6031,4224.6031,,,,,,,Konami,Shooter,87,1091,1172,93.1,7.97,891
flow,34,18,0.584,4120.952,4207.952,,,,,,,Konami,Shooter,87,1091,1172,93.1,7.97,891
flow,34,19,0.612,4104.7578,4191.7578,,,,,,,Konami,Shooter,87,1091,1172,93.1,7.97,891
flow,34,20,0.64,4089.1728,4176.1728,,,,,,,Konami,Shooter,87,1091,1172,93.1,7.97,891
flow,34,21,0.668,4074.3493,4161.3493,,,,,,,Konami,Shooter,87,1091,1172,93.1,7.97,891
flow,34,22,0.696,4060.4396,4147.4396,,,,,,,Konami,Shooter,87,1091,1172,93.1,7.97,891
flow,34,23,0.724,4047.596,4134.596,,,,,,,Konami,Shooter,87,1091,1172,93.1,7.97,891
flow,34,24,0.752,4035.9707,4122.9707,,,,,,,Konami,Shooter,87,1091,1172,93.1,7.97,891
flow,34,25,0.78,4025.716,4112.716,,,,,,,Konami,Shooter,87,1091,1172,93.1,7.97,891
flow,34,26,0.808,4016.9844,4103.9844,,,,,,,Konami,Shooter,87,1091,1172,93.1,7.97,891
flow,34,27,0.836,4009.928,4096.928,,,,,,,Konami,Shooter,87,1091,1172,93.1,7.97,891
flow,34,28,0.864,4004.6992,4091.6992,,,,,,,Konami,Shooter,87,1091,1172,93.1,7.97,891
flow,34,29,0.892,4001.4502,4088.4502,,,,,,,Konami,Shooter,87,1091,1172,93.1,7.97,891
flow,34,30,0.92,4000.3333,4087.3333,,,,,,,Konami,Shooter,87,1091,1172,93.1,7.97,891
flow,35,0,0.08,4430.0,4512.0,,,,,,,Konami,Platform,82,1091,1172,93.1,7.52,704
flow,35,1,0.108,4431.7886,4513.7886,,,,,,,Konami,Platform,82,1091,1172,93.1,7.52,704
flow,35,2,0.136,4436.9918,4518.9918,,,,,,,Konami,Platform,82,1091,1172,93.1,7.52,704
flow,35,3,0.164,4445.3658,4527.3658,,,,,,,Konami,Platform,82,1091,1172,93.1,7.52,704
flow,35,4,0.192,4456.6665,4538.6665,,,,,,,Konami,Platform,82,1091,1172,93.1,7.52,704
flow,35,5,0.22,4470.6502,4552.6502,,,,,,,Konami,Platform,82,1091,1172,93.1,7.52,704
flow,35,6,0.248,4487.0729,4569.0729,,,,,,,Konami,Platform,82,1091,1172,93.1,7.52,704
flow,35,7,0.276,4505.6907,4587.6907,,,,,,,Konami,Platform,82,1091,1172,93.1,7.52,704
flow,35,8,0.304,4526.2597,4608.2597,,,,,,,Konami,Platform,82,1091,1172,93.1,7.52,704
flow,35,9,0.332,4548.536,4630.536,,,,,,,Konami,Platform,82,1091,1172,93.1,7.52,704
flow,35,10,0.36,4572.2757,4654.2757,,,,,,,Konami,Platform,82,1091,1172,93.1,7.52,704
flow,35,11,0.388,4597.2349,4679.2349,,,,,,,Konami,Platform,82,1091,1172,93.1,7.52,704
flow,35,12,0.416,4623.1698,4705.1698,,,,,,,Konami,Platform,82,1091,1172,93.1,7.52,704
flow,35,13,0.444,4649.8363,4731.8363,,,,,,,Konami,Platform,82,1091,1172,93.1,7.52,704
flow,35,14,0.472,4676.9907,4758.9907,,,,,,,Konami,Platform,82,1091,1172,93.1,7.52,704
flow,35,15,0.5,4704.3889,4786.3889,,,,,,,Konami,Platform,82,1091,1172,93.1,7.52,704
flow,35,16,0.528,4731.7871,4813.7871,,,,,,,Konami,Platform,82,1091,1172,93.1,7.52,704
flow,35,17,0.556,4758.9415,4840.9415,,,,,,,Konami,Platform,82,1091,1172,93.1,7.52,704
flow,35,18,0.584,4785.608,4867.608,,,,,,,Konami,Platform,82,1091,1172,93.1,7.52,704
flow,35,19,0.612,4811.5428,4893.5428,,,,,,,Konami,Platform,82,1091,1172,93.1,7.52,704
flow,35,20,0.64,4836.5021,4918.5021,,,,,,,Konami,Platform,82,1091,1172,93.1,7.52,704
flow,35,21,0.668,4860.2418,4942.2418,,,,,,,Konami,Platform,82,1091,1172,93.1,7.52,704
flow,35,22,0.696,4882.5181,4964.5181,,,,,,,Konami,Platform,82,1091,1172,93.1,7.52,704
flow,35,23,0.724,4903.0871,4985.0871,,,,,,,Konami,Platform,82,1091,1172,93.1,7.52,704
flow,35,24,0.752,4921.7049,5003.7049,,,,,,,Konami,Platform,82,1091,1172,93.1,7.52,704
flow,35,25,0.78,4938.1276,5020.1276,,,,,,,Konami,Platform,82,1091,1172,93.1,7.52,704
flow,35,26,0.808,4952.1112,5034.1112,,,,,,,Konami,Platform,82,1091,1172,93.1,7.52,704
flow,35,27,0.836,4963.412,5045.412,,,,,,,Konami,Platform,82,1091,1172,93.1,7.52,704
flow,35,28,0.864,4971.7859,5053.7859,,,,,,,Konami,Platform,82,1091,1172,93.1,7.52,704
flow,35,29,0.892,4976.9892,5058.9892,,,,,,,Konami,Platform,82,1091,1172,93.1,7.52,704
flow,35,30,0.92,4978.7778,5060.7778,,,,,,,Konami,Platform,82,1091,1172,93.1,7.52,704
flow,36,0,0.08,4512.0,4588.0,,,,,,,Konami,Role-Playing,76,1091,1172,93.1,6.97,602
flow,36,1,0.108,4515.7554,4591.7554,,,,,,,Konami,Role-Playing,76,1091,1172,93.1,6.97,602
flow,36,2,0.136,4526.6802,4602.6802,,,,,,,Konami,Role-Playing,76,1091,1172,93.1,6.97,602
flow,36,3,0.164,4544.2622,4620.2622,,,,,,,Konami,Role-Playing,76,1091,1172,93.1,6.97,602
flow,36,4,0.192,4567.9895,4643.9895,,,,,,,Konami,Role-Playing,76,1091,1172,93.1,6.97,602
flow,36,5,0.22,4597.3498,4673.3498,,,,,,,Konami,Role-Playing,76,1091,1172,93.1,6.97,602
flow,36,6,0.248,4631.8311,4707.8311,,,,,,,Konami,Role-Playing,76,1091,1172,93.1,6.97,602
flow,36,7,0.276,4670.9213,4746.9213,,,,,,,Konami,Role-Playing,76,1091,1172,93.1,6.97,602
flow,36,8,0.304,4714.1083,4790.1083,,,,,,,Konami,Role-Playing,76,1091,1172,93.1,6.97,602
flow,36,9,0.332,4760.88,4836.88,,,,,,,Konami,Role-Playing,76,1091,1172,93.1,6.97,602
flow,36,10,0.36,4810.7243,4886.7243,,,,,,,Konami,Role-Playing,76,1091,1172,93.1,6.97,602
flow,36,11,0.388,4863.1291,4939.1291,,,,,,,Konami,Role-Playing,76,1091,1172,93.1,6.97,602
flow,36,12,0.416,4917.5822,4993.5822,,,,,,,Konami,Role-Playing,76,1091,1172,93.1,6.97,602
flow,36,13,0.444,4973.5717,5049.5717,,,,,,,Konami,Role-Playing,76,1091,1172,93.1,6.97,602
flow,36,14,0.472,5030.5853,5106.5853,,,,,,,Konami,Role-Playing,76,1091,1172,93.1,6.97,602
flow,36,15,0.5,5088.1111,5164.1111,,,,,,,Konami,Role-Playing,76,1091,1172,93.1,6.97,602
flow,36,16,0.528,5145.6369,5221.6369,,,,,,,Konami,Role-Playing,76,1091,1172,93.1,6.97,602
flow,36,17,0.556,5202.6505,5278.6505,,,,,,,Konami,Role-Playing,76,1091,1172,93.1,6.97,602
flow,36,18,0.584,5258.64,5334.64,,,,,,,Konami,Role-Playing,76,1091,1172,93.1,6.97,602
flow,36,19,0.612,5313.0932,5389.0932,,,,,,,Konami,Role-Playing,76,1091,1172,93.1,6.97,602
flow,36,20,0.64,5365.4979,5441.4979,,,,,,,Konami,Role-Playing,76,1091,1172,93.1,6.97,602
flow,36,21,0.668,5415.3422,5491.3422,,,,,,,Konami,Role-Playing,76,1091,1172,93.1,6.97,602
flow,36,22,0.696,5462.1139,5538.1139,,,,,,,Konami,Role-Playing,76,1091,1172,93.1,6.97,602
flow,36,23,0.724,5505.3009,5581.3009,,,,,,,Konami,Role-Playing,76,1091,1172,93.1,6.97,602
flow,36,24,0.752,5544.3911,5620.3911,,,,,,,Konami,Role-Playing,76,1091,1172,93.1,6.97,602
flow,36,25,0.78,5578.8724,5654.8724,,,,,,,Konami,Role-Playing,76,1091,1172,93.1,6.97,602
flow,36,26,0.808,5608.2328,5684.2328,,,,,,,Konami,Role-Playing,76,1091,1172,93.1,6.97,602
flow,36,27,0.836,5631.96,5707.96,,,,,,,Konami,Role-Playing,76,1091,1172,93.1,6.97,602
flow,36,28,0.864,5649.5421,5725.5421,,,,,,,Konami,Role-Playing,76,1091,1172,93.1,6.97,602
flow,36,29,0.892,5660.4668,5736.4668,,,,,,,Konami,Role-Playing,76,1091,1172,93.1,6.97,602
flow,36,30,0.92,5664.2222,5740.2222,,,,,,,Konami,Role-Playing,76,1091,1172,93.1,6.97,602
flow,37,0,0.08,4588.0,4734.0,,,,,,,Konami,Simulation,146,1091,1172,93.1,13.38,590
flow,37,1,0.108,4592.9204,4738.9204,,,,,,,Konami,Simulation,146,1091,1172,93.1,13.38,590
flow,37,2,0.136,4607.2343,4753.2343,,,,,,,Konami,Simulation,146,1091,1172,93.1,13.38,590
flow,37,3,0.164,4630.2707,4776.2707,,,,,,,Konami,Simulation,146,1091,1172,93.1,13.38,590
flow,37,4,0.192,4661.3586,4807.3586,,,,,,,Konami,Simulation,146,1091,1172,93.1,13.38,590
flow,37,5,0.22,4699.8272,4845.8272,,,,,,,Konami,Simulation,146,1091,1172,93.1,13.38,590
flow,37,6,0.248,4745.0053,4891.0053,,,,,,,Konami,Simulation,146,1091,1172,93.1,13.38,590
flow,37,7,0.276,4796.2222,4942.2222,,,,,,,Konami,Simulation,146,1091,1172,93.1,13.38,590
flow,37,8,0.304,4852.8067,4998.8067,,,,,,,Konami,Simulation,146,1091,1172,93.1,13.38,590
flow,37,9,0.332,4914.088,5060.088,,,,,,,Konami,Simulation,146,1091,1172,93.1,13.38,590
flow,37,10,0.36,4979.3951,5125.3951,,,,,,,Konami,Simulation,146,1091,1172,93.1,13.38,590
flow,37,11,0.388,5048.0569,5194.0569,,,,,,,Konami,Simulation,146,1091,1172,93.1,13.38,590
flow,37,12,0.416,5119.4027,5265.4027,,,,,,,Konami,Simulation,146,1091,1172,93.1,13.38,590
flow,37,13,0.444,5192.7613,5338.7613,,,,,,,Konami,Simulation,146,1091,1172,93.1,13.38,590
flow,37,14,0.472,5267.4618,5413.4618,,,,,,,Konami,Simulation,146,1091,1172,93.1,13.38,590
flow,37,15,0.5,5342.8333,5488.8333,,,,,,,Konami,Simulation,146,1091,1172,93.1,13.38,590
flow,37,16,0.528,5418.2048,5564.2048,,,,,,,Konami,Simulation,146,1091,1172,93.1,13.38,590
flow,37,17,0.556,5492.9054,5638.9054,,,,,,,Konami,Simulation,146,1091,1172,93.1,13.38,590
flow,37,18,0.584,5566.264,5712.264,,,,,,,Konami,Simulation,146,1091,1172,93.1,13.38,590
flow,37,19,0.612,5637.6097,5783.6097,,,,,,,Konami,Simulation,146,1091,1172,93.1,13.38,590
flow,37,20,0.64,5706.2716,5852.2716,,,,,,,Konami,Simulation,146,1091,1172,93.1,13.38,590
flow,37,21,0.668,5771.5787,5917.5787,,,,,,,Konami,Simulation,146,1091,1172,93.1,13.38,590
flow,37,22,0.696,5832.86,5978.86,,,,,,,Konami,Simulation,146,1091,1172,93.1,13.38,590
flow,37,23,0.724,5889.4445,6035.4445,,,,,,,Konami,Simulation,146,1091,1172,93.1,13.38,590
flow,37,24,0.752,5940.6613,6086.6613,,,,,,,Konami,Simulation,146,1091,1172,93.1,13.38,590
flow,37,25,0.78,5985.8395,6131.8395,,,,,,,Konami,Simulation,146,1091,1172,93.1,13.38,590
flow,37,26,0.808,6024.308,6170.308,,,,,,,Konami,Simulation,146,1091,1172,93.1,13.38,590
flow,37,27,0.836,6055.396,6201.396,,,,,,,Konami,Simulation,146,1091,1172,93.1,13.38,590
flow,37,28,0.864,6078.4324,6224.4324,,,,,,,Konami,Simulation,146,1091,1172,93.1,13.38,590
flow,37,29,0.892,6092.7463,6238.7463,,,,,,,Konami,Simulation,146,1091,1172,93.1,13.38,590
flow,37,30,0.92,6097.6667,6243.6667,,,,,,,Konami,Simulation,146,1091,1172,93.1,13.38,590
flow,38,0,0.08,4734.0,4765.0,,,,,,,Konami,Puzzle,31,1091,1172,93.1,2.84,566
flow,38,1,0.108,4741.4934,4772.4934,,,,,,,Konami,Puzzle,31,1091,1172,93.1,2.84,566
flow,38,2,0.136,4763.2924,4794.2924,,,,,,,Konami,Puzzle,31,1091,1172,93.1,2.84,566
flow,38,3,0.164,4798.3751,4829.3751,,,,,,,Konami,Puzzle,31,1091,1172,93.1,2.84,566
flow,38,4,0.192,4845.7198,4876.7198,,,,,,,Konami,Puzzle,31,1091,1172,93.1,2.84,566
flow,38,5,0.22,4904.3045,4935.3045,,,,,,,Konami,Puzzle,31,1091,1172,93.1,2.84,566
flow,38,6,0.248,4973.1076,5004.1076,,,,,,,Konami,Puzzle,31,1091,1172,93.1,2.84,566
flow,38,7,0.276,5051.107,5082.107,,,,,,,Konami,Puzzle,31,1091,1172,93.1,2.84,566
flow,38,8,0.304,5137.2811,5168.2811,,,,,,,Konami,Puzzle,31,1091,1172,93.1,2.84,566
flow,38,9,0.332,5230.608,5261.608,,,,,,,Konami,Puzzle,31,1091,1172,93.1,2.84,566
flow,38,10,0.36,5330.0658,5361.0658,,,,,,,Konami,Puzzle,31,1091,1172,93.1,2.84,566
flow,38,11,0.388,5434.6328,5465.6328,,,,,,,Konami,Puzzle,31,1091,1172,93.1,2.84,566
flow,38,12,0.416,5543.2871,5574.2871,,,,,,,Konami,Puzzle,31,1091,1172,93.1,2.84,566
flow,38,13,0.444,5655.0069,5686.0069,,,,,,,Konami,Puzzle,31,1091,1172,93.1,2.84,566
flow,38,14,0.472,5768.7703,5799.7703,,,,,,,Konami,Puzzle,31,1091,1172,93.1,2.84,566
flow,38,15,0.5,5883.5556,5914.5556,,,,,,,Konami,Puzzle,31,1091,1172,93.1,2.84,566
flow,38,16,0.528,5998.3408,6029.3408,,,,,,,Konami,Puzzle,31,1091,1172,93.1,2.84,566
flow,38,17,0.556,6112.1042,6143.1042,,,,,,,Konami,Puzzle,31,1091,1172,93.1,2.84,566
flow,38,18,0.584,6223.824,6254.824,,,,,,,Konami,Puzzle,31,1091,1172,93.1,2.84,566
flow,38,19,0.612,6332.4783,6363.4783,,,,,,,Konami,Puzzle,31,1091,1172,93.1,2.84,566
flow,38,20,0.64,6437.0453,6468.0453,,,,,,,Konami,Puzzle,31,1091,1172,93.1,2.84,566
flow,38,21,0.668,6536.5031,6567.5031,,,,,,,Konami,Puzzle,31,1091,1172,93.1,2.84,566
flow,38,22,0.696,6629.83,6660.83,,,,,,,Konami,Puzzle,31,1091,1172,93.1,2.84,566
flow,38,23,0.724,6716.0041,6747.0041,,,,,,,Konami,Puzzle,31,1091,1172,93.1,2.84,566
flow,38,24,0.752,6794.0036,6825.0036,,,,,,,Konami,Puzzle,31,1091,1172,93.1,2.84,566
flow,38,25,0.78,6862.8066,6893.8066,,,,,,,Konami,Puzzle,31,1091,1172,93.1,2.84,566
flow,38,26,0.808,6921.3913,6952.3913,,,,,,,Konami,Puzzle,31,1091,1172,93.1,2.84,566
flow,38,27,0.836,6968.736,6999.736,,,,,,,Konami,Puzzle,31,1091,1172,93.1,2.84,566
flow,38,28,0.864,7003.8187,7034.8187,,,,,,,Konami,Puzzle,31,1091,1172,93.1,2.84,566
flow,38,29,0.892,7025.6177,7056.6177,,,,,,,Konami,Puzzle,31,1091,1172,93.1,2.84,566
flow,38,30,0.92,7033.1111,7064.1111,,,,,,,Konami,Puzzle,31,1091,1172,93.1,2.84,566
flow,39,0,0.08,4765.0,4786.0,,,,,,,Konami,Racing,21,1091,1172,93.1,1.92,499
flow,39,1,0.108,4773.7334,4794.7334,,,,,,,Konami,Racing,21,1091,1172,93.1,1.92,499
flow,39,2,0.136,4799.1395,4820.1395,,,,,,,Konami,Racing,21,1091,1172,93.1,1.92,499
flow,39,3,0.164,4840.0276,4861.0276,,,,,,,Konami,Racing,21,1091,1172,93.1,1.92,499
flow,39,4,0.192,4895.2066,4916.2066,,,,,,,Konami,Racing,21,1091,1172,93.1,1.92,499
flow,39,5,0.22,4963.4856,4984.4856,,,,,,,Konami,Racing,21,1091,1172,93.1,1.92,499
flow,39,6,0.248,5043.6738,5064.6738,,,,,,,Konami,Racing,21,1091,1172,93.1,1.92,499
flow,39,7,0.276,5134.5802,5155.5802,,,,,,,Konami,Racing,21,1091,1172,93.1,1.92,499
flow,39,8,0.304,5235.0139,5256.0139,,,,,,,Konami,Racing,21,1091,1172,93.1,1.92,499
flow,39,9,0.332,5343.784,5364.784,,,,,,,Konami,Racing,21,1091,1172,93.1,1.92,499
flow,39,10,0.36,5459.6996,5480.6996,,,,,,,Konami,Racing,21,1091,1172,93.1,1.92,499
flow,39,11,0.388,5581.5697,5602.5697,,,,,,,Konami,Racing,21,1091,1172,93.1,1.92,499
flow,39,12,0.416,5708.2036,5729.2036,,,,,,,Konami,Racing,21,1091,1172,93.1,1.92,499
flow,39,13,0.444,5838.4101,5859.4101,,,,,,,Konami,Racing,21,1091,1172,93.1,1.92,499
flow,39,14,0.472,5970.9985,5991.9985,,,,,,,Konami,Racing,21,1091,1172,93.1,1.92,499
flow,39,15,0.5,6104.7778,6125.7778,,,,,,,Konami,Racing,21,1091,1172,93.1,1.92,499
flow,39,16,0.528,6238.5571,6259.5571,,,,,,,Konami,Racing,21,1091,1172,93.1,1.92,499
flow,39,17,0.556,6371.1454,6392.1454,,,,,,,Konami,Racing,21,1091,1172,93.1,1.92,499
flow,39,18,0.584,6501.352,6522.352,,,,,,,Konami,Racing,21,1091,1172,93.1,1.92,499
flow,39,19,0.612,6627.9858,6648.9858,,,,,,,Konami,Racing,21,1091,1172,93.1,1.92,499
flow,39,20,0.64,6749.856,6770.856,,,,,,,Konami,Racing,21,1091,1172,93.1,1.92,499
flow,39,21,0.668,6865.7716,6886.7716,,,,,,,Konami,Racing,21,1091,1172,93.1,1.92,499
flow,39,22,0.696,6974.5417,6995.5417,,,,,,,Konami,Racing,21,1091,1172,93.1,1.92,499
flow,39,23,0.724,7074.9754,7095.9754,,,,,,,Konami,Racing,21,1091,1172,93.1,1.92,499
flow,39,24,0.752,7165.8818,7186.8818,,,,,,,Konami,Racing,21,1091,1172,93.1,1.92,499
flow,39,25,0.78,7246.07,7267.07,,,,,,,Konami,Racing,21,1091,1172,93.1,1.92,499
flow,39,26,0.808,7314.349,7335.349,,,,,,,Konami,Racing,21,1091,1172,93.1,1.92,499
flow,39,27,0.836,7369.528,7390.528,,,,,,,Konami,Racing,21,1091,1172,93.1,1.92,499
flow,39,28,0.864,7410.416,7431.416,,,,,,,Konami,Racing,21,1091,1172,93.1,1.92,499
flow,39,29,0.892,7435.8222,7456.8222,,,,,,,Konami,Racing,21,1091,1172,93.1,1.92,499
flow,39,30,0.92,7444.5556,7465.5556,,,,,,,Konami,Racing,21,1091,1172,93.1,1.92,499
flow,40,0,0.08,4786.0,4879.0,,,,,,,Konami,Adventure,93,1091,1172,93.1,8.52,476
flow,40,1,0.108,4796.4329,4889.4329,,,,,,,Konami,Adventure,93,1091,1172,93.1,8.52,476
flow,40,2,0.136,4826.7831,4919.7831,,,,,,,Konami,Adventure,93,1091,1172,93.1,8.52,476
flow,40,3,0.164,4875.628,4968.628,,,,,,,Konami,Adventure,93,1091,1172,93.1,8.52,476
flow,40,4,0.192,4941.5449,5034.5449,,,,,,,Konami,Adventure,93,1091,1172,93.1,8.52,476
flow,40,5,0.22,5023.1111,5116.1111,,,,,,,Konami,Adventure,93,1091,1172,93.1,8.52,476
flow,40,6,0.248,5118.904,5211.904,,,,,,,Konami,Adventure,93,1091,1172,93.1,8.52,476
flow,40,7,0.276,5227.5009,5320.5009,,,,,,,Konami,Adventure,93,1091,1172,93.1,8.52,476
flow,40,8,0.304,5347.4791,5440.4791,,,,,,,Konami,Adventure,93,1091,1172,93.1,8.52,476
flow,40,9,0.332,5477.416,5570.416,,,,,,,Konami,Adventure,93,1091,1172,93.1,8.52,476
flow,40,10,0.36,5615.8889,5708.8889,,,,,,,Konami,Adventure,93,1091,1172,93.1,8.52,476
flow,40,11,0.388,5761.4751,5854.4751,,,,,,,Konami,Adventure,93,1091,1172,93.1,8.52,476
flow,40,12,0.416,5912.752,6005.752,,,,,,,Konami,Adventure,93,1091,1172,93.1,8.52,476
flow,40,13,0.444,6068.2969,6161.2969,,,,,,,Konami,Adventure,93,1091,1172,93.1,8.52,476
flow,40,14,0.472,6226.6871,6319.6871,,,,,,,Konami,Adventure,93,1091,1172,93.1,8.52,476
flow,40,15,0.5,6386.5,6479.5,,,,,,,Konami,Adventure,93,1091,1172,93.1,8.52,476
flow,40,16,0.528,6546.3129,6639.3129,,,,,,,Konami,Adventure,93,1091,1172,93.1,8.52,476
flow,40,17,0.556,6704.7031,6797.7031,,,,,,,Konami,Adventure,93,1091,1172,93.1,8.52,476
flow,40,18,0.584,6860.248,6953.248,,,,,,,Konami,Adventure,93,1091,1172,93.1,8.52,476
flow,40,19,0.612,7011.5249,7104.5249,,,,,,,Konami,Adventure,93,1091,1172,93.1,8.52,476
flow,40,20,0.64,7157.1111,7250.1111,,,,,,,Konami,Adventure,93,1091,1172,93.1,8.52,476
flow,40,21,0.668,7295.584,7388.584,,,,,,,Konami,Adventure,93,1091,1172,93.1,8.52,476
flow,40,22,0.696,7425.5209,7518.5209,,,,,,,Konami,Adventure,93,1091,1172,93.1,8.52,476
flow,40,23,0.724,7545.4991,7638.4991,,,,,,,Konami,Adventure,93,1091,1172,93.1,8.52,476
flow,40,24,0.752,7654.096,7747.096,,,,,,,Konami,Adventure,93,1091,1172,93.1,8.52,476
flow,40,25,0.78,7749.8889,7842.8889,,,,,,,Konami,Adventure,93,1091,1172,93.1,8.52,476
flow,40,26,0.808,7831.4551,7924.4551,,,,,,,Konami,Adventure,93,1091,1172,93.1,8.52,476
flow,40,27,0.836,7897.372,7990.372,,,,,,,Konami,Adventure,93,1091,1172,93.1,8.52,476
flow,40,28,0.864,7946.2169,8039.2169,,,,,,,Konami,Adventure,93,1091,1172,93.1,8.52,476
flow,40,29,0.892,7976.5671,8069.5671,,,,,,,Konami,Adventure,93,1091,1172,93.1,8.52,476
flow,40,30,0.92,7987.0,8080.0,,,,,,,Konami,Adventure,93,1091,1172,93.1,8.52,476
flow,41,0,0.08,4949.0,5175.0,,,,,,,Sony Computer Entertainment,Misc,226,992,1093,90.8,22.78,1412
flow,41,1,0.108,4935.8,5161.8,,,,,,,Sony Computer Entertainment,Misc,226,992,1093,90.8,22.78,1412
flow,41,2,0.136,4897.4,5123.4,,,,,,,Sony Computer Entertainment,Misc,226,992,1093,90.8,22.78,1412
flow,41,3,0.164,4835.6,5061.6,,,,,,,Sony Computer Entertainment,Misc,226,992,1093,90.8,22.78,1412
flow,41,4,0.192,4752.2,4978.2,,,,,,,Sony Computer Entertainment,Misc,226,992,1093,90.8,22.78,1412
flow,41,5,0.22,4649.0,4875.0,,,,,,,Sony Computer Entertainment,Misc,226,992,1093,90.8,22.78,1412
flow,41,6,0.248,4527.8,4753.8,,,,,,,Sony Computer Entertainment,Misc,226,992,1093,90.8,22.78,1412
flow,41,7,0.276,4390.4,4616.4,,,,,,,Sony Computer Entertainment,Misc,226,992,1093,90.8,22.78,1412
flow,41,8,0.304,4238.6,4464.6,,,,,,,Sony Computer Entertainment,Misc,226,992,1093,90.8,22.78,1412
flow,41,9,0.332,4074.2,4300.2,,,,,,,Sony Computer Entertainment,Misc,226,992,1093,90.8,22.78,1412
flow,41,10,0.36,3899.0,4125.0,,,,,,,Sony Computer Entertainment,Misc,226,992,1093,90.8,22.78,1412
flow,41,11,0.388,3714.8,3940.8,,,,,,,Sony Computer Entertainment,Misc,226,992,1093,90.8,22.78,1412
flow,41,12,0.416,3523.4,3749.4,,,,,,,Sony Computer Entertainment,Misc,226,992,1093,90.8,22.78,1412
flow,41,13,0.444,3326.6,3552.6,,,,,,,Sony Computer Entertainment,Misc,226,992,1093,90.8,22.78,1412
flow,41,14,0.472,3126.2,3352.2,,,,,,,Sony Computer Entertainment,Misc,226,992,1093,90.8,22.78,1412
flow,41,15,0.5,2924.0,3150.0,,,,,,,Sony Computer Entertainment,Misc,226,992,1093,90.8,22.78,1412
flow,41,16,0.528,2721.8,2947.8,,,,,,,Sony Computer Entertainment,Misc,226,992,1093,90.8,22.78,1412
flow,41,17,0.556,2521.4,2747.4,,,,,,,Sony Computer Entertainment,Misc,226,992,1093,90.8,22.78,1412
flow,41,18,0.584,2324.6,2550.6,,,,,,,Sony Computer Entertainment,Misc,226,992,1093,90.8,22.78,1412
flow,41,19,0.612,2133.2,2359.2,,,,,,,Sony Computer Entertainment,Misc,226,992,1093,90.8,22.78,1412
flow,41,20,0.64,1949.0,2175.0,,,,,,,Sony Computer Entertainment,Misc,226,992,1093,90.8,22.78,1412
flow,41,21,0.668,1773.8,1999.8,,,,,,,Sony Computer Entertainment,Misc,226,992,1093,90.8,22.78,1412
flow,41,22,0.696,1609.4,1835.4,,,,,,,Sony Computer Entertainment,Misc,226,992,1093,90.8,22.78,1412
flow,41,23,0.724,1457.6,1683.6,,,,,,,Sony Computer Entertainment,Misc,226,992,1093,90.8,22.78,1412
flow,41,24,0.752,1320.2,1546.2,,,,,,,Sony Computer Entertainment,Misc,226,992,1093,90.8,22.78,1412
flow,41,25,0.78,1199.0,1425.0,,,,,,,Sony Computer Entertainment,Misc,226,992,1093,90.8,22.78,1412
flow,41,26,0.808,1095.8,1321.8,,,,,,,Sony Computer Entertainment,Misc,226,992,1093,90.8,22.78,1412
flow,41,27,0.836,1012.4,1238.4,,,,,,,Sony Computer Entertainment,Misc,226,992,1093,90.8,22.78,1412
flow,41,28,0.864,950.6,1176.6,,,,,,,Sony Computer Entertainment,Misc,226,992,1093,90.8,22.78,1412
flow,41,29,0.892,912.2,1138.2,,,,,,,Sony Computer Entertainment,Misc,226,992,1093,90.8,22.78,1412
flow,41,30,0.92,899.0,1125.0,,,,,,,Sony Computer Entertainment,Misc,226,992,1093,90.8,22.78,1412
flow,42,0,0.08,5175.0,5300.0,,,,,,,Sony Computer Entertainment,Sports,125,992,1093,90.8,12.6,1031
flow,42,1,0.108,5165.0346,5290.0346,,,,,,,Sony Computer Entertainment,Sports,125,992,1093,90.8,12.6,1031
flow,42,2,0.136,5136.0445,5261.0445,,,,,,,Sony Computer Entertainment,Sports,125,992,1093,90.8,12.6,1031
flow,42,3,0.164,5089.3884,5214.3884,,,,,,,Sony Computer Entertainment,Sports,125,992,1093,90.8,12.6,1031
flow,42,4,0.192,5026.4254,5151.4254,,,,,,,Sony Computer Entertainment,Sports,125,992,1093,90.8,12.6,1031
flow,42,5,0.22,4948.5144,5073.5144,,,,,,,Sony Computer Entertainment,Sports,125,992,1093,90.8,12.6,1031
flow,42,6,0.248,4857.0142,4982.0142,,,,,,,Sony Computer Entertainment,Sports,125,992,1093,90.8,12.6,1031
flow,42,7,0.276,4753.2838,4878.2838,,,,,,,Sony Computer Entertainment,Sports,125,992,1093,90.8,12.6,1031
flow,42,8,0.304,4638.6821,4763.6821,,,,,,,Sony Computer Entertainment,Sports,125,992,1093,90.8,12.6,1031
flow,42,9,0.332,4514.568,4639.568,,,,,,,Sony Computer Entertainment,Sports,125,992,1093,90.8,12.6,1031
flow,42,10,0.36,4382.3004,4507.3004,,,,,,,Sony Computer Entertainment,Sports,125,992,1093,90.8,12.6,1031
flow,42,11,0.388,4243.2383,4368.2383,,,,,,,Sony Computer Entertainment,Sports,125,992,1093,90.8,12.6,1031
flow,42,12,0.416,4098.7404,4223.7404,,,,,,,Sony Computer Entertainment,Sports,125,992,1093,90.8,12.6,1031
flow,42,13,0.444,3950.1659,4075.1659,,,,,,,Sony Computer Entertainment,Sports,125,992,1093,90.8,12.6,1031
flow,42,14,0.472,3798.8735,3923.8735,,,,,,,Sony Computer Entertainment,Sports,125,992,1093,90.8,12.6,1031
flow,42,15,0.5,3646.2222,3771.2222,,,,,,,Sony Computer Entertainment,Sports,125,992,1093,90.8,12.6,1031
flow,42,16,0.528,3493.5709,3618.5709,,,,,,,Sony Computer Entertainment,Sports,125,992,1093,90.8,12.6,1031
flow,42,17,0.556,3342.2786,3467.2786,,,,,,,Sony Computer Entertainment,Sports,125,992,1093,90.8,12.6,1031
flow,42,18,0.584,3193.704,3318.704,,,,,,,Sony Computer Entertainment,Sports,125,992,1093,90.8,12.6,1031
flow,42,19,0.612,3049.2062,3174.2062,,,,,,,Sony Computer Entertainment,Sports,125,992,1093,90.8,12.6,1031
flow,42,20,0.64,2910.144,3035.144,,,,,,,Sony Computer Entertainment,Sports,125,992,1093,90.8,12.6,1031
flow,42,21,0.668,2777.8764,2902.8764,,,,,,,Sony Computer Entertainment,Sports,125,992,1093,90.8,12.6,1031
flow,42,22,0.696,2653.7623,2778.7623,,,,,,,Sony Computer Entertainment,Sports,125,992,1093,90.8,12.6,1031
flow,42,23,0.724,2539.1606,2664.1606,,,,,,,Sony Computer Entertainment,Sports,125,992,1093,90.8,12.6,1031
flow,42,24,0.752,2435.4302,2560.4302,,,,,,,Sony Computer Entertainment,Sports,125,992,1093,90.8,12.6,1031
flow,42,25,0.78,2343.93,2468.93,,,,,,,Sony Computer Entertainment,Sports,125,992,1093,90.8,12.6,1031
flow,42,26,0.808,2266.019,2391.019,,,,,,,Sony Computer Entertainment,Sports,125,992,1093,90.8,12.6,1031
flow,42,27,0.836,2203.056,2328.056,,,,,,,Sony Computer Entertainment,Sports,125,992,1093,90.8,12.6,1031
flow,42,28,0.864,2156.4,2281.4,,,,,,,Sony Computer Entertainment,Sports,125,992,1093,90.8,12.6,1031
flow,42,29,0.892,2127.4098,2252.4098,,,,,,,Sony Computer Entertainment,Sports,125,992,1093,90.8,12.6,1031
flow,42,30,0.92,2117.4444,2242.4444,,,,,,,Sony Computer Entertainment,Sports,125,992,1093,90.8,12.6,1031
flow,43,0,0.08,5300.0,5422.0,,,,,,,Sony Computer Entertainment,Action,122,992,1093,90.8,12.3,1021
flow,43,1,0.108,5292.9564,5414.9564,,,,,,,Sony Computer Entertainment,Action,122,992,1093,90.8,12.3,1021
flow,43,2,0.136,5272.4658,5394.4658,,,,,,,Sony Computer Entertainment,Action,122,992,1093,90.8,12.3,1021
flow,43,3,0.164,5239.4889,5361.4889,,,,,,,Sony Computer Entertainment,Action,122,992,1093,90.8,12.3,1021
flow,43,4,0.192,5194.986,5316.986,,,,,,,Sony Computer Entertainment,Action,122,992,1093,90.8,12.3,1021
flow,43,5,0.22,5139.9177,5261.9177,,,,,,,Sony Computer Entertainment,Action,122,992,1093,90.8,12.3,1021
flow,43,6,0.248,5075.2444,5197.2444,,,,,,,Sony Computer Entertainment,Action,122,992,1093,90.8,12.3,1021
flow,43,7,0.276,5001.9267,5123.9267,,,,,,,Sony Computer Entertainment,Action,122,992,1093,90.8,12.3,1021
flow,43,8,0.304,4920.9251,5042.9251,,,,,,,Sony Computer Entertainment,Action,122,992,1093,90.8,12.3,1021
flow,43,9,0.332,4833.2,4955.2,,,,,,,Sony Computer Entertainment,Action,122,992,1093,90.8,12.3,1021
flow,43,10,0.36,4739.7119,4861.7119,,,,,,,Sony Computer Entertainment,Action,122,992,1093,90.8,12.3,1021
flow,43,11,0.388,4641.4214,4763.4214,,,,,,,Sony Computer Entertainment,Action,122,992,1093,90.8,12.3,1021
flow,43,12,0.416,4539.2889,4661.2889,,,,,,,Sony Computer Entertainment,Action,122,992,1093,90.8,12.3,1021
flow,43,13,0.444,4434.2749,4556.2749,,,,,,,Sony Computer Entertainment,Action,122,992,1093,90.8,12.3,1021
flow,43,14,0.472,4327.3399,4449.3399,,,,,,,Sony Computer Entertainment,Action,122,992,1093,90.8,12.3,1021
flow,43,15,0.5,4219.4444,4341.4444,,,,,,,Sony Computer Entertainment,Action,122,992,1093,90.8,12.3,1021
flow,43,16,0.528,4111.549,4233.549,,,,,,,Sony Computer Entertainment,Action,122,992,1093,90.8,12.3,1021
flow,43,17,0.556,4004.614,4126.614,,,,,,,Sony Computer Entertainment,Action,122,992,1093,90.8,12.3,1021
flow,43,18,0.584,3899.6,4021.6,,,,,,,Sony Computer Entertainment,Action,122,992,1093,90.8,12.3,1021
flow,43,19,0.612,3797.4675,3919.4675,,,,,,,Sony Computer Entertainment,Action,122,992,1093,90.8,12.3,1021
flow,43,20,0.64,3699.177,3821.177,,,,,,,Sony Computer Entertainment,Action,122,992,1093,90.8,12.3,1021
flow,43,21,0.668,3605.6889,3727.6889,,,,,,,Sony Computer Entertainment,Action,122,992,1093,90.8,12.3,1021
flow,43,22,0.696,3517.9638,3639.9638,,,,,,,Sony Computer Entertainment,Action,122,992,1093,90.8,12.3,1021
flow,43,23,0.724,3436.9621,3558.9621,,,,,,,Sony Computer Entertainment,Action,122,992,1093,90.8,12.3,1021
flow,43,24,0.752,3363.6444,3485.6444,,,,,,,Sony Computer Entertainment,Action,122,992,1093,90.8,12.3,1021
flow,43,25,0.78,3298.9712,3420.9712,,,,,,,Sony Computer Entertainment,Action,122,992,1093,90.8,12.3,1021
flow,43,26,0.808,3243.9029,3365.9029,,,,,,,Sony Computer Entertainment,Action,122,992,1093,90.8,12.3,1021
flow,43,27,0.836,3199.4,3321.4,,,,,,,Sony Computer Entertainment,Action,122,992,1093,90.8,12.3,1021
flow,43,28,0.864,3166.423,3288.423,,,,,,,Sony Computer Entertainment,Action,122,992,1093,90.8,12.3,1021
flow,43,29,0.892,3145.9325,3267.9325,,,,,,,Sony Computer Entertainment,Action,122,992,1093,90.8,12.3,1021
flow,43,30,0.92,3138.8889,3260.8889,,,,,,,Sony Computer Entertainment,Action,122,992,1093,90.8,12.3,1021
flow,44,0,0.08,5422.0,5524.0,,,,,,,Sony Computer Entertainment,Shooter,102,992,1093,90.8,10.28,891
flow,44,1,0.108,5417.65,5519.65,,,,,,,Sony Computer Entertainment,Shooter,102,992,1093,90.8,10.28,891
flow,44,2,0.136,5404.9954,5506.9954,,,,,,,Sony Computer Entertainment,Shooter,102,992,1093,90.8,10.28,891
flow,44,3,0.164,5384.6293,5486.6293,,,,,,,Sony Computer Entertainment,Shooter,102,992,1093,90.8,10.28,891
flow,44,4,0.192,5357.1451,5459.1451,,,,,,,Sony Computer Entertainment,Shooter,102,992,1093,90.8,10.28,891
flow,44,5,0.22,5323.1358,5425.1358,,,,,,,Sony Computer Entertainment,Shooter,102,992,1093,90.8,10.28,891
flow,44,6,0.248,5283.1947,5385.1947,,,,,,,Sony Computer Entertainment,Shooter,102,992,1093,90.8,10.28,891
flow,44,7,0.276,5237.9149,5339.9149,,,,,,,Sony Computer Entertainment,Shooter,102,992,1093,90.8,10.28,891
flow,44,8,0.304,5187.8896,5289.8896,,,,,,,Sony Computer Entertainment,Shooter,102,992,1093,90.8,10.28,891
flow,44,9,0.332,5133.712,5235.712,,,,,,,Sony Computer Entertainment,Shooter,102,992,1093,90.8,10.28,891
flow,44,10,0.36,5075.9753,5177.9753,,,,,,,Sony Computer Entertainment,Shooter,102,992,1093,90.8,10.28,891
flow,44,11,0.388,5015.2727,5117.2727,,,,,,,Sony Computer Entertainment,Shooter,102,992,1093,90.8,10.28,891
flow,44,12,0.416,4952.1973,5054.1973,,,,,,,Sony Computer Entertainment,Shooter,102,992,1093,90.8,10.28,891
flow,44,13,0.444,4887.3424,4989.3424,,,,,,,Sony Computer Entertainment,Shooter,102,992,1093,90.8,10.28,891
flow,44,14,0.472,4821.3011,4923.3011,,,,,,,Sony Computer Entertainment,Shooter,102,992,1093,90.8,10.28,891
flow,44,15,0.5,4754.6667,4856.6667,,,,,,,Sony Computer Entertainment,Shooter,102,992,1093,90.8,10.28,891
flow,44,16,0.528,4688.0322,4790.0322,,,,,,,Sony Computer Entertainment,Shooter,102,992,1093,90.8,10.28,891
flow,44,17,0.556,4621.9909,4723.9909,,,,,,,Sony Computer Entertainment,Shooter,102,992,1093,90.8,10.28,891
flow,44,18,0.584,4557.136,4659.136,,,,,,,Sony Computer Entertainment,Shooter,102,992,1093,90.8,10.28,891
flow,44,19,0.612,4494.0606,4596.0606,,,,,,,Sony Computer Entertainment,Shooter,102,992,1093,90.8,10.28,891
flow,44,20,0.64,4433.358,4535.358,,,,,,,Sony Computer Entertainment,Shooter,102,992,1093,90.8,10.28,891
flow,44,21,0.668,4375.6213,4477.6213,,,,,,,Sony Computer Entertainment,Shooter,102,992,1093,90.8,10.28,891
flow,44,22,0.696,4321.4438,4423.4438,,,,,,,Sony Computer Entertainment,Shooter,102,992,1093,90.8,10.28,891
flow,44,23,0.724,4271.4185,4373.4185,,,,,,,Sony Computer Entertainment,Shooter,102,992,1093,90.8,10.28,891
flow,44,24,0.752,4226.1387,4328.1387,,,,,,,Sony Computer Entertainment,Shooter,102,992,1093,90.8,10.28,891
flow,44,25,0.78,4186.1975,4288.1975,,,,,,,Sony Computer Entertainment,Shooter,102,992,1093,90.8,10.28,891
flow,44,26,0.808,4152.1882,4254.1882,,,,,,,Sony Computer Entertainment,Shooter,102,992,1093,90.8,10.28,891
flow,44,27,0.836,4124.704,4226.704,,,,,,,Sony Computer Entertainment,Shooter,102,992,1093,90.8,10.28,891
flow,44,28,0.864,4104.338,4206.338,,,,,,,Sony Computer Entertainment,Shooter,102,992,1093,90.8,10.28,891
flow,44,29,0.892,4091.6834,4193.6834,,,,,,,Sony Computer Entertainment,Shooter,102,992,1093,90.8,10.28,891
flow,44,30,0.92,4087.3333,4189.3333,,,,,,,Sony Computer Entertainment,Shooter,102,992,1093,90.8,10.28,891
flow,45,0,0.08,5524.0,5608.0,,,,,,,Sony Computer Entertainment,Platform,84,992,1093,90.8,8.47,704
flow,45,1,0.108,5522.4902,5606.4902,,,,,,,Sony Computer Entertainment,Platform,84,992,1093,90.8,8.47,704
flow,45,2,0.136,5518.0982,5602.0982,,,,,,,Sony Computer Entertainment,Platform,84,992,1093,90.8,8.47,704
flow,45,3,0.164,5511.0298,5595.0298,,,,,,,Sony Computer Entertainment,Platform,84,992,1093,90.8,8.47,704
flow,45,4,0.192,5501.4908,5585.4908,,,,,,,Sony Computer Entertainment,Platform,84,992,1093,90.8,8.47,704
flow,45,5,0.22,5489.6872,5573.6872,,,,,,,Sony Computer Entertainment,Platform,84,992,1093,90.8,8.47,704
flow,45,6,0.248,5475.8249,5559.8249,,,,,,,Sony Computer Entertainment,Platform,84,992,1093,90.8,8.47,704
flow,45,7,0.276,5460.1096,5544.1096,,,,,,,Sony Computer Entertainment,Platform,84,992,1093,90.8,8.47,704
flow,45,8,0.304,5442.7474,5526.7474,,,,,,,Sony Computer Entertainment,Platform,84,992,1093,90.8,8.47,704
flow,45,9,0.332,5423.944,5507.944,,,,,,,Sony Computer Entertainment,Platform,84,992,1093,90.8,8.47,704
flow,45,10,0.36,5403.9053,5487.9053,,,,,,,Sony Computer Entertainment,Platform,84,992,1093,90.8,8.47,704
flow,45,11,0.388,5382.8373,5466.8373,,,,,,,Sony Computer Entertainment,Platform,84,992,1093,90.8,8.47,704
flow,45,12,0.416,5360.9458,5444.9458,,,,,,,Sony Computer Entertainment,Platform,84,992,1093,90.8,8.47,704
flow,45,13,0.444,5338.4366,5422.4366,,,,,,,Sony Computer Entertainment,Platform,84,992,1093,90.8,8.47,704
flow,45,14,0.472,5315.5157,5399.5157,,,,,,,Sony Computer Entertainment,Platform,84,992,1093,90.8,8.47,704
flow,45,15,0.5,5292.3889,5376.3889,,,,,,,Sony Computer Entertainment,Platform,84,992,1093,90.8,8.47,704
flow,45,16,0.528,5269.2621,5353.2621,,,,,,,Sony Computer Entertainment,Platform,84,992,1093,90.8,8.47,704
flow,45,17,0.556,5246.3412,5330.3412,,,,,,,Sony Computer Entertainment,Platform,84,992,1093,90.8,8.47,704
flow,45,18,0.584,5223.832,5307.832,,,,,,,Sony Computer Entertainment,Platform,84,992,1093,90.8,8.47,704
flow,45,19,0.612,5201.9405,5285.9405,,,,,,,Sony Computer Entertainment,Platform,84,992,1093,90.8,8.47,704
flow,45,20,0.64,5180.8724,5264.8724,,,,,,,Sony Computer Entertainment,Platform,84,992,1093,90.8,8.47,704
flow,45,21,0.668,5160.8338,5244.8338,,,,,,,Sony Computer Entertainment,Platform,84,992,1093,90.8,8.47,704
flow,45,22,0.696,5142.0304,5226.0304,,,,,,,Sony Computer Entertainment,Platform,84,992,1093,90.8,8.47,704
flow,45,23,0.724,5124.6681,5208.6681,,,,,,,Sony Computer Entertainment,Platform,84,992,1093,90.8,8.47,704
flow,45,24,0.752,5108.9529,5192.9529,,,,,,,Sony Computer Entertainment,Platform,84,992,1093,90.8,8.47,704
flow,45,25,0.78,5095.0905,5179.0905,,,,,,,Sony Computer Entertainment,Platform,84,992,1093,90.8,8.47,704
flow,45,26,0.808,5083.2869,5167.2869,,,,,,,Sony Computer Entertainment,Platform,84,992,1093,90.8,8.47,704
flow,45,27,0.836,5073.748,5157.748,,,,,,,Sony Computer Entertainment,Platform,84,992,1093,90.8,8.47,704
flow,45,28,0.864,5066.6796,5150.6796,,,,,,,Sony Computer Entertainment,Platform,84,992,1093,90.8,8.47,704
flow,45,29,0.892,5062.2875,5146.2875,,,,,,,Sony Computer Entertainment,Platform,84,992,1093,90.8,8.47,704
flow,45,30,0.92,5060.7778,5144.7778,,,,,,,Sony Computer Entertainment,Platform,84,992,1093,90.8,8.47,704
flow,46,0,0.08,5608.0,5684.0,,,,,,,Sony Computer Entertainment,Role-Playing,76,992,1093,90.8,7.66,602
flow,46,1,0.108,5608.4309,5684.4309,,,,,,,Sony Computer Entertainment,Role-Playing,76,992,1093,90.8,7.66,602
flow,46,2,0.136,5609.6846,5685.6846,,,,,,,Sony Computer Entertainment,Role-Playing,76,992,1093,90.8,7.66,602
flow,46,3,0.164,5611.7022,5687.7022,,,,,,,Sony Computer Entertainment,Role-Playing,76,992,1093,90.8,7.66,602
flow,46,4,0.192,5614.425,5690.425,,,,,,,Sony Computer Entertainment,Role-Playing,76,992,1093,90.8,7.66,602
flow,46,5,0.22,5617.7942,5693.7942,,,,,,,Sony Computer Entertainment,Role-Playing,76,992,1093,90.8,7.66,602
flow,46,6,0.248,5621.7511,5697.7511,,,,,,,Sony Computer Entertainment,Role-Playing,76,992,1093,90.8,7.66,602
flow,46,7,0.276,5626.2369,5702.2369,,,,,,,Sony Computer Entertainment,Role-Playing,76,992,1093,90.8,7.66,602
flow,46,8,0.304,5631.1928,5707.1928,,,,,,,Sony Computer Entertainment,Role-Playing,76,992,1093,90.8,7.66,602
flow,46,9,0.332,5636.56,5712.56,,,,,,,Sony Computer Entertainment,Role-Playing,76,992,1093,90.8,7.66,602
flow,46,10,0.36,5642.2798,5718.2798,,,,,,,Sony Computer Entertainment,Role-Playing,76,992,1093,90.8,7.66,602
flow,46,11,0.388,5648.2935,5724.2935,,,,,,,Sony Computer Entertainment,Role-Playing,76,992,1093,90.8,7.66,602
flow,46,12,0.416,5654.5422,5730.5422,,,,,,,Sony Computer Entertainment,Role-Playing,76,992,1093,90.8,7.66,602
flow,46,13,0.444,5660.9672,5736.9672,,,,,,,Sony Computer Entertainment,Role-Playing,76,992,1093,90.8,7.66,602
flow,46,14,0.472,5667.5098,5743.5098,,,,,,,Sony Computer Entertainment,Role-Playing,76,992,1093,90.8,7.66,602
flow,46,15,0.5,5674.1111,5750.1111,,,,,,,Sony Computer Entertainment,Role-Playing,76,992,1093,90.8,7.66,602
flow,46,16,0.528,5680.7124,5756.7124,,,,,,,Sony Computer Entertainment,Role-Playing,76,992,1093,90.8,7.66,602
flow,46,17,0.556,5687.255,5763.255,,,,,,,Sony Computer Entertainment,Role-Playing,76,992,1093,90.8,7.66,602
flow,46,18,0.584,5693.68,5769.68,,,,,,,Sony Computer Entertainment,Role-Playing,76,992,1093,90.8,7.66,602
flow,46,19,0.612,5699.9287,5775.9287,,,,,,,Sony Computer Entertainment,Role-Playing,76,992,1093,90.8,7.66,602
flow,46,20,0.64,5705.9424,5781.9424,,,,,,,Sony Computer Entertainment,Role-Playing,76,992,1093,90.8,7.66,602
flow,46,21,0.668,5711.6622,5787.6622,,,,,,,Sony Computer Entertainment,Role-Playing,76,992,1093,90.8,7.66,602
flow,46,22,0.696,5717.0295,5793.0295,,,,,,,Sony Computer Entertainment,Role-Playing,76,992,1093,90.8,7.66,602
flow,46,23,0.724,5721.9853,5797.9853,,,,,,,Sony Computer Entertainment,Role-Playing,76,992,1093,90.8,7.66,602
flow,46,24,0.752,5726.4711,5802.4711,,,,,,,Sony Computer Entertainment,Role-Playing,76,992,1093,90.8,7.66,602
flow,46,25,0.78,5730.428,5806.428,,,,,,,Sony Computer Entertainment,Role-Playing,76,992,1093,90.8,7.66,602
flow,46,26,0.808,5733.7972,5809.7972,,,,,,,Sony Computer Entertainment,Role-Playing,76,992,1093,90.8,7.66,602
flow,46,27,0.836,5736.52,5812.52,,,,,,,Sony Computer Entertainment,Role-Playing,76,992,1093,90.8,7.66,602
flow,46,28,0.864,5738.5376,5814.5376,,,,,,,Sony Computer Entertainment,Role-Playing,76,992,1093,90.8,7.66,602
flow,46,29,0.892,5739.7913,5815.7913,,,,,,,Sony Computer Entertainment,Role-Playing,76,992,1093,90.8,7.66,602
flow,46,30,0.92,5740.2222,5816.2222,,,,,,,Sony Computer Entertainment,Role-Playing,76,992,1093,90.8,7.66,602
flow,47,0,0.08,5684.0,5712.0,,,,,,,Sony Computer Entertainment,Simulation,28,992,1093,90.8,2.82,590
flow,47,1,0.108,5685.8241,5713.8241,,,,,,,Sony Computer Entertainment,Simulation,28,992,1093,90.8,2.82,590
flow,47,2,0.136,5691.1306,5719.1306,,,,,,,Sony Computer Entertainment,Simulation,28,992,1093,90.8,2.82,590
flow,47,3,0.164,5699.6707,5727.6707,,,,,,,Sony Computer Entertainment,Simulation,28,992,1093,90.8,2.82,590
flow,47,4,0.192,5711.1957,5739.1957,,,,,,,Sony Computer Entertainment,Simulation,28,992,1093,90.8,2.82,590
flow,47,5,0.22,5725.4568,5753.4568,,,,,,,Sony Computer Entertainment,Simulation,28,992,1093,90.8,2.82,590
flow,47,6,0.248,5742.2053,5770.2053,,,,,,,Sony Computer Entertainment,Simulation,28,992,1093,90.8,2.82,590
flow,47,7,0.276,5761.1925,5789.1925,,,,,,,Sony Computer Entertainment,Simulation,28,992,1093,90.8,2.82,590
flow,47,8,0.304,5782.1697,5810.1697,,,,,,,Sony Computer Entertainment,Simulation,28,992,1093,90.8,2.82,590
flow,47,9,0.332,5804.888,5832.888,,,,,,,Sony Computer Entertainment,Simulation,28,992,1093,90.8,2.82,590
flow,47,10,0.36,5829.0988,5857.0988,,,,,,,Sony Computer Entertainment,Simulation,28,992,1093,90.8,2.82,590
flow,47,11,0.388,5854.5532,5882.5532,,,,,,,Sony Computer Entertainment,Simulation,28,992,1093,90.8,2.82,590
flow,47,12,0.416,5881.0027,5909.0027,,,,,,,Sony Computer Entertainment,Simulation,28,992,1093,90.8,2.82,590
flow,47,13,0.444,5908.1983,5936.1983,,,,,,,Sony Computer Entertainment,Simulation,28,992,1093,90.8,2.82,590
flow,47,14,0.472,5935.8915,5963.8915,,,,,,,Sony Computer Entertainment,Simulation,28,992,1093,90.8,2.82,590
flow,47,15,0.5,5963.8333,5991.8333,,,,,,,Sony Computer Entertainment,Simulation,28,992,1093,90.8,2.82,590
flow,47,16,0.528,5991.7752,6019.7752,,,,,,,Sony Computer Entertainment,Simulation,28,992,1093,90.8,2.82,590
flow,47,17,0.556,6019.4683,6047.4683,,,,,,,Sony Computer Entertainment,Simulation,28,992,1093,90.8,2.82,590
flow,47,18,0.584,6046.664,6074.664,,,,,,,Sony Computer Entertainment,Simulation,28,992,1093,90.8,2.82,590
flow,47,19,0.612,6073.1134,6101.1134,,,,,,,Sony Computer Entertainment,Simulation,28,992,1093,90.8,2.82,590
flow,47,20,0.64,6098.5679,6126.5679,,,,,,,Sony Computer Entertainment,Simulation,28,992,1093,90.8,2.82,590
flow,47,21,0.668,6122.7787,6150.7787,,,,,,,Sony Computer Entertainment,Simulation,28,992,1093,90.8,2.82,590
flow,47,22,0.696,6145.497,6173.497,,,,,,,Sony Computer Entertainment,Simulation,28,992,1093,90.8,2.82,590
flow,47,23,0.724,6166.4741,6194.4741,,,,,,,Sony Computer Entertainment,Simulation,28,992,1093,90.8,2.82,590
flow,47,24,0.752,6185.4613,6213.4613,,,,,,,Sony Computer Entertainment,Simulation,28,992,1093,90.8,2.82,590
flow,47,25,0.78,6202.2099,6230.2099,,,,,,,Sony Computer Entertainment,Simulation,28,992,1093,90.8,2.82,590
flow,47,26,0.808,6216.471,6244.471,,,,,,,Sony Computer Entertainment,Simulation,28,992,1093,90.8,2.82,590
flow,47,27,0.836,6227.996,6255.996,,,,,,,Sony Computer Entertainment,Simulation,28,992,1093,90.8,2.82,590
flow,47,28,0.864,6236.5361,6264.5361,,,,,,,Sony Computer Entertainment,Simulation,28,992,1093,90.8,2.82,590
flow,47,29,0.892,6241.8426,6269.8426,,,,,,,Sony Computer Entertainment,Simulation,28,992,1093,90.8,2.82,590
flow,47,30,0.92,6243.6667,6271.6667,,,,,,,Sony Computer Entertainment,Simulation,28,992,1093,90.8,2.82,590
flow,48,0,0.08,5712.0,5772.0,,,,,,,Sony Computer Entertainment,Puzzle,60,992,1093,90.8,6.05,566
flow,48,1,0.108,5716.4069,5776.4069,,,,,,,Sony Computer Entertainment,Puzzle,60,992,1093,90.8,6.05,566
flow,48,2,0.136,5729.2269,5789.2269,,,,,,,Sony Computer Entertainment,Puzzle,60,992,1093,90.8,6.05,566
flow,48,3,0.164,5749.8591,5809.8591,,,,,,,Sony Computer Entertainment,Puzzle,60,992,1093,90.8,6.05,566
flow,48,4,0.192,5777.7026,5837.7026,,,,,,,Sony Computer Entertainment,Puzzle,60,992,1093,90.8,6.05,566
flow,48,5,0.22,5812.1564,5872.1564,,,,,,,Sony Computer Entertainment,Puzzle,60,992,1093,90.8,6.05,566
flow,48,6,0.248,5852.6196,5912.6196,,,,,,,Sony Computer Entertainment,Puzzle,60,992,1093,90.8,6.05,566
flow,48,7,0.276,5898.4912,5958.4912,,,,,,,Sony Computer Entertainment,Puzzle,60,992,1093,90.8,6.05,566
flow,48,8,0.304,5949.1703,6009.1703,,,,,,,Sony Computer Entertainment,Puzzle,60,992,1093,90.8,6.05,566
flow,48,9,0.332,6004.056,6064.056,,,,,,,Sony Computer Entertainment,Puzzle,60,992,1093,90.8,6.05,566
flow,48,10,0.36,6062.5473,6122.5473,,,,,,,Sony Computer Entertainment,Puzzle,60,992,1093,90.8,6.05,566
flow,48,11,0.388,6124.0433,6184.0433,,,,,,,Sony Computer Entertainment,Puzzle,60,992,1093,90.8,6.05,566
flow,48,12,0.416,6187.9431,6247.9431,,,,,,,Sony Computer Entertainment,Puzzle,60,992,1093,90.8,6.05,566
flow,48,13,0.444,6253.6457,6313.6457,,,,,,,Sony Computer Entertainment,Puzzle,60,992,1093,90.8,6.05,566
flow,48,14,0.472,6320.5502,6380.5502,,,,,,,Sony Computer Entertainment,Puzzle,60,992,1093,90.8,6.05,566
flow,48,15,0.5,6388.0556,6448.0556,,,,,,,Sony Computer Entertainment,Puzzle,60,992,1093,90.8,6.05,566
flow,48,16,0.528,6455.561,6515.561,,,,,,,Sony Computer Entertainment,Puzzle,60,992,1093,90.8,6.05,566
flow,48,17,0.556,6522.4654,6582.4654,,,,,,,Sony Computer Entertainment,Puzzle,60,992,1093,90.8,6.05,566
flow,48,18,0.584,6588.168,6648.168,,,,,,,Sony Computer Entertainment,Puzzle,60,992,1093,90.8,6.05,566
flow,48,19,0.612,6652.0678,6712.0678,,,,,,,Sony Computer Entertainment,Puzzle,60,992,1093,90.8,6.05,566
flow,48,20,0.64,6713.5638,6773.5638,,,,,,,Sony Computer Entertainment,Puzzle,60,992,1093,90.8,6.05,566
flow,48,21,0.668,6772.0551,6832.0551,,,,,,,Sony Computer Entertainment,Puzzle,60,992,1093,90.8,6.05,566
flow,48,22,0.696,6826.9408,6886.9408,,,,,,,Sony Computer Entertainment,Puzzle,60,992,1093,90.8,6.05,566
flow,48,23,0.724,6877.6199,6937.6199,,,,,,,Sony Computer Entertainment,Puzzle,60,992,1093,90.8,6.05,566
flow,48,24,0.752,6923.4916,6983.4916,,,,,,,Sony Computer Entertainment,Puzzle,60,992,1093,90.8,6.05,566
flow,48,25,0.78,6963.9547,7023.9547,,,,,,,Sony Computer Entertainment,Puzzle,60,992,1093,90.8,6.05,566
flow,48,26,0.808,6998.4085,7058.4085,,,,,,,Sony Computer Entertainment,Puzzle,60,992,1093,90.8,6.05,566
flow,48,27,0.836,7026.252,7086.252,,,,,,,Sony Computer Entertainment,Puzzle,60,992,1093,90.8,6.05,566
flow,48,28,0.864,7046.8842,7106.8842,,,,,,,Sony Computer Entertainment,Puzzle,60,992,1093,90.8,6.05,566
flow,48,29,0.892,7059.7042,7119.7042,,,,,,,Sony Computer Entertainment,Puzzle,60,992,1093,90.8,6.05,566
flow,48,30,0.92,7064.1111,7124.1111,,,,,,,Sony Computer Entertainment,Puzzle,60,992,1093,90.8,6.05,566
flow,49,0,0.08,5772.0,5873.0,,,,,,,Sony Computer Entertainment,Racing,101,992,1093,90.8,10.18,499
flow,49,1,0.108,5777.5197,5878.5197,,,,,,,Sony Computer Entertainment,Racing,101,992,1093,90.8,10.18,499
flow,49,2,0.136,5793.5772,5894.5772,,,,,,,Sony Computer Entertainment,Racing,101,992,1093,90.8,10.18,499
flow,49,3,0.164,5819.4196,5920.4196,,,,,,,Sony Computer Entertainment,Racing,101,992,1093,90.8,10.18,499
flow,49,4,0.192,5854.2943,5955.2943,,,,,,,Sony Computer Entertainment,Racing,101,992,1093,90.8,10.18,499
flow,49,5,0.22,5897.4486,5998.4486,,,,,,,Sony Computer Entertainment,Racing,101,992,1093,90.8,10.18,499
flow,49,6,0.248,5948.1298,6049.1298,,,,,,,Sony Computer Entertainment,Racing,101,992,1093,90.8,10.18,499
flow,49,7,0.276,6005.5852,6106.5852,,,,,,,Sony Computer Entertainment,Racing,101,992,1093,90.8,10.18,499
flow,49,8,0.304,6069.0622,6170.0622,,,,,,,Sony Computer Entertainment,Racing,101,992,1093,90.8,10.18,499
flow,49,9,0.332,6137.808,6238.808,,,,,,,Sony Computer Entertainment,Racing,101,992,1093,90.8,10.18,499
flow,49,10,0.36,6211.07,6312.07,,,,,,,Sony Computer Entertainment,Racing,101,992,1093,90.8,10.18,499
flow,49,11,0.388,6288.0954,6389.0954,,,,,,,Sony Computer Entertainment,Racing,101,992,1093,90.8,10.18,499
flow,49,12,0.416,6368.1316,6469.1316,,,,,,,Sony Computer Entertainment,Racing,101,992,1093,90.8,10.18,499
flow,49,13,0.444,6450.4258,6551.4258,,,,,,,Sony Computer Entertainment,Racing,101,992,1093,90.8,10.18,499
flow,49,14,0.472,6534.2254,6635.2254,,,,,,,Sony Computer Entertainment,Racing,101,992,1093,90.8,10.18,499
flow,49,15,0.5,6618.7778,6719.7778,,,,,,,Sony Computer Entertainment,Racing,101,992,1093,90.8,10.18,499
flow,49,16,0.528,6703.3301,6804.3301,,,,,,,Sony Computer Entertainment,Racing,101,992,1093,90.8,10.18,499
flow,49,17,0.556,6787.1297,6888.1297,,,,,,,Sony Computer Entertainment,Racing,101,992,1093,90.8,10.18,499
flow,49,18,0.584,6869.424,6970.424,,,,,,,Sony Computer Entertainment,Racing,101,992,1093,90.8,10.18,499
flow,49,19,0.612,6949.4602,7050.4602,,,,,,,Sony Computer Entertainment,Racing,101,992,1093,90.8,10.18,499
flow,49,20,0.64,7026.4856,7127.4856,,,,,,,Sony Computer Entertainment,Racing,101,992,1093,90.8,10.18,499
flow,49,21,0.668,7099.7476,7200.7476,,,,,,,Sony Computer Entertainment,Racing,101,992,1093,90.8,10.18,499
flow,49,22,0.696,7168.4934,7269.4934,,,,,,,Sony Computer Entertainment,Racing,101,992,1093,90.8,10.18,499
flow,49,23,0.724,7231.9703,7332.9703,,,,,,,Sony Computer Entertainment,Racing,101,992,1093,90.8,10.18,499
flow,49,24,0.752,7289.4258,7390.4258,,,,,,,Sony Computer Entertainment,Racing,101,992,1093,90.8,10.18,499
flow,49,25,0.78,7340.107,7441.107,,,,,,,Sony Computer Entertainment,Racing,101,992,1093,90.8,10.18,499
flow,49,26,0.808,7383.2613,7484.2613,,,,,,,Sony Computer Entertainment,Racing,101,992,1093,90.8,10.18,499
flow,49,27,0.836,7418.136,7519.136,,,,,,,Sony Computer Entertainment,Racing,101,992,1093,90.8,10.18,499
flow,49,28,0.864,7443.9784,7544.9784,,,,,,,Sony Computer Entertainment,Racing,101,992,1093,90.8,10.18,499
flow,49,29,0.892,7460.0358,7561.0358,,,,,,,Sony Computer Entertainment,Racing,101,992,1093,90.8,10.18,499
flow,49,30,0.92,7465.5556,7566.5556,,,,,,,Sony Computer Entertainment,Racing,101,992,1093,90.8,10.18,499
flow,50,0,0.08,5873.0,5941.0,,,,,,,Sony Computer Entertainment,Adventure,68,992,1093,90.8,6.85,476
flow,50,1,0.108,5880.1932,5948.1932,,,,,,,Sony Computer Entertainment,Adventure,68,992,1093,90.8,6.85,476
flow,50,2,0.136,5901.1188,5969.1188,,,,,,,Sony Computer Entertainment,Adventure,68,992,1093,90.8,6.85,476
flow,50,3,0.164,5934.796,6002.796,,,,,,,Sony Computer Entertainment,Adventure,68,992,1093,90.8,6.85,476
flow,50,4,0.192,5980.2439,6048.2439,,,,,,,Sony Computer Entertainment,Adventure,68,992,1093,90.8,6.85,476
flow,50,5,0.22,6036.4815,6104.4815,,,,,,,Sony Computer Entertainment,Adventure,68,992,1093,90.8,6.85,476
flow,50,6,0.248,6102.528,6170.528,,,,,,,Sony Computer Entertainment,Adventure,68,992,1093,90.8,6.85,476
flow,50,7,0.276,6177.4025,6245.4025,,,,,,,Sony Computer Entertainment,Adventure,68,992,1093,90.8,6.85,476
flow,50,8,0.304,6260.1241,6328.1241,,,,,,,Sony Computer Entertainment,Adventure,68,992,1093,90.8,6.85,476
flow,50,9,0.332,6349.712,6417.712,,,,,,,Sony Computer Entertainment,Adventure,68,992,1093,90.8,6.85,476
flow,50,10,0.36,6445.1852,6513.1852,,,,,,,Sony Computer Entertainment,Adventure,68,992,1093,90.8,6.85,476
flow,50,11,0.388,6545.5628,6613.5628,,,,,,,Sony Computer Entertainment,Adventure,68,992,1093,90.8,6.85,476
flow,50,12,0.416,6649.864,6717.864,,,,,,,Sony Computer Entertainment,Adventure,68,992,1093,90.8,6.85,476
flow,50,13,0.444,6757.1079,6825.1079,,,,,,,Sony Computer Entertainment,Adventure,68,992,1093,90.8,6.85,476
flow,50,14,0.472,6866.3135,6934.3135,,,,,,,Sony Computer Entertainment,Adventure,68,992,1093,90.8,6.85,476
flow,50,15,0.5,6976.5,7044.5,,,,,,,Sony Computer Entertainment,Adventure,68,992,1093,90.8,6.85,476
flow,50,16,0.528,7086.6865,7154.6865,,,,,,,Sony Computer Entertainment,Adventure,68,992,1093,90.8,6.85,476
flow,50,17,0.556,7195.8921,7263.8921,,,,,,,Sony Computer Entertainment,Adventure,68,992,1093,90.8,6.85,476
flow,50,18,0.584,7303.136,7371.136,,,,,,,Sony Computer Entertainment,Adventure,68,992,1093,90.8,6.85,476
flow,50,19,0.612,7407.4372,7475.4372,,,,,,,Sony Computer Entertainment,Adventure,68,992,1093,90.8,6.85,476
flow,50,20,0.64,7507.8148,7575.8148,,,,,,,Sony Computer Entertainment,Adventure,68,992,1093,90.8,6.85,476
flow,50,21,0.668,7603.288,7671.288,,,,,,,Sony Computer Entertainment,Adventure,68,992,1093,90.8,6.85,476
flow,50,22,0.696,7692.8759,7760.8759,,,,,,,Sony Computer Entertainment,Adventure,68,992,1093,90.8,6.85,476
flow,50,23,0.724,7775.5975,7843.5975,,,,,,,Sony Computer Entertainment,Adventure,68,992,1093,90.8,6.85,476
flow,50,24,0.752,7850.472,7918.472,,,,,,,Sony Computer Entertainment,Adventure,68,992,1093,90.8,6.85,476
flow,50,25,0.78,7916.5185,7984.5185,,,,,,,Sony Computer Entertainment,Adventure,68,992,1093,90.8,6.85,476
flow,50,26,0.808,7972.7561,8040.7561,,,,,,,Sony Computer Entertainment,Adventure,68,992,1093,90.8,6.85,476
flow,50,27,0.836,8018.204,8086.204,,,,,,,Sony Computer Entertainment,Adventure,68,992,1093,90.8,6.85,476
flow,50,28,0.864,8051.8812,8119.8812,,,,,,,Sony Computer Entertainment,Adventure,68,992,1093,90.8,6.85,476
flow,50,29,0.892,8072.8068,8140.8068,,,,,,,Sony Computer Entertainment,Adventure,68,992,1093,90.8,6.85,476
flow,50,30,0.92,8080.0,8148.0,,,,,,,Sony Computer Entertainment,Adventure,68,992,1093,90.8,6.85,476
flow,51,0,0.08,6011.0,6152.0,,,,,,,Ubisoft,Misc,141,754,862,87.5,18.7,1412
flow,51,1,0.108,5995.0753,6136.0753,,,,,,,Ubisoft,Misc,141,754,862,87.5,18.7,1412
flow,51,2,0.136,5948.7487,6089.7487,,,,,,,Ubisoft,Misc,141,754,862,87.5,18.7,1412
flow,51,3,0.164,5874.192,6015.192,,,,,,,Ubisoft,Misc,141,754,862,87.5,18.7,1412
flow,51,4,0.192,5773.5766,5914.5766,,,,,,,Ubisoft,Misc,141,754,862,87.5,18.7,1412
flow,51,5,0.22,5649.0741,5790.0741,,,,,,,Ubisoft,Misc,141,754,862,87.5,18.7,1412
flow,51,6,0.248,5502.856,5643.856,,,,,,,Ubisoft,Misc,141,754,862,87.5,18.7,1412
flow,51,7,0.276,5337.0939,5478.0939,,,,,,,Ubisoft,Misc,141,754,862,87.5,18.7,1412
flow,51,8,0.304,5153.9594,5294.9594,,,,,,,Ubisoft,Misc,141,754,862,87.5,18.7,1412
flow,51,9,0.332,4955.624,5096.624,,,,,,,Ubisoft,Misc,141,754,862,87.5,18.7,1412
flow,51,10,0.36,4744.2593,4885.2593,,,,,,,Ubisoft,Misc,141,754,862,87.5,18.7,1412
flow,51,11,0.388,4522.0367,4663.0367,,,,,,,Ubisoft,Misc,141,754,862,87.5,18.7,1412
flow,51,12,0.416,4291.128,4432.128,,,,,,,Ubisoft,Misc,141,754,862,87.5,18.7,1412
flow,51,13,0.444,4053.7046,4194.7046,,,,,,,Ubisoft,Misc,141,754,862,87.5,18.7,1412
flow,51,14,0.472,3811.9381,3952.9381,,,,,,,Ubisoft,Misc,141,754,862,87.5,18.7,1412
flow,51,15,0.5,3568.0,3709.0,,,,,,,Ubisoft,Misc,141,754,862,87.5,18.7,1412
flow,51,16,0.528,3324.0619,3465.0619,,,,,,,Ubisoft,Misc,141,754,862,87.5,18.7,1412
flow,51,17,0.556,3082.2954,3223.2954,,,,,,,Ubisoft,Misc,141,754,862,87.5,18.7,1412
flow,51,18,0.584,2844.872,2985.872,,,,,,,Ubisoft,Misc,141,754,862,87.5,18.7,1412
flow,51,19,0.612,2613.9633,2754.9633,,,,,,,Ubisoft,Misc,141,754,862,87.5,18.7,1412
flow,51,20,0.64,2391.7407,2532.7407,,,,,,,Ubisoft,Misc,141,754,862,87.5,18.7,1412
flow,51,21,0.668,2180.376,2321.376,,,,,,,Ubisoft,Misc,141,754,862,87.5,18.7,1412
flow,51,22,0.696,1982.0406,2123.0406,,,,,,,Ubisoft,Misc,141,754,862,87.5,18.7,1412
flow,51,23,0.724,1798.9061,1939.9061,,,,,,,Ubisoft,Misc,141,754,862,87.5,18.7,1412
flow,51,24,0.752,1633.144,1774.144,,,,,,,Ubisoft,Misc,141,754,862,87.5,18.7,1412
flow,51,25,0.78,1486.9259,1627.9259,,,,,,,Ubisoft,Misc,141,754,862,87.5,18.7,1412
flow,51,26,0.808,1362.4234,1503.4234,,,,,,,Ubisoft,Misc,141,754,862,87.5,18.7,1412
flow,51,27,0.836,1261.808,1402.808,,,,,,,Ubisoft,Misc,141,754,862,87.5,18.7,1412
flow,51,28,0.864,1187.2513,1328.2513,,,,,,,Ubisoft,Misc,141,754,862,87.5,18.7,1412
flow,51,29,0.892,1140.9247,1281.9247,,,,,,,Ubisoft,Misc,141,754,862,87.5,18.7,1412
flow,51,30,0.92,1125.0,1266.0,,,,,,,Ubisoft,Misc,141,754,862,87.5,18.7,1412
flow,52,0,0.08,6152.0,6219.0,,,,,,,Ubisoft,Sports,67,754,862,87.5,8.89,1031
flow,52,1,0.108,6139.2577,6206.2577,,,,,,,Ubisoft,Sports,67,754,862,87.5,8.89,1031
flow,52,2,0.136,6102.1894,6169.1894,,,,,,,Ubisoft,Sports,67,754,862,87.5,8.89,1031
flow,52,3,0.164,6042.5324,6109.5324,,,,,,,Ubisoft,Sports,67,754,862,87.5,8.89,1031
flow,52,4,0.192,5962.0246,6029.0246,,,,,,,Ubisoft,Sports,67,754,862,87.5,8.89,1031
flow,52,5,0.22,5862.4033,5929.4033,,,,,,,Ubisoft,Sports,67,754,862,87.5,8.89,1031
flow,52,6,0.248,5745.4062,5812.4062,,,,,,,Ubisoft,Sports,67,754,862,87.5,8.89,1031
flow,52,7,0.276,5612.7709,5679.7709,,,,,,,Ubisoft,Sports,67,754,862,87.5,8.89,1031
flow,52,8,0.304,5466.235,5533.235,,,,,,,Ubisoft,Sports,67,754,862,87.5,8.89,1031
flow,52,9,0.332,5307.536,5374.536,,,,,,,Ubisoft,Sports,67,754,862,87.5,8.89,1031
flow,52,10,0.36,5138.4115,5205.4115,,,,,,,Ubisoft,Sports,67,754,862,87.5,8.89,1031
flow,52,11,0.388,4960.5991,5027.5991,,,,,,,Ubisoft,Sports,67,754,862,87.5,8.89,1031
flow,52,12,0.416,4775.8364,4842.8364,,,,,,,Ubisoft,Sports,67,754,862,87.5,8.89,1031
flow,52,13,0.444,4585.861,4652.861,,,,,,,Ubisoft,Sports,67,754,862,87.5,8.89,1031
flow,52,14,0.472,4392.4104,4459.4104,,,,,,,Ubisoft,Sports,67,754,862,87.5,8.89,1031
flow,52,15,0.5,4197.2222,4264.2222,,,,,,,Ubisoft,Sports,67,754,862,87.5,8.89,1031
flow,52,16,0.528,4002.034,4069.034,,,,,,,Ubisoft,Sports,67,754,862,87.5,8.89,1031
flow,52,17,0.556,3808.5834,3875.5834,,,,,,,Ubisoft,Sports,67,754,862,87.5,8.89,1031
flow,52,18,0.584,3618.608,3685.608,,,,,,,Ubisoft,Sports,67,754,862,87.5,8.89,1031
flow,52,19,0.612,3433.8453,3500.8453,,,,,,,Ubisoft,Sports,67,754,862,87.5,8.89,1031
flow,52,20,0.64,3256.0329,3323.0329,,,,,,,Ubisoft,Sports,67,754,862,87.5,8.89,1031
flow,52,21,0.668,3086.9084,3153.9084,,,,,,,Ubisoft,Sports,67,754,862,87.5,8.89,1031
flow,52,22,0.696,2928.2094,2995.2094,,,,,,,Ubisoft,Sports,67,754,862,87.5,8.89,1031
flow,52,23,0.724,2781.6735,2848.6735,,,,,,,Ubisoft,Sports,67,754,862,87.5,8.89,1031
flow,52,24,0.752,2649.0382,2716.0382,,,,,,,Ubisoft,Sports,67,754,862,87.5,8.89,1031
flow,52,25,0.78,2532.0412,2599.0412,,,,,,,Ubisoft,Sports,67,754,862,87.5,8.89,1031
flow,52,26,0.808,2432.4199,2499.4199,,,,,,,Ubisoft,Sports,67,754,862,87.5,8.89,1031
flow,52,27,0.836,2351.912,2418.912,,,,,,,Ubisoft,Sports,67,754,862,87.5,8.89,1031
flow,52,28,0.864,2292.2551,2359.2551,,,,,,,Ubisoft,Sports,67,754,862,87.5,8.89,1031
flow,52,29,0.892,2255.1867,2322.1867,,,,,,,Ubisoft,Sports,67,754,862,87.5,8.89,1031
flow,52,30,0.92,2242.4444,2309.4444,,,,,,,Ubisoft,Sports,67,754,862,87.5,8.89,1031
flow,53,0,0.08,6219.0,6325.0,,,,,,,Ubisoft,Action,106,754,862,87.5,14.06,1021
flow,53,1,0.108,6209.3587,6315.3587,,,,,,,Ubisoft,Action,106,754,862,87.5,14.06,1021
flow,53,2,0.136,6181.3115,6287.3115,,,,,,,Ubisoft,Action,106,754,862,87.5,14.06,1021
flow,53,3,0.164,6136.1729,6242.1729,,,,,,,Ubisoft,Action,106,754,862,87.5,14.06,1021
flow,53,4,0.192,6075.2577,6181.2577,,,,,,,Ubisoft,Action,106,754,862,87.5,14.06,1021
flow,53,5,0.22,5999.8807,6105.8807,,,,,,,Ubisoft,Action,106,754,862,87.5,14.06,1021
flow,53,6,0.248,5911.3564,6017.3564,,,,,,,Ubisoft,Action,106,754,862,87.5,14.06,1021
flow,53,7,0.276,5810.9998,5916.9998,,,,,,,Ubisoft,Action,106,754,862,87.5,14.06,1021
flow,53,8,0.304,5700.1254,5806.1254,,,,,,,Ubisoft,Action,106,754,862,87.5,14.06,1021
flow,53,9,0.332,5580.048,5686.048,,,,,,,Ubisoft,Action,106,754,862,87.5,14.06,1021
flow,53,10,0.36,5452.0823,5558.0823,,,,,,,Ubisoft,Action,106,754,862,87.5,14.06,1021
flow,53,11,0.388,5317.543,5423.543,,,,,,,Ubisoft,Action,106,754,862,87.5,14.06,1021
flow,53,12,0.416,5177.7449,5283.7449,,,,,,,Ubisoft,Action,106,754,862,87.5,14.06,1021
flow,53,13,0.444,5034.0026,5140.0026,,,,,,,Ubisoft,Action,106,754,862,87.5,14.06,1021
flow,53,14,0.472,4887.6309,4993.6309,,,,,,,Ubisoft,Action,106,754,862,87.5,14.06,1021
flow,53,15,0.5,4739.9444,4845.9444,,,,,,,Ubisoft,Action,106,754,862,87.5,14.06,1021
flow,53,16,0.528,4592.258,4698.258,,,,,,,Ubisoft,Action,106,754,862,87.5,14.06,1021
flow,53,17,0.556,4445.8863,4551.8863,,,,,,,Ubisoft,Action,106,754,862,87.5,14.06,1021
flow,53,18,0.584,4302.144,4408.144,,,,,,,Ubisoft,Action,106,754,862,87.5,14.06,1021
flow,53,19,0.612,4162.3459,4268.3459,,,,,,,Ubisoft,Action,106,754,862,87.5,14.06,1021
flow,53,20,0.64,4027.8066,4133.8066,,,,,,,Ubisoft,Action,106,754,862,87.5,14.06,1021
flow,53,21,0.668,3899.8409,4005.8409,,,,,,,Ubisoft,Action,106,754,862,87.5,14.06,1021
flow,53,22,0.696,3779.7635,3885.7635,,,,,,,Ubisoft,Action,106,754,862,87.5,14.06,1021
flow,53,23,0.724,3668.8891,3774.8891,,,,,,,Ubisoft,Action,106,754,862,87.5,14.06,1021
flow,53,24,0.752,3568.5324,3674.5324,,,,,,,Ubisoft,Action,106,754,862,87.5,14.06,1021
flow,53,25,0.78,3480.0082,3586.0082,,,,,,,Ubisoft,Action,106,754,862,87.5,14.06,1021
flow,53,26,0.808,3404.6312,3510.6312,,,,,,,Ubisoft,Action,106,754,862,87.5,14.06,1021
flow,53,27,0.836,3343.716,3449.716,,,,,,,Ubisoft,Action,106,754,862,87.5,14.06,1021
flow,53,28,0.864,3298.5774,3404.5774,,,,,,,Ubisoft,Action,106,754,862,87.5,14.06,1021
flow,53,29,0.892,3270.5301,3376.5301,,,,,,,Ubisoft,Action,106,754,862,87.5,14.06,1021
flow,53,30,0.92,3260.8889,3366.8889,,,,,,,Ubisoft,Action,106,754,862,87.5,14.06,1021
flow,54,0,0.08,6325.0,6407.0,,,,,,,Ubisoft,Shooter,82,754,862,87.5,10.88,891
flow,54,1,0.108,6318.0393,6400.0393,,,,,,,Ubisoft,Shooter,82,754,862,87.5,10.88,891
flow,54,2,0.136,6297.79,6379.79,,,,,,,Ubisoft,Shooter,82,754,862,87.5,10.88,891
flow,54,3,0.164,6265.2013,6347.2013,,,,,,,Ubisoft,Shooter,82,754,862,87.5,10.88,891
flow,54,4,0.192,6221.2224,6303.2224,,,,,,,Ubisoft,Shooter,82,754,862,87.5,10.88,891
flow,54,5,0.22,6166.8025,6248.8025,,,,,,,Ubisoft,Shooter,82,754,862,87.5,10.88,891
flow,54,6,0.248,6102.8907,6184.8907,,,,,,,Ubisoft,Shooter,82,754,862,87.5,10.88,891
flow,54,7,0.276,6030.4362,6112.4362,,,,,,,Ubisoft,Shooter,82,754,862,87.5,10.88,891
flow,54,8,0.304,5950.3882,6032.3882,,,,,,,Ubisoft,Shooter,82,754,862,87.5,10.88,891
flow,54,9,0.332,5863.696,5945.696,,,,,,,Ubisoft,Shooter,82,754,862,87.5,10.88,891
flow,54,10,0.36,5771.3086,5853.3086,,,,,,,Ubisoft,Shooter,82,754,862,87.5,10.88,891
flow,54,11,0.388,5674.1754,5756.1754,,,,,,,Ubisoft,Shooter,82,754,862,87.5,10.88,891
flow,54,12,0.416,5573.2453,5655.2453,,,,,,,Ubisoft,Shooter,82,754,862,87.5,10.88,891
flow,54,13,0.444,5469.4678,5551.4678,,,,,,,Ubisoft,Shooter,82,754,862,87.5,10.88,891
flow,54,14,0.472,5363.7918,5445.7918,,,,,,,Ubisoft,Shooter,82,754,862,87.5,10.88,891
flow,54,15,0.5,5257.1667,5339.1667,,,,,,,Ubisoft,Shooter,82,754,862,87.5,10.88,891
flow,54,16,0.528,5150.5415,5232.5415,,,,,,,Ubisoft,Shooter,82,754,862,87.5,10.88,891
flow,54,17,0.556,5044.8656,5126.8656,,,,,,,Ubisoft,Shooter,82,754,862,87.5,10.88,891
flow,54,18,0.584,4941.088,5023.088,,,,,,,Ubisoft,Shooter,82,754,862,87.5,10.88,891
flow,54,19,0.612,4840.158,4922.158,,,,,,,Ubisoft,Shooter,82,754,862,87.5,10.88,891
flow,54,20,0.64,4743.0247,4825.0247,,,,,,,Ubisoft,Shooter,82,754,862,87.5,10.88,891
flow,54,21,0.668,4650.6373,4732.6373,,,,,,,Ubisoft,Shooter,82,754,862,87.5,10.88,891
flow,54,22,0.696,4563.9451,4645.9451,,,,,,,Ubisoft,Shooter,82,754,862,87.5,10.88,891
flow,54,23,0.724,4483.8971,4565.8971,,,,,,,Ubisoft,Shooter,82,754,862,87.5,10.88,891
flow,54,24,0.752,4411.4427,4493.4427,,,,,,,Ubisoft,Shooter,82,754,862,87.5,10.88,891
flow,54,25,0.78,4347.5309,4429.5309,,,,,,,Ubisoft,Shooter,82,754,862,87.5,10.88,891
flow,54,26,0.808,4293.1109,4375.1109,,,,,,,Ubisoft,Shooter,82,754,862,87.5,10.88,891
flow,54,27,0.836,4249.132,4331.132,,,,,,,Ubisoft,Shooter,82,754,862,87.5,10.88,891
flow,54,28,0.864,4216.5433,4298.5433,,,,,,,Ubisoft,Shooter,82,754,862,87.5,10.88,891
flow,54,29,0.892,4196.294,4278.294,,,,,,,Ubisoft,Shooter,82,754,862,87.5,10.88,891
flow,54,30,0.92,4189.3333,4271.3333,,,,,,,Ubisoft,Shooter,82,754,862,87.5,10.88,891
flow,55,0,0.08,6407.0,6457.0,,,,,,,Ubisoft,Platform,50,754,862,87.5,6.63,704
flow,55,1,0.108,6402.8861,6452.8861,,,,,,,Ubisoft,Platform,50,754,862,87.5,6.63,704
flow,55,2,0.136,6390.9184,6440.9184,,,,,,,Ubisoft,Platform,50,754,862,87.5,6.63,704
flow,55,3,0.164,6371.6578,6421.6578,,,,,,,Ubisoft,Platform,50,754,862,87.5,6.63,704
flow,55,4,0.192,6345.6653,6395.6653,,,,,,,Ubisoft,Platform,50,754,862,87.5,6.63,704
flow,55,5,0.22,6313.5021,6363.5021,,,,,,,Ubisoft,Platform,50,754,862,87.5,6.63,704
flow,55,6,0.248,6275.7289,6325.7289,,,,,,,Ubisoft,Platform,50,754,862,87.5,6.63,704
flow,55,7,0.276,6232.9068,6282.9068,,,,,,,Ubisoft,Platform,50,754,862,87.5,6.63,704
flow,55,8,0.304,6185.5969,6235.5969,,,,,,,Ubisoft,Platform,50,754,862,87.5,6.63,704
flow,55,9,0.332,6134.36,6184.36,,,,,,,Ubisoft,Platform,50,754,862,87.5,6.63,704
flow,55,10,0.36,6079.7572,6129.7572,,,,,,,Ubisoft,Platform,50,754,862,87.5,6.63,704
flow,55,11,0.388,6022.3495,6072.3495,,,,,,,Ubisoft,Platform,50,754,862,87.5,6.63,704
flow,55,12,0.416,5962.6978,6012.6978,,,,,,,Ubisoft,Platform,50,754,862,87.5,6.63,704
flow,55,13,0.444,5901.3631,5951.3631,,,,,,,Ubisoft,Platform,50,754,862,87.5,6.63,704
flow,55,14,0.472,5838.9065,5888.9065,,,,,,,Ubisoft,Platform,50,754,862,87.5,6.63,704
flow,55,15,0.5,5775.8889,5825.8889,,,,,,,Ubisoft,Platform,50,754,862,87.5,6.63,704
flow,55,16,0.528,5712.8713,5762.8713,,,,,,,Ubisoft,Platform,50,754,862,87.5,6.63,704
flow,55,17,0.556,5650.4147,5700.4147,,,,,,,Ubisoft,Platform,50,754,862,87.5,6.63,704
flow,55,18,0.584,5589.08,5639.08,,,,,,,Ubisoft,Platform,50,754,862,87.5,6.63,704
flow,55,19,0.612,5529.4283,5579.4283,,,,,,,Ubisoft,Platform,50,754,862,87.5,6.63,704
flow,55,20,0.64,5472.0206,5522.0206,,,,,,,Ubisoft,Platform,50,754,862,87.5,6.63,704
flow,55,21,0.668,5417.4178,5467.4178,,,,,,,Ubisoft,Platform,50,754,862,87.5,6.63,704
flow,55,22,0.696,5366.1809,5416.1809,,,,,,,Ubisoft,Platform,50,754,862,87.5,6.63,704
flow,55,23,0.724,5318.8709,5368.8709,,,,,,,Ubisoft,Platform,50,754,862,87.5,6.63,704
flow,55,24,0.752,5276.0489,5326.0489,,,,,,,Ubisoft,Platform,50,754,862,87.5,6.63,704
flow,55,25,0.78,5238.2757,5288.2757,,,,,,,Ubisoft,Platform,50,754,862,87.5,6.63,704
flow,55,26,0.808,5206.1124,5256.1124,,,,,,,Ubisoft,Platform,50,754,862,87.5,6.63,704
flow,55,27,0.836,5180.12,5230.12,,,,,,,Ubisoft,Platform,50,754,862,87.5,6.63,704
flow,55,28,0.864,5160.8594,5210.8594,,,,,,,Ubisoft,Platform,50,754,862,87.5,6.63,704
flow,55,29,0.892,5148.8917,5198.8917,,,,,,,Ubisoft,Platform,50,754,862,87.5,6.63,704
flow,55,30,0.92,5144.7778,5194.7778,,,,,,,Ubisoft,Platform,50,754,862,87.5,6.63,704
flow,56,0,0.08,6457.0,6485.0,,,,,,,Ubisoft,Role-Playing,28,754,862,87.5,3.71,602
flow,56,1,0.108,6454.9115,6482.9115,,,,,,,Ubisoft,Role-Playing,28,754,862,87.5,3.71,602
flow,56,2,0.136,6448.836,6476.836,,,,,,,Ubisoft,Role-Playing,28,754,862,87.5,3.71,602
flow,56,3,0.164,6439.0582,6467.0582,,,,,,,Ubisoft,Role-Playing,28,754,862,87.5,3.71,602
flow,56,4,0.192,6425.8629,6453.8629,,,,,,,Ubisoft,Role-Playing,28,754,862,87.5,3.71,602
flow,56,5,0.22,6409.535,6437.535,,,,,,,Ubisoft,Role-Playing,28,754,862,87.5,3.71,602
flow,56,6,0.248,6390.3591,6418.3591,,,,,,,Ubisoft,Role-Playing,28,754,862,87.5,3.71,602
flow,56,7,0.276,6368.6201,6396.6201,,,,,,,Ubisoft,Role-Playing,28,754,862,87.5,3.71,602
flow,56,8,0.304,6344.6028,6372.6028,,,,,,,Ubisoft,Role-Playing,28,754,862,87.5,3.71,602
flow,56,9,0.332,6318.592,6346.592,,,,,,,Ubisoft,Role-Playing,28,754,862,87.5,3.71,602
flow,56,10,0.36,6290.8724,6318.8724,,,,,,,Ubisoft,Role-Playing,28,754,862,87.5,3.71,602
flow,56,11,0.388,6261.7289,6289.7289,,,,,,,Ubisoft,Role-Playing,28,754,862,87.5,3.71,602
flow,56,12,0.416,6231.4462,6259.4462,,,,,,,Ubisoft,Role-Playing,28,754,862,87.5,3.71,602
flow,56,13,0.444,6200.3092,6228.3092,,,,,,,Ubisoft,Role-Playing,28,754,862,87.5,3.71,602
flow,56,14,0.472,6168.6025,6196.6025,,,,,,,Ubisoft,Role-Playing,28,754,862,87.5,3.71,602
flow,56,15,0.5,6136.6111,6164.6111,,,,,,,Ubisoft,Role-Playing,28,754,862,87.5,3.71,602
flow,56,16,0.528,6104.6197,6132.6197,,,,,,,Ubisoft,Role-Playing,28,754,862,87.5,3.71,602
flow,56,17,0.556,6072.9131,6100.9131,,,,,,,Ubisoft,Role-Playing,28,754,862,87.5,3.71,602
flow,56,18,0.584,6041.776,6069.776,,,,,,,Ubisoft,Role-Playing,28,754,862,87.5,3.71,602
flow,56,19,0.612,6011.4933,6039.4933,,,,,,,Ubisoft,Role-Playing,28,754,862,87.5,3.71,602
flow,56,20,0.64,5982.3498,6010.3498,,,,,,,Ubisoft,Role-Playing,28,754,862,87.5,3.71,602
flow,56,21,0.668,5954.6302,5982.6302,,,,,,,Ubisoft,Role-Playing,28,754,862,87.5,3.71,602
flow,56,22,0.696,5928.6194,5956.6194,,,,,,,Ubisoft,Role-Playing,28,754,862,87.5,3.71,602
flow,56,23,0.724,5904.6021,5932.6021,,,,,,,Ubisoft,Role-Playing,28,754,862,87.5,3.71,602
flow,56,24,0.752,5882.8631,5910.8631,,,,,,,Ubisoft,Role-Playing,28,754,862,87.5,3.71,602
flow,56,25,0.78,5863.6872,5891.6872,,,,,,,Ubisoft,Role-Playing,28,754,862,87.5,3.71,602
flow,56,26,0.808,5847.3593,5875.3593,,,,,,,Ubisoft,Role-Playing,28,754,862,87.5,3.71,602
flow,56,27,0.836,5834.164,5862.164,,,,,,,Ubisoft,Role-Playing,28,754,862,87.5,3.71,602
flow,56,28,0.864,5824.3862,5852.3862,,,,,,,Ubisoft,Role-Playing,28,754,862,87.5,3.71,602
flow,56,29,0.892,5818.3107,5846.3107,,,,,,,Ubisoft,Role-Playing,28,754,862,87.5,3.71,602
flow,56,30,0.92,5816.2222,5844.2222,,,,,,,Ubisoft,Role-Playing,28,754,862,87.5,3.71,602
flow,57,0,0.08,6485.0,6606.0,,,,,,,Ubisoft,Simulation,121,754,862,87.5,16.05,590
flow,57,1,0.108,6484.3047,6605.3047,,,,,,,Ubisoft,Simulation,121,754,862,87.5,16.05,590
flow,57,2,0.136,6482.282,6603.282,,,,,,,Ubisoft,Simulation,121,754,862,87.5,16.05,590
flow,57,3,0.164,6479.0267,6600.0267,,,,,,,Ubisoft,Simulation,121,754,862,87.5,16.05,590
flow,57,4,0.192,6474.6336,6595.6336,,,,,,,Ubisoft,Simulation,121,754,862,87.5,16.05,590
flow,57,5,0.22,6469.1975,6590.1975,,,,,,,Ubisoft,Simulation,121,754,862,87.5,16.05,590
flow,57,6,0.248,6462.8133,6583.8133,,,,,,,Ubisoft,Simulation,121,754,862,87.5,16.05,590
flow,57,7,0.276,6455.5758,6576.5758,,,,,,,Ubisoft,Simulation,121,754,862,87.5,16.05,590
flow,57,8,0.304,6447.5798,6568.5798,,,,,,,Ubisoft,Simulation,121,754,862,87.5,16.05,590
flow,57,9,0.332,6438.92,6559.92,,,,,,,Ubisoft,Simulation,121,754,862,87.5,16.05,590
flow,57,10,0.36,6429.6914,6550.6914,,,,,,,Ubisoft,Simulation,121,754,862,87.5,16.05,590
flow,57,11,0.388,6419.9886,6540.9886,,,,,,,Ubisoft,Simulation,121,754,862,87.5,16.05,590
flow,57,12,0.416,6409.9067,6530.9067,,,,,,,Ubisoft,Simulation,121,754,862,87.5,16.05,590
flow,57,13,0.444,6399.5402,6520.5402,,,,,,,Ubisoft,Simulation,121,754,862,87.5,16.05,590
flow,57,14,0.472,6388.9842,6509.9842,,,,,,,Ubisoft,Simulation,121,754,862,87.5,16.05,590
flow,57,15,0.5,6378.3333,6499.3333,,,,,,,Ubisoft,Simulation,121,754,862,87.5,16.05,590
flow,57,16,0.528,6367.6825,6488.6825,,,,,,,Ubisoft,Simulation,121,754,862,87.5,16.05,590
flow,57,17,0.556,6357.1264,6478.1264,,,,,,,Ubisoft,Simulation,121,754,862,87.5,16.05,590
flow,57,18,0.584,6346.76,6467.76,,,,,,,Ubisoft,Simulation,121,754,862,87.5,16.05,590
flow,57,19,0.612,6336.678,6457.678,,,,,,,Ubisoft,Simulation,121,754,862,87.5,16.05,590
flow,57,20,0.64,6326.9753,6447.9753,,,,,,,Ubisoft,Simulation,121,754,862,87.5,16.05,590
flow,57,21,0.668,6317.7467,6438.7467,,,,,,,Ubisoft,Simulation,121,754,862,87.5,16.05,590
flow,57,22,0.696,6309.0869,6430.0869,,,,,,,Ubisoft,Simulation,121,754,862,87.5,16.05,590
flow,57,23,0.724,6301.0909,6422.0909,,,,,,,Ubisoft,Simulation,121,754,862,87.5,16.05,590
flow,57,24,0.752,6293.8533,6414.8533,,,,,,,Ubisoft,Simulation,121,754,862,87.5,16.05,590
flow,57,25,0.78,6287.4691,6408.4691,,,,,,,Ubisoft,Simulation,121,754,862,87.5,16.05,590
flow,57,26,0.808,6282.0331,6403.0331,,,,,,,Ubisoft,Simulation,121,754,862,87.5,16.05,590
flow,57,27,0.836,6277.64,6398.64,,,,,,,Ubisoft,Simulation,121,754,862,87.5,16.05,590
flow,57,28,0.864,6274.3847,6395.3847,,,,,,,Ubisoft,Simulation,121,754,862,87.5,16.05,590
flow,57,29,0.892,6272.362,6393.362,,,,,,,Ubisoft,Simulation,121,754,862,87.5,16.05,590
flow,57,30,0.92,6271.6667,6392.6667,,,,,,,Ubisoft,Simulation,121,754,862,87.5,16.05,590
flow,58,0,0.08,6606.0,6638.0,,,,,,,Ubisoft,Puzzle,32,754,862,87.5,4.24,566
flow,58,1,0.108,6607.6887,6639.6887,,,,,,,Ubisoft,Puzzle,32,754,862,87.5,4.24,566
flow,58,2,0.136,6612.6011,6644.6011,,,,,,,Ubisoft,Puzzle,32,754,862,87.5,4.24,566
flow,58,3,0.164,6620.5071,6652.5071,,,,,,,Ubisoft,Puzzle,32,754,862,87.5,4.24,566
flow,58,4,0.192,6631.1764,6663.1764,,,,,,,Ubisoft,Puzzle,32,754,862,87.5,4.24,566
flow,58,5,0.22,6644.3786,6676.3786,,,,,,,Ubisoft,Puzzle,32,754,862,87.5,4.24,566
flow,58,6,0.248,6659.8836,6691.8836,,,,,,,Ubisoft,Puzzle,32,754,862,87.5,4.24,566
flow,58,7,0.276,6677.461,6709.461,,,,,,,Ubisoft,Puzzle,32,754,862,87.5,4.24,566
flow,58,8,0.304,6696.8805,6728.8805,,,,,,,Ubisoft,Puzzle,32,754,862,87.5,4.24,566
flow,58,9,0.332,6717.912,6749.912,,,,,,,Ubisoft,Puzzle,32,754,862,87.5,4.24,566
flow,58,10,0.36,6740.3251,6772.3251,,,,,,,Ubisoft,Puzzle,32,754,862,87.5,4.24,566
flow,58,11,0.388,6763.8896,6795.8896,,,,,,,Ubisoft,Puzzle,32,754,862,87.5,4.24,566
flow,58,12,0.416,6788.3751,6820.3751,,,,,,,Ubisoft,Puzzle,32,754,862,87.5,4.24,566
flow,58,13,0.444,6813.5515,6845.5515,,,,,,,Ubisoft,Puzzle,32,754,862,87.5,4.24,566
flow,58,14,0.472,6839.1884,6871.1884,,,,,,,Ubisoft,Puzzle,32,754,862,87.5,4.24,566
flow,58,15,0.5,6865.0556,6897.0556,,,,,,,Ubisoft,Puzzle,32,754,862,87.5,4.24,566
flow,58,16,0.528,6890.9227,6922.9227,,,,,,,Ubisoft,Puzzle,32,754,862,87.5,4.24,566
flow,58,17,0.556,6916.5596,6948.5596,,,,,,,Ubisoft,Puzzle,32,754,862,87.5,4.24,566
flow,58,18,0.584,6941.736,6973.736,,,,,,,Ubisoft,Puzzle,32,754,862,87.5,4.24,566
flow,58,19,0.612,6966.2215,6998.2215,,,,,,,Ubisoft,Puzzle,32,754,862,87.5,4.24,566
flow,58,20,0.64,6989.786,7021.786,,,,,,,Ubisoft,Puzzle,32,754,862,87.5,4.24,566
flow,58,21,0.668,7012.1991,7044.1991,,,,,,,Ubisoft,Puzzle,32,754,862,87.5,4.24,566
flow,58,22,0.696,7033.2306,7065.2306,,,,,,,Ubisoft,Puzzle,32,754,862,87.5,4.24,566
flow,58,23,0.724,7052.6502,7084.6502,,,,,,,Ubisoft,Puzzle,32,754,862,87.5,4.24,566
flow,58,24,0.752,7070.2276,7102.2276,,,,,,,Ubisoft,Puzzle,32,754,862,87.5,4.24,566
flow,58,25,0.78,7085.7325,7117.7325,,,,,,,Ubisoft,Puzzle,32,754,862,87.5,4.24,566
flow,58,26,0.808,7098.9347,7130.9347,,,,,,,Ubisoft,Puzzle,32,754,862,87.5,4.24,566
flow,58,27,0.836,7109.604,7141.604,,,,,,,Ubisoft,Puzzle,32,754,862,87.5,4.24,566
flow,58,28,0.864,7117.51,7149.51,,,,,,,Ubisoft,Puzzle,32,754,862,87.5,4.24,566
flow,58,29,0.892,7122.4225,7154.4225,,,,,,,Ubisoft,Puzzle,32,754,862,87.5,4.24,566
flow,58,30,0.92,7124.1111,7156.1111,,,,,,,Ubisoft,Puzzle,32,754,862,87.5,4.24,566
flow,59,0,0.08,6638.0,6690.0,,,,,,,Ubisoft,Racing,52,754,862,87.5,6.9,499
flow,59,1,0.108,6641.0264,6693.0264,,,,,,,Ubisoft,Racing,52,754,862,87.5,6.9,499
flow,59,2,0.136,6649.8305,6701.8305,,,,,,,Ubisoft,Racing,52,754,862,87.5,6.9,499
flow,59,3,0.164,6663.9996,6715.9996,,,,,,,Ubisoft,Racing,52,754,862,87.5,6.9,499
flow,59,4,0.192,6683.1209,6735.1209,,,,,,,Ubisoft,Racing,52,754,862,87.5,6.9,499
flow,59,5,0.22,6706.7819,6758.7819,,,,,,,Ubisoft,Racing,52,754,862,87.5,6.9,499
flow,59,6,0.248,6734.5698,6786.5698,,,,,,,Ubisoft,Racing,52,754,862,87.5,6.9,499
flow,59,7,0.276,6766.0719,6818.0719,,,,,,,Ubisoft,Racing,52,754,862,87.5,6.9,499
flow,59,8,0.304,6800.8755,6852.8755,,,,,,,Ubisoft,Racing,52,754,862,87.5,6.9,499
flow,59,9,0.332,6838.568,6890.568,,,,,,,Ubisoft,Racing,52,754,862,87.5,6.9,499
flow,59,10,0.36,6878.7366,6930.7366,,,,,,,Ubisoft,Racing,52,754,862,87.5,6.9,499
flow,59,11,0.388,6920.9687,6972.9687,,,,,,,Ubisoft,Racing,52,754,862,87.5,6.9,499
flow,59,12,0.416,6964.8516,7016.8516,,,,,,,Ubisoft,Racing,52,754,862,87.5,6.9,499
flow,59,13,0.444,7009.9725,7061.9725,,,,,,,Ubisoft,Racing,52,754,862,87.5,6.9,499
flow,59,14,0.472,7055.9188,7107.9188,,,,,,,Ubisoft,Racing,52,754,862,87.5,6.9,499
flow,59,15,0.5,7102.2778,7154.2778,,,,,,,Ubisoft,Racing,52,754,862,87.5,6.9,499
flow,59,16,0.528,7148.6368,7200.6368,,,,,,,Ubisoft,Racing,52,754,862,87.5,6.9,499
flow,59,17,0.556,7194.5831,7246.5831,,,,,,,Ubisoft,Racing,52,754,862,87.5,6.9,499
flow,59,18,0.584,7239.704,7291.704,,,,,,,Ubisoft,Racing,52,754,862,87.5,6.9,499
flow,59,19,0.612,7283.5868,7335.5868,,,,,,,Ubisoft,Racing,52,754,862,87.5,6.9,499
flow,59,20,0.64,7325.8189,7377.8189,,,,,,,Ubisoft,Racing,52,754,862,87.5,6.9,499
flow,59,21,0.668,7365.9876,7417.9876,,,,,,,Ubisoft,Racing,52,754,862,87.5,6.9,499
flow,59,22,0.696,7403.68,7455.68,,,,,,,Ubisoft,Racing,52,754,862,87.5,6.9,499
flow,59,23,0.724,7438.4837,7490.4837,,,,,,,Ubisoft,Racing,52,754,862,87.5,6.9,499
flow,59,24,0.752,7469.9858,7521.9858,,,,,,,Ubisoft,Racing,52,754,862,87.5,6.9,499
flow,59,25,0.78,7497.7737,7549.7737,,,,,,,Ubisoft,Racing,52,754,862,87.5,6.9,499
flow,59,26,0.808,7521.4346,7573.4346,,,,,,,Ubisoft,Racing,52,754,862,87.5,6.9,499
flow,59,27,0.836,7540.556,7592.556,,,,,,,Ubisoft,Racing,52,754,862,87.5,6.9,499
flow,59,28,0.864,7554.7251,7606.7251,,,,,,,Ubisoft,Racing,52,754,862,87.5,6.9,499
flow,59,29,0.892,7563.5292,7615.5292,,,,,,,Ubisoft,Racing,52,754,862,87.5,6.9,499
flow,59,30,0.92,7566.5556,7618.5556,,,,,,,Ubisoft,Racing,52,754,862,87.5,6.9,499
flow,60,0,0.08,6690.0,6765.0,,,,,,,Ubisoft,Adventure,75,754,862,87.5,9.95,476
flow,60,1,0.108,6694.752,6769.752,,,,,,,Ubisoft,Adventure,75,754,862,87.5,9.95,476
flow,60,2,0.136,6708.576,6783.576,,,,,,,Ubisoft,Adventure,75,754,862,87.5,9.95,476
flow,60,3,0.164,6730.824,6805.824,,,,,,,Ubisoft,Adventure,75,754,862,87.5,9.95,476
flow,60,4,0.192,6760.848,6835.848,,,,,,,Ubisoft,Adventure,75,754,862,87.5,9.95,476
flow,60,5,0.22,6798.0,6873.0,,,,,,,Ubisoft,Adventure,75,754,862,87.5,9.95,476
flow,60,6,0.248,6841.632,6916.632,,,,,,,Ubisoft,Adventure,75,754,862,87.5,9.95,476
flow,60,7,0.276,6891.096,6966.096,,,,,,,Ubisoft,Adventure,75,754,862,87.5,9.95,476
flow,60,8,0.304,6945.744,7020.744,,,,,,,Ubisoft,Adventure,75,754,862,87.5,9.95,476
flow,60,9,0.332,7004.928,7079.928,,,,,,,Ubisoft,Adventure,75,754,862,87.5,9.95,476
flow,60,10,0.36,7068.0,7143.0,,,,,,,Ubisoft,Adventure,75,754,862,87.5,9.95,476
flow,60,11,0.388,7134.312,7209.312,,,,,,,Ubisoft,Adventure,75,754,862,87.5,9.95,476
flow,60,12,0.416,7203.216,7278.216,,,,,,,Ubisoft,Adventure,75,754,862,87.5,9.95,476
flow,60,13,0.444,7274.064,7349.064,,,,,,,Ubisoft,Adventure,75,754,862,87.5,9.95,476
flow,60,14,0.472,7346.208,7421.208,,,,,,,Ubisoft,Adventure,75,754,862,87.5,9.95,476
flow,60,15,0.5,7419.0,7494.0,,,,,,,Ubisoft,Adventure,75,754,862,87.5,9.95,476
flow,60,16,0.528,7491.792,7566.792,,,,,,,Ubisoft,Adventure,75,754,862,87.5,9.95,476
flow,60,17,0.556,7563.936,7638.936,,,,,,,Ubisoft,Adventure,75,754,862,87.5,9.95,476
flow,60,18,0.584,7634.784,7709.784,,,,,,,Ubisoft,Adventure,75,754,862,87.5,9.95,476
flow,60,19,0.612,7703.688,7778.688,,,,,,,Ubisoft,Adventure,75,754,862,87.5,9.95,476
flow,60,20,0.64,7770.0,7845.0,,,,,,,Ubisoft,Adventure,75,754,862,87.5,9.95,476
flow,60,21,0.668,7833.072,7908.072,,,,,,,Ubisoft,Adventure,75,754,862,87.5,9.95,476
flow,60,22,0.696,7892.256,7967.256,,,,,,,Ubisoft,Adventure,75,754,862,87.5,9.95,476
flow,60,23,0.724,7946.904,8021.904,,,,,,,Ubisoft,Adventure,75,754,862,87.5,9.95,476
flow,60,24,0.752,7996.368,8071.368,,,,,,,Ubisoft,Adventure,75,754,862,87.5,9.95,476
flow,60,25,0.78,8040.0,8115.0,,,,,,,Ubisoft,Adventure,75,754,862,87.5,9.95,476
flow,60,26,0.808,8077.152,8152.152,,,,,,,Ubisoft,Adventure,75,754,862,87.5,9.95,476
flow,60,27,0.836,8107.176,8182.176,,,,,,,Ubisoft,Adventure,75,754,862,87.5,9.95,476
flow,60,28,0.864,8129.424,8204.424,,,,,,,Ubisoft,Adventure,75,754,862,87.5,9.95,476
flow,60,29,0.892,8143.248,8218.248,,,,,,,Ubisoft,Adventure,75,754,862,87.5,9.95,476
flow,60,30,0.92,8148.0,8223.0,,,,,,,Ubisoft,Adventure,75,754,862,87.5,9.95,476
flow,61,0,0.08,6835.0,6911.0,,,,,,,Electronic Arts,Misc,76,760,850,89.4,10.0,1412
flow,61,1,0.108,6816.8492,6892.8492,,,,,,,Electronic Arts,Misc,76,760,850,89.4,10.0,1412
flow,61,2,0.136,6764.0468,6840.0468,,,,,,,Electronic Arts,Misc,76,760,850,89.4,10.0,1412
flow,61,3,0.164,6679.068,6755.068,,,,,,,Electronic Arts,Misc,76,760,850,89.4,10.0,1412
flow,61,4,0.192,6564.3879,6640.3879,,,,,,,Electronic Arts,Misc,76,760,850,89.4,10.0,1412
flow,61,5,0.22,6422.4815,6498.4815,,,,,,,Electronic Arts,Misc,76,760,850,89.4,10.0,1412
flow,61,6,0.248,6255.824,6331.824,,,,,,,Electronic Arts,Misc,76,760,850,89.4,10.0,1412
flow,61,7,0.276,6066.8905,6142.8905,,,,,,,Electronic Arts,Misc,76,760,850,89.4,10.0,1412
flow,61,8,0.304,5858.1561,5934.1561,,,,,,,Electronic Arts,Misc,76,760,850,89.4,10.0,1412
flow,61,9,0.332,5632.096,5708.096,,,,,,,Electronic Arts,Misc,76,760,850,89.4,10.0,1412
flow,61,10,0.36,5391.1852,5467.1852,,,,,,,Electronic Arts,Misc,76,760,850,89.4,10.0,1412
flow,61,11,0.388,5137.8988,5213.8988,,,,,,,Electronic Arts,Misc,76,760,850,89.4,10.0,1412
flow,61,12,0.416,4874.712,4950.712,,,,,,,Electronic Arts,Misc,76,760,850,89.4,10.0,1412
flow,61,13,0.444,4604.0999,4680.0999,,,,,,,Electronic Arts,Misc,76,760,850,89.4,10.0,1412
flow,61,14,0.472,4328.5375,4404.5375,,,,,,,Electronic Arts,Misc,76,760,850,89.4,10.0,1412
flow,61,15,0.5,4050.5,4126.5,,,,,,,Electronic Arts,Misc,76,760,850,89.4,10.0,1412
flow,61,16,0.528,3772.4625,3848.4625,,,,,,,Electronic Arts,Misc,76,760,850,89.4,10.0,1412
flow,61,17,0.556,3496.9001,3572.9001,,,,,,,Electronic Arts,Misc,76,760,850,89.4,10.0,1412
flow,61,18,0.584,3226.288,3302.288,,,,,,,Electronic Arts,Misc,76,760,850,89.4,10.0,1412
flow,61,19,0.612,2963.1012,3039.1012,,,,,,,Electronic Arts,Misc,76,760,850,89.4,10.0,1412
flow,61,20,0.64,2709.8148,2785.8148,,,,,,,Electronic Arts,Misc,76,760,850,89.4,10.0,1412
flow,61,21,0.668,2468.904,2544.904,,,,,,,Electronic Arts,Misc,76,760,850,89.4,10.0,1412
flow,61,22,0.696,2242.8439,2318.8439,,,,,,,Electronic Arts,Misc,76,760,850,89.4,10.0,1412
flow,61,23,0.724,2034.1095,2110.1095,,,,,,,Electronic Arts,Misc,76,760,850,89.4,10.0,1412
flow,61,24,0.752,1845.176,1921.176,,,,,,,Electronic Arts,Misc,76,760,850,89.4,10.0,1412
flow,61,25,0.78,1678.5185,1754.5185,,,,,,,Electronic Arts,Misc,76,760,850,89.4,10.0,1412
flow,61,26,0.808,1536.6121,1612.6121,,,,,,,Electronic Arts,Misc,76,760,850,89.4,10.0,1412
flow,61,27,0.836,1421.932,1497.932,,,,,,,Electronic Arts,Misc,76,760,850,89.4,10.0,1412
flow,61,28,0.864,1336.9532,1412.9532,,,,,,,Electronic Arts,Misc,76,760,850,89.4,10.0,1412
flow,61,29,0.892,1284.1508,1360.1508,,,,,,,Electronic Arts,Misc,76,760,850,89.4,10.0,1412
flow,61,30,0.92,1266.0,1342.0,,,,,,,Electronic Arts,Misc,76,760,850,89.4,10.0,1412
flow,62,0,0.08,6911.0,7014.0,,,,,,,Electronic Arts,Sports,103,760,850,89.4,13.55,1031
flow,62,1,0.108,6896.0023,6999.0023,,,,,,,Electronic Arts,Sports,103,760,850,89.4,13.55,1031
flow,62,2,0.136,6852.3728,6955.3728,,,,,,,Electronic Arts,Sports,103,760,850,89.4,13.55,1031
flow,62,3,0.164,6782.1564,6885.1564,,,,,,,Electronic Arts,Sports,103,760,850,89.4,13.55,1031
flow,62,4,0.192,6687.3985,6790.3985,,,,,,,Electronic Arts,Sports,103,760,850,89.4,13.55,1031
flow,62,5,0.22,6570.144,6673.144,,,,,,,Electronic Arts,Sports,103,760,850,89.4,13.55,1031
flow,62,6,0.248,6432.4382,6535.4382,,,,,,,Electronic Arts,Sports,103,760,850,89.4,13.55,1031
flow,62,7,0.276,6276.3262,6379.3262,,,,,,,Electronic Arts,Sports,103,760,850,89.4,13.55,1031
flow,62,8,0.304,6103.8531,6206.8531,,,,,,,Electronic Arts,Sports,103,760,850,89.4,13.55,1031
flow,62,9,0.332,5917.064,6020.064,,,,,,,Electronic Arts,Sports,103,760,850,89.4,13.55,1031
flow,62,10,0.36,5718.0041,5821.0041,,,,,,,Electronic Arts,Sports,103,760,850,89.4,13.55,1031
flow,62,11,0.388,5508.7186,5611.7186,,,,,,,Electronic Arts,Sports,103,760,850,89.4,13.55,1031
flow,62,12,0.416,5291.2524,5394.2524,,,,,,,Electronic Arts,Sports,103,760,850,89.4,13.55,1031
flow,62,13,0.444,5067.6509,5170.6509,,,,,,,Electronic Arts,Sports,103,760,850,89.4,13.55,1031
flow,62,14,0.472,4839.9591,4942.9591,,,,,,,Electronic Arts,Sports,103,760,850,89.4,13.55,1031
flow,62,15,0.5,4610.2222,4713.2222,,,,,,,Electronic Arts,Sports,103,760,850,89.4,13.55,1031
flow,62,16,0.528,4380.4853,4483.4853,,,,,,,Electronic Arts,Sports,103,760,850,89.4,13.55,1031
flow,62,17,0.556,4152.7935,4255.7935,,,,,,,Electronic Arts,Sports,103,760,850,89.4,13.55,1031
flow,62,18,0.584,3929.192,4032.192,,,,,,,Electronic Arts,Sports,103,760,850,89.4,13.55,1031
flow,62,19,0.612,3711.7259,3814.7259,,,,,,,Electronic Arts,Sports,103,760,850,89.4,13.55,1031
flow,62,20,0.64,3502.4403,3605.4403,,,,,,,Electronic Arts,Sports,103,760,850,89.4,13.55,1031
flow,62,21,0.668,3303.3804,3406.3804,,,,,,,Electronic Arts,Sports,103,760,850,89.4,13.55,1031
flow,62,22,0.696,3116.5914,3219.5914,,,,,,,Electronic Arts,Sports,103,760,850,89.4,13.55,1031
flow,62,23,0.724,2944.1183,3047.1183,,,,,,,Electronic Arts,Sports,103,760,850,89.4,13.55,1031
flow,62,24,0.752,2788.0062,2891.0062,,,,,,,Electronic Arts,Sports,103,760,850,89.4,13.55,1031
flow,62,25,0.78,2650.3004,2753.3004,,,,,,,Electronic Arts,Sports,103,760,850,89.4,13.55,1031
flow,62,26,0.808,2533.046,2636.046,,,,,,,Electronic Arts,Sports,103,760,850,89.4,13.55,1031
flow,62,27,0.836,2438.288,2541.288,,,,,,,Electronic Arts,Sports,103,760,850,89.4,13.55,1031
flow,62,28,0.864,2368.0717,2471.0717,,,,,,,Electronic Arts,Sports,103,760,850,89.4,13.55,1031
flow,62,29,0.892,2324.4421,2427.4421,,,,,,,Electronic Arts,Sports,103,760,850,89.4,13.55,1031
flow,62,30,0.92,2309.4444,2412.4444,,,,,,,Electronic Arts,Sports,103,760,850,89.4,13.55,1031
flow,63,0,0.08,7014.0,7084.0,,,,,,,Electronic Arts,Action,70,760,850,89.4,9.21,1021
flow,63,1,0.108,7002.1131,7072.1131,,,,,,,Electronic Arts,Action,70,760,850,89.4,9.21,1021
flow,63,2,0.136,6967.5331,7037.5331,,,,,,,Electronic Arts,Action,70,760,850,89.4,9.21,1021
flow,63,3,0.164,6911.8809,6981.8809,,,,,,,Electronic Arts,Action,70,760,850,89.4,9.21,1021
flow,63,4,0.192,6836.7774,6906.7774,,,,,,,Electronic Arts,Action,70,760,850,89.4,9.21,1021
flow,63,5,0.22,6743.8436,6813.8436,,,,,,,Electronic Arts,Action,70,760,850,89.4,9.21,1021
flow,63,6,0.248,6634.7004,6704.7004,,,,,,,Electronic Arts,Action,70,760,850,89.4,9.21,1021
flow,63,7,0.276,6510.9688,6580.9688,,,,,,,Electronic Arts,Action,70,760,850,89.4,9.21,1021
flow,63,8,0.304,6374.2697,6444.2697,,,,,,,Electronic Arts,Action,70,760,850,89.4,9.21,1021
flow,63,9,0.332,6226.224,6296.224,,,,,,,Electronic Arts,Action,70,760,850,89.4,9.21,1021
flow,63,10,0.36,6068.4527,6138.4527,,,,,,,Electronic Arts,Action,70,760,850,89.4,9.21,1021
flow,63,11,0.388,5902.5767,5972.5767,,,,,,,Electronic Arts,Action,70,760,850,89.4,9.21,1021
flow,63,12,0.416,5730.2169,5800.2169,,,,,,,Electronic Arts,Action,70,760,850,89.4,9.21,1021
flow,63,13,0.444,5552.9943,5622.9943,,,,,,,Electronic Arts,Action,70,760,850,89.4,9.21,1021
flow,63,14,0.472,5372.5298,5442.5298,,,,,,,Electronic Arts,Action,70,760,850,89.4,9.21,1021
flow,63,15,0.5,5190.4444,5260.4444,,,,,,,Electronic Arts,Action,70,760,850,89.4,9.21,1021
flow,63,16,0.528,5008.359,5078.359,,,,,,,Electronic Arts,Action,70,760,850,89.4,9.21,1021
flow,63,17,0.556,4827.8946,4897.8946,,,,,,,Electronic Arts,Action,70,760,850,89.4,9.21,1021
flow,63,18,0.584,4650.672,4720.672,,,,,,,Electronic Arts,Action,70,760,850,89.4,9.21,1021
flow,63,19,0.612,4478.3122,4548.3122,,,,,,,Electronic Arts,Action,70,760,850,89.4,9.21,1021
flow,63,20,0.64,4312.4362,4382.4362,,,,,,,Electronic Arts,Action,70,760,850,89.4,9.21,1021
flow,63,21,0.668,4154.6649,4224.6649,,,,,,,Electronic Arts,Action,70,760,850,89.4,9.21,1021
flow,63,22,0.696,4006.6192,4076.6192,,,,,,,Electronic Arts,Action,70,760,850,89.4,9.21,1021
flow,63,23,0.724,3869.9201,3939.9201,,,,,,,Electronic Arts,Action,70,760,850,89.4,9.21,1021
flow,63,24,0.752,3746.1884,3816.1884,,,,,,,Electronic Arts,Action,70,760,850,89.4,9.21,1021
flow,63,25,0.78,3637.0453,3707.0453,,,,,,,Electronic Arts,Action,70,760,850,89.4,9.21,1021
flow,63,26,0.808,3544.1115,3614.1115,,,,,,,Electronic Arts,Action,70,760,850,89.4,9.21,1021
flow,63,27,0.836,3469.008,3539.008,,,,,,,Electronic Arts,Action,70,760,850,89.4,9.21,1021
flow,63,28,0.864,3413.3558,3483.3558,,,,,,,Electronic Arts,Action,70,760,850,89.4,9.21,1021
flow,63,29,0.892,3378.7758,3448.7758,,,,,,,Electronic Arts,Action,70,760,850,89.4,9.21,1021
flow,63,30,0.92,3366.8889,3436.8889,,,,,,,Electronic Arts,Action,70,760,850,89.4,9.21,1021
flow,64,0,0.08,7084.0,7209.0,,,,,,,Electronic Arts,Shooter,125,760,850,89.4,16.45,891
flow,64,1,0.108,7074.8328,7199.8328,,,,,,,Electronic Arts,Shooter,125,760,850,89.4,16.45,891
flow,64,2,0.136,7048.1645,7173.1645,,,,,,,Electronic Arts,Shooter,125,760,850,89.4,16.45,891
flow,64,3,0.164,7005.2453,7130.2453,,,,,,,Electronic Arts,Shooter,125,760,850,89.4,16.45,891
flow,64,4,0.192,6947.3252,7072.3252,,,,,,,Electronic Arts,Shooter,125,760,850,89.4,16.45,891
flow,64,5,0.22,6875.6543,7000.6543,,,,,,,Electronic Arts,Shooter,125,760,850,89.4,16.45,891
flow,64,6,0.248,6791.4827,6916.4827,,,,,,,Electronic Arts,Shooter,125,760,850,89.4,16.45,891
flow,64,7,0.276,6696.0603,6821.0603,,,,,,,Electronic Arts,Shooter,125,760,850,89.4,16.45,891
flow,64,8,0.304,6590.6374,6715.6374,,,,,,,Electronic Arts,Shooter,125,760,850,89.4,16.45,891
flow,64,9,0.332,6476.464,6601.464,,,,,,,Electronic Arts,Shooter,125,760,850,89.4,16.45,891
flow,64,10,0.36,6354.7901,6479.7901,,,,,,,Electronic Arts,Shooter,125,760,850,89.4,16.45,891
flow,64,11,0.388,6226.8659,6351.8659,,,,,,,Electronic Arts,Shooter,125,760,850,89.4,16.45,891
flow,64,12,0.416,6093.9413,6218.9413,,,,,,,Electronic Arts,Shooter,125,760,850,89.4,16.45,891
flow,64,13,0.444,5957.2666,6082.2666,,,,,,,Electronic Arts,Shooter,125,760,850,89.4,16.45,891
flow,64,14,0.472,5818.0917,5943.0917,,,,,,,Electronic Arts,Shooter,125,760,850,89.4,16.45,891
flow,64,15,0.5,5677.6667,5802.6667,,,,,,,Electronic Arts,Shooter,125,760,850,89.4,16.45,891
flow,64,16,0.528,5537.2417,5662.2417,,,,,,,Electronic Arts,Shooter,125,760,850,89.4,16.45,891
flow,64,17,0.556,5398.0668,5523.0668,,,,,,,Electronic Arts,Shooter,125,760,850,89.4,16.45,891
flow,64,18,0.584,5261.392,5386.392,,,,,,,Electronic Arts,Shooter,125,760,850,89.4,16.45,891
flow,64,19,0.612,5128.4675,5253.4675,,,,,,,Electronic Arts,Shooter,125,760,850,89.4,16.45,891
flow,64,20,0.64,5000.5432,5125.5432,,,,,,,Electronic Arts,Shooter,125,760,850,89.4,16.45,891
flow,64,21,0.668,4878.8693,5003.8693,,,,,,,Electronic Arts,Shooter,125,760,850,89.4,16.45,891
flow,64,22,0.696,4764.6959,4889.6959,,,,,,,Electronic Arts,Shooter,125,760,850,89.4,16.45,891
flow,64,23,0.724,4659.273,4784.273,,,,,,,Electronic Arts,Shooter,125,760,850,89.4,16.45,891
flow,64,24,0.752,4563.8507,4688.8507,,,,,,,Electronic Arts,Shooter,125,760,850,89.4,16.45,891
flow,64,25,0.78,4479.679,4604.679,,,,,,,Electronic Arts,Shooter,125,760,850,89.4,16.45,891
flow,64,26,0.808,4408.0081,4533.0081,,,,,,,Electronic Arts,Shooter,125,760,850,89.4,16.45,891
flow,64,27,0.836,4350.088,4475.088,,,,,,,Electronic Arts,Shooter,125,760,850,89.4,16.45,891
flow,64,28,0.864,4307.1688,4432.1688,,,,,,,Electronic Arts,Shooter,125,760,850,89.4,16.45,891
flow,64,29,0.892,4280.5005,4405.5005,,,,,,,Electronic Arts,Shooter,125,760,850,89.4,16.45,891
flow,64,30,0.92,4271.3333,4396.3333,,,,,,,Electronic Arts,Shooter,125,760,850,89.4,16.45,891
flow,65,0,0.08,7209.0,7236.0,,,,,,,Electronic Arts,Platform,27,760,850,89.4,3.55,704
flow,65,1,0.108,7202.4351,7229.4351,,,,,,,Electronic Arts,Platform,27,760,850,89.4,3.55,704
flow,65,2,0.136,7183.3373,7210.3373,,,,,,,Electronic Arts,Platform,27,760,850,89.4,3.55,704
flow,65,3,0.164,7152.6018,7179.6018,,,,,,,Electronic Arts,Platform,27,760,850,89.4,3.55,704
flow,65,4,0.192,7111.1237,7138.1237,,,,,,,Electronic Arts,Platform,27,760,850,89.4,3.55,704
flow,65,5,0.22,7059.7984,7086.7984,,,,,,,Electronic Arts,Platform,27,760,850,89.4,3.55,704
flow,65,6,0.248,6999.5209,7026.5209,,,,,,,Electronic Arts,Platform,27,760,850,89.4,3.55,704
flow,65,7,0.276,6931.1865,6958.1865,,,,,,,Electronic Arts,Platform,27,760,850,89.4,3.55,704
flow,65,8,0.304,6855.6905,6882.6905,,,,,,,Electronic Arts,Platform,27,760,850,89.4,3.55,704
flow,65,9,0.332,6773.928,6800.928,,,,,,,Electronic Arts,Platform,27,760,850,89.4,3.55,704
flow,65,10,0.36,6686.7942,6713.7942,,,,,,,Electronic Arts,Platform,27,760,850,89.4,3.55,704
flow,65,11,0.388,6595.1844,6622.1844,,,,,,,Electronic Arts,Platform,27,760,850,89.4,3.55,704
flow,65,12,0.416,6499.9938,6526.9938,,,,,,,Electronic Arts,Platform,27,760,850,89.4,3.55,704
flow,65,13,0.444,6402.1175,6429.1175,,,,,,,Electronic Arts,Platform,27,760,850,89.4,3.55,704
flow,65,14,0.472,6302.4508,6329.4508,,,,,,,Electronic Arts,Platform,27,760,850,89.4,3.55,704
flow,65,15,0.5,6201.8889,6228.8889,,,,,,,Electronic Arts,Platform,27,760,850,89.4,3.55,704
flow,65,16,0.528,6101.327,6128.327,,,,,,,Electronic Arts,Platform,27,760,850,89.4,3.55,704
flow,65,17,0.556,6001.6603,6028.6603,,,,,,,Electronic Arts,Platform,27,760,850,89.4,3.55,704
flow,65,18,0.584,5903.784,5930.784,,,,,,,Electronic Arts,Platform,27,760,850,89.4,3.55,704
flow,65,19,0.612,5808.5933,5835.5933,,,,,,,Electronic Arts,Platform,27,760,850,89.4,3.55,704
flow,65,20,0.64,5716.9835,5743.9835,,,,,,,Electronic Arts,Platform,27,760,850,89.4,3.55,704
flow,65,21,0.668,5629.8498,5656.8498,,,,,,,Electronic Arts,Platform,27,760,850,89.4,3.55,704
flow,65,22,0.696,5548.0873,5575.0873,,,,,,,Electronic Arts,Platform,27,760,850,89.4,3.55,704
flow,65,23,0.724,5472.5912,5499.5912,,,,,,,Electronic Arts,Platform,27,760,850,89.4,3.55,704
flow,65,24,0.752,5404.2569,5431.2569,,,,,,,Electronic Arts,Platform,27,760,850,89.4,3.55,704
flow,65,25,0.78,5343.9794,5370.9794,,,,,,,Electronic Arts,Platform,27,760,850,89.4,3.55,704
flow,65,26,0.808,5292.6541,5319.6541,,,,,,,Electronic Arts,Platform,27,760,850,89.4,3.55,704
flow,65,27,0.836,5251.176,5278.176,,,,,,,Electronic Arts,Platform,27,760,850,89.4,3.55,704
flow,65,28,0.864,5220.4405,5247.4405,,,,,,,Electronic Arts,Platform,27,760,850,89.4,3.55,704
flow,65,29,0.892,5201.3427,5228.3427,,,,,,,Electronic Arts,Platform,27,760,850,89.4,3.55,704
flow,65,30,0.92,5194.7778,5221.7778,,,,,,,Electronic Arts,Platform,27,760,850,89.4,3.55,704
flow,66,0,0.08,7236.0,7310.0,,,,,,,Electronic Arts,Role-Playing,74,760,850,89.4,9.74,602
flow,66,1,0.108,7231.4638,7305.4638,,,,,,,Electronic Arts,Role-Playing,74,760,850,89.4,9.74,602
flow,66,2,0.136,7218.2677,7292.2677,,,,,,,Electronic Arts,Role-Playing,74,760,850,89.4,9.74,602
flow,66,3,0.164,7197.0302,7271.0302,,,,,,,Electronic Arts,Role-Playing,74,760,850,89.4,9.74,602
flow,66,4,0.192,7168.3699,7242.3699,,,,,,,Electronic Arts,Role-Playing,74,760,850,89.4,9.74,602
flow,66,5,0.22,7132.9053,7206.9053,,,,,,,Electronic Arts,Role-Playing,74,760,850,89.4,9.74,602
flow,66,6,0.248,7091.2551,7165.2551,,,,,,,Electronic Arts,Role-Playing,74,760,850,89.4,9.74,602
flow,66,7,0.276,7044.0378,7118.0378,,,,,,,Electronic Arts,Role-Playing,74,760,850,89.4,9.74,602
flow,66,8,0.304,6991.8719,7065.8719,,,,,,,Electronic Arts,Role-Playing,74,760,850,89.4,9.74,602
flow,66,9,0.332,6935.376,7009.376,,,,,,,Electronic Arts,Role-Playing,74,760,850,89.4,9.74,602
flow,66,10,0.36,6875.1687,6949.1687,,,,,,,Electronic Arts,Role-Playing,74,760,850,89.4,9.74,602
flow,66,11,0.388,6811.8686,6885.8686,,,,,,,Electronic Arts,Role-Playing,74,760,850,89.4,9.74,602
flow,66,12,0.416,6746.0942,6820.0942,,,,,,,Electronic Arts,Role-Playing,74,760,850,89.4,9.74,602
flow,66,13,0.444,6678.4641,6752.4641,,,,,,,Electronic Arts,Role-Playing,74,760,850,89.4,9.74,602
flow,66,14,0.472,6609.5969,6683.5969,,,,,,,Electronic Arts,Role-Playing,74,760,850,89.4,9.74,602
flow,66,15,0.5,6540.1111,6614.1111,,,,,,,Electronic Arts,Role-Playing,74,760,850,89.4,9.74,602
flow,66,16,0.528,6470.6253,6544.6253,,,,,,,Electronic Arts,Role-Playing,74,760,850,89.4,9.74,602
flow,66,17,0.556,6401.7581,6475.7581,,,,,,,Electronic Arts,Role-Playing,74,760,850,89.4,9.74,602
flow,66,18,0.584,6334.128,6408.128,,,,,,,Electronic Arts,Role-Playing,74,760,850,89.4,9.74,602
flow,66,19,0.612,6268.3536,6342.3536,,,,,,,Electronic Arts,Role-Playing,74,760,850,89.4,9.74,602
flow,66,20,0.64,6205.0535,6279.0535,,,,,,,Electronic Arts,Role-Playing,74,760,850,89.4,9.74,602
flow,66,21,0.668,6144.8462,6218.8462,,,,,,,Electronic Arts,Role-Playing,74,760,850,89.4,9.74,602
flow,66,22,0.696,6088.3504,6162.3504,,,,,,,Electronic Arts,Role-Playing,74,760,850,89.4,9.74,602
flow,66,23,0.724,6036.1845,6110.1845,,,,,,,Electronic Arts,Role-Playing,74,760,850,89.4,9.74,602
flow,66,24,0.752,5988.9671,6062.9671,,,,,,,Electronic Arts,Role-Playing,74,760,850,89.4,9.74,602
flow,66,25,0.78,5947.3169,6021.3169,,,,,,,Electronic Arts,Role-Playing,74,760,850,89.4,9.74,602
flow,66,26,0.808,5911.8523,5985.8523,,,,,,,Electronic Arts,Role-Playing,74,760,850,89.4,9.74,602
flow,66,27,0.836,5883.192,5957.192,,,,,,,Electronic Arts,Role-Playing,74,760,850,89.4,9.74,602
flow,66,28,0.864,5861.9545,5935.9545,,,,,,,Electronic Arts,Role-Playing,74,760,850,89.4,9.74,602
flow,66,29,0.892,5848.7584,5922.7584,,,,,,,Electronic Arts,Role-Playing,74,760,850,89.4,9.74,602
flow,66,30,0.92,5844.2222,5918.2222,,,,,,,Electronic Arts,Role-Playing,74,760,850,89.4,9.74,602
flow,67,0,0.08,7310.0,7455.0,,,,,,,Electronic Arts,Simulation,145,760,850,89.4,19.08,590
flow,67,1,0.108,7307.0102,7452.0102,,,,,,,Electronic Arts,Simulation,145,760,850,89.4,19.08,590
flow,67,2,0.136,7298.3125,7443.3125,,,,,,,Electronic Arts,Simulation,145,760,850,89.4,19.08,590
flow,67,3,0.164,7284.3147,7429.3147,,,,,,,Electronic Arts,Simulation,145,760,850,89.4,19.08,590
flow,67,4,0.192,7265.4244,7410.4244,,,,,,,Electronic Arts,Simulation,145,760,850,89.4,19.08,590
flow,67,5,0.22,7242.0494,7387.0494,,,,,,,Electronic Arts,Simulation,145,760,850,89.4,19.08,590
flow,67,6,0.248,7214.5973,7359.5973,,,,,,,Electronic Arts,Simulation,145,760,850,89.4,19.08,590
flow,67,7,0.276,7183.476,7328.476,,,,,,,Electronic Arts,Simulation,145,760,850,89.4,19.08,590
flow,67,8,0.304,7149.0929,7294.0929,,,,,,,Electronic Arts,Simulation,145,760,850,89.4,19.08,590
flow,67,9,0.332,7111.856,7256.856,,,,,,,Electronic Arts,Simulation,145,760,850,89.4,19.08,590
flow,67,10,0.36,7072.1728,7217.1728,,,,,,,Electronic Arts,Simulation,145,760,850,89.4,19.08,590
flow,67,11,0.388,7030.4512,7175.4512,,,,,,,Electronic Arts,Simulation,145,760,850,89.4,19.08,590
flow,67,12,0.416,6987.0987,7132.0987,,,,,,,Electronic Arts,Simulation,145,760,850,89.4,19.08,590
flow,67,13,0.444,6942.5231,7087.5231,,,,,,,Electronic Arts,Simulation,145,760,850,89.4,19.08,590
flow,67,14,0.472,6897.132,7042.132,,,,,,,Electronic Arts,Simulation,145,760,850,89.4,19.08,590
flow,67,15,0.5,6851.3333,6996.3333,,,,,,,Electronic Arts,Simulation,145,760,850,89.4,19.08,590
flow,67,16,0.528,6805.5346,6950.5346,,,,,,,Electronic Arts,Simulation,145,760,850,89.4,19.08,590
flow,67,17,0.556,6760.1436,6905.1436,,,,,,,Electronic Arts,Simulation,145,760,850,89.4,19.08,590
flow,67,18,0.584,6715.568,6860.568,,,,,,,Electronic Arts,Simulation,145,760,850,89.4,19.08,590
flow,67,19,0.612,6672.2155,6817.2155,,,,,,,Electronic Arts,Simulation,145,760,850,89.4,19.08,590
flow,67,20,0.64,6630.4938,6775.4938,,,,,,,Electronic Arts,Simulation,145,760,850,89.4,19.08,590
flow,67,21,0.668,6590.8107,6735.8107,,,,,,,Electronic Arts,Simulation,145,760,850,89.4,19.08,590
flow,67,22,0.696,6553.5737,6698.5737,,,,,,,Electronic Arts,Simulation,145,760,850,89.4,19.08,590
flow,67,23,0.724,6519.1907,6664.1907,,,,,,,Electronic Arts,Simulation,145,760,850,89.4,19.08,590
flow,67,24,0.752,6488.0693,6633.0693,,,,,,,Electronic Arts,Simulation,145,760,850,89.4,19.08,590
flow,67,25,0.78,6460.6173,6605.6173,,,,,,,Electronic Arts,Simulation,145,760,850,89.4,19.08,590
flow,67,26,0.808,6437.2423,6582.2423,,,,,,,Electronic Arts,Simulation,145,760,850,89.4,19.08,590
flow,67,27,0.836,6418.352,6563.352,,,,,,,Electronic Arts,Simulation,145,760,850,89.4,19.08,590
flow,67,28,0.864,6404.3542,6549.3542,,,,,,,Electronic Arts,Simulation,145,760,850,89.4,19.08,590
flow,67,29,0.892,6395.6565,6540.6565,,,,,,,Electronic Arts,Simulation,145,760,850,89.4,19.08,590
flow,67,30,0.92,6392.6667,6537.6667,,,,,,,Electronic Arts,Simulation,145,760,850,89.4,19.08,590
flow,68,0,0.08,7455.0,7475.0,,,,,,,Electronic Arts,Puzzle,20,760,850,89.4,2.63,566
flow,68,1,0.108,7454.0258,7474.0258,,,,,,,Electronic Arts,Puzzle,20,760,850,89.4,2.63,566
flow,68,2,0.136,7451.1919,7471.1919,,,,,,,Electronic Arts,Puzzle,20,760,850,89.4,2.63,566
flow,68,3,0.164,7446.6311,7466.6311,,,,,,,Electronic Arts,Puzzle,20,760,850,89.4,2.63,566
flow,68,4,0.192,7440.4762,7460.4762,,,,,,,Electronic Arts,Puzzle,20,760,850,89.4,2.63,566
flow,68,5,0.22,7432.8601,7452.8601,,,,,,,Electronic Arts,Puzzle,20,760,850,89.4,2.63,566
flow,68,6,0.248,7423.9156,7443.9156,,,,,,,Electronic Arts,Puzzle,20,760,850,89.4,2.63,566
flow,68,7,0.276,7413.7755,7433.7755,,,,,,,Electronic Arts,Puzzle,20,760,850,89.4,2.63,566
flow,68,8,0.304,7402.5727,7422.5727,,,,,,,Electronic Arts,Puzzle,20,760,850,89.4,2.63,566
flow,68,9,0.332,7390.44,7410.44,,,,,,,Electronic Arts,Puzzle,20,760,850,89.4,2.63,566
flow,68,10,0.36,7377.5103,7397.5103,,,,,,,Electronic Arts,Puzzle,20,760,850,89.4,2.63,566
flow,68,11,0.388,7363.9164,7383.9164,,,,,,,Electronic Arts,Puzzle,20,760,850,89.4,2.63,566
flow,68,12,0.416,7349.7911,7369.7911,,,,,,,Electronic Arts,Puzzle,20,760,850,89.4,2.63,566
flow,68,13,0.444,7335.2673,7355.2673,,,,,,,Electronic Arts,Puzzle,20,760,850,89.4,2.63,566
flow,68,14,0.472,7320.4779,7340.4779,,,,,,,Electronic Arts,Puzzle,20,760,850,89.4,2.63,566
flow,68,15,0.5,7305.5556,7325.5556,,,,,,,Electronic Arts,Puzzle,20,760,850,89.4,2.63,566
flow,68,16,0.528,7290.6333,7310.6333,,,,,,,Electronic Arts,Puzzle,20,760,850,89.4,2.63,566
flow,68,17,0.556,7275.8438,7295.8438,,,,,,,Electronic Arts,Puzzle,20,760,850,89.4,2.63,566
flow,68,18,0.584,7261.32,7281.32,,,,,,,Electronic Arts,Puzzle,20,760,850,89.4,2.63,566
flow,68,19,0.612,7247.1947,7267.1947,,,,,,,Electronic Arts,Puzzle,20,760,850,89.4,2.63,566
flow,68,20,0.64,7233.6008,7253.6008,,,,,,,Electronic Arts,Puzzle,20,760,850,89.4,2.63,566
flow,68,21,0.668,7220.6711,7240.6711,,,,,,,Electronic Arts,Puzzle,20,760,850,89.4,2.63,566
flow,68,22,0.696,7208.5384,7228.5384,,,,,,,Electronic Arts,Puzzle,20,760,850,89.4,2.63,566
flow,68,23,0.724,7197.3356,7217.3356,,,,,,,Electronic Arts,Puzzle,20,760,850,89.4,2.63,566
flow,68,24,0.752,7187.1956,7207.1956,,,,,,,Electronic Arts,Puzzle,20,760,850,89.4,2.63,566
flow,68,25,0.78,7178.251,7198.251,,,,,,,Electronic Arts,Puzzle,20,760,850,89.4,2.63,566
flow,68,26,0.808,7170.6349,7190.6349,,,,,,,Electronic Arts,Puzzle,20,760,850,89.4,2.63,566
flow,68,27,0.836,7164.48,7184.48,,,,,,,Electronic Arts,Puzzle,20,760,850,89.4,2.63,566
flow,68,28,0.864,7159.9192,7179.9192,,,,,,,Electronic Arts,Puzzle,20,760,850,89.4,2.63,566
flow,68,29,0.892,7157.0853,7177.0853,,,,,,,Electronic Arts,Puzzle,20,760,850,89.4,2.63,566
flow,68,30,0.92,7156.1111,7176.1111,,,,,,,Electronic Arts,Puzzle,20,760,850,89.4,2.63,566
flow,69,0,0.08,7475.0,7568.0,,,,,,,Electronic Arts,Racing,93,760,850,89.4,12.24,499
flow,69,1,0.108,7475.4679,7568.4679,,,,,,,Electronic Arts,Racing,93,760,850,89.4,12.24,499
flow,69,2,0.136,7476.829,7569.829,,,,,,,Electronic Arts,Racing,93,760,850,89.4,12.24,499
flow,69,3,0.164,7479.0196,7572.0196,,,,,,,Electronic Arts,Racing,93,760,850,89.4,12.24,499
flow,69,4,0.192,7481.9757,7574.9757,,,,,,,Electronic Arts,Racing,93,760,850,89.4,12.24,499
flow,69,5,0.22,7485.6337,7578.6337,,,,,,,Electronic Arts,Racing,93,760,850,89.4,12.24,499
flow,69,6,0.248,7489.9298,7582.9298,,,,,,,Electronic Arts,Racing,93,760,850,89.4,12.24,499
flow,69,7,0.276,7494.8,7587.8,,,,,,,Electronic Arts,Racing,93,760,850,89.4,12.24,499
flow,69,8,0.304,7500.1807,7593.1807,,,,,,,Electronic Arts,Racing,93,760,850,89.4,12.24,499
flow,69,9,0.332,7506.008,7599.008,,,,,,,Electronic Arts,Racing,93,760,850,89.4,12.24,499
flow,69,10,0.36,7512.2181,7605.2181,,,,,,,Electronic Arts,Racing,93,760,850,89.4,12.24,499
flow,69,11,0.388,7518.7472,7611.7472,,,,,,,Electronic Arts,Racing,93,760,850,89.4,12.24,499
flow,69,12,0.416,7525.5316,7618.5316,,,,,,,Electronic Arts,Racing,93,760,850,89.4,12.24,499
flow,69,13,0.444,7532.5073,7625.5073,,,,,,,Electronic Arts,Racing,93,760,850,89.4,12.24,499
flow,69,14,0.472,7539.6106,7632.6106,,,,,,,Electronic Arts,Racing,93,760,850,89.4,12.24,499
flow,69,15,0.5,7546.7778,7639.7778,,,,,,,Electronic Arts,Racing,93,760,850,89.4,12.24,499
flow,69,16,0.528,7553.9449,7646.9449,,,,,,,Electronic Arts,Racing,93,760,850,89.4,12.24,499
flow,69,17,0.556,7561.0483,7654.0483,,,,,,,Electronic Arts,Racing,93,760,850,89.4,12.24,499
flow,69,18,0.584,7568.024,7661.024,,,,,,,Electronic Arts,Racing,93,760,850,89.4,12.24,499
flow,69,19,0.612,7574.8083,7667.8083,,,,,,,Electronic Arts,Racing,93,760,850,89.4,12.24,499
flow,69,20,0.64,7581.3374,7674.3374,,,,,,,Electronic Arts,Racing,93,760,850,89.4,12.24,499
flow,69,21,0.668,7587.5476,7680.5476,,,,,,,Electronic Arts,Racing,93,760,850,89.4,12.24,499
flow,69,22,0.696,7593.3748,7686.3748,,,,,,,Electronic Arts,Racing,93,760,850,89.4,12.24,499
flow,69,23,0.724,7598.7555,7691.7555,,,,,,,Electronic Arts,Racing,93,760,850,89.4,12.24,499
flow,69,24,0.752,7603.6258,7696.6258,,,,,,,Electronic Arts,Racing,93,760,850,89.4,12.24,499
flow,69,25,0.78,7607.9218,7700.9218,,,,,,,Electronic Arts,Racing,93,760,850,89.4,12.24,499
flow,69,26,0.808,7611.5798,7704.5798,,,,,,,Electronic Arts,Racing,93,760,850,89.4,12.24,499
flow,69,27,0.836,7614.536,7707.536,,,,,,,Electronic Arts,Racing,93,760,850,89.4,12.24,499
flow,69,28,0.864,7616.7266,7709.7266,,,,,,,Electronic Arts,Racing,93,760,850,89.4,12.24,499
flow,69,29,0.892,7618.0877,7711.0877,,,,,,,Electronic Arts,Racing,93,760,850,89.4,12.24,499
flow,69,30,0.92,7618.5556,7711.5556,,,,,,,Electronic Arts,Racing,93,760,850,89.4,12.24,499
flow,70,0,0.08,7568.0,7595.0,,,,,,,Electronic Arts,Adventure,27,760,850,89.4,3.55,476
flow,70,1,0.108,7570.1348,7597.1348,,,,,,,Electronic Arts,Adventure,27,760,850,89.4,3.55,476
flow,70,2,0.136,7576.3452,7603.3452,,,,,,,Electronic Arts,Adventure,27,760,850,89.4,3.55,476
flow,70,3,0.164,7586.34,7613.34,,,,,,,Electronic Arts,Adventure,27,760,850,89.4,3.55,476
flow,70,4,0.192,7599.8281,7626.8281,,,,,,,Electronic Arts,Adventure,27,760,850,89.4,3.55,476
flow,70,5,0.22,7616.5185,7643.5185,,,,,,,Electronic Arts,Adventure,27,760,850,89.4,3.55,476
flow,70,6,0.248,7636.12,7663.12,,,,,,,Electronic Arts,Adventure,27,760,850,89.4,3.55,476
flow,70,7,0.276,7658.3415,7685.3415,,,,,,,Electronic Arts,Adventure,27,760,850,89.4,3.55,476
flow,70,8,0.304,7682.8919,7709.8919,,,,,,,Electronic Arts,Adventure,27,760,850,89.4,3.55,476
flow,70,9,0.332,7709.48,7736.48,,,,,,,Electronic Arts,Adventure,27,760,850,89.4,3.55,476
flow,70,10,0.36,7737.8148,7764.8148,,,,,,,Electronic Arts,Adventure,27,760,850,89.4,3.55,476
flow,70,11,0.388,7767.6052,7794.6052,,,,,,,Electronic Arts,Adventure,27,760,850,89.4,3.55,476
flow,70,12,0.416,7798.56,7825.56,,,,,,,Electronic Arts,Adventure,27,760,850,89.4,3.55,476
flow,70,13,0.444,7830.3881,7857.3881,,,,,,,Electronic Arts,Adventure,27,760,850,89.4,3.55,476
flow,70,14,0.472,7862.7985,7889.7985,,,,,,,Electronic Arts,Adventure,27,760,850,89.4,3.55,476
flow,70,15,0.5,7895.5,7922.5,,,,,,,Electronic Arts,Adventure,27,760,850,89.4,3.55,476
flow,70,16,0.528,7928.2015,7955.2015,,,,,,,Electronic Arts,Adventure,27,760,850,89.4,3.55,476
flow,70,17,0.556,7960.6119,7987.6119,,,,,,,Electronic Arts,Adventure,27,760,850,89.4,3.55,476
flow,70,18,0.584,7992.44,8019.44,,,,,,,Electronic Arts,Adventure,27,760,850,89.4,3.55,476
flow,70,19,0.612,8023.3948,8050.3948,,,,,,,Electronic Arts,Adventure,27,760,850,89.4,3.55,476
flow,70,20,0.64,8053.1852,8080.1852,,,,,,,Electronic Arts,Adventure,27,760,850,89.4,3.55,476
flow,70,21,0.668,8081.52,8108.52,,,,,,,Electronic Arts,Adventure,27,760,850,89.4,3.55,476
flow,70,22,0.696,8108.1081,8135.1081,,,,,,,Electronic Arts,Adventure,27,760,850,89.4,3.55,476
flow,70,23,0.724,8132.6585,8159.6585,,,,,,,Electronic Arts,Adventure,27,760,850,89.4,3.55,476
flow,70,24,0.752,8154.88,8181.88,,,,,,,Electronic Arts,Adventure,27,760,850,89.4,3.55,476
flow,70,25,0.78,8174.4815,8201.4815,,,,,,,Electronic Arts,Adventure,27,760,850,89.4,3.55,476
flow,70,26,0.808,8191.1719,8218.1719,,,,,,,Electronic Arts,Adventure,27,760,850,89.4,3.55,476
flow,70,27,0.836,8204.66,8231.66,,,,,,,Electronic Arts,Adventure,27,760,850,89.4,3.55,476
flow,70,28,0.864,8214.6548,8241.6548,,,,,,,Electronic Arts,Adventure,27,760,850,89.4,3.55,476
flow,70,29,0.892,8220.8652,8247.8652,,,,,,,Electronic Arts,Adventure,27,760,850,89.4,3.55,476
flow,70,30,0.92,8223.0,8250.0,,,,,,,Electronic Arts,Adventure,27,760,850,89.4,3.55,476
flow,71,0,0.08,7665.0,7735.0,,,,,,,Activision,Misc,70,617,685,90.1,11.35,1412
flow,71,1,0.108,7644.3917,7714.3917,,,,,,,Activision,Misc,70,617,685,90.1,11.35,1412
flow,71,2,0.136,7584.4403,7654.4403,,,,,,,Activision,Misc,70,617,685,90.1,11.35,1412
flow,71,3,0.164,7487.956,7557.956,,,,,,,Activision,Misc,70,617,685,90.1,11.35,1412
flow,71,4,0.192,7357.749,7427.749,,,,,,,Activision,Misc,70,617,685,90.1,11.35,1412
flow,71,5,0.22,7196.6296,7266.6296,,,,,,,Activision,Misc,70,617,685,90.1,11.35,1412
flow,71,6,0.248,7007.408,7077.408,,,,,,,Activision,Misc,70,617,685,90.1,11.35,1412
flow,71,7,0.276,6792.8944,6862.8944,,,,,,,Activision,Misc,70,617,685,90.1,11.35,1412
flow,71,8,0.304,6555.899,6625.899,,,,,,,Activision,Misc,70,617,685,90.1,11.35,1412
flow,71,9,0.332,6299.232,6369.232,,,,,,,Activision,Misc,70,617,685,90.1,11.35,1412
flow,71,10,0.36,6025.7037,6095.7037,,,,,,,Activision,Misc,70,617,685,90.1,11.35,1412
flow,71,11,0.388,5738.1243,5808.1243,,,,,,,Activision,Misc,70,617,685,90.1,11.35,1412
flow,71,12,0.416,5439.304,5509.304,,,,,,,Activision,Misc,70,617,685,90.1,11.35,1412
flow,71,13,0.444,5132.053,5202.053,,,,,,,Activision,Misc,70,617,685,90.1,11.35,1412
flow,71,14,0.472,4819.1816,4889.1816,,,,,,,Activision,Misc,70,617,685,90.1,11.35,1412
flow,71,15,0.5,4503.5,4573.5,,,,,,,Activision,Misc,70,617,685,90.1,11.35,1412
flow,71,16,0.528,4187.8184,4257.8184,,,,,,,Activision,Misc,70,617,685,90.1,11.35,1412
flow,71,17,0.556,3874.947,3944.947,,,,,,,Activision,Misc,70,617,685,90.1,11.35,1412
flow,71,18,0.584,3567.696,3637.696,,,,,,,Activision,Misc,70,617,685,90.1,11.35,1412
flow,71,19,0.612,3268.8757,3338.8757,,,,,,,Activision,Misc,70,617,685,90.1,11.35,1412
flow,71,20,0.64,2981.2963,3051.2963,,,,,,,Activision,Misc,70,617,685,90.1,11.35,1412
flow,71,21,0.668,2707.768,2777.768,,,,,,,Activision,Misc,70,617,685,90.1,11.35,1412
flow,71,22,0.696,2451.101,2521.101,,,,,,,Activision,Misc,70,617,685,90.1,11.35,1412
flow,71,23,0.724,2214.1056,2284.1056,,,,,,,Activision,Misc,70,617,685,90.1,11.35,1412
flow,71,24,0.752,1999.592,2069.592,,,,,,,Activision,Misc,70,617,685,90.1,11.35,1412
flow,71,25,0.78,1810.3704,1880.3704,,,,,,,Activision,Misc,70,617,685,90.1,11.35,1412
flow,71,26,0.808,1649.251,1719.251,,,,,,,Activision,Misc,70,617,685,90.1,11.35,1412
flow,71,27,0.836,1519.044,1589.044,,,,,,,Activision,Misc,70,617,685,90.1,11.35,1412
flow,71,28,0.864,1422.5597,1492.5597,,,,,,,Activision,Misc,70,617,685,90.1,11.35,1412
flow,71,29,0.892,1362.6083,1432.6083,,,,,,,Activision,Misc,70,617,685,90.1,11.35,1412
flow,71,30,0.92,1342.0,1412.0,,,,,,,Activision,Misc,70,617,685,90.1,11.35,1412
flow,72,0,0.08,7735.0,7820.0,,,,,,,Activision,Sports,85,617,685,90.1,13.78,1031
flow,72,1,0.108,7717.6524,7802.6524,,,,,,,Activision,Sports,85,617,685,90.1,13.78,1031
flow,72,2,0.136,7667.1867,7752.1867,,,,,,,Activision,Sports,85,617,685,90.1,13.78,1031
flow,72,3,0.164,7585.9684,7670.9684,,,,,,,Activision,Sports,85,617,685,90.1,13.78,1031
flow,72,4,0.192,7476.3632,7561.3632,,,,,,,Activision,Sports,85,617,685,90.1,13.78,1031
flow,72,5,0.22,7340.7366,7425.7366,,,,,,,Activision,Sports,85,617,685,90.1,13.78,1031
flow,72,6,0.248,7181.4542,7266.4542,,,,,,,Activision,Sports,85,617,685,90.1,13.78,1031
flow,72,7,0.276,7000.8816,7085.8816,,,,,,,Activision,Sports,85,617,685,90.1,13.78,1031
flow,72,8,0.304,6801.3843,6886.3843,,,,,,,Activision,Sports,85,617,685,90.1,13.78,1031
flow,72,9,0.332,6585.328,6670.328,,,,,,,Activision,Sports,85,617,685,90.1,13.78,1031
flow,72,10,0.36,6355.0782,6440.0782,,,,,,,Activision,Sports,85,617,685,90.1,13.78,1031
flow,72,11,0.388,6113.0005,6198.0005,,,,,,,Activision,Sports,85,617,685,90.1,13.78,1031
flow,72,12,0.416,5861.4604,5946.4604,,,,,,,Activision,Sports,85,617,685,90.1,13.78,1031
flow,72,13,0.444,5602.8237,5687.8237,,,,,,,Activision,Sports,85,617,685,90.1,13.78,1031
flow,72,14,0.472,5339.4557,5424.4557,,,,,,,Activision,Sports,85,617,685,90.1,13.78,1031
flow,72,15,0.5,5073.7222,5158.7222,,,,,,,Activision,Sports,85,617,685,90.1,13.78,1031
flow,72,16,0.528,4807.9887,4892.9887,,,,,,,Activision,Sports,85,617,685,90.1,13.78,1031
flow,72,17,0.556,4544.6208,4629.6208,,,,,,,Activision,Sports,85,617,685,90.1,13.78,1031
flow,72,18,0.584,4285.984,4370.984,,,,,,,Activision,Sports,85,617,685,90.1,13.78,1031
flow,72,19,0.612,4034.444,4119.444,,,,,,,Activision,Sports,85,617,685,90.1,13.78,1031
flow,72,20,0.64,3792.3663,3877.3663,,,,,,,Activision,Sports,85,617,685,90.1,13.78,1031
flow,72,21,0.668,3562.1164,3647.1164,,,,,,,Activision,Sports,85,617,685,90.1,13.78,1031
flow,72,22,0.696,3346.0601,3431.0601,,,,,,,Activision,Sports,85,617,685,90.1,13.78,1031
flow,72,23,0.724,3146.5628,3231.5628,,,,,,,Activision,Sports,85,617,685,90.1,13.78,1031
flow,72,24,0.752,2965.9902,3050.9902,,,,,,,Activision,Sports,85,617,685,90.1,13.78,1031
flow,72,25,0.78,2806.7078,2891.7078,,,,,,,Activision,Sports,85,617,685,90.1,13.78,1031
flow,72,26,0.808,2671.0812,2756.0812,,,,,,,Activision,Sports,85,617,685,90.1,13.78,1031
flow,72,27,0.836,2561.476,2646.476,,,,,,,Activision,Sports,85,617,685,90.1,13.78,1031
flow,72,28,0.864,2480.2577,2565.2577,,,,,,,Activision,Sports,85,617,685,90.1,13.78,1031
flow,72,29,0.892,2429.792,2514.792,,,,,,,Activision,Sports,85,617,685,90.1,13.78,1031
flow,72,30,0.92,2412.4444,2497.4444,,,,,,,Activision,Sports,85,617,685,90.1,13.78,1031
flow,73,0,0.08,7820.0,7956.0,,,,,,,Activision,Action,136,617,685,90.1,22.04,1021
flow,73,1,0.108,7805.7143,7941.7143,,,,,,,Activision,Action,136,617,685,90.1,22.04,1021
flow,73,2,0.136,7764.1559,7900.1559,,,,,,,Activision,Action,136,617,685,90.1,22.04,1021
flow,73,3,0.164,7697.2729,7833.2729,,,,,,,Activision,Action,136,617,685,90.1,22.04,1021
flow,73,4,0.192,7607.0133,7743.0133,,,,,,,Activision,Action,136,617,685,90.1,22.04,1021
flow,73,5,0.22,7495.3251,7631.3251,,,,,,,Activision,Action,136,617,685,90.1,22.04,1021
flow,73,6,0.248,7364.1564,7500.1564,,,,,,,Activision,Action,136,617,685,90.1,22.04,1021
flow,73,7,0.276,7215.4553,7351.4553,,,,,,,Activision,Action,136,617,685,90.1,22.04,1021
flow,73,8,0.304,7051.1698,7187.1698,,,,,,,Activision,Action,136,617,685,90.1,22.04,1021
flow,73,9,0.332,6873.248,7009.248,,,,,,,Activision,Action,136,617,685,90.1,22.04,1021
flow,73,10,0.36,6683.6379,6819.6379,,,,,,,Activision,Action,136,617,685,90.1,22.04,1021
flow,73,11,0.388,6484.2875,6620.2875,,,,,,,Activision,Action,136,617,685,90.1,22.04,1021
flow,73,12,0.416,6277.1449,6413.1449,,,,,,,Activision,Action,136,617,685,90.1,22.04,1021
flow,73,13,0.444,6064.1582,6200.1582,,,,,,,Activision,Action,136,617,685,90.1,22.04,1021
flow,73,14,0.472,5847.2753,5983.2753,,,,,,,Activision,Action,136,617,685,90.1,22.04,1021
flow,73,15,0.5,5628.4444,5764.4444,,,,,,,Activision,Action,136,617,685,90.1,22.04,1021
flow,73,16,0.528,5409.6136,5545.6136,,,,,,,Activision,Action,136,617,685,90.1,22.04,1021
flow,73,17,0.556,5192.7307,5328.7307,,,,,,,Activision,Action,136,617,685,90.1,22.04,1021
flow,73,18,0.584,4979.744,5115.744,,,,,,,Activision,Action,136,617,685,90.1,22.04,1021
flow,73,19,0.612,4772.6014,4908.6014,,,,,,,Activision,Action,136,617,685,90.1,22.04,1021
flow,73,20,0.64,4573.251,4709.251,,,,,,,Activision,Action,136,617,685,90.1,22.04,1021
flow,73,21,0.668,4383.6409,4519.6409,,,,,,,Activision,Action,136,617,685,90.1,22.04,1021
flow,73,22,0.696,4205.719,4341.719,,,,,,,Activision,Action,136,617,685,90.1,22.04,1021
flow,73,23,0.724,4041.4335,4177.4335,,,,,,,Activision,Action,136,617,685,90.1,22.04,1021
flow,73,24,0.752,3892.7324,4028.7324,,,,,,,Activision,Action,136,617,685,90.1,22.04,1021
flow,73,25,0.78,3761.5638,3897.5638,,,,,,,Activision,Action,136,617,685,90.1,22.04,1021
flow,73,26,0.808,3649.8756,3785.8756,,,,,,,Activision,Action,136,617,685,90.1,22.04,1021
flow,73,27,0.836,3559.616,3695.616,,,,,,,Activision,Action,136,617,685,90.1,22.04,1021
flow,73,28,0.864,3492.733,3628.733,,,,,,,Activision,Action,136,617,685,90.1,22.04,1021
flow,73,29,0.892,3451.1746,3587.1746,,,,,,,Activision,Action,136,617,685,90.1,22.04,1021
flow,73,30,0.92,3436.8889,3572.8889,,,,,,,Activision,Action,136,617,685,90.1,22.04,1021
flow,74,0,0.08,7956.0,8078.0,,,,,,,Activision,Shooter,122,617,685,90.1,19.77,891
flow,74,1,0.108,7944.3981,8066.3981,,,,,,,Activision,Shooter,122,617,685,90.1,19.77,891
flow,74,2,0.136,7910.6472,8032.6472,,,,,,,Activision,Shooter,122,617,685,90.1,19.77,891
flow,74,3,0.164,7856.3293,7978.3293,,,,,,,Activision,Shooter,122,617,685,90.1,19.77,891
flow,74,4,0.192,7783.0266,7905.0266,,,,,,,Activision,Shooter,122,617,685,90.1,19.77,891
flow,74,5,0.22,7692.321,7814.321,,,,,,,Activision,Shooter,122,617,685,90.1,19.77,891
flow,74,6,0.248,7585.7947,7707.7947,,,,,,,Activision,Shooter,122,617,685,90.1,19.77,891
flow,74,7,0.276,7465.0297,7587.0297,,,,,,,Activision,Shooter,122,617,685,90.1,19.77,891
flow,74,8,0.304,7331.6081,7453.6081,,,,,,,Activision,Shooter,122,617,685,90.1,19.77,891
flow,74,9,0.332,7187.112,7309.112,,,,,,,Activision,Shooter,122,617,685,90.1,19.77,891
flow,74,10,0.36,7033.1235,7155.1235,,,,,,,Activision,Shooter,122,617,685,90.1,19.77,891
flow,74,11,0.388,6871.2245,6993.2245,,,,,,,Activision,Shooter,122,617,685,90.1,19.77,891
flow,74,12,0.416,6702.9973,6824.9973,,,,,,,Activision,Shooter,122,617,685,90.1,19.77,891
flow,74,13,0.444,6530.0239,6652.0239,,,,,,,Activision,Shooter,122,617,685,90.1,19.77,891
flow,74,14,0.472,6353.8863,6475.8863,,,,,,,Activision,Shooter,122,617,685,90.1,19.77,891
flow,74,15,0.5,6176.1667,6298.1667,,,,,,,Activision,Shooter,122,617,685,90.1,19.77,891
flow,74,16,0.528,5998.447,6120.447,,,,,,,Activision,Shooter,122,617,685,90.1,19.77,891
flow,74,17,0.556,5822.3094,5944.3094,,,,,,,Activision,Shooter,122,617,685,90.1,19.77,891
flow,74,18,0.584,5649.336,5771.336,,,,,,,Activision,Shooter,122,617,685,90.1,19.77,891
flow,74,19,0.612,5481.1088,5603.1088,,,,,,,Activision,Shooter,122,617,685,90.1,19.77,891
flow,74,20,0.64,5319.2099,5441.2099,,,,,,,Activision,Shooter,122,617,685,90.1,19.77,891
flow,74,21,0.668,5165.2213,5287.2213,,,,,,,Activision,Shooter,122,617,685,90.1,19.77,891
flow,74,22,0.696,5020.7252,5142.7252,,,,,,,Activision,Shooter,122,617,685,90.1,19.77,891
flow,74,23,0.724,4887.3037,5009.3037,,,,,,,Activision,Shooter,122,617,685,90.1,19.77,891
flow,74,24,0.752,4766.5387,4888.5387,,,,,,,Activision,Shooter,122,617,685,90.1,19.77,891
flow,74,25,0.78,4660.0123,4782.0123,,,,,,,Activision,Shooter,122,617,685,90.1,19.77,891
flow,74,26,0.808,4569.3068,4691.3068,,,,,,,Activision,Shooter,122,617,685,90.1,19.77,891
flow,74,27,0.836,4496.004,4618.004,,,,,,,Activision,Shooter,122,617,685,90.1,19.77,891
flow,74,28,0.864,4441.6861,4563.6861,,,,,,,Activision,Shooter,122,617,685,90.1,19.77,891
flow,74,29,0.892,4407.9352,4529.9352,,,,,,,Activision,Shooter,122,617,685,90.1,19.77,891
flow,74,30,0.92,4396.3333,4518.3333,,,,,,,Activision,Shooter,122,617,685,90.1,19.77,891
flow,75,0,0.08,8078.0,8133.0,,,,,,,Activision,Platform,55,617,685,90.1,8.91,704
flow,75,1,0.108,8068.6908,8123.6908,,,,,,,Activision,Platform,55,617,685,90.1,8.91,704
flow,75,2,0.136,8041.6096,8096.6096,,,,,,,Activision,Platform,55,617,685,90.1,8.91,704
flow,75,3,0.164,7998.0258,8053.0258,,,,,,,Activision,Platform,55,617,685,90.1,8.91,704
flow,75,4,0.192,7939.2088,7994.2088,,,,,,,Activision,Platform,55,617,685,90.1,8.91,704
flow,75,5,0.22,7866.428,7921.428,,,,,,,Activision,Platform,55,617,685,90.1,8.91,704
flow,75,6,0.248,7780.9529,7835.9529,,,,,,,Activision,Platform,55,617,685,90.1,8.91,704
flow,75,7,0.276,7684.0529,7739.0529,,,,,,,Activision,Platform,55,617,685,90.1,8.91,704
flow,75,8,0.304,7576.9975,7631.9975,,,,,,,Activision,Platform,55,617,685,90.1,8.91,704
flow,75,9,0.332,7461.056,7516.056,,,,,,,Activision,Platform,55,617,685,90.1,8.91,704
flow,75,10,0.36,7337.4979,7392.4979,,,,,,,Activision,Platform,55,617,685,90.1,8.91,704
flow,75,11,0.388,7207.5927,7262.5927,,,,,,,Activision,Platform,55,617,685,90.1,8.91,704
flow,75,12,0.416,7072.6098,7127.6098,,,,,,,Activision,Platform,55,617,685,90.1,8.91,704
flow,75,13,0.444,6933.8185,6988.8185,,,,,,,Activision,Platform,55,617,685,90.1,8.91,704
flow,75,14,0.472,6792.4884,6847.4884,,,,,,,Activision,Platform,55,617,685,90.1,8.91,704
flow,75,15,0.5,6649.8889,6704.8889,,,,,,,Activision,Platform,55,617,685,90.1,8.91,704
flow,75,16,0.528,6507.2893,6562.2893,,,,,,,Activision,Platform,55,617,685,90.1,8.91,704
flow,75,17,0.556,6365.9592,6420.9592,,,,,,,Activision,Platform,55,617,685,90.1,8.91,704
flow,75,18,0.584,6227.168,6282.168,,,,,,,Activision,Platform,55,617,685,90.1,8.91,704
flow,75,19,0.612,6092.1851,6147.1851,,,,,,,Activision,Platform,55,617,685,90.1,8.91,704
flow,75,20,0.64,5962.2798,6017.2798,,,,,,,Activision,Platform,55,617,685,90.1,8.91,704
flow,75,21,0.668,5838.7218,5893.7218,,,,,,,Activision,Platform,55,617,685,90.1,8.91,704
flow,75,22,0.696,5722.7803,5777.7803,,,,,,,Activision,Platform,55,617,685,90.1,8.91,704
flow,75,23,0.724,5615.7249,5670.7249,,,,,,,Activision,Platform,55,617,685,90.1,8.91,704
flow,75,24,0.752,5518.8249,5573.8249,,,,,,,Activision,Platform,55,617,685,90.1,8.91,704
flow,75,25,0.78,5433.3498,5488.3498,,,,,,,Activision,Platform,55,617,685,90.1,8.91,704
flow,75,26,0.808,5360.569,5415.569,,,,,,,Activision,Platform,55,617,685,90.1,8.91,704
flow,75,27,0.836,5301.752,5356.752,,,,,,,Activision,Platform,55,617,685,90.1,8.91,704
flow,75,28,0.864,5258.1682,5313.1682,,,,,,,Activision,Platform,55,617,685,90.1,8.91,704
flow,75,29,0.892,5231.0869,5286.0869,,,,,,,Activision,Platform,55,617,685,90.1,8.91,704
flow,75,30,0.92,5221.7778,5276.7778,,,,,,,Activision,Platform,55,617,685,90.1,8.91,704
flow,76,0,0.08,8133.0,8148.0,,,,,,,Activision,Role-Playing,15,617,685,90.1,2.43,602
flow,76,1,0.108,8125.7815,8140.7815,,,,,,,Activision,Role-Playing,15,617,685,90.1,2.43,602
flow,76,2,0.136,8104.7821,8119.7821,,,,,,,Activision,Role-Playing,15,617,685,90.1,2.43,602
flow,76,3,0.164,8070.9862,8085.9862,,,,,,,Activision,Role-Playing,15,617,685,90.1,2.43,602
flow,76,4,0.192,8025.3782,8040.3782,,,,,,,Activision,Role-Playing,15,617,685,90.1,2.43,602
flow,76,5,0.22,7968.9424,7983.9424,,,,,,,Activision,Role-Playing,15,617,685,90.1,2.43,602
flow,76,6,0.248,7902.6631,7917.6631,,,,,,,Activision,Role-Playing,15,617,685,90.1,2.43,602
flow,76,7,0.276,7827.5247,7842.5247,,,,,,,Activision,Role-Playing,15,617,685,90.1,2.43,602
flow,76,8,0.304,7744.5116,7759.5116,,,,,,,Activision,Role-Playing,15,617,685,90.1,2.43,602
flow,76,9,0.332,7654.608,7669.608,,,,,,,Activision,Role-Playing,15,617,685,90.1,2.43,602
flow,76,10,0.36,7558.7984,7573.7984,,,,,,,Activision,Role-Playing,15,617,685,90.1,2.43,602
flow,76,11,0.388,7458.067,7473.067,,,,,,,Activision,Role-Playing,15,617,685,90.1,2.43,602
flow,76,12,0.416,7353.3982,7368.3982,,,,,,,Activision,Role-Playing,15,617,685,90.1,2.43,602
flow,76,13,0.444,7245.7764,7260.7764,,,,,,,Activision,Role-Playing,15,617,685,90.1,2.43,602
flow,76,14,0.472,7136.1859,7151.1859,,,,,,,Activision,Role-Playing,15,617,685,90.1,2.43,602
flow,76,15,0.5,7025.6111,7040.6111,,,,,,,Activision,Role-Playing,15,617,685,90.1,2.43,602
flow,76,16,0.528,6915.0363,6930.0363,,,,,,,Activision,Role-Playing,15,617,685,90.1,2.43,602
flow,76,17,0.556,6805.4458,6820.4458,,,,,,,Activision,Role-Playing,15,617,685,90.1,2.43,602
flow,76,18,0.584,6697.824,6712.824,,,,,,,Activision,Role-Playing,15,617,685,90.1,2.43,602
flow,76,19,0.612,6593.1552,6608.1552,,,,,,,Activision,Role-Playing,15,617,685,90.1,2.43,602
flow,76,20,0.64,6492.4239,6507.4239,,,,,,,Activision,Role-Playing,15,617,685,90.1,2.43,602
flow,76,21,0.668,6396.6142,6411.6142,,,,,,,Activision,Role-Playing,15,617,685,90.1,2.43,602
flow,76,22,0.696,6306.7107,6321.7107,,,,,,,Activision,Role-Playing,15,617,685,90.1,2.43,602
flow,76,23,0.724,6223.6975,6238.6975,,,,,,,Activision,Role-Playing,15,617,685,90.1,2.43,602
flow,76,24,0.752,6148.5591,6163.5591,,,,,,,Activision,Role-Playing,15,617,685,90.1,2.43,602
flow,76,25,0.78,6082.2798,6097.2798,,,,,,,Activision,Role-Playing,15,617,685,90.1,2.43,602
flow,76,26,0.808,6025.844,6040.844,,,,,,,Activision,Role-Playing,15,617,685,90.1,2.43,602
flow,76,27,0.836,5980.236,5995.236,,,,,,,Activision,Role-Playing,15,617,685,90.1,2.43,602
flow,76,28,0.864,5946.4401,5961.4401,,,,,,,Activision,Role-Playing,15,617,685,90.1,2.43,602
flow,76,29,0.892,5925.4408,5940.4408,,,,,,,Activision,Role-Playing,15,617,685,90.1,2.43,602
flow,76,30,0.92,5918.2222,5933.2222,,,,,,,Activision,Role-Playing,15,617,685,90.1,2.43,602
flow,77,0,0.08,8148.0,8188.0,,,,,,,Activision,Simulation,40,617,685,90.1,6.48,590
flow,77,1,0.108,8142.7515,8182.7515,,,,,,,Activision,Simulation,40,617,685,90.1,6.48,590
flow,77,2,0.136,8127.4832,8167.4832,,,,,,,Activision,Simulation,40,617,685,90.1,6.48,590
flow,77,3,0.164,8102.9107,8142.9107,,,,,,,Activision,Simulation,40,617,685,90.1,6.48,590
flow,77,4,0.192,8069.7497,8109.7497,,,,,,,Activision,Simulation,40,617,685,90.1,6.48,590
flow,77,5,0.22,8028.716,8068.716,,,,,,,Activision,Simulation,40,617,685,90.1,6.48,590
flow,77,6,0.248,7980.5253,8020.5253,,,,,,,Activision,Simulation,40,617,685,90.1,6.48,590
flow,77,7,0.276,7925.8933,7965.8933,,,,,,,Activision,Simulation,40,617,685,90.1,6.48,590
flow,77,8,0.304,7865.5356,7905.5356,,,,,,,Activision,Simulation,40,617,685,90.1,6.48,590
flow,77,9,0.332,7800.168,7840.168,,,,,,,Activision,Simulation,40,617,685,90.1,6.48,590
flow,77,10,0.36,7730.5062,7770.5062,,,,,,,Activision,Simulation,40,617,685,90.1,6.48,590
flow,77,11,0.388,7657.2658,7697.2658,,,,,,,Activision,Simulation,40,617,685,90.1,6.48,590
flow,77,12,0.416,7581.1627,7621.1627,,,,,,,Activision,Simulation,40,617,685,90.1,6.48,590
flow,77,13,0.444,7502.9124,7542.9124,,,,,,,Activision,Simulation,40,617,685,90.1,6.48,590
flow,77,14,0.472,7423.2307,7463.2307,,,,,,,Activision,Simulation,40,617,685,90.1,6.48,590
flow,77,15,0.5,7342.8333,7382.8333,,,,,,,Activision,Simulation,40,617,685,90.1,6.48,590
flow,77,16,0.528,7262.436,7302.436,,,,,,,Activision,Simulation,40,617,685,90.1,6.48,590
flow,77,17,0.556,7182.7543,7222.7543,,,,,,,Activision,Simulation,40,617,685,90.1,6.48,590
flow,77,18,0.584,7104.504,7144.504,,,,,,,Activision,Simulation,40,617,685,90.1,6.48,590
flow,77,19,0.612,7028.4008,7068.4008,,,,,,,Activision,Simulation,40,617,685,90.1,6.48,590
flow,77,20,0.64,6955.1605,6995.1605,,,,,,,Activision,Simulation,40,617,685,90.1,6.48,590
flow,77,21,0.668,6885.4987,6925.4987,,,,,,,Activision,Simulation,40,617,685,90.1,6.48,590
flow,77,22,0.696,6820.1311,6860.1311,,,,,,,Activision,Simulation,40,617,685,90.1,6.48,590
flow,77,23,0.724,6759.7734,6799.7734,,,,,,,Activision,Simulation,40,617,685,90.1,6.48,590
flow,77,24,0.752,6705.1413,6745.1413,,,,,,,Activision,Simulation,40,617,685,90.1,6.48,590
flow,77,25,0.78,6656.9506,6696.9506,,,,,,,Activision,Simulation,40,617,685,90.1,6.48,590
flow,77,26,0.808,6615.9169,6655.9169,,,,,,,Activision,Simulation,40,617,685,90.1,6.48,590
flow,77,27,0.836,6582.756,6622.756,,,,,,,Activision,Simulation,40,617,685,90.1,6.48,590
flow,77,28,0.864,6558.1835,6598.1835,,,,,,,Activision,Simulation,40,617,685,90.1,6.48,590
flow,77,29,0.892,6542.9152,6582.9152,,,,,,,Activision,Simulation,40,617,685,90.1,6.48,590
flow,77,30,0.92,6537.6667,6577.6667,,,,,,,Activision,Simulation,40,617,685,90.1,6.48,590
flow,78,0,0.08,8188.0,8210.0,,,,,,,Activision,Puzzle,22,617,685,90.1,3.57,566
flow,78,1,0.108,8184.702,8206.702,,,,,,,Activision,Puzzle,22,617,685,90.1,3.57,566
flow,78,2,0.136,8175.1078,8197.1078,,,,,,,Activision,Puzzle,22,617,685,90.1,3.57,566
flow,78,3,0.164,8159.6671,8181.6671,,,,,,,Activision,Puzzle,22,617,685,90.1,3.57,566
flow,78,4,0.192,8138.8297,8160.8297,,,,,,,Activision,Puzzle,22,617,685,90.1,3.57,566
flow,78,5,0.22,8113.0453,8135.0453,,,,,,,Activision,Puzzle,22,617,685,90.1,3.57,566
flow,78,6,0.248,8082.7636,8104.7636,,,,,,,Activision,Puzzle,22,617,685,90.1,3.57,566
flow,78,7,0.276,8048.4343,8070.4343,,,,,,,Activision,Puzzle,22,617,685,90.1,3.57,566
flow,78,8,0.304,8010.5072,8032.5072,,,,,,,Activision,Puzzle,22,617,685,90.1,3.57,566
flow,78,9,0.332,7969.432,7991.432,,,,,,,Activision,Puzzle,22,617,685,90.1,3.57,566
flow,78,10,0.36,7925.6584,7947.6584,,,,,,,Activision,Puzzle,22,617,685,90.1,3.57,566
flow,78,11,0.388,7879.6362,7901.6362,,,,,,,Activision,Puzzle,22,617,685,90.1,3.57,566
flow,78,12,0.416,7831.8151,7853.8151,,,,,,,Activision,Puzzle,22,617,685,90.1,3.57,566
flow,78,13,0.444,7782.6448,7804.6448,,,,,,,Activision,Puzzle,22,617,685,90.1,3.57,566
flow,78,14,0.472,7732.575,7754.575,,,,,,,Activision,Puzzle,22,617,685,90.1,3.57,566
flow,78,15,0.5,7682.0556,7704.0556,,,,,,,Activision,Puzzle,22,617,685,90.1,3.57,566
flow,78,16,0.528,7631.5361,7653.5361,,,,,,,Activision,Puzzle,22,617,685,90.1,3.57,566
flow,78,17,0.556,7581.4663,7603.4663,,,,,,,Activision,Puzzle,22,617,685,90.1,3.57,566
flow,78,18,0.584,7532.296,7554.296,,,,,,,Activision,Puzzle,22,617,685,90.1,3.57,566
flow,78,19,0.612,7484.4749,7506.4749,,,,,,,Activision,Puzzle,22,617,685,90.1,3.57,566
flow,78,20,0.64,7438.4527,7460.4527,,,,,,,Activision,Puzzle,22,617,685,90.1,3.57,566
flow,78,21,0.668,7394.6791,7416.6791,,,,,,,Activision,Puzzle,22,617,685,90.1,3.57,566
flow,78,22,0.696,7353.6039,7375.6039,,,,,,,Activision,Puzzle,22,617,685,90.1,3.57,566
flow,78,23,0.724,7315.6768,7337.6768,,,,,,,Activision,Puzzle,22,617,685,90.1,3.57,566
flow,78,24,0.752,7281.3476,7303.3476,,,,,,,Activision,Puzzle,22,617,685,90.1,3.57,566
flow,78,25,0.78,7251.0658,7273.0658,,,,,,,Activision,Puzzle,22,617,685,90.1,3.57,566
flow,78,26,0.808,7225.2814,7247.2814,,,,,,,Activision,Puzzle,22,617,685,90.1,3.57,566
flow,78,27,0.836,7204.444,7226.444,,,,,,,Activision,Puzzle,22,617,685,90.1,3.57,566
flow,78,28,0.864,7189.0033,7211.0033,,,,,,,Activision,Puzzle,22,617,685,90.1,3.57,566
flow,78,29,0.892,7179.4091,7201.4091,,,,,,,Activision,Puzzle,22,617,685,90.1,3.57,566
flow,78,30,0.92,7176.1111,7198.1111,,,,,,,Activision,Puzzle,22,617,685,90.1,3.57,566
flow,79,0,0.08,8210.0,8250.0,,,,,,,Activision,Racing,40,617,685,90.1,6.48,499
flow,79,1,0.108,8208.3754,8248.3754,,,,,,,Activision,Racing,40,617,685,90.1,6.48,499
flow,79,2,0.136,8203.6494,8243.6494,,,,,,,Activision,Racing,40,617,685,90.1,6.48,499
flow,79,3,0.164,8196.0436,8236.0436,,,,,,,Activision,Racing,40,617,685,90.1,6.48,499
flow,79,4,0.192,8185.7793,8225.7793,,,,,,,Activision,Racing,40,617,685,90.1,6.48,499
flow,79,5,0.22,8173.0782,8213.0782,,,,,,,Activision,Racing,40,617,685,90.1,6.48,499
flow,79,6,0.248,8158.1618,8198.1618,,,,,,,Activision,Racing,40,617,685,90.1,6.48,499
flow,79,7,0.276,8141.2516,8181.2516,,,,,,,Activision,Racing,40,617,685,90.1,6.48,499
flow,79,8,0.304,8122.5692,8162.5692,,,,,,,Activision,Racing,40,617,685,90.1,6.48,499
flow,79,9,0.332,8102.336,8142.336,,,,,,,Activision,Racing,40,617,685,90.1,6.48,499
flow,79,10,0.36,8080.7737,8120.7737,,,,,,,Activision,Racing,40,617,685,90.1,6.48,499
flow,79,11,0.388,8058.1037,8098.1037,,,,,,,Activision,Racing,40,617,685,90.1,6.48,499
flow,79,12,0.416,8034.5476,8074.5476,,,,,,,Activision,Racing,40,617,685,90.1,6.48,499
flow,79,13,0.444,8010.3268,8050.3268,,,,,,,Activision,Racing,40,617,685,90.1,6.48,499
flow,79,14,0.472,7985.6631,8025.6631,,,,,,,Activision,Racing,40,617,685,90.1,6.48,499
flow,79,15,0.5,7960.7778,8000.7778,,,,,,,Activision,Racing,40,617,685,90.1,6.48,499
flow,79,16,0.528,7935.8925,7975.8925,,,,,,,Activision,Racing,40,617,685,90.1,6.48,499
flow,79,17,0.556,7911.2287,7951.2287,,,,,,,Activision,Racing,40,617,685,90.1,6.48,499
flow,79,18,0.584,7887.008,7927.008,,,,,,,Activision,Racing,40,617,685,90.1,6.48,499
flow,79,19,0.612,7863.4519,7903.4519,,,,,,,Activision,Racing,40,617,685,90.1,6.48,499
flow,79,20,0.64,7840.7819,7880.7819,,,,,,,Activision,Racing,40,617,685,90.1,6.48,499
flow,79,21,0.668,7819.2196,7859.2196,,,,,,,Activision,Racing,40,617,685,90.1,6.48,499
flow,79,22,0.696,7798.9864,7838.9864,,,,,,,Activision,Racing,40,617,685,90.1,6.48,499
flow,79,23,0.724,7780.304,7820.304,,,,,,,Activision,Racing,40,617,685,90.1,6.48,499
flow,79,24,0.752,7763.3938,7803.3938,,,,,,,Activision,Racing,40,617,685,90.1,6.48,499
flow,79,25,0.78,7748.4774,7788.4774,,,,,,,Activision,Racing,40,617,685,90.1,6.48,499
flow,79,26,0.808,7735.7763,7775.7763,,,,,,,Activision,Racing,40,617,685,90.1,6.48,499
flow,79,27,0.836,7725.512,7765.512,,,,,,,Activision,Racing,40,617,685,90.1,6.48,499
flow,79,28,0.864,7717.9061,7757.9061,,,,,,,Activision,Racing,40,617,685,90.1,6.48,499
flow,79,29,0.892,7713.1801,7753.1801,,,,,,,Activision,Racing,40,617,685,90.1,6.48,499
flow,79,30,0.92,7711.5556,7751.5556,,,,,,,Activision,Racing,40,617,685,90.1,6.48,499
flow,80,0,0.08,8250.0,8282.0,,,,,,,Activision,Adventure,32,617,685,90.1,5.19,476
flow,80,1,0.108,8250.0,8282.0,,,,,,,Activision,Adventure,32,617,685,90.1,5.19,476
flow,80,2,0.136,8250.0,8282.0,,,,,,,Activision,Adventure,32,617,685,90.1,5.19,476
flow,80,3,0.164,8250.0,8282.0,,,,,,,Activision,Adventure,32,617,685,90.1,5.19,476
flow,80,4,0.192,8250.0,8282.0,,,,,,,Activision,Adventure,32,617,685,90.1,5.19,476
flow,80,5,0.22,8250.0,8282.0,,,,,,,Activision,Adventure,32,617,685,90.1,5.19,476
flow,80,6,0.248,8250.0,8282.0,,,,,,,Activision,Adventure,32,617,685,90.1,5.19,476
flow,80,7,0.276,8250.0,8282.0,,,,,,,Activision,Adventure,32,617,685,90.1,5.19,476
flow,80,8,0.304,8250.0,8282.0,,,,,,,Activision,Adventure,32,617,685,90.1,5.19,476
flow,80,9,0.332,8250.0,8282.0,,,,,,,Activision,Adventure,32,617,685,90.1,5.19,476
flow,80,10,0.36,8250.0,8282.0,,,,,,,Activision,Adventure,32,617,685,90.1,5.19,476
flow,80,11,0.388,8250.0,8282.0,,,,,,,Activision,Adventure,32,617,685,90.1,5.19,476
flow,80,12,0.416,8250.0,8282.0,,,,,,,Activision,Adventure,32,617,685,90.1,5.19,476
flow,80,13,0.444,8250.0,8282.0,,,,,,,Activision,Adventure,32,617,685,90.1,5.19,476
flow,80,14,0.472,8250.0,8282.0,,,,,,,Activision,Adventure,32,617,685,90.1,5.19,476
flow,80,15,0.5,8250.0,8282.0,,,,,,,Activision,Adventure,32,617,685,90.1,5.19,476
flow,80,16,0.528,8250.0,8282.0,,,,,,,Activision,Adventure,32,617,685,90.1,5.19,476
flow,80,17,0.556,8250.0,8282.0,,,,,,,Activision,Adventure,32,617,685,90.1,5.19,476
flow,80,18,0.584,8250.0,8282.0,,,,,,,Activision,Adventure,32,617,685,90.1,5.19,476
flow,80,19,0.612,8250.0,8282.0,,,,,,,Activision,Adventure,32,617,685,90.1,5.19,476
flow,80,20,0.64,8250.0,8282.0,,,,,,,Activision,Adventure,32,617,685,90.1,5.19,476
flow,80,21,0.668,8250.0,8282.0,,,,,,,Activision,Adventure,32,617,685,90.1,5.19,476
flow,80,22,0.696,8250.0,8282.0,,,,,,,Activision,Adventure,32,617,685,90.1,5.19,476
flow,80,23,0.724,8250.0,8282.0,,,,,,,Activision,Adventure,32,617,685,90.1,5.19,476
flow,80,24,0.752,8250.0,8282.0,,,,,,,Activision,Adventure,32,617,685,90.1,5.19,476
flow,80,25,0.78,8250.0,8282.0,,,,,,,Activision,Adventure,32,617,685,90.1,5.19,476
flow,80,26,0.808,8250.0,8282.0,,,,,,,Activision,Adventure,32,617,685,90.1,5.19,476
flow,80,27,0.836,8250.0,8282.0,,,,,,,Activision,Adventure,32,617,685,90.1,5.19,476
flow,80,28,0.864,8250.0,8282.0,,,,,,,Activision,Adventure,32,617,685,90.1,5.19,476
flow,80,29,0.892,8250.0,8282.0,,,,,,,Activision,Adventure,32,617,685,90.1,5.19,476
flow,80,30,0.92,8250.0,8282.0,,,,,,,Activision,Adventure,32,617,685,90.1,5.19,476
publisher_node,,,,,,0.03,0.08,0.0,1311.0,0.025,655.5,Sega,,1311,1311,1486,88.2,,
publisher_node,,,,,,0.03,0.08,1381.0,2558.0,0.025,1969.5,Microsoft,,1177,1177,1268,92.8,,
publisher_node,,,,,,0.03,0.08,2628.0,3718.0,0.025,3173.0,Nintendo,,1090,1090,1217,89.6,,
publisher_node,,,,,,0.03,0.08,3788.0,4879.0,0.025,4333.5,Konami,,1091,1091,1172,93.1,,
publisher_node,,,,,,0.03,0.08,4949.0,5941.0,0.025,5445.0,Sony Computer Entertainment,,992,992,1093,90.8,,
publisher_node,,,,,,0.03,0.08,6011.0,6765.0,0.025,6388.0,Ubisoft,,754,754,862,87.5,,
publisher_node,,,,,,0.03,0.08,6835.0,7595.0,0.025,7215.0,Electronic Arts,,760,760,850,89.4,,
publisher_node,,,,,,0.03,0.08,7665.0,8282.0,0.025,7973.5,Activision,,617,617,685,90.1,,
genre_node,,,,,,0.92,0.97,0.0,1412.0,0.975,706.0,,Misc,1412,,,,,1412
genre_node,,,,,,0.92,0.97,1466.4444,2497.4444,0.975,1981.9444,,Sports,1031,,,,,1031
genre_node,,,,,,0.92,0.97,2551.8889,3572.8889,0.975,3062.3889,,Action,1021,,,,,1021
genre_node,,,,,,0.92,0.97,3627.3333,4518.3333,0.975,4072.8333,,Shooter,891,,,,,891
genre_node,,,,,,0.92,0.97,4572.7778,5276.7778,0.975,4924.7778,,Platform,704,,,,,704
genre_node,,,,,,0.92,0.97,5331.2222,5933.2222,0.975,5632.2222,,Role-Playing,602,,,,,602
genre_node,,,,,,0.92,0.97,5987.6667,6577.6667,0.975,6282.6667,,Simulation,590,,,,,590
genre_node,,,,,,0.92,0.97,6632.1111,7198.1111,0.975,6915.1111,,Puzzle,566,,,,,566
genre_node,,,,,,0.92,0.97,7252.5556,7751.5556,0.975,7502.0556,,Racing,499,,,,,499
genre_node,,,,,,0.92,0.97,7806.0,8282.0,0.975,8044.0,,Adventure,476,,,,,476
