row_type,link_id,publisher,genre,title_count,publisher_selected_total,genre_selected_total,publisher_share_pct,x,y0,y1,x1,x2,node_label,node_count,label_x,label_y
link,Konami → Sports,Konami,Sports,283,700,852,40.4286,0.08,0,6.3138,,,,,,
link,Konami → Sports,Konami,Sports,283,700,852,40.4286,0.108,0,6.3138,,,,,,
link,Konami → Sports,Konami,Sports,283,700,852,40.4286,0.136,0,6.3138,,,,,,
link,Konami → Sports,Konami,Sports,283,700,852,40.4286,0.164,0,6.3138,,,,,,
link,Konami → Sports,Konami,Sports,283,700,852,40.4286,0.192,0,6.3138,,,,,,
link,Konami → Sports,Konami,Sports,283,700,852,40.4286,0.22,0,6.3138,,,,,,
link,Konami → Sports,Konami,Sports,283,700,852,40.4286,0.248,0,6.3138,,,,,,
link,Konami → Sports,Konami,Sports,283,700,852,40.4286,0.276,0,6.3138,,,,,,
link,Konami → Sports,Konami,Sports,283,700,852,40.4286,0.304,0,6.3138,,,,,,
link,Konami → Sports,Konami,Sports,283,700,852,40.4286,0.332,0,6.3138,,,,,,
link,Konami → Sports,Konami,Sports,283,700,852,40.4286,0.36,0,6.3138,,,,,,
link,Konami → Sports,Konami,Sports,283,700,852,40.4286,0.388,0,6.3138,,,,,,
link,Konami → Sports,Konami,Sports,283,700,852,40.4286,0.416,0,6.3138,,,,,,
link,Konami → Sports,Konami,Sports,283,700,852,40.4286,0.444,0,6.3138,,,,,,
link,Konami → Sports,Konami,Sports,283,700,852,40.4286,0.472,0,6.3138,,,,,,
link,Konami → Sports,Konami,Sports,283,700,852,40.4286,0.5,0,6.3138,,,,,,
link,Konami → Sports,Konami,Sports,283,700,852,40.4286,0.528,0,6.3138,,,,,,
link,Konami → Sports,Konami,Sports,283,700,852,40.4286,0.556,0,6.3138,,,,,,
link,Konami → Sports,Konami,Sports,283,700,852,40.4286,0.584,0,6.3138,,,,,,
link,Konami → Sports,Konami,Sports,283,700,852,40.4286,0.612,0,6.3138,,,,,,
link,Konami → Sports,Konami,Sports,283,700,852,40.4286,0.64,0,6.3138,,,,,,
link,Konami → Sports,Konami,Sports,283,700,852,40.4286,0.668,0,6.3138,,,,,,
link,Konami → Sports,Konami,Sports,283,700,852,40.4286,0.696,0,6.3138,,,,,,
link,Konami → Sports,Konami,Sports,283,700,852,40.4286,0.724,0,6.3138,,,,,,
link,Konami → Sports,Konami,Sports,283,700,852,40.4286,0.752,0,6.3138,,,,,,
link,Konami → Sports,Konami,Sports,283,700,852,40.4286,0.78,0,6.3138,,,,,,
link,Konami → Sports,Konami,Sports,283,700,852,40.4286,0.808,0,6.3138,,,,,,
link,Konami → Sports,Konami,Sports,283,700,852,40.4286,0.836,0,6.3138,,,,,,
link,Konami → Sports,Konami,Sports,283,700,852,40.4286,0.864,0,6.3138,,,,,,
link,Konami → Sports,Konami,Sports,283,700,852,40.4286,0.892,0,6.3138,,,,,,
link,Konami → Sports,Konami,Sports,283,700,852,40.4286,0.92,0,6.3138,,,,,,
link,Konami → Action,Konami,Action,138,700,827,19.7143,0.08,6.3138,9.3927,,,,,,
link,Konami → Action,Konami,Action,138,700,827,19.7143,0.108,6.3617,9.4406,,,,,,
link,Konami → Action,Konami,Action,138,700,827,19.7143,0.136,6.5011,9.5799,,,,,,
link,Konami → Action,Konami,Action,138,700,827,19.7143,0.164,6.7253,9.8041,,,,,,
link,Konami → Action,Konami,Action,138,700,827,19.7143,0.192,7.0279,10.1067,,,,,,
link,Konami → Action,Konami,Action,138,700,827,19.7143,0.22,7.4023,10.4812,,,,,,
link,Konami → Action,Konami,Action,138,700,827,19.7143,0.248,7.8421,10.9209,,,,,,
link,Konami → Action,Konami,Action,138,700,827,19.7143,0.276,8.3406,11.4194,,,,,,
link,Konami → Action,Konami,Action,138,700,827,19.7143,0.304,8.8914,11.9702,,,,,,
link,Konami → Action,Konami,Action,138,700,827,19.7143,0.332,9.4879,12.5667,,,,,,
link,Konami → Action,Konami,Action,138,700,827,19.7143,0.36,10.1235,13.2024,,,,,,
link,Konami → Action,Konami,Action,138,700,827,19.7143,0.388,10.7919,13.8707,,,,,,
link,Konami → Action,Konami,Action,138,700,827,19.7143,0.416,11.4863,14.5652,,,,,,
link,Konami → Action,Konami,Action,138,700,827,19.7143,0.444,12.2004,15.2792,,,,,,
link,Konami → Action,Konami,Action,138,700,827,19.7143,0.472,12.9275,16.0063,,,,,,
link,Konami → Action,Konami,Action,138,700,827,19.7143,0.5,13.6611,16.74,,,,,,
link,Konami → Action,Konami,Action,138,700,827,19.7143,0.528,14.3948,17.4736,,,,,,
link,Konami → Action,Konami,Action,138,700,827,19.7143,0.556,15.1219,18.2007,,,,,,
link,Konami → Action,Konami,Action,138,700,827,19.7143,0.584,15.8359,18.9148,,,,,,
link,Konami → Action,Konami,Action,138,700,827,19.7143,0.612,16.5304,19.6092,,,,,,
link,Konami → Action,Konami,Action,138,700,827,19.7143,0.64,17.1987,20.2775,,,,,,
link,Konami → Action,Konami,Action,138,700,827,19.7143,0.668,17.8344,20.9132,,,,,,
link,Konami → Action,Konami,Action,138,700,827,19.7143,0.696,18.4309,21.5097,,,,,,
link,Konami → Action,Konami,Action,138,700,827,19.7143,0.724,18.9817,22.0605,,,,,,
link,Konami → Action,Konami,Action,138,700,827,19.7143,0.752,19.4802,22.559,,,,,,
link,Konami → Action,Konami,Action,138,700,827,19.7143,0.78,19.9199,22.9988,,,,,,
link,Konami → Action,Konami,Action,138,700,827,19.7143,0.808,20.2944,23.3732,,,,,,
link,Konami → Action,Konami,Action,138,700,827,19.7143,0.836,20.597,23.6758,,,,,,
link,Konami → Action,Konami,Action,138,700,827,19.7143,0.864,20.8212,23.9,,,,,,
link,Konami → Action,Konami,Action,138,700,827,19.7143,0.892,20.9605,24.0394,,,,,,
link,Konami → Action,Konami,Action,138,700,827,19.7143,0.92,21.0084,24.0873,,,,,,
link,Konami → Shooter,Konami,Shooter,87,700,651,12.4286,0.08,9.3927,11.3337,,,,,,
link,Konami → Shooter,Konami,Shooter,87,700,651,12.4286,0.108,9.4972,11.4382,,,,,,
link,Konami → Shooter,Konami,Shooter,87,700,651,12.4286,0.136,9.8012,11.7422,,,,,,
link,Konami → Shooter,Konami,Shooter,87,700,651,12.4286,0.164,10.2905,12.2315,,,,,,
link,Konami → Shooter,Konami,Shooter,87,700,651,12.4286,0.192,10.9509,12.8919,,,,,,
link,Konami → Shooter,Konami,Shooter,87,700,651,12.4286,0.22,11.768,13.709,,,,,,
link,Konami → Shooter,Konami,Shooter,87,700,651,12.4286,0.248,12.7276,14.6686,,,,,,
link,Konami → Shooter,Konami,Shooter,87,700,651,12.4286,0.276,13.8155,15.7565,,,,,,
link,Konami → Shooter,Konami,Shooter,87,700,651,12.4286,0.304,15.0174,16.9584,,,,,,
link,Konami → Shooter,Konami,Shooter,87,700,651,12.4286,0.332,16.319,18.26,,,,,,
link,Konami → Shooter,Konami,Shooter,87,700,651,12.4286,0.36,17.7062,19.6472,,,,,,
link,Konami → Shooter,Konami,Shooter,87,700,651,12.4286,0.388,19.1646,21.1056,,,,,,
link,Konami → Shooter,Konami,Shooter,87,700,651,12.4286,0.416,20.68,22.621,,,,,,
link,Konami → Shooter,Konami,Shooter,87,700,651,12.4286,0.444,22.2382,24.1792,,,,,,
link,Konami → Shooter,Konami,Shooter,87,700,651,12.4286,0.472,23.8249,25.7659,,,,,,
link,Konami → Shooter,Konami,Shooter,87,700,651,12.4286,0.5,25.4259,27.3669,,,,,,
link,Konami → Shooter,Konami,Shooter,87,700,651,12.4286,0.528,27.0268,28.9678,,,,,,
link,Konami → Shooter,Konami,Shooter,87,700,651,12.4286,0.556,28.6135,30.5545,,,,,,
link,Konami → Shooter,Konami,Shooter,87,700,651,12.4286,0.584,30.1717,32.1127,,,,,,
link,Konami → Shooter,Konami,Shooter,87,700,651,12.4286,0.612,31.6871,33.6281,,,,,,
link,Konami → Shooter,Konami,Shooter,87,700,651,12.4286,0.64,33.1456,35.0866,,,,,,
link,Konami → Shooter,Konami,Shooter,87,700,651,12.4286,0.668,34.5327,36.4737,,,,,,
link,Konami → Shooter,Konami,Shooter,87,700,651,12.4286,0.696,35.8344,37.7754,,,,,,
link,Konami → Shooter,Konami,Shooter,87,700,651,12.4286,0.724,37.0363,38.9773,,,,,,
link,Konami → Shooter,Konami,Shooter,87,700,651,12.4286,0.752,38.1242,40.0652,,,,,,
link,Konami → Shooter,Konami,Shooter,87,700,651,12.4286,0.78,39.0838,41.0248,,,,,,
link,Konami → Shooter,Konami,Shooter,87,700,651,12.4286,0.808,39.9009,41.8419,,,,,,
link,Konami → Shooter,Konami,Shooter,87,700,651,12.4286,0.836,40.5612,42.5022,,,,,,
link,Konami → Shooter,Konami,Shooter,87,700,651,12.4286,0.864,41.0505,42.9915,,,,,,
link,Konami → Shooter,Konami,Shooter,87,700,651,12.4286,0.892,41.3546,43.2956,,,,,,
link,Konami → Shooter,Konami,Shooter,87,700,651,12.4286,0.92,41.4591,43.4001,,,,,,
link,Konami → Platform,Konami,Platform,84,700,650,12,0.08,11.3337,13.2077,,,,,,
link,Konami → Platform,Konami,Platform,84,700,650,12,0.108,11.4857,13.3598,,,,,,
link,Konami → Platform,Konami,Platform,84,700,650,12,0.136,11.928,13.8021,,,,,,
link,Konami → Platform,Konami,Platform,84,700,650,12,0.164,12.6398,14.5139,,,,,,
link,Konami → Platform,Konami,Platform,84,700,650,12,0.192,13.6005,15.4746,,,,,,
link,Konami → Platform,Konami,Platform,84,700,650,12,0.22,14.7892,16.6633,,,,,,
link,Konami → Platform,Konami,Platform,84,700,650,12,0.248,16.1852,18.0593,,,,,,
link,Konami → Platform,Konami,Platform,84,700,650,12,0.276,17.7678,19.6419,,,,,,
link,Konami → Platform,Konami,Platform,84,700,650,12,0.304,19.5163,21.3904,,,,,,
link,Konami → Platform,Konami,Platform,84,700,650,12,0.332,21.41,23.284,,,,,,
link,Konami → Platform,Konami,Platform,84,700,650,12,0.36,23.428,25.302,,,,,,
link,Konami → Platform,Konami,Platform,84,700,650,12,0.388,25.5497,27.4237,,,,,,
link,Konami → Platform,Konami,Platform,84,700,650,12,0.416,27.7543,29.6284,,,,,,
link,Konami → Platform,Konami,Platform,84,700,650,12,0.444,30.0211,31.8952,,,,,,
link,Konami → Platform,Konami,Platform,84,700,650,12,0.472,32.3294,34.2035,,,,,,
link,Konami → Platform,Konami,Platform,84,700,650,12,0.5,34.6584,36.5325,,,,,,
link,Konami → Platform,Konami,Platform,84,700,650,12,0.528,36.9874,38.8615,,,,,,
link,Konami → Platform,Konami,Platform,84,700,650,12,0.556,39.2957,41.1698,,,,,,
link,Konami → Platform,Konami,Platform,84,700,650,12,0.584,41.5625,43.4366,,,,,,
link,Konami → Platform,Konami,Platform,84,700,650,12,0.612,43.7671,45.6412,,,,,,
link,Konami → Platform,Konami,Platform,84,700,650,12,0.64,45.8888,47.7629,,,,,,
link,Konami → Platform,Konami,Platform,84,700,650,12,0.668,47.9069,49.7809,,,,,,
link,Konami → Platform,Konami,Platform,84,700,650,12,0.696,49.8005,51.6745,,,,,,
link,Konami → Platform,Konami,Platform,84,700,650,12,0.724,51.549,53.423,,,,,,
link,Konami → Platform,Konami,Platform,84,700,650,12,0.752,53.1316,55.0057,,,,,,
link,Konami → Platform,Konami,Platform,84,700,650,12,0.78,54.5276,56.4017,,,,,,
link,Konami → Platform,Konami,Platform,84,700,650,12,0.808,55.7163,57.5904,,,,,,
link,Konami → Platform,Konami,Platform,84,700,650,12,0.836,56.677,58.551,,,,,,
link,Konami → Platform,Konami,Platform,84,700,650,12,0.864,57.3888,59.2629,,,,,,
link,Konami → Platform,Konami,Platform,84,700,650,12,0.892,57.8311,59.7052,,,,,,
link,Konami → Platform,Konami,Platform,84,700,650,12,0.92,57.9831,59.8572,,,,,,
link,Konami → Puzzle,Konami,Puzzle,31,700,535,4.4286,0.08,13.2077,13.8994,,,,,,
link,Konami → Puzzle,Konami,Puzzle,31,700,535,4.4286,0.108,13.4075,14.0991,,,,,,
link,Konami → Puzzle,Konami,Puzzle,31,700,535,4.4286,0.136,13.9885,14.6801,,,,,,
link,Konami → Puzzle,Konami,Puzzle,31,700,535,4.4286,0.164,14.9235,15.6151,,,,,,
link,Konami → Puzzle,Konami,Puzzle,31,700,535,4.4286,0.192,16.1853,16.877,,,,,,
link,Konami → Puzzle,Konami,Puzzle,31,700,535,4.4286,0.22,17.7468,18.4384,,,,,,
link,Konami → Puzzle,Konami,Puzzle,31,700,535,4.4286,0.248,19.5806,20.2722,,,,,,
link,Konami → Puzzle,Konami,Puzzle,31,700,535,4.4286,0.276,21.6594,22.3511,,,,,,
link,Konami → Puzzle,Konami,Puzzle,31,700,535,4.4286,0.304,23.9562,24.6478,,,,,,
link,Konami → Puzzle,Konami,Puzzle,31,700,535,4.4286,0.332,26.4436,27.1352,,,,,,
link,Konami → Puzzle,Konami,Puzzle,31,700,535,4.4286,0.36,29.0944,29.786,,,,,,
link,Konami → Puzzle,Konami,Puzzle,31,700,535,4.4286,0.388,31.8814,32.573,,,,,,
link,Konami → Puzzle,Konami,Puzzle,31,700,535,4.4286,0.416,34.7773,35.4689,,,,,,
link,Konami → Puzzle,Konami,Puzzle,31,700,535,4.4286,0.444,37.7549,38.4465,,,,,,
link,Konami → Puzzle,Konami,Puzzle,31,700,535,4.4286,0.472,40.787,41.4786,,,,,,
link,Konami → Puzzle,Konami,Puzzle,31,700,535,4.4286,0.5,43.8463,44.5379,,,,,,
link,Konami → Puzzle,Konami,Puzzle,31,700,535,4.4286,0.528,46.9056,47.5972,,,,,,
link,Konami → Puzzle,Konami,Puzzle,31,700,535,4.4286,0.556,49.9377,50.6293,,,,,,
link,Konami → Puzzle,Konami,Puzzle,31,700,535,4.4286,0.584,52.9153,53.6069,,,,,,
link,Konami → Puzzle,Konami,Puzzle,31,700,535,4.4286,0.612,55.8112,56.5029,,,,,,
link,Konami → Puzzle,Konami,Puzzle,31,700,535,4.4286,0.64,58.5982,59.2898,,,,,,
link,Konami → Puzzle,Konami,Puzzle,31,700,535,4.4286,0.668,61.249,61.9406,,,,,,
link,Konami → Puzzle,Konami,Puzzle,31,700,535,4.4286,0.696,63.7364,64.428,,,,,,
link,Konami → Puzzle,Konami,Puzzle,31,700,535,4.4286,0.724,66.0332,66.7248,,,,,,
link,Konami → Puzzle,Konami,Puzzle,31,700,535,4.4286,0.752,68.1121,68.8037,,,,,,
link,Konami → Puzzle,Konami,Puzzle,31,700,535,4.4286,0.78,69.9458,70.6375,,,,,,
link,Konami → Puzzle,Konami,Puzzle,31,700,535,4.4286,0.808,71.5073,72.1989,,,,,,
link,Konami → Puzzle,Konami,Puzzle,31,700,535,4.4286,0.836,72.7691,73.4607,,,,,,
link,Konami → Puzzle,Konami,Puzzle,31,700,535,4.4286,0.864,73.7042,74.3958,,,,,,
link,Konami → Puzzle,Konami,Puzzle,31,700,535,4.4286,0.892,74.2852,74.9768,,,,,,
link,Konami → Puzzle,Konami,Puzzle,31,700,535,4.4286,0.92,74.4849,75.1765,,,,,,
link,Konami → Role-Playing,Konami,Role-Playing,77,700,519,11,0.08,13.8994,15.6173,,,,,,
link,Konami → Role-Playing,Konami,Role-Playing,77,700,519,11,0.108,14.1422,15.8601,,,,,,
link,Konami → Role-Playing,Konami,Role-Playing,77,700,519,11,0.136,14.8488,16.5667,,,,,,
link,Konami → Role-Playing,Konami,Role-Playing,77,700,519,11,0.164,15.986,17.7039,,,,,,
link,Konami → Role-Playing,Konami,Role-Playing,77,700,519,11,0.192,17.5206,19.2384,,,,,,
link,Konami → Role-Playing,Konami,Role-Playing,77,700,519,11,0.22,19.4195,21.1374,,,,,,
link,Konami → Role-Playing,Konami,Role-Playing,77,700,519,11,0.248,21.6496,23.3675,,,,,,
link,Konami → Role-Playing,Konami,Role-Playing,77,700,519,11,0.276,24.1778,25.8957,,,,,,
link,Konami → Role-Playing,Konami,Role-Playing,77,700,519,11,0.304,26.971,28.6889,,,,,,
link,Konami → Role-Playing,Konami,Role-Playing,77,700,519,11,0.332,29.996,31.7139,,,,,,
link,Konami → Role-Playing,Konami,Role-Playing,77,700,519,11,0.36,33.2198,34.9377,,,,,,
link,Konami → Role-Playing,Konami,Role-Playing,77,700,519,11,0.388,36.6091,38.327,,,,,,
link,Konami → Role-Playing,Konami,Role-Playing,77,700,519,11,0.416,40.1309,41.8488,,,,,,
link,Konami → Role-Playing,Konami,Role-Playing,77,700,519,11,0.444,43.7521,45.47,,,,,,
link,Konami → Role-Playing,Konami,Role-Playing,77,700,519,11,0.472,47.4396,49.1575,,,,,,
link,Konami → Role-Playing,Konami,Role-Playing,77,700,519,11,0.5,51.1601,52.878,,,,,,
link,Konami → Role-Playing,Konami,Role-Playing,77,700,519,11,0.528,54.8807,56.5986,,,,,,
link,Konami → Role-Playing,Konami,Role-Playing,77,700,519,11,0.556,58.5681,60.286,,,,,,
link,Konami → Role-Playing,Konami,Role-Playing,77,700,519,11,0.584,62.1893,63.9072,,,,,,
link,Konami → Role-Playing,Konami,Role-Playing,77,700,519,11,0.612,65.7112,67.4291,,,,,,
link,Konami → Role-Playing,Konami,Role-Playing,77,700,519,11,0.64,69.1005,70.8184,,,,,,
link,Konami → Role-Playing,Konami,Role-Playing,77,700,519,11,0.668,72.3243,74.0422,,,,,,
link,Konami → Role-Playing,Konami,Role-Playing,77,700,519,11,0.696,75.3493,77.0672,,,,,,
link,Konami → Role-Playing,Konami,Role-Playing,77,700,519,11,0.724,78.1425,79.8604,,,,,,
link,Konami → Role-Playing,Konami,Role-Playing,77,700,519,11,0.752,80.6707,82.3886,,,,,,
link,Konami → Role-Playing,Konami,Role-Playing,77,700,519,11,0.78,82.9008,84.6187,,,,,,
link,Konami → Role-Playing,Konami,Role-Playing,77,700,519,11,0.808,84.7997,86.5176,,,,,,
link,Konami → Role-Playing,Konami,Role-Playing,77,700,519,11,0.836,86.3343,88.0522,,,,,,
link,Konami → Role-Playing,Konami,Role-Playing,77,700,519,11,0.864,87.4715,89.1894,,,,,,
link,Konami → Role-Playing,Konami,Role-Playing,77,700,519,11,0.892,88.178,89.8959,,,,,,
link,Konami → Role-Playing,Konami,Role-Playing,77,700,519,11,0.92,88.4209,90.1388,,,,,,
link,Ubisoft → Sports,Ubisoft,Sports,69,381,852,18.1102,0.08,17.6173,19.1567,,,,,,
link,Ubisoft → Sports,Ubisoft,Sports,69,381,852,18.1102,0.108,17.5804,19.1198,,,,,,
link,Ubisoft → Sports,Ubisoft,Sports,69,381,852,18.1102,0.136,17.4732,19.0127,,,,,,
link,Ubisoft → Sports,Ubisoft,Sports,69,381,852,18.1102,0.164,17.3008,18.8402,,,,,,
link,Ubisoft → Sports,Ubisoft,Sports,69,381,852,18.1102,0.192,17.068,18.6074,,,,,,
link,Ubisoft → Sports,Ubisoft,Sports,69,381,852,18.1102,0.22,16.78,18.3194,,,,,,
link,Ubisoft → Sports,Ubisoft,Sports,69,381,852,18.1102,0.248,16.4417,17.9811,,,,,,
link,Ubisoft → Sports,Ubisoft,Sports,69,381,852,18.1102,0.276,16.0582,17.5976,,,,,,
link,Ubisoft → Sports,Ubisoft,Sports,69,381,852,18.1102,0.304,15.6345,17.174,,,,,,
link,Ubisoft → Sports,Ubisoft,Sports,69,381,852,18.1102,0.332,15.1757,16.7151,,,,,,
link,Ubisoft → Sports,Ubisoft,Sports,69,381,852,18.1102,0.36,14.6867,16.2262,,,,,,
link,Ubisoft → Sports,Ubisoft,Sports,69,381,852,18.1102,0.388,14.1726,15.7121,,,,,,
link,Ubisoft → Sports,Ubisoft,Sports,69,381,852,18.1102,0.416,13.6384,15.1779,,,,,,
link,Ubisoft → Sports,Ubisoft,Sports,69,381,852,18.1102,0.444,13.0892,14.6286,,,,,,
link,Ubisoft → Sports,Ubisoft,Sports,69,381,852,18.1102,0.472,12.5299,14.0693,,,,,,
link,Ubisoft → Sports,Ubisoft,Sports,69,381,852,18.1102,0.5,11.9655,13.505,,,,,,
link,Ubisoft → Sports,Ubisoft,Sports,69,381,852,18.1102,0.528,11.4012,12.9406,,,,,,
link,Ubisoft → Sports,Ubisoft,Sports,69,381,852,18.1102,0.556,10.8419,12.3813,,,,,,
link,Ubisoft → Sports,Ubisoft,Sports,69,381,852,18.1102,0.584,10.2926,11.8321,,,,,,
link,Ubisoft → Sports,Ubisoft,Sports,69,381,852,18.1102,0.612,9.7584,11.2979,,,,,,
link,Ubisoft → Sports,Ubisoft,Sports,69,381,852,18.1102,0.64,9.2443,10.7838,,,,,,
link,Ubisoft → Sports,Ubisoft,Sports,69,381,852,18.1102,0.668,8.7554,10.2948,,,,,,
link,Ubisoft → Sports,Ubisoft,Sports,69,381,852,18.1102,0.696,8.2965,9.836,,,,,,
link,Ubisoft → Sports,Ubisoft,Sports,69,381,852,18.1102,0.724,7.8729,9.4123,,,,,,
link,Ubisoft → Sports,Ubisoft,Sports,69,381,852,18.1102,0.752,7.4894,9.0288,,,,,,
link,Ubisoft → Sports,Ubisoft,Sports,69,381,852,18.1102,0.78,7.1511,8.6905,,,,,,
link,Ubisoft → Sports,Ubisoft,Sports,69,381,852,18.1102,0.808,6.8631,8.4025,,,,,,
link,Ubisoft → Sports,Ubisoft,Sports,69,381,852,18.1102,0.836,6.6303,8.1697,,,,,,
link,Ubisoft → Sports,Ubisoft,Sports,69,381,852,18.1102,0.864,6.4578,7.9973,,,,,,
link,Ubisoft → Sports,Ubisoft,Sports,69,381,852,18.1102,0.892,6.3507,7.8901,,,,,,
link,Ubisoft → Sports,Ubisoft,Sports,69,381,852,18.1102,0.92,6.3138,7.8532,,,,,,
link,Ubisoft → Action,Ubisoft,Action,111,381,827,29.1339,0.08,19.1567,21.6331,,,,,,
link,Ubisoft → Action,Ubisoft,Action,111,381,827,29.1339,0.108,19.1727,21.6492,,,,,,
link,Ubisoft → Action,Ubisoft,Action,111,381,827,29.1339,0.136,19.2195,21.6959,,,,,,
link,Ubisoft → Action,Ubisoft,Action,111,381,827,29.1339,0.164,19.2947,21.7712,,,,,,
link,Ubisoft → Action,Ubisoft,Action,111,381,827,29.1339,0.192,19.3963,21.8727,,,,,,
link,Ubisoft → Action,Ubisoft,Action,111,381,827,29.1339,0.22,19.5219,21.9983,,,,,,
link,Ubisoft → Action,Ubisoft,Action,111,381,827,29.1339,0.248,19.6694,22.1459,,,,,,
link,Ubisoft → Action,Ubisoft,Action,111,381,827,29.1339,0.276,19.8367,22.3132,,,,,,
link,Ubisoft → Action,Ubisoft,Action,111,381,827,29.1339,0.304,20.0215,22.498,,,,,,
link,Ubisoft → Action,Ubisoft,Action,111,381,827,29.1339,0.332,20.2217,22.6981,,,,,,
link,Ubisoft → Action,Ubisoft,Action,111,381,827,29.1339,0.36,20.435,22.9114,,,,,,
link,Ubisoft → Action,Ubisoft,Action,111,381,827,29.1339,0.388,20.6592,23.1357,,,,,,
link,Ubisoft → Action,Ubisoft,Action,111,381,827,29.1339,0.416,20.8922,23.3687,,,,,,
link,Ubisoft → Action,Ubisoft,Action,111,381,827,29.1339,0.444,21.1318,23.6083,,,,,,
link,Ubisoft → Action,Ubisoft,Action,111,381,827,29.1339,0.472,21.3758,23.8522,,,,,,
link,Ubisoft → Action,Ubisoft,Action,111,381,827,29.1339,0.5,21.622,24.0984,,,,,,
link,Ubisoft → Action,Ubisoft,Action,111,381,827,29.1339,0.528,21.8681,24.3446,,,,,,
link,Ubisoft → Action,Ubisoft,Action,111,381,827,29.1339,0.556,22.1121,24.5886,,,,,,
link,Ubisoft → Action,Ubisoft,Action,111,381,827,29.1339,0.584,22.3517,24.8281,,,,,,
link,Ubisoft → Action,Ubisoft,Action,111,381,827,29.1339,0.612,22.5847,25.0612,,,,,,
link,Ubisoft → Action,Ubisoft,Action,111,381,827,29.1339,0.64,22.809,25.2854,,,,,,
link,Ubisoft → Action,Ubisoft,Action,111,381,827,29.1339,0.668,23.0223,25.4987,,,,,,
link,Ubisoft → Action,Ubisoft,Action,111,381,827,29.1339,0.696,23.2224,25.6988,,,,,,
link,Ubisoft → Action,Ubisoft,Action,111,381,827,29.1339,0.724,23.4072,25.8837,,,,,,
link,Ubisoft → Action,Ubisoft,Action,111,381,827,29.1339,0.752,23.5745,26.0509,,,,,,
link,Ubisoft → Action,Ubisoft,Action,111,381,827,29.1339,0.78,23.722,26.1985,,,,,,
link,Ubisoft → Action,Ubisoft,Action,111,381,827,29.1339,0.808,23.8477,26.3241,,,,,,
link,Ubisoft → Action,Ubisoft,Action,111,381,827,29.1339,0.836,23.9492,26.4257,,,,,,
link,Ubisoft → Action,Ubisoft,Action,111,381,827,29.1339,0.864,24.0244,26.5009,,,,,,
link,Ubisoft → Action,Ubisoft,Action,111,381,827,29.1339,0.892,24.0712,26.5476,,,,,,
link,Ubisoft → Action,Ubisoft,Action,111,381,827,29.1339,0.92,24.0873,26.5637,,,,,,
link,Ubisoft → Shooter,Ubisoft,Shooter,85,381,651,22.3097,0.08,21.6331,23.5295,,,,,,
link,Ubisoft → Shooter,Ubisoft,Shooter,85,381,651,22.3097,0.108,21.7041,23.6004,,,,,,
link,Ubisoft → Shooter,Ubisoft,Shooter,85,381,651,22.3097,0.136,21.9104,23.8068,,,,,,
link,Ubisoft → Shooter,Ubisoft,Shooter,85,381,651,22.3097,0.164,22.2426,24.139,,,,,,
link,Ubisoft → Shooter,Ubisoft,Shooter,85,381,651,22.3097,0.192,22.6908,24.5872,,,,,,
link,Ubisoft → Shooter,Ubisoft,Shooter,85,381,651,22.3097,0.22,23.2455,25.1419,,,,,,
link,Ubisoft → Shooter,Ubisoft,Shooter,85,381,651,22.3097,0.248,23.8969,25.7933,,,,,,
link,Ubisoft → Shooter,Ubisoft,Shooter,85,381,651,22.3097,0.276,24.6353,26.5317,,,,,,
link,Ubisoft → Shooter,Ubisoft,Shooter,85,381,651,22.3097,0.304,25.4512,27.3476,,,,,,
link,Ubisoft → Shooter,Ubisoft,Shooter,85,381,651,22.3097,0.332,26.3348,28.2312,,,,,,
link,Ubisoft → Shooter,Ubisoft,Shooter,85,381,651,22.3097,0.36,27.2764,29.1728,,,,,,
link,Ubisoft → Shooter,Ubisoft,Shooter,85,381,651,22.3097,0.388,28.2664,30.1628,,,,,,
link,Ubisoft → Shooter,Ubisoft,Shooter,85,381,651,22.3097,0.416,29.2951,31.1915,,,,,,
link,Ubisoft → Shooter,Ubisoft,Shooter,85,381,651,22.3097,0.444,30.3528,32.2492,,,,,,
link,Ubisoft → Shooter,Ubisoft,Shooter,85,381,651,22.3097,0.472,31.4299,33.3263,,,,,,
link,Ubisoft → Shooter,Ubisoft,Shooter,85,381,651,22.3097,0.5,32.5166,34.413,,,,,,
link,Ubisoft → Shooter,Ubisoft,Shooter,85,381,651,22.3097,0.528,33.6033,35.4997,,,,,,
link,Ubisoft → Shooter,Ubisoft,Shooter,85,381,651,22.3097,0.556,34.6804,36.5768,,,,,,
link,Ubisoft → Shooter,Ubisoft,Shooter,85,381,651,22.3097,0.584,35.7381,37.6345,,,,,,
link,Ubisoft → Shooter,Ubisoft,Shooter,85,381,651,22.3097,0.612,36.7668,38.6632,,,,,,
link,Ubisoft → Shooter,Ubisoft,Shooter,85,381,651,22.3097,0.64,37.7568,39.6532,,,,,,
link,Ubisoft → Shooter,Ubisoft,Shooter,85,381,651,22.3097,0.668,38.6984,40.5948,,,,,,
link,Ubisoft → Shooter,Ubisoft,Shooter,85,381,651,22.3097,0.696,39.582,41.4784,,,,,,
link,Ubisoft → Shooter,Ubisoft,Shooter,85,381,651,22.3097,0.724,40.3979,42.2942,,,,,,
link,Ubisoft → Shooter,Ubisoft,Shooter,85,381,651,22.3097,0.752,41.1363,43.0327,,,,,,
link,Ubisoft → Shooter,Ubisoft,Shooter,85,381,651,22.3097,0.78,41.7877,43.6841,,,,,,
link,Ubisoft → Shooter,Ubisoft,Shooter,85,381,651,22.3097,0.808,42.3424,44.2388,,,,,,
link,Ubisoft → Shooter,Ubisoft,Shooter,85,381,651,22.3097,0.836,42.7906,44.687,,,,,,
link,Ubisoft → Shooter,Ubisoft,Shooter,85,381,651,22.3097,0.864,43.1228,45.0192,,,,,,
link,Ubisoft → Shooter,Ubisoft,Shooter,85,381,651,22.3097,0.892,43.3292,45.2255,,,,,,
link,Ubisoft → Shooter,Ubisoft,Shooter,85,381,651,22.3097,0.92,43.4001,45.2965,,,,,,
link,Ubisoft → Platform,Ubisoft,Platform,54,381,650,14.1732,0.08,23.5295,24.7343,,,,,,
link,Ubisoft → Platform,Ubisoft,Platform,54,381,650,14.1732,0.108,23.6479,24.8527,,,,,,
link,Ubisoft → Platform,Ubisoft,Platform,54,381,650,14.1732,0.136,23.9923,25.1971,,,,,,
link,Ubisoft → Platform,Ubisoft,Platform,54,381,650,14.1732,0.164,24.5467,25.7514,,,,,,
link,Ubisoft → Platform,Ubisoft,Platform,54,381,650,14.1732,0.192,25.2948,26.4995,,,,,,
link,Ubisoft → Platform,Ubisoft,Platform,54,381,650,14.1732,0.22,26.2204,27.4252,,,,,,
link,Ubisoft → Platform,Ubisoft,Platform,54,381,650,14.1732,0.248,27.3076,28.5123,,,,,,
link,Ubisoft → Platform,Ubisoft,Platform,54,381,650,14.1732,0.276,28.54,29.7448,,,,,,
link,Ubisoft → Platform,Ubisoft,Platform,54,381,650,14.1732,0.304,29.9016,31.1064,,,,,,
link,Ubisoft → Platform,Ubisoft,Platform,54,381,650,14.1732,0.332,31.3763,32.581,,,,,,
link,Ubisoft → Platform,Ubisoft,Platform,54,381,650,14.1732,0.36,32.9478,34.1526,,,,,,
link,Ubisoft → Platform,Ubisoft,Platform,54,381,650,14.1732,0.388,34.6,35.8048,,,,,,
link,Ubisoft → Platform,Ubisoft,Platform,54,381,650,14.1732,0.416,36.3169,37.5216,,,,,,
link,Ubisoft → Platform,Ubisoft,Platform,54,381,650,14.1732,0.444,38.0821,39.2869,,,,,,
link,Ubisoft → Platform,Ubisoft,Platform,54,381,650,14.1732,0.472,39.8797,41.0844,,,,,,
link,Ubisoft → Platform,Ubisoft,Platform,54,381,650,14.1732,0.5,41.6934,42.8981,,,,,,
link,Ubisoft → Platform,Ubisoft,Platform,54,381,650,14.1732,0.528,43.5071,44.7118,,,,,,
link,Ubisoft → Platform,Ubisoft,Platform,54,381,650,14.1732,0.556,45.3046,46.5094,,,,,,
link,Ubisoft → Platform,Ubisoft,Platform,54,381,650,14.1732,0.584,47.0699,48.2746,,,,,,
link,Ubisoft → Platform,Ubisoft,Platform,54,381,650,14.1732,0.612,48.7867,49.9914,,,,,,
link,Ubisoft → Platform,Ubisoft,Platform,54,381,650,14.1732,0.64,50.4389,51.6437,,,,,,
link,Ubisoft → Platform,Ubisoft,Platform,54,381,650,14.1732,0.668,52.0104,53.2152,,,,,,
link,Ubisoft → Platform,Ubisoft,Platform,54,381,650,14.1732,0.696,53.4851,54.6898,,,,,,
link,Ubisoft → Platform,Ubisoft,Platform,54,381,650,14.1732,0.724,54.8467,56.0514,,,,,,
link,Ubisoft → Platform,Ubisoft,Platform,54,381,650,14.1732,0.752,56.0791,57.2839,,,,,,
link,Ubisoft → Platform,Ubisoft,Platform,54,381,650,14.1732,0.78,57.1663,58.371,,,,,,
link,Ubisoft → Platform,Ubisoft,Platform,54,381,650,14.1732,0.808,58.092,59.2967,,,,,,
link,Ubisoft → Platform,Ubisoft,Platform,54,381,650,14.1732,0.836,58.84,60.0448,,,,,,
link,Ubisoft → Platform,Ubisoft,Platform,54,381,650,14.1732,0.864,59.3944,60.5991,,,,,,
link,Ubisoft → Platform,Ubisoft,Platform,54,381,650,14.1732,0.892,59.7388,60.9436,,,,,,
link,Ubisoft → Platform,Ubisoft,Platform,54,381,650,14.1732,0.92,59.8572,61.062,,,,,,
link,Ubisoft → Puzzle,Ubisoft,Puzzle,34,381,535,8.9239,0.08,24.7343,25.4928,,,,,,
link,Ubisoft → Puzzle,Ubisoft,Puzzle,34,381,535,8.9239,0.108,24.8987,25.6572,,,,,,
link,Ubisoft → Puzzle,Ubisoft,Puzzle,34,381,535,8.9239,0.136,25.3769,26.1355,,,,,,
link,Ubisoft → Puzzle,Ubisoft,Puzzle,34,381,535,8.9239,0.164,26.1466,26.9052,,,,,,
link,Ubisoft → Puzzle,Ubisoft,Puzzle,34,381,535,8.9239,0.192,27.1854,27.9439,,,,,,
link,Ubisoft → Puzzle,Ubisoft,Puzzle,34,381,535,8.9239,0.22,28.4707,29.2293,,,,,,
link,Ubisoft → Puzzle,Ubisoft,Puzzle,34,381,535,8.9239,0.248,29.9803,30.7388,,,,,,
link,Ubisoft → Puzzle,Ubisoft,Puzzle,34,381,535,8.9239,0.276,31.6916,32.4501,,,,,,
link,Ubisoft → Puzzle,Ubisoft,Puzzle,34,381,535,8.9239,0.304,33.5822,34.3408,,,,,,
link,Ubisoft → Puzzle,Ubisoft,Puzzle,34,381,535,8.9239,0.332,35.6298,36.3883,,,,,,
link,Ubisoft → Puzzle,Ubisoft,Puzzle,34,381,535,8.9239,0.36,37.8119,38.5704,,,,,,
link,Ubisoft → Puzzle,Ubisoft,Puzzle,34,381,535,8.9239,0.388,40.1061,40.8646,,,,,,
link,Ubisoft → Puzzle,Ubisoft,Puzzle,34,381,535,8.9239,0.416,42.4899,43.2485,,,,,,
link,Ubisoft → Puzzle,Ubisoft,Puzzle,34,381,535,8.9239,0.444,44.941,45.6996,,,,,,
link,Ubisoft → Puzzle,Ubisoft,Puzzle,34,381,535,8.9239,0.472,47.437,48.1956,,,,,,
link,Ubisoft → Puzzle,Ubisoft,Puzzle,34,381,535,8.9239,0.5,49.9554,50.7139,,,,,,
link,Ubisoft → Puzzle,Ubisoft,Puzzle,34,381,535,8.9239,0.528,52.4738,53.2323,,,,,,
link,Ubisoft → Puzzle,Ubisoft,Puzzle,34,381,535,8.9239,0.556,54.9697,55.7283,,,,,,
link,Ubisoft → Puzzle,Ubisoft,Puzzle,34,381,535,8.9239,0.584,57.4208,58.1794,,,,,,
link,Ubisoft → Puzzle,Ubisoft,Puzzle,34,381,535,8.9239,0.612,59.8047,60.5632,,,,,,
link,Ubisoft → Puzzle,Ubisoft,Puzzle,34,381,535,8.9239,0.64,62.0989,62.8574,,,,,,
link,Ubisoft → Puzzle,Ubisoft,Puzzle,34,381,535,8.9239,0.668,64.281,65.0395,,,,,,
link,Ubisoft → Puzzle,Ubisoft,Puzzle,34,381,535,8.9239,0.696,66.3286,67.0871,,,,,,
link,Ubisoft → Puzzle,Ubisoft,Puzzle,34,381,535,8.9239,0.724,68.2192,68.9778,,,,,,
link,Ubisoft → Puzzle,Ubisoft,Puzzle,34,381,535,8.9239,0.752,69.9305,70.6891,,,,,,
link,Ubisoft → Puzzle,Ubisoft,Puzzle,34,381,535,8.9239,0.78,71.44,72.1986,,,,,,
link,Ubisoft → Puzzle,Ubisoft,Puzzle,34,381,535,8.9239,0.808,72.7254,73.4839,,,,,,
link,Ubisoft → Puzzle,Ubisoft,Puzzle,34,381,535,8.9239,0.836,73.7641,74.5227,,,,,,
link,Ubisoft → Puzzle,Ubisoft,Puzzle,34,381,535,8.9239,0.864,74.5338,75.2924,,,,,,
link,Ubisoft → Puzzle,Ubisoft,Puzzle,34,381,535,8.9239,0.892,75.0121,75.7706,,,,,,
link,Ubisoft → Puzzle,Ubisoft,Puzzle,34,381,535,8.9239,0.92,75.1765,75.9351,,,,,,
link,Ubisoft → Role-Playing,Ubisoft,Role-Playing,28,381,519,7.3491,0.08,25.4928,26.1175,,,,,,
link,Ubisoft → Role-Playing,Ubisoft,Role-Playing,28,381,519,7.3491,0.108,25.7035,26.3282,,,,,,
link,Ubisoft → Role-Playing,Ubisoft,Role-Playing,28,381,519,7.3491,0.136,26.3164,26.9411,,,,,,
link,Ubisoft → Role-Playing,Ubisoft,Role-Playing,28,381,519,7.3491,0.164,27.3029,27.9276,,,,,,
link,Ubisoft → Role-Playing,Ubisoft,Role-Playing,28,381,519,7.3491,0.192,28.6341,29.2588,,,,,,
link,Ubisoft → Role-Playing,Ubisoft,Role-Playing,28,381,519,7.3491,0.22,30.2814,30.9061,,,,,,
link,Ubisoft → Role-Playing,Ubisoft,Role-Playing,28,381,519,7.3491,0.248,32.216,32.8407,,,,,,
link,Ubisoft → Role-Playing,Ubisoft,Role-Playing,28,381,519,7.3491,0.276,34.4092,35.0339,,,,,,
link,Ubisoft → Role-Playing,Ubisoft,Role-Playing,28,381,519,7.3491,0.304,36.8322,37.4569,,,,,,
link,Ubisoft → Role-Playing,Ubisoft,Role-Playing,28,381,519,7.3491,0.332,39.4563,40.081,,,,,,
link,Ubisoft → Role-Playing,Ubisoft,Role-Playing,28,381,519,7.3491,0.36,42.2529,42.8776,,,,,,
link,Ubisoft → Role-Playing,Ubisoft,Role-Playing,28,381,519,7.3491,0.388,45.1931,45.8178,,,,,,
link,Ubisoft → Role-Playing,Ubisoft,Role-Playing,28,381,519,7.3491,0.416,48.2482,48.8729,,,,,,
link,Ubisoft → Role-Playing,Ubisoft,Role-Playing,28,381,519,7.3491,0.444,51.3895,52.0142,,,,,,
link,Ubisoft → Role-Playing,Ubisoft,Role-Playing,28,381,519,7.3491,0.472,54.5883,55.213,,,,,,
link,Ubisoft → Role-Playing,Ubisoft,Role-Playing,28,381,519,7.3491,0.5,57.8158,58.4405,,,,,,
link,Ubisoft → Role-Playing,Ubisoft,Role-Playing,28,381,519,7.3491,0.528,61.0433,61.668,,,,,,
link,Ubisoft → Role-Playing,Ubisoft,Role-Playing,28,381,519,7.3491,0.556,64.2421,64.8668,,,,,,
link,Ubisoft → Role-Playing,Ubisoft,Role-Playing,28,381,519,7.3491,0.584,67.3834,68.0081,,,,,,
link,Ubisoft → Role-Playing,Ubisoft,Role-Playing,28,381,519,7.3491,0.612,70.4385,71.0632,,,,,,
link,Ubisoft → Role-Playing,Ubisoft,Role-Playing,28,381,519,7.3491,0.64,73.3787,74.0034,,,,,,
link,Ubisoft → Role-Playing,Ubisoft,Role-Playing,28,381,519,7.3491,0.668,76.1753,76.8,,,,,,
link,Ubisoft → Role-Playing,Ubisoft,Role-Playing,28,381,519,7.3491,0.696,78.7994,79.4241,,,,,,
link,Ubisoft → Role-Playing,Ubisoft,Role-Playing,28,381,519,7.3491,0.724,81.2225,81.8471,,,,,,
link,Ubisoft → Role-Playing,Ubisoft,Role-Playing,28,381,519,7.3491,0.752,83.4156,84.0403,,,,,,
link,Ubisoft → Role-Playing,Ubisoft,Role-Playing,28,381,519,7.3491,0.78,85.3502,85.9749,,,,,,
link,Ubisoft → Role-Playing,Ubisoft,Role-Playing,28,381,519,7.3491,0.808,86.9975,87.6222,,,,,,
link,Ubisoft → Role-Playing,Ubisoft,Role-Playing,28,381,519,7.3491,0.836,88.3287,88.9534,,,,,,
link,Ubisoft → Role-Playing,Ubisoft,Role-Playing,28,381,519,7.3491,0.864,89.3152,89.9399,,,,,,
link,Ubisoft → Role-Playing,Ubisoft,Role-Playing,28,381,519,7.3491,0.892,89.9281,90.5528,,,,,,
link,Ubisoft → Role-Playing,Ubisoft,Role-Playing,28,381,519,7.3491,0.92,90.1388,90.7635,,,,,,
link,Sega → Sports,Sega,Sports,238,936,852,25.4274,0.08,28.1175,33.4274,,,,,,
link,Sega → Sports,Sega,Sports,238,936,852,25.4274,0.108,28.0515,33.3613,,,,,,
link,Sega → Sports,Sega,Sports,238,936,852,25.4274,0.136,27.8593,33.1692,,,,,,
link,Sega → Sports,Sega,Sports,238,936,852,25.4274,0.164,27.5501,32.86,,,,,,
link,Sega → Sports,Sega,Sports,238,936,852,25.4274,0.192,27.1328,32.4427,,,,,,
link,Sega → Sports,Sega,Sports,238,936,852,25.4274,0.22,26.6164,31.9263,,,,,,
link,Sega → Sports,Sega,Sports,238,936,852,25.4274,0.248,26.01,31.3199,,,,,,
link,Sega → Sports,Sega,Sports,238,936,852,25.4274,0.276,25.3225,30.6324,,,,,,
link,Sega → Sports,Sega,Sports,238,936,852,25.4274,0.304,24.563,29.8729,,,,,,
link,Sega → Sports,Sega,Sports,238,936,852,25.4274,0.332,23.7404,29.0503,,,,,,
link,Sega → Sports,Sega,Sports,238,936,852,25.4274,0.36,22.8638,28.1737,,,,,,
link,Sega → Sports,Sega,Sports,238,936,852,25.4274,0.388,21.9422,27.252,,,,,,
link,Sega → Sports,Sega,Sports,238,936,852,25.4274,0.416,20.9845,26.2944,,,,,,
link,Sega → Sports,Sega,Sports,238,936,852,25.4274,0.444,19.9998,25.3097,,,,,,
link,Sega → Sports,Sega,Sports,238,936,852,25.4274,0.472,18.9971,24.307,,,,,,
link,Sega → Sports,Sega,Sports,238,936,852,25.4274,0.5,17.9854,23.2952,,,,,,
link,Sega → Sports,Sega,Sports,238,936,852,25.4274,0.528,16.9737,22.2835,,,,,,
link,Sega → Sports,Sega,Sports,238,936,852,25.4274,0.556,15.971,21.2808,,,,,,
link,Sega → Sports,Sega,Sports,238,936,852,25.4274,0.584,14.9863,20.2961,,,,,,
link,Sega → Sports,Sega,Sports,238,936,852,25.4274,0.612,14.0286,19.3385,,,,,,
link,Sega → Sports,Sega,Sports,238,936,852,25.4274,0.64,13.1069,18.4168,,,,,,
link,Sega → Sports,Sega,Sports,238,936,852,25.4274,0.668,12.2303,17.5402,,,,,,
link,Sega → Sports,Sega,Sports,238,936,852,25.4274,0.696,11.4077,16.7176,,,,,,
link,Sega → Sports,Sega,Sports,238,936,852,25.4274,0.724,10.6482,15.9581,,,,,,
link,Sega → Sports,Sega,Sports,238,936,852,25.4274,0.752,9.9607,15.2706,,,,,,
link,Sega → Sports,Sega,Sports,238,936,852,25.4274,0.78,9.3543,14.6642,,,,,,
link,Sega → Sports,Sega,Sports,238,936,852,25.4274,0.808,8.8379,14.1478,,,,,,
link,Sega → Sports,Sega,Sports,238,936,852,25.4274,0.836,8.4206,13.7305,,,,,,
link,Sega → Sports,Sega,Sports,238,936,852,25.4274,0.864,8.1114,13.4213,,,,,,
link,Sega → Sports,Sega,Sports,238,936,852,25.4274,0.892,7.9193,13.2292,,,,,,
link,Sega → Sports,Sega,Sports,238,936,852,25.4274,0.92,7.8532,13.1631,,,,,,
link,Sega → Action,Sega,Action,173,936,827,18.4829,0.08,33.4274,37.2871,,,,,,
link,Sega → Action,Sega,Action,173,936,827,18.4829,0.108,33.405,37.2647,,,,,,
link,Sega → Action,Sega,Action,173,936,827,18.4829,0.136,33.3399,37.1996,,,,,,
link,Sega → Action,Sega,Action,173,936,827,18.4829,0.164,33.2352,37.0949,,,,,,
link,Sega → Action,Sega,Action,173,936,827,18.4829,0.192,33.0938,36.9535,,,,,,
link,Sega → Action,Sega,Action,173,936,827,18.4829,0.22,32.9189,36.7786,,,,,,
link,Sega → Action,Sega,Action,173,936,827,18.4829,0.248,32.7135,36.5732,,,,,,
link,Sega → Action,Sega,Action,173,936,827,18.4829,0.276,32.4807,36.3404,,,,,,
link,Sega → Action,Sega,Action,173,936,827,18.4829,0.304,32.2234,36.0831,,,,,,
link,Sega → Action,Sega,Action,173,936,827,18.4829,0.332,31.9448,35.8045,,,,,,
link,Sega → Action,Sega,Action,173,936,827,18.4829,0.36,31.6479,35.5076,,,,,,
link,Sega → Action,Sega,Action,173,936,827,18.4829,0.388,31.3357,35.1954,,,,,,
link,Sega → Action,Sega,Action,173,936,827,18.4829,0.416,31.0114,34.8711,,,,,,
link,Sega → Action,Sega,Action,173,936,827,18.4829,0.444,30.6778,34.5375,,,,,,
link,Sega → Action,Sega,Action,173,936,827,18.4829,0.472,30.3382,34.1979,,,,,,
link,Sega → Action,Sega,Action,173,936,827,18.4829,0.5,29.9955,33.8552,,,,,,
link,Sega → Action,Sega,Action,173,936,827,18.4829,0.528,29.6529,33.5126,,,,,,
link,Sega → Action,Sega,Action,173,936,827,18.4829,0.556,29.3132,33.1729,,,,,,
link,Sega → Action,Sega,Action,173,936,827,18.4829,0.584,28.9797,32.8394,,,,,,
link,Sega → Action,Sega,Action,173,936,827,18.4829,0.612,28.6553,32.515,,,,,,
link,Sega → Action,Sega,Action,173,936,827,18.4829,0.64,28.3432,32.2029,,,,,,
link,Sega → Action,Sega,Action,173,936,827,18.4829,0.668,28.0463,31.906,,,,,,
link,Sega → Action,Sega,Action,173,936,827,18.4829,0.696,27.7676,31.6273,,,,,,
link,Sega → Action,Sega,Action,173,936,827,18.4829,0.724,27.5104,31.3701,,,,,,
link,Sega → Action,Sega,Action,173,936,827,18.4829,0.752,27.2775,31.1372,,,,,,
link,Sega → Action,Sega,Action,173,936,827,18.4829,0.78,27.0721,30.9318,,,,,,
link,Sega → Action,Sega,Action,173,936,827,18.4829,0.808,26.8972,30.7569,,,,,,
link,Sega → Action,Sega,Action,173,936,827,18.4829,0.836,26.7559,30.6156,,,,,,
link,Sega → Action,Sega,Action,173,936,827,18.4829,0.864,26.6512,30.5108,,,,,,
link,Sega → Action,Sega,Action,173,936,827,18.4829,0.892,26.5861,30.4458,,,,,,
link,Sega → Action,Sega,Action,173,936,827,18.4829,0.92,26.5637,30.4234,,,,,,
link,Sega → Shooter,Sega,Shooter,142,936,651,15.1709,0.08,37.2871,40.4551,,,,,,
link,Sega → Shooter,Sega,Shooter,142,936,651,15.1709,0.108,37.3132,40.4812,,,,,,
link,Sega → Shooter,Sega,Shooter,142,936,651,15.1709,0.136,37.3891,40.5572,,,,,,
link,Sega → Shooter,Sega,Shooter,142,936,651,15.1709,0.164,37.5113,40.6794,,,,,,
link,Sega → Shooter,Sega,Shooter,142,936,651,15.1709,0.192,37.6763,40.8443,,,,,,
link,Sega → Shooter,Sega,Shooter,142,936,651,15.1709,0.22,37.8804,41.0484,,,,,,
link,Sega → Shooter,Sega,Shooter,142,936,651,15.1709,0.248,38.12,41.2881,,,,,,
link,Sega → Shooter,Sega,Shooter,142,936,651,15.1709,0.276,38.3918,41.5598,,,,,,
link,Sega → Shooter,Sega,Shooter,142,936,651,15.1709,0.304,38.692,41.86,,,,,,
link,Sega → Shooter,Sega,Shooter,142,936,651,15.1709,0.332,39.0171,42.1852,,,,,,
link,Sega → Shooter,Sega,Shooter,142,936,651,15.1709,0.36,39.3636,42.5316,,,,,,
link,Sega → Shooter,Sega,Shooter,142,936,651,15.1709,0.388,39.7279,42.8959,,,,,,
link,Sega → Shooter,Sega,Shooter,142,936,651,15.1709,0.416,40.1064,43.2744,,,,,,
link,Sega → Shooter,Sega,Shooter,142,936,651,15.1709,0.444,40.4956,43.6636,,,,,,
link,Sega → Shooter,Sega,Shooter,142,936,651,15.1709,0.472,40.8919,44.06,,,,,,
link,Sega → Shooter,Sega,Shooter,142,936,651,15.1709,0.5,41.2918,44.4598,,,,,,
link,Sega → Shooter,Sega,Shooter,142,936,651,15.1709,0.528,41.6916,44.8597,,,,,,
link,Sega → Shooter,Sega,Shooter,142,936,651,15.1709,0.556,42.088,45.256,,,,,,
link,Sega → Shooter,Sega,Shooter,142,936,651,15.1709,0.584,42.4772,45.6452,,,,,,
link,Sega → Shooter,Sega,Shooter,142,936,651,15.1709,0.612,42.8557,46.0238,,,,,,
link,Sega → Shooter,Sega,Shooter,142,936,651,15.1709,0.64,43.22,46.388,,,,,,
link,Sega → Shooter,Sega,Shooter,142,936,651,15.1709,0.668,43.5664,46.7345,,,,,,
link,Sega → Shooter,Sega,Shooter,142,936,651,15.1709,0.696,43.8916,47.0596,,,,,,
link,Sega → Shooter,Sega,Shooter,142,936,651,15.1709,0.724,44.1918,47.3598,,,,,,
link,Sega → Shooter,Sega,Shooter,142,936,651,15.1709,0.752,44.4635,47.6316,,,,,,
link,Sega → Shooter,Sega,Shooter,142,936,651,15.1709,0.78,44.7032,47.8713,,,,,,
link,Sega → Shooter,Sega,Shooter,142,936,651,15.1709,0.808,44.9073,48.0754,,,,,,
link,Sega → Shooter,Sega,Shooter,142,936,651,15.1709,0.836,45.0722,48.2403,,,,,,
link,Sega → Shooter,Sega,Shooter,142,936,651,15.1709,0.864,45.1944,48.3625,,,,,,
link,Sega → Shooter,Sega,Shooter,142,936,651,15.1709,0.892,45.2704,48.4384,,,,,,
link,Sega → Shooter,Sega,Shooter,142,936,651,15.1709,0.92,45.2965,48.4646,,,,,,
link,Sega → Platform,Sega,Platform,178,936,650,19.0171,0.08,40.4551,44.4264,,,,,,
link,Sega → Platform,Sega,Platform,178,936,650,19.0171,0.108,40.5223,44.4935,,,,,,
link,Sega → Platform,Sega,Platform,178,936,650,19.0171,0.136,40.7177,44.6889,,,,,,
link,Sega → Platform,Sega,Platform,178,936,650,19.0171,0.164,41.0321,45.0034,,,,,,
link,Sega → Platform,Sega,Platform,178,936,650,19.0171,0.192,41.4565,45.4277,,,,,,
link,Sega → Platform,Sega,Platform,178,936,650,19.0171,0.22,41.9816,45.9528,,,,,,
link,Sega → Platform,Sega,Platform,178,936,650,19.0171,0.248,42.5982,46.5695,,,,,,
link,Sega → Platform,Sega,Platform,178,936,650,19.0171,0.276,43.2973,47.2686,,,,,,
link,Sega → Platform,Sega,Platform,178,936,650,19.0171,0.304,44.0697,48.041,,,,,,
link,Sega → Platform,Sega,Platform,178,936,650,19.0171,0.332,44.9062,48.8775,,,,,,
link,Sega → Platform,Sega,Platform,178,936,650,19.0171,0.36,45.7976,49.7689,,,,,,
link,Sega → Platform,Sega,Platform,178,936,650,19.0171,0.388,46.7349,50.7061,,,,,,
link,Sega → Platform,Sega,Platform,178,936,650,19.0171,0.416,47.7087,51.68,,,,,,
link,Sega → Platform,Sega,Platform,178,936,650,19.0171,0.444,48.7101,52.6813,,,,,,
link,Sega → Platform,Sega,Platform,178,936,650,19.0171,0.472,49.7297,53.701,,,,,,
link,Sega → Platform,Sega,Platform,178,936,650,19.0171,0.5,50.7586,54.7298,,,,,,
link,Sega → Platform,Sega,Platform,178,936,650,19.0171,0.528,51.7874,55.7586,,,,,,
link,Sega → Platform,Sega,Platform,178,936,650,19.0171,0.556,52.807,56.7783,,,,,,
link,Sega → Platform,Sega,Platform,178,936,650,19.0171,0.584,53.8084,57.7796,,,,,,
link,Sega → Platform,Sega,Platform,178,936,650,19.0171,0.612,54.7822,58.7535,,,,,,
link,Sega → Platform,Sega,Platform,178,936,650,19.0171,0.64,55.7195,59.6907,,,,,,
link,Sega → Platform,Sega,Platform,178,936,650,19.0171,0.668,56.6109,60.5821,,,,,,
link,Sega → Platform,Sega,Platform,178,936,650,19.0171,0.696,57.4474,61.4186,,,,,,
link,Sega → Platform,Sega,Platform,178,936,650,19.0171,0.724,58.2198,62.191,,,,,,
link,Sega → Platform,Sega,Platform,178,936,650,19.0171,0.752,58.9189,62.8901,,,,,,
link,Sega → Platform,Sega,Platform,178,936,650,19.0171,0.78,59.5355,63.5068,,,,,,
link,Sega → Platform,Sega,Platform,178,936,650,19.0171,0.808,60.0606,64.0319,,,,,,
link,Sega → Platform,Sega,Platform,178,936,650,19.0171,0.836,60.485,64.4562,,,,,,
link,Sega → Platform,Sega,Platform,178,936,650,19.0171,0.864,60.7994,64.7707,,,,,,
link,Sega → Platform,Sega,Platform,178,936,650,19.0171,0.892,60.9948,64.9661,,,,,,
link,Sega → Platform,Sega,Platform,178,936,650,19.0171,0.92,61.062,65.0332,,,,,,
link,Sega → Puzzle,Sega,Puzzle,65,936,535,6.9444,0.08,44.4264,45.8765,,,,,,
link,Sega → Puzzle,Sega,Puzzle,65,936,535,6.9444,0.108,44.5291,45.9792,,,,,,
link,Sega → Puzzle,Sega,Puzzle,65,936,535,6.9444,0.136,44.8278,46.278,,,,,,
link,Sega → Puzzle,Sega,Puzzle,65,936,535,6.9444,0.164,45.3086,46.7588,,,,,,
link,Sega → Puzzle,Sega,Puzzle,65,936,535,6.9444,0.192,45.9575,47.4076,,,,,,
link,Sega → Puzzle,Sega,Puzzle,65,936,535,6.9444,0.22,46.7604,48.2105,,,,,,
link,Sega → Puzzle,Sega,Puzzle,65,936,535,6.9444,0.248,47.7033,49.1535,,,,,,
link,Sega → Puzzle,Sega,Puzzle,65,936,535,6.9444,0.276,48.7722,50.2224,,,,,,
link,Sega → Puzzle,Sega,Puzzle,65,936,535,6.9444,0.304,49.9532,51.4034,,,,,,
link,Sega → Puzzle,Sega,Puzzle,65,936,535,6.9444,0.332,51.2322,52.6824,,,,,,
link,Sega → Puzzle,Sega,Puzzle,65,936,535,6.9444,0.36,52.5953,54.0455,,,,,,
link,Sega → Puzzle,Sega,Puzzle,65,936,535,6.9444,0.388,54.0284,55.4785,,,,,,
link,Sega → Puzzle,Sega,Puzzle,65,936,535,6.9444,0.416,55.5174,56.9676,,,,,,
link,Sega → Puzzle,Sega,Puzzle,65,936,535,6.9444,0.444,57.0485,58.4987,,,,,,
link,Sega → Puzzle,Sega,Puzzle,65,936,535,6.9444,0.472,58.6076,60.0578,,,,,,
link,Sega → Puzzle,Sega,Puzzle,65,936,535,6.9444,0.5,60.1807,61.6309,,,,,,
link,Sega → Puzzle,Sega,Puzzle,65,936,535,6.9444,0.528,61.7538,63.204,,,,,,
link,Sega → Puzzle,Sega,Puzzle,65,936,535,6.9444,0.556,63.3129,64.7631,,,,,,
link,Sega → Puzzle,Sega,Puzzle,65,936,535,6.9444,0.584,64.844,66.2942,,,,,,
link,Sega → Puzzle,Sega,Puzzle,65,936,535,6.9444,0.612,66.3331,67.7832,,,,,,
link,Sega → Puzzle,Sega,Puzzle,65,936,535,6.9444,0.64,67.7661,69.2163,,,,,,
link,Sega → Puzzle,Sega,Puzzle,65,936,535,6.9444,0.668,69.1292,70.5794,,,,,,
link,Sega → Puzzle,Sega,Puzzle,65,936,535,6.9444,0.696,70.4082,71.8584,,,,,,
link,Sega → Puzzle,Sega,Puzzle,65,936,535,6.9444,0.724,71.5892,73.0394,,,,,,
link,Sega → Puzzle,Sega,Puzzle,65,936,535,6.9444,0.752,72.6581,74.1083,,,,,,
link,Sega → Puzzle,Sega,Puzzle,65,936,535,6.9444,0.78,73.6011,75.0512,,,,,,
link,Sega → Puzzle,Sega,Puzzle,65,936,535,6.9444,0.808,74.404,75.8541,,,,,,
link,Sega → Puzzle,Sega,Puzzle,65,936,535,6.9444,0.836,75.0528,76.503,,,,,,
link,Sega → Puzzle,Sega,Puzzle,65,936,535,6.9444,0.864,75.5336,76.9838,,,,,,
link,Sega → Puzzle,Sega,Puzzle,65,936,535,6.9444,0.892,75.8324,77.2825,,,,,,
link,Sega → Puzzle,Sega,Puzzle,65,936,535,6.9444,0.92,75.9351,77.3852,,,,,,
link,Sega → Role-Playing,Sega,Role-Playing,140,936,519,14.9573,0.08,45.8765,49,,,,,,
link,Sega → Role-Playing,Sega,Role-Playing,140,936,519,14.9573,0.108,46.0228,49.1463,,,,,,
link,Sega → Role-Playing,Sega,Role-Playing,140,936,519,14.9573,0.136,46.4484,49.5719,,,,,,
link,Sega → Role-Playing,Sega,Role-Playing,140,936,519,14.9573,0.164,47.1334,50.2568,,,,,,
link,Sega → Role-Playing,Sega,Role-Playing,140,936,519,14.9573,0.192,48.0577,51.1812,,,,,,
link,Sega → Role-Playing,Sega,Role-Playing,140,936,519,14.9573,0.22,49.2015,52.325,,,,,,
link,Sega → Role-Playing,Sega,Role-Playing,140,936,519,14.9573,0.248,50.5448,53.6682,,,,,,
link,Sega → Role-Playing,Sega,Role-Playing,140,936,519,14.9573,0.276,52.0676,55.1911,,,,,,
link,Sega → Role-Playing,Sega,Role-Playing,140,936,519,14.9573,0.304,53.7501,56.8735,,,,,,
link,Sega → Role-Playing,Sega,Role-Playing,140,936,519,14.9573,0.332,55.5721,58.6956,,,,,,
link,Sega → Role-Playing,Sega,Role-Playing,140,936,519,14.9573,0.36,57.5139,60.6374,,,,,,
link,Sega → Role-Playing,Sega,Role-Playing,140,936,519,14.9573,0.388,59.5554,62.6789,,,,,,
link,Sega → Role-Playing,Sega,Role-Playing,140,936,519,14.9573,0.416,61.6768,64.8002,,,,,,
link,Sega → Role-Playing,Sega,Role-Playing,140,936,519,14.9573,0.444,63.8579,66.9814,,,,,,
link,Sega → Role-Playing,Sega,Role-Playing,140,936,519,14.9573,0.472,66.079,69.2025,,,,,,
link,Sega → Role-Playing,Sega,Role-Playing,140,936,519,14.9573,0.5,68.32,71.4435,,,,,,
link,Sega → Role-Playing,Sega,Role-Playing,140,936,519,14.9573,0.528,70.5611,73.6845,,,,,,
link,Sega → Role-Playing,Sega,Role-Playing,140,936,519,14.9573,0.556,72.7821,75.9056,,,,,,
link,Sega → Role-Playing,Sega,Role-Playing,140,936,519,14.9573,0.584,74.9633,78.0868,,,,,,
link,Sega → Role-Playing,Sega,Role-Playing,140,936,519,14.9573,0.612,77.0846,80.2081,,,,,,
link,Sega → Role-Playing,Sega,Role-Playing,140,936,519,14.9573,0.64,79.1261,82.2496,,,,,,
link,Sega → Role-Playing,Sega,Role-Playing,140,936,519,14.9573,0.668,81.0679,84.1914,,,,,,
link,Sega → Role-Playing,Sega,Role-Playing,140,936,519,14.9573,0.696,82.89,86.0135,,,,,,
link,Sega → Role-Playing,Sega,Role-Playing,140,936,519,14.9573,0.724,84.5724,87.6959,,,,,,
link,Sega → Role-Playing,Sega,Role-Playing,140,936,519,14.9573,0.752,86.0953,89.2187,,,,,,
link,Sega → Role-Playing,Sega,Role-Playing,140,936,519,14.9573,0.78,87.4386,90.562,,,,,,
link,Sega → Role-Playing,Sega,Role-Playing,140,936,519,14.9573,0.808,88.5823,91.7058,,,,,,
link,Sega → Role-Playing,Sega,Role-Playing,140,936,519,14.9573,0.836,89.5067,92.6301,,,,,,
link,Sega → Role-Playing,Sega,Role-Playing,140,936,519,14.9573,0.864,90.1916,93.3151,,,,,,
link,Sega → Role-Playing,Sega,Role-Playing,140,936,519,14.9573,0.892,90.6172,93.7407,,,,,,
link,Sega → Role-Playing,Sega,Role-Playing,140,936,519,14.9573,0.92,90.7635,93.887,,,,,,
link,Sony Computer Entertainment → Sports,Sony Computer Entertainment,Sports,126,580,852,21.7241,0.08,51,53.8111,,,,,,
link,Sony Computer Entertainment → Sports,Sony Computer Entertainment,Sports,126,580,852,21.7241,0.108,50.8767,53.6878,,,,,,
link,Sony Computer Entertainment → Sports,Sony Computer Entertainment,Sports,126,580,852,21.7241,0.136,50.5179,53.329,,,,,,
link,Sony Computer Entertainment → Sports,Sony Computer Entertainment,Sports,126,580,852,21.7241,0.164,49.9406,52.7517,,,,,,
link,Sony Computer Entertainment → Sports,Sony Computer Entertainment,Sports,126,580,852,21.7241,0.192,49.1614,51.9725,,,,,,
link,Sony Computer Entertainment → Sports,Sony Computer Entertainment,Sports,126,580,852,21.7241,0.22,48.1973,51.0084,,,,,,
link,Sony Computer Entertainment → Sports,Sony Computer Entertainment,Sports,126,580,852,21.7241,0.248,47.065,49.8761,,,,,,
link,Sony Computer Entertainment → Sports,Sony Computer Entertainment,Sports,126,580,852,21.7241,0.276,45.7813,48.5924,,,,,,
link,Sony Computer Entertainment → Sports,Sony Computer Entertainment,Sports,126,580,852,21.7241,0.304,44.3631,47.1742,,,,,,
link,Sony Computer Entertainment → Sports,Sony Computer Entertainment,Sports,126,580,852,21.7241,0.332,42.8272,45.6383,,,,,,
link,Sony Computer Entertainment → Sports,Sony Computer Entertainment,Sports,126,580,852,21.7241,0.36,41.1904,44.0015,,,,,,
link,Sony Computer Entertainment → Sports,Sony Computer Entertainment,Sports,126,580,852,21.7241,0.388,39.4696,42.2807,,,,,,
link,Sony Computer Entertainment → Sports,Sony Computer Entertainment,Sports,126,580,852,21.7241,0.416,37.6814,40.4925,,,,,,
link,Sony Computer Entertainment → Sports,Sony Computer Entertainment,Sports,126,580,852,21.7241,0.444,35.8428,38.6539,,,,,,
link,Sony Computer Entertainment → Sports,Sony Computer Entertainment,Sports,126,580,852,21.7241,0.472,33.9706,36.7817,,,,,,
link,Sony Computer Entertainment → Sports,Sony Computer Entertainment,Sports,126,580,852,21.7241,0.5,32.0816,34.8927,,,,,,
link,Sony Computer Entertainment → Sports,Sony Computer Entertainment,Sports,126,580,852,21.7241,0.528,30.1925,33.0036,,,,,,
link,Sony Computer Entertainment → Sports,Sony Computer Entertainment,Sports,126,580,852,21.7241,0.556,28.3203,31.1314,,,,,,
link,Sony Computer Entertainment → Sports,Sony Computer Entertainment,Sports,126,580,852,21.7241,0.584,26.4817,29.2928,,,,,,
link,Sony Computer Entertainment → Sports,Sony Computer Entertainment,Sports,126,580,852,21.7241,0.612,24.6936,27.5047,,,,,,
link,Sony Computer Entertainment → Sports,Sony Computer Entertainment,Sports,126,580,852,21.7241,0.64,22.9727,25.7838,,,,,,
link,Sony Computer Entertainment → Sports,Sony Computer Entertainment,Sports,126,580,852,21.7241,0.668,21.3359,24.147,,,,,,
link,Sony Computer Entertainment → Sports,Sony Computer Entertainment,Sports,126,580,852,21.7241,0.696,19.8,22.6111,,,,,,
link,Sony Computer Entertainment → Sports,Sony Computer Entertainment,Sports,126,580,852,21.7241,0.724,18.3818,21.1929,,,,,,
link,Sony Computer Entertainment → Sports,Sony Computer Entertainment,Sports,126,580,852,21.7241,0.752,17.0981,19.9093,,,,,,
link,Sony Computer Entertainment → Sports,Sony Computer Entertainment,Sports,126,580,852,21.7241,0.78,15.9658,18.777,,,,,,
link,Sony Computer Entertainment → Sports,Sony Computer Entertainment,Sports,126,580,852,21.7241,0.808,15.0017,17.8128,,,,,,
link,Sony Computer Entertainment → Sports,Sony Computer Entertainment,Sports,126,580,852,21.7241,0.836,14.2225,17.0337,,,,,,
link,Sony Computer Entertainment → Sports,Sony Computer Entertainment,Sports,126,580,852,21.7241,0.864,13.6452,16.4563,,,,,,
link,Sony Computer Entertainment → Sports,Sony Computer Entertainment,Sports,126,580,852,21.7241,0.892,13.2864,16.0975,,,,,,
link,Sony Computer Entertainment → Sports,Sony Computer Entertainment,Sports,126,580,852,21.7241,0.92,13.1631,15.9742,,,,,,
link,Sony Computer Entertainment → Action,Sony Computer Entertainment,Action,124,580,827,21.3793,0.08,53.8111,56.5776,,,,,,
link,Sony Computer Entertainment → Action,Sony Computer Entertainment,Action,124,580,827,21.3793,0.108,53.7349,56.5014,,,,,,
link,Sony Computer Entertainment → Action,Sony Computer Entertainment,Action,124,580,827,21.3793,0.136,53.5131,56.2796,,,,,,
link,Sony Computer Entertainment → Action,Sony Computer Entertainment,Action,124,580,827,21.3793,0.164,53.1562,55.9227,,,,,,
link,Sony Computer Entertainment → Action,Sony Computer Entertainment,Action,124,580,827,21.3793,0.192,52.6746,55.4411,,,,,,
link,Sony Computer Entertainment → Action,Sony Computer Entertainment,Action,124,580,827,21.3793,0.22,52.0787,54.8452,,,,,,
link,Sony Computer Entertainment → Action,Sony Computer Entertainment,Action,124,580,827,21.3793,0.248,51.3788,54.1453,,,,,,
link,Sony Computer Entertainment → Action,Sony Computer Entertainment,Action,124,580,827,21.3793,0.276,50.5853,53.3518,,,,,,
link,Sony Computer Entertainment → Action,Sony Computer Entertainment,Action,124,580,827,21.3793,0.304,49.7087,52.4752,,,,,,
link,Sony Computer Entertainment → Action,Sony Computer Entertainment,Action,124,580,827,21.3793,0.332,48.7594,51.5258,,,,,,
link,Sony Computer Entertainment → Action,Sony Computer Entertainment,Action,124,580,827,21.3793,0.36,47.7476,50.5141,,,,,,
link,Sony Computer Entertainment → Action,Sony Computer Entertainment,Action,124,580,827,21.3793,0.388,46.6839,49.4504,,,,,,
link,Sony Computer Entertainment → Action,Sony Computer Entertainment,Action,124,580,827,21.3793,0.416,45.5786,48.3451,,,,,,
link,Sony Computer Entertainment → Action,Sony Computer Entertainment,Action,124,580,827,21.3793,0.444,44.4422,47.2086,,,,,,
link,Sony Computer Entertainment → Action,Sony Computer Entertainment,Action,124,580,827,21.3793,0.472,43.2849,46.0514,,,,,,
link,Sony Computer Entertainment → Action,Sony Computer Entertainment,Action,124,580,827,21.3793,0.5,42.1173,44.8837,,,,,,
link,Sony Computer Entertainment → Action,Sony Computer Entertainment,Action,124,580,827,21.3793,0.528,40.9496,43.7161,,,,,,
link,Sony Computer Entertainment → Action,Sony Computer Entertainment,Action,124,580,827,21.3793,0.556,39.7923,42.5588,,,,,,
link,Sony Computer Entertainment → Action,Sony Computer Entertainment,Action,124,580,827,21.3793,0.584,38.6559,41.4224,,,,,,
link,Sony Computer Entertainment → Action,Sony Computer Entertainment,Action,124,580,827,21.3793,0.612,37.5506,40.3171,,,,,,
link,Sony Computer Entertainment → Action,Sony Computer Entertainment,Action,124,580,827,21.3793,0.64,36.4869,39.2534,,,,,,
link,Sony Computer Entertainment → Action,Sony Computer Entertainment,Action,124,580,827,21.3793,0.668,35.4751,38.2416,,,,,,
link,Sony Computer Entertainment → Action,Sony Computer Entertainment,Action,124,580,827,21.3793,0.696,34.5258,37.2923,,,,,,
link,Sony Computer Entertainment → Action,Sony Computer Entertainment,Action,124,580,827,21.3793,0.724,33.6492,36.4157,,,,,,
link,Sony Computer Entertainment → Action,Sony Computer Entertainment,Action,124,580,827,21.3793,0.752,32.8557,35.6222,,,,,,
link,Sony Computer Entertainment → Action,Sony Computer Entertainment,Action,124,580,827,21.3793,0.78,32.1558,34.9223,,,,,,
link,Sony Computer Entertainment → Action,Sony Computer Entertainment,Action,124,580,827,21.3793,0.808,31.5599,34.3264,,,,,,
link,Sony Computer Entertainment → Action,Sony Computer Entertainment,Action,124,580,827,21.3793,0.836,31.0783,33.8447,,,,,,
link,Sony Computer Entertainment → Action,Sony Computer Entertainment,Action,124,580,827,21.3793,0.864,30.7214,33.4879,,,,,,
link,Sony Computer Entertainment → Action,Sony Computer Entertainment,Action,124,580,827,21.3793,0.892,30.4996,33.2661,,,,,,
link,Sony Computer Entertainment → Action,Sony Computer Entertainment,Action,124,580,827,21.3793,0.92,30.4234,33.1899,,,,,,
link,Sony Computer Entertainment → Shooter,Sony Computer Entertainment,Shooter,103,580,651,17.7586,0.08,56.5776,58.8756,,,,,,
link,Sony Computer Entertainment → Shooter,Sony Computer Entertainment,Shooter,103,580,651,17.7586,0.108,56.5511,58.8491,,,,,,
link,Sony Computer Entertainment → Shooter,Sony Computer Entertainment,Shooter,103,580,651,17.7586,0.136,56.4742,58.7722,,,,,,
link,Sony Computer Entertainment → Shooter,Sony Computer Entertainment,Shooter,103,580,651,17.7586,0.164,56.3504,58.6484,,,,,,
link,Sony Computer Entertainment → Shooter,Sony Computer Entertainment,Shooter,103,580,651,17.7586,0.192,56.1834,58.4813,,,,,,
link,Sony Computer Entertainment → Shooter,Sony Computer Entertainment,Shooter,103,580,651,17.7586,0.22,55.9766,58.2746,,,,,,
link,Sony Computer Entertainment → Shooter,Sony Computer Entertainment,Shooter,103,580,651,17.7586,0.248,55.7338,58.0318,,,,,,
link,Sony Computer Entertainment → Shooter,Sony Computer Entertainment,Shooter,103,580,651,17.7586,0.276,55.4586,57.7566,,,,,,
link,Sony Computer Entertainment → Shooter,Sony Computer Entertainment,Shooter,103,580,651,17.7586,0.304,55.1545,57.4525,,,,,,
link,Sony Computer Entertainment → Shooter,Sony Computer Entertainment,Shooter,103,580,651,17.7586,0.332,54.8252,57.1231,,,,,,
link,Sony Computer Entertainment → Shooter,Sony Computer Entertainment,Shooter,103,580,651,17.7586,0.36,54.4742,56.7722,,,,,,
link,Sony Computer Entertainment → Shooter,Sony Computer Entertainment,Shooter,103,580,651,17.7586,0.388,54.1052,56.4032,,,,,,
link,Sony Computer Entertainment → Shooter,Sony Computer Entertainment,Shooter,103,580,651,17.7586,0.416,53.7218,56.0198,,,,,,
link,Sony Computer Entertainment → Shooter,Sony Computer Entertainment,Shooter,103,580,651,17.7586,0.444,53.3276,55.6255,,,,,,
link,Sony Computer Entertainment → Shooter,Sony Computer Entertainment,Shooter,103,580,651,17.7586,0.472,52.9261,55.2241,,,,,,
link,Sony Computer Entertainment → Shooter,Sony Computer Entertainment,Shooter,103,580,651,17.7586,0.5,52.5211,54.819,,,,,,
link,Sony Computer Entertainment → Shooter,Sony Computer Entertainment,Shooter,103,580,651,17.7586,0.528,52.116,54.414,,,,,,
link,Sony Computer Entertainment → Shooter,Sony Computer Entertainment,Shooter,103,580,651,17.7586,0.556,51.7146,54.0125,,,,,,
link,Sony Computer Entertainment → Shooter,Sony Computer Entertainment,Shooter,103,580,651,17.7586,0.584,51.3203,53.6183,,,,,,
link,Sony Computer Entertainment → Shooter,Sony Computer Entertainment,Shooter,103,580,651,17.7586,0.612,50.9369,53.2349,,,,,,
link,Sony Computer Entertainment → Shooter,Sony Computer Entertainment,Shooter,103,580,651,17.7586,0.64,50.5679,52.8659,,,,,,
link,Sony Computer Entertainment → Shooter,Sony Computer Entertainment,Shooter,103,580,651,17.7586,0.668,50.217,52.5149,,,,,,
link,Sony Computer Entertainment → Shooter,Sony Computer Entertainment,Shooter,103,580,651,17.7586,0.696,49.8876,52.1856,,,,,,
link,Sony Computer Entertainment → Shooter,Sony Computer Entertainment,Shooter,103,580,651,17.7586,0.724,49.5835,51.8815,,,,,,
link,Sony Computer Entertainment → Shooter,Sony Computer Entertainment,Shooter,103,580,651,17.7586,0.752,49.3083,51.6063,,,,,,
link,Sony Computer Entertainment → Shooter,Sony Computer Entertainment,Shooter,103,580,651,17.7586,0.78,49.0655,51.3635,,,,,,
link,Sony Computer Entertainment → Shooter,Sony Computer Entertainment,Shooter,103,580,651,17.7586,0.808,48.8588,51.1568,,,,,,
link,Sony Computer Entertainment → Shooter,Sony Computer Entertainment,Shooter,103,580,651,17.7586,0.836,48.6917,50.9897,,,,,,
link,Sony Computer Entertainment → Shooter,Sony Computer Entertainment,Shooter,103,580,651,17.7586,0.864,48.5679,50.8659,,,,,,
link,Sony Computer Entertainment → Shooter,Sony Computer Entertainment,Shooter,103,580,651,17.7586,0.892,48.491,50.789,,,,,,
link,Sony Computer Entertainment → Shooter,Sony Computer Entertainment,Shooter,103,580,651,17.7586,0.92,48.4646,50.7625,,,,,,
link,Sony Computer Entertainment → Platform,Sony Computer Entertainment,Platform,89,580,650,15.3448,0.08,58.8756,60.8612,,,,,,
link,Sony Computer Entertainment → Platform,Sony Computer Entertainment,Platform,89,580,650,15.3448,0.108,58.8956,60.8812,,,,,,
link,Sony Computer Entertainment → Platform,Sony Computer Entertainment,Platform,89,580,650,15.3448,0.136,58.954,60.9396,,,,,,
link,Sony Computer Entertainment → Platform,Sony Computer Entertainment,Platform,89,580,650,15.3448,0.164,59.048,61.0336,,,,,,
link,Sony Computer Entertainment → Platform,Sony Computer Entertainment,Platform,89,580,650,15.3448,0.192,59.1748,61.1604,,,,,,
link,Sony Computer Entertainment → Platform,Sony Computer Entertainment,Platform,89,580,650,15.3448,0.22,59.3317,61.3173,,,,,,
link,Sony Computer Entertainment → Platform,Sony Computer Entertainment,Platform,89,580,650,15.3448,0.248,59.516,61.5016,,,,,,
link,Sony Computer Entertainment → Platform,Sony Computer Entertainment,Platform,89,580,650,15.3448,0.276,59.7249,61.7105,,,,,,
link,Sony Computer Entertainment → Platform,Sony Computer Entertainment,Platform,89,580,650,15.3448,0.304,59.9557,61.9413,,,,,,
link,Sony Computer Entertainment → Platform,Sony Computer Entertainment,Platform,89,580,650,15.3448,0.332,60.2056,62.1912,,,,,,
link,Sony Computer Entertainment → Platform,Sony Computer Entertainment,Platform,89,580,650,15.3448,0.36,60.472,62.4576,,,,,,
link,Sony Computer Entertainment → Platform,Sony Computer Entertainment,Platform,89,580,650,15.3448,0.388,60.752,62.7377,,,,,,
link,Sony Computer Entertainment → Platform,Sony Computer Entertainment,Platform,89,580,650,15.3448,0.416,61.0431,63.0287,,,,,,
link,Sony Computer Entertainment → Platform,Sony Computer Entertainment,Platform,89,580,650,15.3448,0.444,61.3423,63.3279,,,,,,
link,Sony Computer Entertainment → Platform,Sony Computer Entertainment,Platform,89,580,650,15.3448,0.472,61.647,63.6326,,,,,,
link,Sony Computer Entertainment → Platform,Sony Computer Entertainment,Platform,89,580,650,15.3448,0.5,61.9544,63.94,,,,,,
link,Sony Computer Entertainment → Platform,Sony Computer Entertainment,Platform,89,580,650,15.3448,0.528,62.2618,64.2474,,,,,,
link,Sony Computer Entertainment → Platform,Sony Computer Entertainment,Platform,89,580,650,15.3448,0.556,62.5665,64.5521,,,,,,
link,Sony Computer Entertainment → Platform,Sony Computer Entertainment,Platform,89,580,650,15.3448,0.584,62.8657,64.8513,,,,,,
link,Sony Computer Entertainment → Platform,Sony Computer Entertainment,Platform,89,580,650,15.3448,0.612,63.1567,65.1424,,,,,,
link,Sony Computer Entertainment → Platform,Sony Computer Entertainment,Platform,89,580,650,15.3448,0.64,63.4368,65.4224,,,,,,
link,Sony Computer Entertainment → Platform,Sony Computer Entertainment,Platform,89,580,650,15.3448,0.668,63.7032,65.6888,,,,,,
link,Sony Computer Entertainment → Platform,Sony Computer Entertainment,Platform,89,580,650,15.3448,0.696,63.9531,65.9387,,,,,,
link,Sony Computer Entertainment → Platform,Sony Computer Entertainment,Platform,89,580,650,15.3448,0.724,64.1839,66.1695,,,,,,
link,Sony Computer Entertainment → Platform,Sony Computer Entertainment,Platform,89,580,650,15.3448,0.752,64.3928,66.3784,,,,,,
link,Sony Computer Entertainment → Platform,Sony Computer Entertainment,Platform,89,580,650,15.3448,0.78,64.5771,66.5627,,,,,,
link,Sony Computer Entertainment → Platform,Sony Computer Entertainment,Platform,89,580,650,15.3448,0.808,64.734,66.7196,,,,,,
link,Sony Computer Entertainment → Platform,Sony Computer Entertainment,Platform,89,580,650,15.3448,0.836,64.8608,66.8464,,,,,,
link,Sony Computer Entertainment → Platform,Sony Computer Entertainment,Platform,89,580,650,15.3448,0.864,64.9548,66.9404,,,,,,
link,Sony Computer Entertainment → Platform,Sony Computer Entertainment,Platform,89,580,650,15.3448,0.892,65.0131,66.9988,,,,,,
link,Sony Computer Entertainment → Platform,Sony Computer Entertainment,Platform,89,580,650,15.3448,0.92,65.0332,67.0188,,,,,,
link,Sony Computer Entertainment → Puzzle,Sony Computer Entertainment,Puzzle,62,580,535,10.6897,0.08,60.8612,62.2444,,,,,,
link,Sony Computer Entertainment → Puzzle,Sony Computer Entertainment,Puzzle,62,580,535,10.6897,0.108,60.915,62.2983,,,,,,
link,Sony Computer Entertainment → Puzzle,Sony Computer Entertainment,Puzzle,62,580,535,10.6897,0.136,61.0717,62.455,,,,,,
link,Sony Computer Entertainment → Puzzle,Sony Computer Entertainment,Puzzle,62,580,535,10.6897,0.164,61.3239,62.7071,,,,,,
link,Sony Computer Entertainment → Puzzle,Sony Computer Entertainment,Puzzle,62,580,535,10.6897,0.192,61.6641,63.0474,,,,,,
link,Sony Computer Entertainment → Puzzle,Sony Computer Entertainment,Puzzle,62,580,535,10.6897,0.22,62.0852,63.4684,,,,,,
link,Sony Computer Entertainment → Puzzle,Sony Computer Entertainment,Puzzle,62,580,535,10.6897,0.248,62.5797,63.9629,,,,,,
link,Sony Computer Entertainment → Puzzle,Sony Computer Entertainment,Puzzle,62,580,535,10.6897,0.276,63.1403,64.5235,,,,,,
link,Sony Computer Entertainment → Puzzle,Sony Computer Entertainment,Puzzle,62,580,535,10.6897,0.304,63.7596,65.1429,,,,,,
link,Sony Computer Entertainment → Puzzle,Sony Computer Entertainment,Puzzle,62,580,535,10.6897,0.332,64.4304,65.8136,,,,,,
link,Sony Computer Entertainment → Puzzle,Sony Computer Entertainment,Puzzle,62,580,535,10.6897,0.36,65.1452,66.5284,,,,,,
link,Sony Computer Entertainment → Puzzle,Sony Computer Entertainment,Puzzle,62,580,535,10.6897,0.388,65.8967,67.28,,,,,,
link,Sony Computer Entertainment → Puzzle,Sony Computer Entertainment,Puzzle,62,580,535,10.6897,0.416,66.6776,68.0609,,,,,,
link,Sony Computer Entertainment → Puzzle,Sony Computer Entertainment,Puzzle,62,580,535,10.6897,0.444,67.4806,68.8638,,,,,,
link,Sony Computer Entertainment → Puzzle,Sony Computer Entertainment,Puzzle,62,580,535,10.6897,0.472,68.2982,69.6815,,,,,,
link,Sony Computer Entertainment → Puzzle,Sony Computer Entertainment,Puzzle,62,580,535,10.6897,0.5,69.1232,70.5064,,,,,,
link,Sony Computer Entertainment → Puzzle,Sony Computer Entertainment,Puzzle,62,580,535,10.6897,0.528,69.9482,71.3314,,,,,,
link,Sony Computer Entertainment → Puzzle,Sony Computer Entertainment,Puzzle,62,580,535,10.6897,0.556,70.7658,72.1491,,,,,,
link,Sony Computer Entertainment → Puzzle,Sony Computer Entertainment,Puzzle,62,580,535,10.6897,0.584,71.5688,72.952,,,,,,
link,Sony Computer Entertainment → Puzzle,Sony Computer Entertainment,Puzzle,62,580,535,10.6897,0.612,72.3497,73.7329,,,,,,
link,Sony Computer Entertainment → Puzzle,Sony Computer Entertainment,Puzzle,62,580,535,10.6897,0.64,73.1012,74.4845,,,,,,
link,Sony Computer Entertainment → Puzzle,Sony Computer Entertainment,Puzzle,62,580,535,10.6897,0.668,73.816,75.1993,,,,,,
link,Sony Computer Entertainment → Puzzle,Sony Computer Entertainment,Puzzle,62,580,535,10.6897,0.696,74.4868,75.87,,,,,,
link,Sony Computer Entertainment → Puzzle,Sony Computer Entertainment,Puzzle,62,580,535,10.6897,0.724,75.1061,76.4894,,,,,,
link,Sony Computer Entertainment → Puzzle,Sony Computer Entertainment,Puzzle,62,580,535,10.6897,0.752,75.6667,77.05,,,,,,
link,Sony Computer Entertainment → Puzzle,Sony Computer Entertainment,Puzzle,62,580,535,10.6897,0.78,76.1612,77.5445,,,,,,
link,Sony Computer Entertainment → Puzzle,Sony Computer Entertainment,Puzzle,62,580,535,10.6897,0.808,76.5823,77.9655,,,,,,
link,Sony Computer Entertainment → Puzzle,Sony Computer Entertainment,Puzzle,62,580,535,10.6897,0.836,76.9226,78.3058,,,,,,
link,Sony Computer Entertainment → Puzzle,Sony Computer Entertainment,Puzzle,62,580,535,10.6897,0.864,77.1747,78.5579,,,,,,
link,Sony Computer Entertainment → Puzzle,Sony Computer Entertainment,Puzzle,62,580,535,10.6897,0.892,77.3314,78.7146,,,,,,
link,Sony Computer Entertainment → Puzzle,Sony Computer Entertainment,Puzzle,62,580,535,10.6897,0.92,77.3852,78.7685,,,,,,
link,Sony Computer Entertainment → Role-Playing,Sony Computer Entertainment,Role-Playing,76,580,519,13.1034,0.08,62.2444,63.94,,,,,,
link,Sony Computer Entertainment → Role-Playing,Sony Computer Entertainment,Role-Playing,76,580,519,13.1034,0.108,62.3476,64.0431,,,,,,
link,Sony Computer Entertainment → Role-Playing,Sony Computer Entertainment,Role-Playing,76,580,519,13.1034,0.136,62.6476,64.3432,,,,,,
link,Sony Computer Entertainment → Role-Playing,Sony Computer Entertainment,Role-Playing,76,580,519,13.1034,0.164,63.1304,64.826,,,,,,
link,Sony Computer Entertainment → Role-Playing,Sony Computer Entertainment,Role-Playing,76,580,519,13.1034,0.192,63.782,65.4776,,,,,,
link,Sony Computer Entertainment → Role-Playing,Sony Computer Entertainment,Role-Playing,76,580,519,13.1034,0.22,64.5883,66.2839,,,,,,
link,Sony Computer Entertainment → Role-Playing,Sony Computer Entertainment,Role-Playing,76,580,519,13.1034,0.248,65.5352,67.2308,,,,,,
link,Sony Computer Entertainment → Role-Playing,Sony Computer Entertainment,Role-Playing,76,580,519,13.1034,0.276,66.6087,68.3043,,,,,,
link,Sony Computer Entertainment → Role-Playing,Sony Computer Entertainment,Role-Playing,76,580,519,13.1034,0.304,67.7948,69.4903,,,,,,
link,Sony Computer Entertainment → Role-Playing,Sony Computer Entertainment,Role-Playing,76,580,519,13.1034,0.332,69.0792,70.7748,,,,,,
link,Sony Computer Entertainment → Role-Playing,Sony Computer Entertainment,Role-Playing,76,580,519,13.1034,0.36,70.448,72.1436,,,,,,
link,Sony Computer Entertainment → Role-Playing,Sony Computer Entertainment,Role-Playing,76,580,519,13.1034,0.388,71.8872,73.5828,,,,,,
link,Sony Computer Entertainment → Role-Playing,Sony Computer Entertainment,Role-Playing,76,580,519,13.1034,0.416,73.3826,75.0782,,,,,,
link,Sony Computer Entertainment → Role-Playing,Sony Computer Entertainment,Role-Playing,76,580,519,13.1034,0.444,74.9202,76.6158,,,,,,
link,Sony Computer Entertainment → Role-Playing,Sony Computer Entertainment,Role-Playing,76,580,519,13.1034,0.472,76.4859,78.1815,,,,,,
link,Sony Computer Entertainment → Role-Playing,Sony Computer Entertainment,Role-Playing,76,580,519,13.1034,0.5,78.0657,79.7613,,,,,,
link,Sony Computer Entertainment → Role-Playing,Sony Computer Entertainment,Role-Playing,76,580,519,13.1034,0.528,79.6455,81.3411,,,,,,
link,Sony Computer Entertainment → Role-Playing,Sony Computer Entertainment,Role-Playing,76,580,519,13.1034,0.556,81.2112,82.9068,,,,,,
link,Sony Computer Entertainment → Role-Playing,Sony Computer Entertainment,Role-Playing,76,580,519,13.1034,0.584,82.7488,84.4444,,,,,,
link,Sony Computer Entertainment → Role-Playing,Sony Computer Entertainment,Role-Playing,76,580,519,13.1034,0.612,84.2442,85.9398,,,,,,
link,Sony Computer Entertainment → Role-Playing,Sony Computer Entertainment,Role-Playing,76,580,519,13.1034,0.64,85.6833,87.3789,,,,,,
link,Sony Computer Entertainment → Role-Playing,Sony Computer Entertainment,Role-Playing,76,580,519,13.1034,0.668,87.0522,88.7478,,,,,,
link,Sony Computer Entertainment → Role-Playing,Sony Computer Entertainment,Role-Playing,76,580,519,13.1034,0.696,88.3366,90.0322,,,,,,
link,Sony Computer Entertainment → Role-Playing,Sony Computer Entertainment,Role-Playing,76,580,519,13.1034,0.724,89.5226,91.2182,,,,,,
link,Sony Computer Entertainment → Role-Playing,Sony Computer Entertainment,Role-Playing,76,580,519,13.1034,0.752,90.5961,92.2917,,,,,,
link,Sony Computer Entertainment → Role-Playing,Sony Computer Entertainment,Role-Playing,76,580,519,13.1034,0.78,91.5431,93.2387,,,,,,
link,Sony Computer Entertainment → Role-Playing,Sony Computer Entertainment,Role-Playing,76,580,519,13.1034,0.808,92.3494,94.045,,,,,,
link,Sony Computer Entertainment → Role-Playing,Sony Computer Entertainment,Role-Playing,76,580,519,13.1034,0.836,93.001,94.6966,,,,,,
link,Sony Computer Entertainment → Role-Playing,Sony Computer Entertainment,Role-Playing,76,580,519,13.1034,0.864,93.4838,95.1794,,,,,,
link,Sony Computer Entertainment → Role-Playing,Sony Computer Entertainment,Role-Playing,76,580,519,13.1034,0.892,93.7838,95.4794,,,,,,
link,Sony Computer Entertainment → Role-Playing,Sony Computer Entertainment,Role-Playing,76,580,519,13.1034,0.92,93.887,95.5825,,,,,,
link,Microsoft → Sports,Microsoft,Sports,47,746,852,6.3003,0.08,65.94,66.9886,,,,,,
link,Microsoft → Sports,Microsoft,Sports,47,746,852,6.3003,0.108,65.7772,66.8257,,,,,,
link,Microsoft → Sports,Microsoft,Sports,47,746,852,6.3003,0.136,65.3034,66.352,,,,,,
link,Microsoft → Sports,Microsoft,Sports,47,746,852,6.3003,0.164,64.541,65.5896,,,,,,
link,Microsoft → Sports,Microsoft,Sports,47,746,852,6.3003,0.192,63.512,64.5606,,,,,,
link,Microsoft → Sports,Microsoft,Sports,47,746,852,6.3003,0.22,62.2388,63.2874,,,,,,
link,Microsoft → Sports,Microsoft,Sports,47,746,852,6.3003,0.248,60.7436,61.7922,,,,,,
link,Microsoft → Sports,Microsoft,Sports,47,746,852,6.3003,0.276,59.0484,60.097,,,,,,
link,Microsoft → Sports,Microsoft,Sports,47,746,852,6.3003,0.304,57.1756,58.2242,,,,,,
link,Microsoft → Sports,Microsoft,Sports,47,746,852,6.3003,0.332,55.1474,56.196,,,,,,
link,Microsoft → Sports,Microsoft,Sports,47,746,852,6.3003,0.36,52.9859,54.0345,,,,,,
link,Microsoft → Sports,Microsoft,Sports,47,746,852,6.3003,0.388,50.7134,51.762,,,,,,
link,Microsoft → Sports,Microsoft,Sports,47,746,852,6.3003,0.416,48.3521,49.4006,,,,,,
link,Microsoft → Sports,Microsoft,Sports,47,746,852,6.3003,0.444,45.9241,46.9727,,,,,,
link,Microsoft → Sports,Microsoft,Sports,47,746,852,6.3003,0.472,43.4517,44.5003,,,,,,
link,Microsoft → Sports,Microsoft,Sports,47,746,852,6.3003,0.5,40.9571,42.0057,,,,,,
link,Microsoft → Sports,Microsoft,Sports,47,746,852,6.3003,0.528,38.4625,39.5111,,,,,,
link,Microsoft → Sports,Microsoft,Sports,47,746,852,6.3003,0.556,35.9901,37.0387,,,,,,
link,Microsoft → Sports,Microsoft,Sports,47,746,852,6.3003,0.584,33.5622,34.6108,,,,,,
link,Microsoft → Sports,Microsoft,Sports,47,746,852,6.3003,0.612,31.2008,32.2494,,,,,,
link,Microsoft → Sports,Microsoft,Sports,47,746,852,6.3003,0.64,28.9283,29.9769,,,,,,
link,Microsoft → Sports,Microsoft,Sports,47,746,852,6.3003,0.668,26.7668,27.8154,,,,,,
link,Microsoft → Sports,Microsoft,Sports,47,746,852,6.3003,0.696,24.7386,25.7872,,,,,,
link,Microsoft → Sports,Microsoft,Sports,47,746,852,6.3003,0.724,22.8658,23.9144,,,,,,
link,Microsoft → Sports,Microsoft,Sports,47,746,852,6.3003,0.752,21.1707,22.2192,,,,,,
link,Microsoft → Sports,Microsoft,Sports,47,746,852,6.3003,0.78,19.6754,20.724,,,,,,
link,Microsoft → Sports,Microsoft,Sports,47,746,852,6.3003,0.808,18.4022,19.4508,,,,,,
link,Microsoft → Sports,Microsoft,Sports,47,746,852,6.3003,0.836,17.3733,18.4218,,,,,,
link,Microsoft → Sports,Microsoft,Sports,47,746,852,6.3003,0.864,16.6108,17.6594,,,,,,
link,Microsoft → Sports,Microsoft,Sports,47,746,852,6.3003,0.892,16.1371,17.1857,,,,,,
link,Microsoft → Sports,Microsoft,Sports,47,746,852,6.3003,0.92,15.9742,17.0228,,,,,,
link,Microsoft → Action,Microsoft,Action,188,746,827,25.2011,0.08,66.9886,71.1829,,,,,,
link,Microsoft → Action,Microsoft,Action,188,746,827,25.2011,0.108,66.8784,71.0728,,,,,,
link,Microsoft → Action,Microsoft,Action,188,746,827,25.2011,0.136,66.558,70.7523,,,,,,
link,Microsoft → Action,Microsoft,Action,188,746,827,25.2011,0.164,66.0422,70.2366,,,,,,
link,Microsoft → Action,Microsoft,Action,188,746,827,25.2011,0.192,65.3462,69.5406,,,,,,
link,Microsoft → Action,Microsoft,Action,188,746,827,25.2011,0.22,64.485,68.6793,,,,,,
link,Microsoft → Action,Microsoft,Action,188,746,827,25.2011,0.248,63.4735,67.6679,,,,,,
link,Microsoft → Action,Microsoft,Action,188,746,827,25.2011,0.276,62.3269,66.5212,,,,,,
link,Microsoft → Action,Microsoft,Action,188,746,827,25.2011,0.304,61.0601,65.2544,,,,,,
link,Microsoft → Action,Microsoft,Action,188,746,827,25.2011,0.332,59.6881,63.8824,,,,,,
link,Microsoft → Action,Microsoft,Action,188,746,827,25.2011,0.36,58.226,62.4203,,,,,,
link,Microsoft → Action,Microsoft,Action,188,746,827,25.2011,0.388,56.6888,60.8831,,,,,,
link,Microsoft → Action,Microsoft,Action,188,746,827,25.2011,0.416,55.0915,59.2858,,,,,,
link,Microsoft → Action,Microsoft,Action,188,746,827,25.2011,0.444,53.4491,57.6434,,,,,,
link,Microsoft → Action,Microsoft,Action,188,746,827,25.2011,0.472,51.7767,55.971,,,,,,
link,Microsoft → Action,Microsoft,Action,188,746,827,25.2011,0.5,50.0892,54.2836,,,,,,
link,Microsoft → Action,Microsoft,Action,188,746,827,25.2011,0.528,48.4018,52.5962,,,,,,
link,Microsoft → Action,Microsoft,Action,188,746,827,25.2011,0.556,46.7294,50.9237,,,,,,
link,Microsoft → Action,Microsoft,Action,188,746,827,25.2011,0.584,45.087,49.2814,,,,,,
link,Microsoft → Action,Microsoft,Action,188,746,827,25.2011,0.612,43.4897,47.6841,,,,,,
link,Microsoft → Action,Microsoft,Action,188,746,827,25.2011,0.64,41.9525,46.1469,,,,,,
link,Microsoft → Action,Microsoft,Action,188,746,827,25.2011,0.668,40.4904,44.6848,,,,,,
link,Microsoft → Action,Microsoft,Action,188,746,827,25.2011,0.696,39.1184,43.3128,,,,,,
link,Microsoft → Action,Microsoft,Action,188,746,827,25.2011,0.724,37.8516,42.046,,,,,,
link,Microsoft → Action,Microsoft,Action,188,746,827,25.2011,0.752,36.705,40.8993,,,,,,
link,Microsoft → Action,Microsoft,Action,188,746,827,25.2011,0.78,35.6935,39.8878,,,,,,
link,Microsoft → Action,Microsoft,Action,188,746,827,25.2011,0.808,34.8323,39.0266,,,,,,
link,Microsoft → Action,Microsoft,Action,188,746,827,25.2011,0.836,34.1362,38.3306,,,,,,
link,Microsoft → Action,Microsoft,Action,188,746,827,25.2011,0.864,33.6205,37.8149,,,,,,
link,Microsoft → Action,Microsoft,Action,188,746,827,25.2011,0.892,33.3,37.4944,,,,,,
link,Microsoft → Action,Microsoft,Action,188,746,827,25.2011,0.92,33.1899,37.3842,,,,,,
link,Microsoft → Shooter,Microsoft,Shooter,186,746,651,24.933,0.08,71.1829,75.3327,,,,,,
link,Microsoft → Shooter,Microsoft,Shooter,186,746,651,24.933,0.108,71.1164,75.2661,,,,,,
link,Microsoft → Shooter,Microsoft,Shooter,186,746,651,24.933,0.136,70.9228,75.0725,,,,,,
link,Microsoft → Shooter,Microsoft,Shooter,186,746,651,24.933,0.164,70.6112,74.7609,,,,,,
link,Microsoft → Shooter,Microsoft,Shooter,186,746,651,24.933,0.192,70.1907,74.3404,,,,,,
link,Microsoft → Shooter,Microsoft,Shooter,186,746,651,24.933,0.22,69.6703,73.82,,,,,,
link,Microsoft → Shooter,Microsoft,Shooter,186,746,651,24.933,0.248,69.0592,73.2089,,,,,,
link,Microsoft → Shooter,Microsoft,Shooter,186,746,651,24.933,0.276,68.3664,72.5162,,,,,,
link,Microsoft → Shooter,Microsoft,Shooter,186,746,651,24.933,0.304,67.6011,71.7508,,,,,,
link,Microsoft → Shooter,Microsoft,Shooter,186,746,651,24.933,0.332,66.7721,70.9219,,,,,,
link,Microsoft → Shooter,Microsoft,Shooter,186,746,651,24.933,0.36,65.8888,70.0385,,,,,,
link,Microsoft → Shooter,Microsoft,Shooter,186,746,651,24.933,0.388,64.96,69.1097,,,,,,
link,Microsoft → Shooter,Microsoft,Shooter,186,746,651,24.933,0.416,63.995,68.1447,,,,,,
link,Microsoft → Shooter,Microsoft,Shooter,186,746,651,24.933,0.444,63.0027,67.1524,,,,,,
link,Microsoft → Shooter,Microsoft,Shooter,186,746,651,24.933,0.472,61.9922,66.142,,,,,,
link,Microsoft → Shooter,Microsoft,Shooter,186,746,651,24.933,0.5,60.9727,65.1225,,,,,,
link,Microsoft → Shooter,Microsoft,Shooter,186,746,651,24.933,0.528,59.9532,64.103,,,,,,
link,Microsoft → Shooter,Microsoft,Shooter,186,746,651,24.933,0.556,58.9428,63.0925,,,,,,
link,Microsoft → Shooter,Microsoft,Shooter,186,746,651,24.933,0.584,57.9505,62.1002,,,,,,
link,Microsoft → Shooter,Microsoft,Shooter,186,746,651,24.933,0.612,56.9855,61.1352,,,,,,
link,Microsoft → Shooter,Microsoft,Shooter,186,746,651,24.933,0.64,56.0567,60.2064,,,,,,
link,Microsoft → Shooter,Microsoft,Shooter,186,746,651,24.933,0.668,55.1733,59.3231,,,,,,
link,Microsoft → Shooter,Microsoft,Shooter,186,746,651,24.933,0.696,54.3444,58.4941,,,,,,
link,Microsoft → Shooter,Microsoft,Shooter,186,746,651,24.933,0.724,53.579,57.7288,,,,,,
link,Microsoft → Shooter,Microsoft,Shooter,186,746,651,24.933,0.752,52.8862,57.036,,,,,,
link,Microsoft → Shooter,Microsoft,Shooter,186,746,651,24.933,0.78,52.2751,56.4249,,,,,,
link,Microsoft → Shooter,Microsoft,Shooter,186,746,651,24.933,0.808,51.7548,55.9045,,,,,,
link,Microsoft → Shooter,Microsoft,Shooter,186,746,651,24.933,0.836,51.3343,55.484,,,,,,
link,Microsoft → Shooter,Microsoft,Shooter,186,746,651,24.933,0.864,51.0227,55.1724,,,,,,
link,Microsoft → Shooter,Microsoft,Shooter,186,746,651,24.933,0.892,50.8291,54.9788,,,,,,
link,Microsoft → Shooter,Microsoft,Shooter,186,746,651,24.933,0.92,50.7625,54.9122,,,,,,
link,Microsoft → Platform,Microsoft,Platform,90,746,650,12.0643,0.08,75.3327,77.3406,,,,,,
link,Microsoft → Platform,Microsoft,Platform,90,746,650,12.0643,0.108,75.3056,77.3135,,,,,,
link,Microsoft → Platform,Microsoft,Platform,90,746,650,12.0643,0.136,75.2267,77.2347,,,,,,
link,Microsoft → Platform,Microsoft,Platform,90,746,650,12.0643,0.164,75.0999,77.1078,,,,,,
link,Microsoft → Platform,Microsoft,Platform,90,746,650,12.0643,0.192,74.9287,76.9366,,,,,,
link,Microsoft → Platform,Microsoft,Platform,90,746,650,12.0643,0.22,74.7168,76.7248,,,,,,
link,Microsoft → Platform,Microsoft,Platform,90,746,650,12.0643,0.248,74.468,76.476,,,,,,
link,Microsoft → Platform,Microsoft,Platform,90,746,650,12.0643,0.276,74.186,76.1939,,,,,,
link,Microsoft → Platform,Microsoft,Platform,90,746,650,12.0643,0.304,73.8744,75.8823,,,,,,
link,Microsoft → Platform,Microsoft,Platform,90,746,650,12.0643,0.332,73.5369,75.5448,,,,,,
link,Microsoft → Platform,Microsoft,Platform,90,746,650,12.0643,0.36,73.1772,75.1852,,,,,,
link,Microsoft → Platform,Microsoft,Platform,90,746,650,12.0643,0.388,72.7991,74.807,,,,,,
link,Microsoft → Platform,Microsoft,Platform,90,746,650,12.0643,0.416,72.4062,74.4141,,,,,,
link,Microsoft → Platform,Microsoft,Platform,90,746,650,12.0643,0.444,72.0022,74.0101,,,,,,
link,Microsoft → Platform,Microsoft,Platform,90,746,650,12.0643,0.472,71.5908,73.5988,,,,,,
link,Microsoft → Platform,Microsoft,Platform,90,746,650,12.0643,0.5,71.1758,73.1837,,,,,,
link,Microsoft → Platform,Microsoft,Platform,90,746,650,12.0643,0.528,70.7607,72.7686,,,,,,
link,Microsoft → Platform,Microsoft,Platform,90,746,650,12.0643,0.556,70.3493,72.3572,,,,,,
link,Microsoft → Platform,Microsoft,Platform,90,746,650,12.0643,0.584,69.9453,71.9532,,,,,,
link,Microsoft → Platform,Microsoft,Platform,90,746,650,12.0643,0.612,69.5524,71.5603,,,,,,
link,Microsoft → Platform,Microsoft,Platform,90,746,650,12.0643,0.64,69.1743,71.1822,,,,,,
link,Microsoft → Platform,Microsoft,Platform,90,746,650,12.0643,0.668,68.8146,70.8226,,,,,,
link,Microsoft → Platform,Microsoft,Platform,90,746,650,12.0643,0.696,68.4771,70.4851,,,,,,
link,Microsoft → Platform,Microsoft,Platform,90,746,650,12.0643,0.724,68.1655,70.1735,,,,,,
link,Microsoft → Platform,Microsoft,Platform,90,746,650,12.0643,0.752,67.8835,69.8914,,,,,,
link,Microsoft → Platform,Microsoft,Platform,90,746,650,12.0643,0.78,67.6347,69.6426,,,,,,
link,Microsoft → Platform,Microsoft,Platform,90,746,650,12.0643,0.808,67.4228,69.4308,,,,,,
link,Microsoft → Platform,Microsoft,Platform,90,746,650,12.0643,0.836,67.2516,69.2596,,,,,,
link,Microsoft → Platform,Microsoft,Platform,90,746,650,12.0643,0.864,67.1248,69.1327,,,,,,
link,Microsoft → Platform,Microsoft,Platform,90,746,650,12.0643,0.892,67.0459,69.0539,,,,,,
link,Microsoft → Platform,Microsoft,Platform,90,746,650,12.0643,0.92,67.0188,69.0268,,,,,,
link,Microsoft → Puzzle,Microsoft,Puzzle,182,746,535,24.3968,0.08,77.3406,81.4011,,,,,,
link,Microsoft → Puzzle,Microsoft,Puzzle,182,746,535,24.3968,0.108,77.3453,81.4057,,,,,,
link,Microsoft → Puzzle,Microsoft,Puzzle,182,746,535,24.3968,0.136,77.3588,81.4193,,,,,,
link,Microsoft → Puzzle,Microsoft,Puzzle,182,746,535,24.3968,0.164,77.3806,81.4411,,,,,,
link,Microsoft → Puzzle,Microsoft,Puzzle,182,746,535,24.3968,0.192,77.41,81.4705,,,,,,
link,Microsoft → Puzzle,Microsoft,Puzzle,182,746,535,24.3968,0.22,77.4464,81.5069,,,,,,
link,Microsoft → Puzzle,Microsoft,Puzzle,182,746,535,24.3968,0.248,77.4891,81.5496,,,,,,
link,Microsoft → Puzzle,Microsoft,Puzzle,182,746,535,24.3968,0.276,77.5375,81.598,,,,,,
link,Microsoft → Puzzle,Microsoft,Puzzle,182,746,535,24.3968,0.304,77.5911,81.6515,,,,,,
link,Microsoft → Puzzle,Microsoft,Puzzle,182,746,535,24.3968,0.332,77.649,81.7095,,,,,,
link,Microsoft → Puzzle,Microsoft,Puzzle,182,746,535,24.3968,0.36,77.7108,81.7713,,,,,,
link,Microsoft → Puzzle,Microsoft,Puzzle,182,746,535,24.3968,0.388,77.7757,81.8362,,,,,,
link,Microsoft → Puzzle,Microsoft,Puzzle,182,746,535,24.3968,0.416,77.8432,81.9037,,,,,,
link,Microsoft → Puzzle,Microsoft,Puzzle,182,746,535,24.3968,0.444,77.9126,81.9731,,,,,,
link,Microsoft → Puzzle,Microsoft,Puzzle,182,746,535,24.3968,0.472,77.9832,82.0437,,,,,,
link,Microsoft → Puzzle,Microsoft,Puzzle,182,746,535,24.3968,0.5,78.0545,82.115,,,,,,
link,Microsoft → Puzzle,Microsoft,Puzzle,182,746,535,24.3968,0.528,78.1258,82.1863,,,,,,
link,Microsoft → Puzzle,Microsoft,Puzzle,182,746,535,24.3968,0.556,78.1965,82.257,,,,,,
link,Microsoft → Puzzle,Microsoft,Puzzle,182,746,535,24.3968,0.584,78.2659,82.3263,,,,,,
link,Microsoft → Puzzle,Microsoft,Puzzle,182,746,535,24.3968,0.612,78.3333,82.3938,,,,,,
link,Microsoft → Puzzle,Microsoft,Puzzle,182,746,535,24.3968,0.64,78.3983,82.4588,,,,,,
link,Microsoft → Puzzle,Microsoft,Puzzle,182,746,535,24.3968,0.668,78.46,82.5205,,,,,,
link,Microsoft → Puzzle,Microsoft,Puzzle,182,746,535,24.3968,0.696,78.518,82.5785,,,,,,
link,Microsoft → Puzzle,Microsoft,Puzzle,182,746,535,24.3968,0.724,78.5715,82.632,,,,,,
link,Microsoft → Puzzle,Microsoft,Puzzle,182,746,535,24.3968,0.752,78.62,82.6805,,,,,,
link,Microsoft → Puzzle,Microsoft,Puzzle,182,746,535,24.3968,0.78,78.6627,82.7232,,,,,,
link,Microsoft → Puzzle,Microsoft,Puzzle,182,746,535,24.3968,0.808,78.6991,82.7596,,,,,,
link,Microsoft → Puzzle,Microsoft,Puzzle,182,746,535,24.3968,0.836,78.7285,82.789,,,,,,
link,Microsoft → Puzzle,Microsoft,Puzzle,182,746,535,24.3968,0.864,78.7503,82.8108,,,,,,
link,Microsoft → Puzzle,Microsoft,Puzzle,182,746,535,24.3968,0.892,78.7638,82.8243,,,,,,
link,Microsoft → Puzzle,Microsoft,Puzzle,182,746,535,24.3968,0.92,78.7685,82.829,,,,,,
link,Microsoft → Role-Playing,Microsoft,Role-Playing,53,746,519,7.1046,0.08,81.4011,82.5835,,,,,,
link,Microsoft → Role-Playing,Microsoft,Role-Playing,53,746,519,7.1046,0.108,81.4473,82.6298,,,,,,
link,Microsoft → Role-Playing,Microsoft,Role-Playing,53,746,519,7.1046,0.136,81.5818,82.7642,,,,,,
link,Microsoft → Role-Playing,Microsoft,Role-Playing,53,746,519,7.1046,0.164,81.7982,82.9806,,,,,,
link,Microsoft → Role-Playing,Microsoft,Role-Playing,53,746,519,7.1046,0.192,82.0902,83.2727,,,,,,
link,Microsoft → Role-Playing,Microsoft,Role-Playing,53,746,519,7.1046,0.22,82.4516,83.634,,,,,,
link,Microsoft → Role-Playing,Microsoft,Role-Playing,53,746,519,7.1046,0.248,82.876,84.0584,,,,,,
link,Microsoft → Role-Playing,Microsoft,Role-Playing,53,746,519,7.1046,0.276,83.3571,84.5395,,,,,,
link,Microsoft → Role-Playing,Microsoft,Role-Playing,53,746,519,7.1046,0.304,83.8886,85.0711,,,,,,
link,Microsoft → Role-Playing,Microsoft,Role-Playing,53,746,519,7.1046,0.332,84.4643,85.6467,,,,,,
link,Microsoft → Role-Playing,Microsoft,Role-Playing,53,746,519,7.1046,0.36,85.0778,86.2602,,,,,,
link,Microsoft → Role-Playing,Microsoft,Role-Playing,53,746,519,7.1046,0.388,85.7228,86.9052,,,,,,
link,Microsoft → Role-Playing,Microsoft,Role-Playing,53,746,519,7.1046,0.416,86.393,87.5754,,,,,,
link,Microsoft → Role-Playing,Microsoft,Role-Playing,53,746,519,7.1046,0.444,87.0821,88.2645,,,,,,
link,Microsoft → Role-Playing,Microsoft,Role-Playing,53,746,519,7.1046,0.472,87.7838,88.9662,,,,,,
link,Microsoft → Role-Playing,Microsoft,Role-Playing,53,746,519,7.1046,0.5,88.4918,89.6743,,,,,,
link,Microsoft → Role-Playing,Microsoft,Role-Playing,53,746,519,7.1046,0.528,89.1998,90.3823,,,,,,
link,Microsoft → Role-Playing,Microsoft,Role-Playing,53,746,519,7.1046,0.556,89.9016,91.084,,,,,,
link,Microsoft → Role-Playing,Microsoft,Role-Playing,53,746,519,7.1046,0.584,90.5907,91.7731,,,,,,
link,Microsoft → Role-Playing,Microsoft,Role-Playing,53,746,519,7.1046,0.612,91.2609,92.4433,,,,,,
link,Microsoft → Role-Playing,Microsoft,Role-Playing,53,746,519,7.1046,0.64,91.9059,93.0883,,,,,,
link,Microsoft → Role-Playing,Microsoft,Role-Playing,53,746,519,7.1046,0.668,92.5194,93.7018,,,,,,
link,Microsoft → Role-Playing,Microsoft,Role-Playing,53,746,519,7.1046,0.696,93.095,94.2775,,,,,,
link,Microsoft → Role-Playing,Microsoft,Role-Playing,53,746,519,7.1046,0.724,93.6266,94.809,,,,,,
link,Microsoft → Role-Playing,Microsoft,Role-Playing,53,746,519,7.1046,0.752,94.1077,95.2901,,,,,,
link,Microsoft → Role-Playing,Microsoft,Role-Playing,53,746,519,7.1046,0.78,94.5321,95.7145,,,,,,
link,Microsoft → Role-Playing,Microsoft,Role-Playing,53,746,519,7.1046,0.808,94.8934,96.0759,,,,,,
link,Microsoft → Role-Playing,Microsoft,Role-Playing,53,746,519,7.1046,0.836,95.1855,96.3679,,,,,,
link,Microsoft → Role-Playing,Microsoft,Role-Playing,53,746,519,7.1046,0.864,95.4019,96.5843,,,,,,
link,Microsoft → Role-Playing,Microsoft,Role-Playing,53,746,519,7.1046,0.892,95.5363,96.7188,,,,,,
link,Microsoft → Role-Playing,Microsoft,Role-Playing,53,746,519,7.1046,0.92,95.5825,96.765,,,,,,
link,Nintendo → Sports,Nintendo,Sports,89,691,852,12.8799,0.08,84.5835,86.5692,,,,,,
link,Nintendo → Sports,Nintendo,Sports,89,691,852,12.8799,0.108,84.3633,86.349,,,,,,
link,Nintendo → Sports,Nintendo,Sports,89,691,852,12.8799,0.136,83.7228,85.7084,,,,,,
link,Nintendo → Sports,Nintendo,Sports,89,691,852,12.8799,0.164,82.6918,84.6775,,,,,,
link,Nintendo → Sports,Nintendo,Sports,89,691,852,12.8799,0.192,81.3006,83.2862,,,,,,
link,Nintendo → Sports,Nintendo,Sports,89,691,852,12.8799,0.22,79.579,81.5647,,,,,,
link,Nintendo → Sports,Nintendo,Sports,89,691,852,12.8799,0.248,77.5572,79.5428,,,,,,
link,Nintendo → Sports,Nintendo,Sports,89,691,852,12.8799,0.276,75.2652,77.2508,,,,,,
link,Nintendo → Sports,Nintendo,Sports,89,691,852,12.8799,0.304,72.7329,74.7185,,,,,,
link,Nintendo → Sports,Nintendo,Sports,89,691,852,12.8799,0.332,69.9904,71.976,,,,,,
link,Nintendo → Sports,Nintendo,Sports,89,691,852,12.8799,0.36,67.0678,69.0534,,,,,,
link,Nintendo → Sports,Nintendo,Sports,89,691,852,12.8799,0.388,63.995,65.9807,,,,,,
link,Nintendo → Sports,Nintendo,Sports,89,691,852,12.8799,0.416,60.8022,62.7878,,,,,,
link,Nintendo → Sports,Nintendo,Sports,89,691,852,12.8799,0.444,57.5192,59.5048,,,,,,
link,Nintendo → Sports,Nintendo,Sports,89,691,852,12.8799,0.472,54.1762,56.1618,,,,,,
link,Nintendo → Sports,Nintendo,Sports,89,691,852,12.8799,0.5,50.8032,52.7888,,,,,,
link,Nintendo → Sports,Nintendo,Sports,89,691,852,12.8799,0.528,47.4301,49.4158,,,,,,
link,Nintendo → Sports,Nintendo,Sports,89,691,852,12.8799,0.556,44.0871,46.0728,,,,,,
link,Nintendo → Sports,Nintendo,Sports,89,691,852,12.8799,0.584,40.8042,42.7898,,,,,,
link,Nintendo → Sports,Nintendo,Sports,89,691,852,12.8799,0.612,37.6113,39.5969,,,,,,
link,Nintendo → Sports,Nintendo,Sports,89,691,852,12.8799,0.64,34.5386,36.5242,,,,,,
link,Nintendo → Sports,Nintendo,Sports,89,691,852,12.8799,0.668,31.6159,33.6015,,,,,,
link,Nintendo → Sports,Nintendo,Sports,89,691,852,12.8799,0.696,28.8735,30.8591,,,,,,
link,Nintendo → Sports,Nintendo,Sports,89,691,852,12.8799,0.724,26.3412,28.3268,,,,,,
link,Nintendo → Sports,Nintendo,Sports,89,691,852,12.8799,0.752,24.0491,26.0347,,,,,,
link,Nintendo → Sports,Nintendo,Sports,89,691,852,12.8799,0.78,22.0273,24.0129,,,,,,
link,Nintendo → Sports,Nintendo,Sports,89,691,852,12.8799,0.808,20.3058,22.2914,,,,,,
link,Nintendo → Sports,Nintendo,Sports,89,691,852,12.8799,0.836,18.9145,20.9001,,,,,,
link,Nintendo → Sports,Nintendo,Sports,89,691,852,12.8799,0.864,17.8836,19.8692,,,,,,
link,Nintendo → Sports,Nintendo,Sports,89,691,852,12.8799,0.892,17.243,19.2286,,,,,,
link,Nintendo → Sports,Nintendo,Sports,89,691,852,12.8799,0.92,17.0228,19.0084,,,,,,
link,Nintendo → Action,Nintendo,Action,93,691,827,13.4588,0.08,86.5692,88.644,,,,,,
link,Nintendo → Action,Nintendo,Action,93,691,827,13.4588,0.108,86.4089,88.4837,,,,,,
link,Nintendo → Action,Nintendo,Action,93,691,827,13.4588,0.136,85.9425,88.0174,,,,,,
link,Nintendo → Action,Nintendo,Action,93,691,827,13.4588,0.164,85.192,87.2668,,,,,,
link,Nintendo → Action,Nintendo,Action,93,691,827,13.4588,0.192,84.1791,86.254,,,,,,
link,Nintendo → Action,Nintendo,Action,93,691,827,13.4588,0.22,82.9258,85.0007,,,,,,
link,Nintendo → Action,Nintendo,Action,93,691,827,13.4588,0.248,81.4539,83.5288,,,,,,
link,Nintendo → Action,Nintendo,Action,93,691,827,13.4588,0.276,79.7853,81.8601,,,,,,
link,Nintendo → Action,Nintendo,Action,93,691,827,13.4588,0.304,77.9418,80.0166,,,,,,
link,Nintendo → Action,Nintendo,Action,93,691,827,13.4588,0.332,75.9452,78.0201,,,,,,
link,Nintendo → Action,Nintendo,Action,93,691,827,13.4588,0.36,73.8175,75.8924,,,,,,
link,Nintendo → Action,Nintendo,Action,93,691,827,13.4588,0.388,71.5805,73.6554,,,,,,
link,Nintendo → Action,Nintendo,Action,93,691,827,13.4588,0.416,69.2561,71.3309,,,,,,
link,Nintendo → Action,Nintendo,Action,93,691,827,13.4588,0.444,66.866,68.9409,,,,,,
link,Nintendo → Action,Nintendo,Action,93,691,827,13.4588,0.472,64.4323,66.5072,,,,,,
link,Nintendo → Action,Nintendo,Action,93,691,827,13.4588,0.5,61.9767,64.0516,,,,,,
link,Nintendo → Action,Nintendo,Action,93,691,827,13.4588,0.528,59.5211,61.596,,,,,,
link,Nintendo → Action,Nintendo,Action,93,691,827,13.4588,0.556,57.0874,59.1622,,,,,,
link,Nintendo → Action,Nintendo,Action,93,691,827,13.4588,0.584,54.6973,56.7722,,,,,,
link,Nintendo → Action,Nintendo,Action,93,691,827,13.4588,0.612,52.3729,54.4477,,,,,,
link,Nintendo → Action,Nintendo,Action,93,691,827,13.4588,0.64,50.1359,52.2107,,,,,,
link,Nintendo → Action,Nintendo,Action,93,691,827,13.4588,0.668,48.0082,50.083,,,,,,
link,Nintendo → Action,Nintendo,Action,93,691,827,13.4588,0.696,46.0116,48.0865,,,,,,
link,Nintendo → Action,Nintendo,Action,93,691,827,13.4588,0.724,44.1681,46.243,,,,,,
link,Nintendo → Action,Nintendo,Action,93,691,827,13.4588,0.752,42.4995,44.5743,,,,,,
link,Nintendo → Action,Nintendo,Action,93,691,827,13.4588,0.78,41.0276,43.1024,,,,,,
link,Nintendo → Action,Nintendo,Action,93,691,827,13.4588,0.808,39.7743,41.8491,,,,,,
link,Nintendo → Action,Nintendo,Action,93,691,827,13.4588,0.836,38.7614,40.8363,,,,,,
link,Nintendo → Action,Nintendo,Action,93,691,827,13.4588,0.864,38.0109,40.0858,,,,,,
link,Nintendo → Action,Nintendo,Action,93,691,827,13.4588,0.892,37.5445,39.6194,,,,,,
link,Nintendo → Action,Nintendo,Action,93,691,827,13.4588,0.92,37.3842,39.4591,,,,,,
link,Nintendo → Shooter,Nintendo,Shooter,48,691,651,6.9465,0.08,88.644,89.7149,,,,,,
link,Nintendo → Shooter,Nintendo,Shooter,48,691,651,6.9465,0.108,88.5341,89.605,,,,,,
link,Nintendo → Shooter,Nintendo,Shooter,48,691,651,6.9465,0.136,88.2143,89.2852,,,,,,
link,Nintendo → Shooter,Nintendo,Shooter,48,691,651,6.9465,0.164,87.6995,88.7704,,,,,,
link,Nintendo → Shooter,Nintendo,Shooter,48,691,651,6.9465,0.192,87.0049,88.0758,,,,,,
link,Nintendo → Shooter,Nintendo,Shooter,48,691,651,6.9465,0.22,86.1454,87.2163,,,,,,
link,Nintendo → Shooter,Nintendo,Shooter,48,691,651,6.9465,0.248,85.1359,86.2068,,,,,,
link,Nintendo → Shooter,Nintendo,Shooter,48,691,651,6.9465,0.276,83.9915,85.0624,,,,,,
link,Nintendo → Shooter,Nintendo,Shooter,48,691,651,6.9465,0.304,82.7272,83.7981,,,,,,
link,Nintendo → Shooter,Nintendo,Shooter,48,691,651,6.9465,0.332,81.358,82.4289,,,,,,
link,Nintendo → Shooter,Nintendo,Shooter,48,691,651,6.9465,0.36,79.8987,80.9696,,,,,,
link,Nintendo → Shooter,Nintendo,Shooter,48,691,651,6.9465,0.388,78.3646,79.4355,,,,,,
link,Nintendo → Shooter,Nintendo,Shooter,48,691,651,6.9465,0.416,76.7704,77.8413,,,,,,
link,Nintendo → Shooter,Nintendo,Shooter,48,691,651,6.9465,0.444,75.1313,76.2022,,,,,,
link,Nintendo → Shooter,Nintendo,Shooter,48,691,651,6.9465,0.472,73.4622,74.5331,,,,,,
link,Nintendo → Shooter,Nintendo,Shooter,48,691,651,6.9465,0.5,71.7781,72.849,,,,,,
link,Nintendo → Shooter,Nintendo,Shooter,48,691,651,6.9465,0.528,70.094,71.1649,,,,,,
link,Nintendo → Shooter,Nintendo,Shooter,48,691,651,6.9465,0.556,68.4249,69.4958,,,,,,
link,Nintendo → Shooter,Nintendo,Shooter,48,691,651,6.9465,0.584,66.7858,67.8567,,,,,,
link,Nintendo → Shooter,Nintendo,Shooter,48,691,651,6.9465,0.612,65.1917,66.2626,,,,,,
link,Nintendo → Shooter,Nintendo,Shooter,48,691,651,6.9465,0.64,63.6575,64.7284,,,,,,
link,Nintendo → Shooter,Nintendo,Shooter,48,691,651,6.9465,0.668,62.1983,63.2692,,,,,,
link,Nintendo → Shooter,Nintendo,Shooter,48,691,651,6.9465,0.696,60.829,61.8999,,,,,,
link,Nintendo → Shooter,Nintendo,Shooter,48,691,651,6.9465,0.724,59.5647,60.6356,,,,,,
link,Nintendo → Shooter,Nintendo,Shooter,48,691,651,6.9465,0.752,58.4204,59.4912,,,,,,
link,Nintendo → Shooter,Nintendo,Shooter,48,691,651,6.9465,0.78,57.4109,58.4818,,,,,,
link,Nintendo → Shooter,Nintendo,Shooter,48,691,651,6.9465,0.808,56.5514,57.6223,,,,,,
link,Nintendo → Shooter,Nintendo,Shooter,48,691,651,6.9465,0.836,55.8567,56.9276,,,,,,
link,Nintendo → Shooter,Nintendo,Shooter,48,691,651,6.9465,0.864,55.342,56.4129,,,,,,
link,Nintendo → Shooter,Nintendo,Shooter,48,691,651,6.9465,0.892,55.0222,56.0931,,,,,,
link,Nintendo → Shooter,Nintendo,Shooter,48,691,651,6.9465,0.92,54.9122,55.9831,,,,,,
link,Nintendo → Platform,Nintendo,Platform,155,691,650,22.4313,0.08,89.7149,93.173,,,,,,
link,Nintendo → Platform,Nintendo,Platform,155,691,650,22.4313,0.108,89.6475,93.1056,,,,,,
link,Nintendo → Platform,Nintendo,Platform,155,691,650,22.4313,0.136,89.4513,92.9094,,,,,,
link,Nintendo → Platform,Nintendo,Platform,155,691,650,22.4313,0.164,89.1357,92.5938,,,,,,
link,Nintendo → Platform,Nintendo,Platform,155,691,650,22.4313,0.192,88.7096,92.1677,,,,,,
link,Nintendo → Platform,Nintendo,Platform,155,691,650,22.4313,0.22,88.1825,91.6406,,,,,,
link,Nintendo → Platform,Nintendo,Platform,155,691,650,22.4313,0.248,87.5634,91.0215,,,,,,
link,Nintendo → Platform,Nintendo,Platform,155,691,650,22.4313,0.276,86.8615,90.3196,,,,,,
link,Nintendo → Platform,Nintendo,Platform,155,691,650,22.4313,0.304,86.0861,89.5442,,,,,,
link,Nintendo → Platform,Nintendo,Platform,155,691,650,22.4313,0.332,85.2463,88.7044,,,,,,
link,Nintendo → Platform,Nintendo,Platform,155,691,650,22.4313,0.36,84.3513,87.8094,,,,,,
link,Nintendo → Platform,Nintendo,Platform,155,691,650,22.4313,0.388,83.4104,86.8685,,,,,,
link,Nintendo → Platform,Nintendo,Platform,155,691,650,22.4313,0.416,82.4327,85.8908,,,,,,
link,Nintendo → Platform,Nintendo,Platform,155,691,650,22.4313,0.444,81.4274,84.8855,,,,,,
link,Nintendo → Platform,Nintendo,Platform,155,691,650,22.4313,0.472,80.4037,83.8618,,,,,,
link,Nintendo → Platform,Nintendo,Platform,155,691,650,22.4313,0.5,79.3708,82.829,,,,,,
link,Nintendo → Platform,Nintendo,Platform,155,691,650,22.4313,0.528,78.338,81.7961,,,,,,
link,Nintendo → Platform,Nintendo,Platform,155,691,650,22.4313,0.556,77.3143,80.7724,,,,,,
link,Nintendo → Platform,Nintendo,Platform,155,691,650,22.4313,0.584,76.309,79.7671,,,,,,
link,Nintendo → Platform,Nintendo,Platform,155,691,650,22.4313,0.612,75.3313,78.7894,,,,,,
link,Nintendo → Platform,Nintendo,Platform,155,691,650,22.4313,0.64,74.3904,77.8485,,,,,,
link,Nintendo → Platform,Nintendo,Platform,155,691,650,22.4313,0.668,73.4954,76.9535,,,,,,
link,Nintendo → Platform,Nintendo,Platform,155,691,650,22.4313,0.696,72.6556,76.1137,,,,,,
link,Nintendo → Platform,Nintendo,Platform,155,691,650,22.4313,0.724,71.8802,75.3383,,,,,,
link,Nintendo → Platform,Nintendo,Platform,155,691,650,22.4313,0.752,71.1783,74.6364,,,,,,
link,Nintendo → Platform,Nintendo,Platform,155,691,650,22.4313,0.78,70.5592,74.0173,,,,,,
link,Nintendo → Platform,Nintendo,Platform,155,691,650,22.4313,0.808,70.0321,73.4902,,,,,,
link,Nintendo → Platform,Nintendo,Platform,155,691,650,22.4313,0.836,69.606,73.0641,,,,,,
link,Nintendo → Platform,Nintendo,Platform,155,691,650,22.4313,0.864,69.2904,72.7485,,,,,,
link,Nintendo → Platform,Nintendo,Platform,155,691,650,22.4313,0.892,69.0942,72.5523,,,,,,
link,Nintendo → Platform,Nintendo,Platform,155,691,650,22.4313,0.92,69.0268,72.4849,,,,,,
link,Nintendo → Puzzle,Nintendo,Puzzle,161,691,535,23.2996,0.08,93.173,96.765,,,,,,
link,Nintendo → Puzzle,Nintendo,Puzzle,161,691,535,23.2996,0.108,93.1393,96.7313,,,,,,
link,Nintendo → Puzzle,Nintendo,Puzzle,161,691,535,23.2996,0.136,93.0412,96.6332,,,,,,
link,Nintendo → Puzzle,Nintendo,Puzzle,161,691,535,23.2996,0.164,92.8834,96.4754,,,,,,
link,Nintendo → Puzzle,Nintendo,Puzzle,161,691,535,23.2996,0.192,92.6704,96.2624,,,,,,
link,Nintendo → Puzzle,Nintendo,Puzzle,161,691,535,23.2996,0.22,92.4068,95.9988,,,,,,
link,Nintendo → Puzzle,Nintendo,Puzzle,161,691,535,23.2996,0.248,92.0972,95.6892,,,,,,
link,Nintendo → Puzzle,Nintendo,Puzzle,161,691,535,23.2996,0.276,91.7463,95.3383,,,,,,
link,Nintendo → Puzzle,Nintendo,Puzzle,161,691,535,23.2996,0.304,91.3586,94.9506,,,,,,
link,Nintendo → Puzzle,Nintendo,Puzzle,161,691,535,23.2996,0.332,90.9387,94.5307,,,,,,
link,Nintendo → Puzzle,Nintendo,Puzzle,161,691,535,23.2996,0.36,90.4912,94.0832,,,,,,
link,Nintendo → Puzzle,Nintendo,Puzzle,161,691,535,23.2996,0.388,90.0208,93.6127,,,,,,
link,Nintendo → Puzzle,Nintendo,Puzzle,161,691,535,23.2996,0.416,89.5319,93.1239,,,,,,
link,Nintendo → Puzzle,Nintendo,Puzzle,161,691,535,23.2996,0.444,89.0293,92.6212,,,,,,
link,Nintendo → Puzzle,Nintendo,Puzzle,161,691,535,23.2996,0.472,88.5174,92.1094,,,,,,
link,Nintendo → Puzzle,Nintendo,Puzzle,161,691,535,23.2996,0.5,88.001,91.593,,,,,,
link,Nintendo → Puzzle,Nintendo,Puzzle,161,691,535,23.2996,0.528,87.4846,91.0765,,,,,,
link,Nintendo → Puzzle,Nintendo,Puzzle,161,691,535,23.2996,0.556,86.9727,90.5647,,,,,,
link,Nintendo → Puzzle,Nintendo,Puzzle,161,691,535,23.2996,0.584,86.4701,90.062,,,,,,
link,Nintendo → Puzzle,Nintendo,Puzzle,161,691,535,23.2996,0.612,85.9812,89.5732,,,,,,
link,Nintendo → Puzzle,Nintendo,Puzzle,161,691,535,23.2996,0.64,85.5108,89.1027,,,,,,
link,Nintendo → Puzzle,Nintendo,Puzzle,161,691,535,23.2996,0.668,85.0633,88.6552,,,,,,
link,Nintendo → Puzzle,Nintendo,Puzzle,161,691,535,23.2996,0.696,84.6434,88.2353,,,,,,
link,Nintendo → Puzzle,Nintendo,Puzzle,161,691,535,23.2996,0.724,84.2557,87.8476,,,,,,
link,Nintendo → Puzzle,Nintendo,Puzzle,161,691,535,23.2996,0.752,83.9047,87.4967,,,,,,
link,Nintendo → Puzzle,Nintendo,Puzzle,161,691,535,23.2996,0.78,83.5952,87.1871,,,,,,
link,Nintendo → Puzzle,Nintendo,Puzzle,161,691,535,23.2996,0.808,83.3316,86.9236,,,,,,
link,Nintendo → Puzzle,Nintendo,Puzzle,161,691,535,23.2996,0.836,83.1186,86.7106,,,,,,
link,Nintendo → Puzzle,Nintendo,Puzzle,161,691,535,23.2996,0.864,82.9607,86.5527,,,,,,
link,Nintendo → Puzzle,Nintendo,Puzzle,161,691,535,23.2996,0.892,82.8627,86.4546,,,,,,
link,Nintendo → Puzzle,Nintendo,Puzzle,161,691,535,23.2996,0.92,82.829,86.4209,,,,,,
link,Nintendo → Role-Playing,Nintendo,Role-Playing,145,691,519,20.9841,0.08,96.765,100,,,,,,
link,Nintendo → Role-Playing,Nintendo,Role-Playing,145,691,519,20.9841,0.108,96.765,100,,,,,,
link,Nintendo → Role-Playing,Nintendo,Role-Playing,145,691,519,20.9841,0.136,96.765,100,,,,,,
link,Nintendo → Role-Playing,Nintendo,Role-Playing,145,691,519,20.9841,0.164,96.765,100,,,,,,
link,Nintendo → Role-Playing,Nintendo,Role-Playing,145,691,519,20.9841,0.192,96.765,100,,,,,,
link,Nintendo → Role-Playing,Nintendo,Role-Playing,145,691,519,20.9841,0.22,96.765,100,,,,,,
link,Nintendo → Role-Playing,Nintendo,Role-Playing,145,691,519,20.9841,0.248,96.765,100,,,,,,
link,Nintendo → Role-Playing,Nintendo,Role-Playing,145,691,519,20.9841,0.276,96.765,100,,,,,,
link,Nintendo → Role-Playing,Nintendo,Role-Playing,145,691,519,20.9841,0.304,96.765,100,,,,,,
link,Nintendo → Role-Playing,Nintendo,Role-Playing,145,691,519,20.9841,0.332,96.765,100,,,,,,
link,Nintendo → Role-Playing,Nintendo,Role-Playing,145,691,519,20.9841,0.36,96.765,100,,,,,,
link,Nintendo → Role-Playing,Nintendo,Role-Playing,145,691,519,20.9841,0.388,96.765,100,,,,,,
link,Nintendo → Role-Playing,Nintendo,Role-Playing,145,691,519,20.9841,0.416,96.765,100,,,,,,
link,Nintendo → Role-Playing,Nintendo,Role-Playing,145,691,519,20.9841,0.444,96.765,100,,,,,,
link,Nintendo → Role-Playing,Nintendo,Role-Playing,145,691,519,20.9841,0.472,96.765,100,,,,,,
link,Nintendo → Role-Playing,Nintendo,Role-Playing,145,691,519,20.9841,0.5,96.765,100,,,,,,
link,Nintendo → Role-Playing,Nintendo,Role-Playing,145,691,519,20.9841,0.528,96.765,100,,,,,,
link,Nintendo → Role-Playing,Nintendo,Role-Playing,145,691,519,20.9841,0.556,96.765,100,,,,,,
link,Nintendo → Role-Playing,Nintendo,Role-Playing,145,691,519,20.9841,0.584,96.765,100,,,,,,
link,Nintendo → Role-Playing,Nintendo,Role-Playing,145,691,519,20.9841,0.612,96.765,100,,,,,,
link,Nintendo → Role-Playing,Nintendo,Role-Playing,145,691,519,20.9841,0.64,96.765,100,,,,,,
link,Nintendo → Role-Playing,Nintendo,Role-Playing,145,691,519,20.9841,0.668,96.765,100,,,,,,
link,Nintendo → Role-Playing,Nintendo,Role-Playing,145,691,519,20.9841,0.696,96.765,100,,,,,,
link,Nintendo → Role-Playing,Nintendo,Role-Playing,145,691,519,20.9841,0.724,96.765,100,,,,,,
link,Nintendo → Role-Playing,Nintendo,Role-Playing,145,691,519,20.9841,0.752,96.765,100,,,,,,
link,Nintendo → Role-Playing,Nintendo,Role-Playing,145,691,519,20.9841,0.78,96.765,100,,,,,,
link,Nintendo → Role-Playing,Nintendo,Role-Playing,145,691,519,20.9841,0.808,96.765,100,,,,,,
link,Nintendo → Role-Playing,Nintendo,Role-Playing,145,691,519,20.9841,0.836,96.765,100,,,,,,
link,Nintendo → Role-Playing,Nintendo,Role-Playing,145,691,519,20.9841,0.864,96.765,100,,,,,,
link,Nintendo → Role-Playing,Nintendo,Role-Playing,145,691,519,20.9841,0.892,96.765,100,,,,,,
link,Nintendo → Role-Playing,Nintendo,Role-Playing,145,691,519,20.9841,0.92,96.765,100,,,,,,
publisher_node,,Konami,,700,,,,,0,15.6173,0.04,0.08,Konami,700,0.035,7.8086
publisher_node,,Ubisoft,,381,,,,,17.6173,26.1175,0.04,0.08,Ubisoft,381,0.035,21.8674
publisher_node,,Sega,,936,,,,,28.1175,49,0.04,0.08,Sega,936,0.035,38.5588
publisher_node,,Sony Computer Entertainment,,580,,,,,51,63.94,0.04,0.08,Sony Computer Entertainment,580,0.035,57.47
publisher_node,,Microsoft,,746,,,,,65.94,82.5835,0.04,0.08,Microsoft,746,0.035,74.2618
publisher_node,,Nintendo,,691,,,,,84.5835,100,0.04,0.08,Nintendo,691,0.035,92.2918
genre_node,,,Sports,852,,,,,0,19.0084,0.92,0.96,Sports,852,0.965,9.5042
genre_node,,,Action,827,,,,,21.0084,39.4591,0.92,0.96,Action,827,0.965,30.2338
genre_node,,,Shooter,651,,,,,41.4591,55.9831,0.92,0.96,Shooter,651,0.965,48.7211
genre_node,,,Platform,650,,,,,57.9831,72.4849,0.92,0.96,Platform,650,0.965,65.234
genre_node,,,Puzzle,535,,,,,74.4849,86.4209,0.92,0.96,Puzzle,535,0.965,80.4529
genre_node,,,Role-Playing,519,,,,,88.4209,100,0.92,0.96,Role-Playing,519,0.965,94.2105
