id,name,release_date,release_year,release_decade,primary_genre,rating,aggregated_rating,critic_user_gap,agreement
1,Thief II: The Metal Age,2000-03-21,2000,2000s,Shooter,87.20,90.00,2.80,Within 5 points
2,Thief: The Dark Project,1998-11-30,1998,1990s,Simulator,86.63,70.00,-16.63,Users higher
3,Thief: Deadly Shadows,2004-05-25,2004,2000s,Shooter,81.90,83.00,1.10,Within 5 points
4,Thief,2014-02-25,2014,2010s,Shooter,69.90,63.64,-6.26,Users higher
6,Baldur's Gate II: Shadows of Amn,2000-09-21,2000,2000s,Role-playing (RPG),89.89,90.00,0.11,Within 5 points
11,Vampire: The Masquerade - Bloodlines,2004-11-16,2004,2000s,Role-playing (RPG),86.01,72.33,-13.67,Users higher
12,Vampire: The Masquerade - Redemption,2000-06-07,2000,2000s,Role-playing (RPG),77.98,60.00,-17.98,Users higher
15,Fallout 3,2008-10-28,2008,2000s,Shooter,83.47,89.10,5.63,Critics higher
16,Fallout: New Vegas,2010-10-19,2010,2010s,Shooter,87.11,81.90,-5.21,Users higher
18,Max Payne,2001-07-23,2001,2000s,Shooter,85.98,73.80,-12.18,Users higher
19,Max Payne 2: The Fall of Max Payne,2003-10-14,2003,2000s,Shooter,86.25,84.29,-1.97,Within 5 points
20,BioShock,2007-08-21,2007,2000s,Shooter,86.76,92.62,5.86,Critics higher
21,BioShock 2,2010-02-09,2010,2010s,Shooter,80.97,87.00,6.03,Critics higher
24,X-COM: UFO Defense,1994-03-01,1994,1990s,Strategy,85.13,85.00,-0.13,Within 5 points
35,Dungeon Keeper,1997-06-26,1997,1990s,Real Time Strategy (RTS),84.90,10.00,-74.90,Users higher
37,Dead Space,2008-10-14,2008,2000s,Shooter,85.68,88.17,2.49,Within 5 points
38,Dead Space 2,2011-01-25,2011,2010s,Shooter,86.69,90.00,3.31,Within 5 points
39,Mafia,2002-08-29,2002,2000s,Fighting,86.75,62.67,-24.08,Users higher
40,Mafia II,2010-08-24,2010,2010s,Shooter,81.51,72.62,-8.89,Users higher
41,Deus Ex,2000-06-26,2000,2000s,Shooter,87.02,90.50,3.48,Within 5 points
42,Deus Ex: Invisible War,2003-12-02,2003,2000s,Shooter,62.53,80.00,17.47,Critics higher
43,Deus Ex: Human Revolution,2011-08-23,2011,2010s,Shooter,83.94,92.11,8.17,Critics higher
44,Overlord,2007-06-26,2007,2000s,Role-playing (RPG),77.77,70.00,-7.77,Users higher
46,Overlord II,2009-06-23,2009,2000s,Role-playing (RPG),76.61,78.75,2.14,Within 5 points
49,Syndicate,1993-06-06,1993,1990s,Strategy,83.27,68.75,-14.52,Users higher
51,Syndicate Wars,1996-12-31,1996,1990s,Strategy,70.15,50.00,-20.15,Users higher
52,The Elder Scrolls: Arena,1994-03-25,1994,1990s,Role-playing (RPG),70.31,87.50,17.19,Critics higher
53,The Elder Scrolls II: Daggerfall,1996-08-31,1996,1990s,Role-playing (RPG),79.96,89.00,9.04,Critics higher
56,The Elder Scrolls III: Morrowind,2002-05-01,2002,2000s,Role-playing (RPG),85.90,63.25,-22.65,Users higher
59,The Elder Scrolls IV: Oblivion,2006-03-20,2006,2000s,Role-playing (RPG),85.41,80.57,-4.84,Within 5 points
60,The Secret of Monkey Island,1990-10-01,1990,1990s,Point-and-click,86.86,80.00,-6.86,Users higher
63,Escape from Monkey Island,2000-11-01,2000,2000s,Point-and-click,74.37,90.00,15.63,Critics higher
64,Tales of Monkey Island,2009-07-07,2009,2000s,Point-and-click,75.52,80.00,4.48,Within 5 points
67,Master of Orion,1993-09-06,1993,1990s,Strategy,87.78,84.33,-3.45,Within 5 points
69,Master of Orion III,2003-02-25,2003,2000s,Strategy,33.66,55.00,21.34,Critics higher
70,Terra Nova: Strike Force Centauri,1996-03-05,1996,1990s,Shooter,70.00,92.00,22.00,Critics higher
71,Portal,2007-10-10,2007,2000s,Shooter,86.43,80.00,-6.43,Users higher
72,Portal 2,2011-04-18,2011,2010s,Shooter,91.64,92.44,0.80,Within 5 points
73,Mass Effect,2007-11-20,2007,2000s,Shooter,86.17,88.50,2.33,Within 5 points
74,Mass Effect 2,2010-01-26,2010,2010s,Shooter,91.43,95.60,4.17,Within 5 points
75,Mass Effect 3,2012-03-06,2012,2010s,Shooter,85.29,90.81,5.52,Critics higher
76,Dragon Age: Origins,2009-11-03,2009,2000s,Role-playing (RPG),86.15,90.20,4.05,Within 5 points
78,Dragon Age II,2011-03-08,2011,2010s,Role-playing (RPG),74.02,76.29,2.27,Within 5 points
79,Stubbs the Zombie in Rebel Without a Pulse,2005-10-18,2005,2000s,Hack and slash/Beat 'em up,74.02,62.50,-11.52,Users higher
80,The Witcher,2007-10-26,2007,2000s,Role-playing (RPG),82.29,88.00,5.71,Critics higher
83,Baldur's Gate: Dark Alliance,2001-12-02,2001,2000s,Role-playing (RPG),81.26,85.33,4.07,Within 5 points
84,Baldur's Gate: Dark Alliance II,2004-01-20,2004,2000s,Role-playing (RPG),77.12,76.00,-1.12,Within 5 points
88,Frank Herbert's Dune,2001-12-14,2001,2000s,Puzzle,51.08,50.00,-1.08,Within 5 points
90,The Need for Speed,1994-08-31,1994,1990s,Racing,72.05,76.50,4.45,Within 5 points
91,Need for Speed II,1997-03-31,1997,1990s,Racing,76.13,60.00,-16.13,Users higher
95,Need for Speed: Hot Pursuit 2,2002-09-30,2002,2000s,Racing,74.59,80.00,5.41,Critics higher
96,Need for Speed: Underground,2003-11-17,2003,2000s,Racing,83.10,76.50,-6.60,Users higher
97,Need for Speed: Underground 2,2004-11-09,2004,2000s,Racing,83.60,78.50,-5.10,Users higher
98,Need for Speed: Most Wanted,2005-11-15,2005,2000s,Racing,84.43,84.71,0.29,Within 5 points
99,Need for Speed: Carbon,2006-10-31,2006,2000s,Racing,72.41,70.50,-1.91,Within 5 points
100,Need for Speed: ProStreet,2007-11-13,2007,2000s,Racing,68.22,60.75,-7.47,Users higher
101,Need for Speed: Undercover,2008-11-18,2008,2000s,Racing,60.85,57.40,-3.45,Within 5 points
102,Need for Speed: Shift,2009-09-15,2009,2000s,Racing,73.33,79.50,6.17,Critics higher
103,Need for Speed: Nitro,2009-11-03,2009,2000s,Racing,79.10,69.00,-10.10,Users higher
104,Need for Speed: World,2010-07-27,2010,2010s,Racing,67.76,63.00,-4.76,Within 5 points
105,Need for Speed: Hot Pursuit,2010-11-16,2010,2010s,Racing,78.53,89.75,11.22,Critics higher
107,Hidden & Dangerous 2,2003-10-21,2003,2000s,Shooter,79.99,86.00,6.01,Critics higher
109,L.A. Noire,2011-05-17,2011,2010s,Strategy,82.23,89.38,7.15,Critics higher
111,Amnesia: The Dark Descent,2010-09-08,2010,2010s,Puzzle,78.05,89.00,10.95,Critics higher
112,Devil May Cry 4,2008-01-31,2008,2000s,Hack and slash/Beat 'em up,79.64,81.29,1.64,Within 5 points
113,Assassin's Creed Brotherhood,2010-11-16,2010,2010s,Puzzle,82.70,83.33,0.63,Within 5 points
114,Star Wars: The Old Republic,2011-12-20,2011,2010s,Role-playing (RPG),75.69,85.00,9.31,Critics higher
115,League of Legends,2009-10-27,2009,2000s,Role-playing (RPG),75.14,84.00,8.86,Critics higher
116,Star Wars: Knights of the Old Republic,2003-07-15,2003,2000s,Role-playing (RPG),90.67,93.67,3.00,Within 5 points
117,The Last Guardian,2016-12-06,2016,2010s,Platform,82.77,80.29,-2.48,Within 5 points
118,Star Wars: Knights of the Old Republic II - The Sith Lords,2004-12-06,2004,2000s,Role-playing (RPG),86.85,85.83,-1.02,Within 5 points
119,Mortal Kombat,2011-04-19,2011,2010s,Fighting,81.68,84.83,3.15,Within 5 points
120,Diablo III,2012-05-15,2012,2010s,Role-playing (RPG),78.33,83.40,5.07,Critics higher
121,Minecraft: Java Edition,2011-11-18,2011,2010s,Simulator,84.75,84.36,-0.39,Within 5 points
122,Left 4 Dead,2008-11-17,2008,2000s,Shooter,80.31,84.86,4.55,Within 5 points
123,World of Warcraft,2004-11-23,2004,2000s,Role-playing (RPG),83.97,86.25,2.28,Within 5 points
124,Left 4 Dead 2,2009-11-17,2009,2000s,Shooter,82.00,88.60,6.60,Critics higher
126,Diablo II,2000-06-29,2000,2000s,Role-playing (RPG),88.34,90.00,1.66,Within 5 points
127,Assassin's Creed II,2009-11-17,2009,2000s,Platform,86.64,90.25,3.61,Within 5 points
128,Assassin's Creed,2007-11-13,2007,2000s,Platform,73.24,80.75,7.51,Critics higher
130,Warcraft II: Tides of Darkness,1995-12-09,1995,1990s,Real Time Strategy (RTS),84.49,92.50,8.01,Critics higher
132,Warcraft III: Reign of Chaos,2002-07-03,2002,2000s,Real Time Strategy (RTS),88.29,93.00,4.71,Within 5 points
134,Devil May Cry,2001-08-23,2001,2000s,Hack and slash/Beat 'em up,81.19,85.00,3.81,Within 5 points
135,Devil May Cry 2,2003-01-25,2003,2000s,Hack and slash/Beat 'em up,56.23,49.60,-6.63,Users higher
136,Devil May Cry 3: Dante's Awakening,2005-02-17,2005,2000s,Shooter,83.86,80.00,-3.86,Within 5 points
137,Star Wars: The Force Unleashed II,2010-10-26,2010,2010s,Role-playing (RPG),64.14,64.50,0.36,Within 5 points
138,LEGO Indiana Jones 2: The Adventure Continues,2009-11-17,2009,2000s,Platform,65.96,75.00,9.04,Critics higher
141,Star Wars: Battlefront,2004-09-17,2004,2000s,Shooter,80.82,72.92,-7.90,Users higher
142,Star Wars: Battlefront II,2005-10-31,2005,2000s,Shooter,85.31,75.60,-9.71,Users higher
144,Star Wars: Empire at War,2006-02-16,2006,2000s,Real Time Strategy (RTS),74.19,72.50,-1.69,Within 5 points
145,Star Wars Galaxies: An Empire Divided,2003-06-26,2003,2000s,Role-playing (RPG),79.66,75.00,-4.66,Within 5 points
148,Star Wars: Republic Commando,2005-02-17,2005,2000s,Shooter,82.49,80.80,-1.69,Within 5 points
149,Star Wars: Starfighter,2001-02-21,2001,2000s,Shooter,63.19,78.50,15.31,Critics higher
152,Star Wars: Jedi Knight II - Jedi Outcast,2002-03-26,2002,2000s,Shooter,84.15,73.33,-10.82,Users higher
153,Star Wars: Jedi Knight - Jedi Academy,2003-09-16,2003,2000s,Shooter,83.88,69.40,-14.48,Users higher
154,Star Wars: Episode I - Racer,1999-05-18,1999,1990s,Racing,74.38,70.00,-4.38,Within 5 points
156,Star Wars: Episode I - Battle for Naboo,2000-12-18,2000,2000s,Shooter,76.74,50.00,-26.74,Users higher
157,Star Wars: Dark Forces,1995-02-28,1995,1990s,Shooter,78.44,66.00,-12.44,Users higher
162,Star Wars: Rebel Assault II - The Hidden Empire,1995-11-01,1995,1990s,Shooter,65.34,75.00,9.66,Critics higher
164,Star Wars: Shadows of the Empire,1996-12-01,1996,1990s,Shooter,67.43,65.00,-2.43,Within 5 points
169,Star Wars: X-Wing Alliance,1999-02-28,1999,1990s,Shooter,88.51,84.00,-4.51,Within 5 points
176,Ballblazer,1985-12-31,1985,1980s,Racing,55.46,60.00,4.54,Within 5 points
180,Full Throttle,1995-05-19,1995,1990s,Point-and-click,83.28,87.00,3.72,Within 5 points
187,Indiana Jones and the Emperor's Tomb,2003-02-24,2003,2000s,Adventure,73.68,59.33,-14.34,Users higher
188,Indiana Jones and the Infernal Machine,1999-11-23,1999,1990s,Fighting,77.53,90.00,12.47,Critics higher
189,LEGO Indiana Jones: The Original Adventures,2008-06-02,2008,2000s,Platform,73.76,69.00,-4.76,Within 5 points
190,LEGO Star Wars II: The Original Trilogy,2006-09-11,2006,2000s,Platform,78.18,68.60,-9.58,Users higher
192,Maniac Mansion,1987-10-01,1987,1980s,Point-and-click,84.31,90.00,5.69,Critics higher
202,Sam & Max Hit the Road,1993-11-01,1993,1990s,Point-and-click,86.02,82.67,-3.36,Within 5 points
207,The Dig,1995-11-30,1995,1990s,Point-and-click,83.33,45.00,-38.33,Users higher
209,Thrillville: Off the Rails,2007-10-09,2007,2000s,Racing,65.04,55.00,-10.04,Users higher
210,Star Wars: The Clone Wars - Republic Heroes,2009-10-06,2009,2000s,Shooter,50.83,41.67,-9.16,Users higher
211,Armed and Dangerous,2003-12-02,2003,2000s,Shooter,76.17,82.50,6.33,Critics higher
212,Brütal Legend,2009-10-13,2009,2000s,Music,73.63,80.33,6.71,Critics higher
214,Neverwinter Nights 2,2006-10-31,2006,2000s,Role-playing (RPG),82.74,85.00,2.26,Within 5 points
215,Warhammer Online: Age of Reckoning,2008-09-18,2008,2000s,Role-playing (RPG),75.57,89.50,13.93,Critics higher
216,Neverwinter Nights,2002-06-18,2002,2000s,Role-playing (RPG),80.84,74.00,-6.84,Users higher
217,Sonic Chronicles: The Dark Brotherhood,2008-09-25,2008,2000s,Platform,59.63,72.50,12.87,Critics higher
218,MDK2,2000-03-31,2000,2000s,Shooter,80.41,90.00,9.59,Critics higher
221,Phantasmagoria,1995-08-01,1995,1990s,Point-and-click,77.41,60.00,-17.41,Users higher
223,The Sims,2000-02-04,2000,2000s,Simulator,79.76,85.00,5.24,Critics higher
224,The Sims 2,2004-09-14,2004,2000s,Role-playing (RPG),79.06,71.00,-8.06,Users higher
231,Half-Life,1998-11-19,1998,1990s,Shooter,88.69,80.00,-8.69,Users higher
233,Half-Life 2,2004-11-16,2004,2000s,Shooter,90.52,79.12,-11.39,Users higher
234,Guild Wars,2005-04-26,2005,2000s,Role-playing (RPG),79.77,90.33,10.56,Critics higher
235,RollerCoaster Tycoon 3,2004-11-02,2004,2000s,Simulator,74.14,83.75,9.61,Critics higher
236,Myst,1993-09-24,1993,1990s,Point-and-click,76.31,54.75,-21.56,Users higher
237,SimCity 3000,1999-01-31,1999,1990s,Simulator,81.28,85.00,3.72,Within 5 points
239,StarCraft II: Wings of Liberty,2010-07-27,2010,2010s,Real Time Strategy (RTS),87.36,89.40,2.04,Within 5 points
240,Battlefield 1942,2002-09-10,2002,2000s,Shooter,80.38,90.00,9.62,Critics higher
241,Counter-Strike,2000-11-09,2000,2000s,Shooter,83.29,70.00,-13.29,Users higher
242,Cossacks: European Wars,2001-03-30,2001,2000s,Real Time Strategy (RTS),79.31,80.00,0.69,Within 5 points
243,Who Wants to Be a Millionaire,1999-11-23,1999,1990s,Quiz/Trivia,76.79,60.00,-16.79,Users higher
244,The Bureau: XCOM Declassified,2013-08-06,2013,2010s,Shooter,57.87,69.20,11.33,Critics higher
245,Command & Conquer: Red Alert 2,2000-10-25,2000,2000s,Real Time Strategy (RTS),86.94,90.00,3.06,Within 5 points
250,The Chronicles of Riddick: Escape from Butcher Bay,2004-06-01,2004,2000s,Shooter,85.13,89.00,3.87,Within 5 points
251,Where in the World Is Carmen Sandiego?,1985-04-23,1985,1980s,Puzzle,74.88,70.00,-4.88,Within 5 points
253,Stonekeep,1995-11-08,1995,1990s,Role-playing (RPG),80.75,66.00,-14.75,Users higher
254,RollerCoaster Tycoon,1999-03-31,1999,1990s,Simulator,82.38,83.00,0.62,Within 5 points
257,"Warhammer 40,000: Dawn of War",2004-09-20,2004,2000s,Real Time Strategy (RTS),85.82,86.25,0.43,Within 5 points
260,The Sims 3,2009-06-02,2009,2000s,Role-playing (RPG),79.70,83.11,3.41,Within 5 points
271,Vietcong,2003-03-26,2003,2000s,Shooter,72.72,70.00,-2.72,Within 5 points
272,Unreal Tournament,1999-11-22,1999,1990s,Shooter,84.61,100.00,15.39,Critics higher
274,Tropico,2001-04-21,2001,2000s,Simulator,81.49,82.00,0.51,Within 5 points
275,Commandos: Strike Force,2006-03-17,2006,2000s,Shooter,64.53,68.75,4.22,Within 5 points
276,Supreme Commander,2007-02-16,2007,2000s,Real Time Strategy (RTS),76.22,76.25,0.03,Within 5 points
277,Battlefield 2,2005-06-21,2005,2000s,Shooter,81.18,93.00,11.82,Critics higher
280,Doom 3,2004-08-03,2004,2000s,Shooter,79.07,86.00,6.93,Critics higher
281,Return to Castle Wolfenstein,2001-11-19,2001,2000s,Shooter,78.78,68.20,-10.58,Users higher
282,EverQuest,1999-03-16,1999,1990s,Role-playing (RPG),71.99,84.00,12.01,Critics higher
283,Theme Park,1994-12-31,1994,1990s,Real Time Strategy (RTS),68.96,79.00,10.04,Critics higher
287,Patrician III: Rise of the Hanse,2000-01-01,2000,2000s,Real Time Strategy (RTS),70.04,90.00,19.96,Critics higher
288,Operation Flashpoint: Cold War Crisis,2001-06-22,2001,2000s,Shooter,88.82,90.00,1.18,Within 5 points
293,Sid Meier's Civilization IV,2005-10-25,2005,2000s,Simulator,85.34,95.00,9.66,Critics higher
296,Crysis,2007-11-13,2007,2000s,Shooter,80.48,84.67,4.19,Within 5 points
297,Counter-Strike: Condition Zero,2004-03-23,2004,2000s,Shooter,74.18,66.33,-7.85,Users higher
298,Glory of the Roman Empire,2006-06-16,2006,2000s,Real Time Strategy (RTS),65.36,56.67,-8.70,Users higher
299,Age of Empires III,2005-10-18,2005,2000s,Real Time Strategy (RTS),78.26,78.25,-0.01,Within 5 points
301,Microsoft Flight Simulator X,2006-10-13,2006,2000s,Simulator,76.57,79.67,3.10,Within 5 points
304,Dungeon Lords,2005-05-05,2005,2000s,Role-playing (RPG),40.18,64.00,23.82,Critics higher
305,Cossacks II: Napoleonic Wars,2005-04-15,2005,2000s,Real Time Strategy (RTS),67.10,65.00,-2.10,Within 5 points
306,Far Cry,2004-03-23,2004,2000s,Shooter,77.82,87.50,9.68,Critics higher
312,Doom II: Hell on Earth,1994-09-30,1994,1990s,Shooter,85.38,84.33,-1.05,Within 5 points
316,SWAT 4,2005-04-05,2005,2000s,Shooter,86.24,85.00,-1.24,Within 5 points
320,S.T.A.L.K.E.R.: Shadow of Chernobyl,2007-03-23,2007,2000s,Shooter,81.52,80.00,-1.52,Within 5 points
321,Command & Conquer 3: Tiberium Wars,2007-03-28,2007,2000s,Real Time Strategy (RTS),81.00,84.50,3.50,Within 5 points
324,Age of Mythology,2002-10-30,2002,2000s,Real Time Strategy (RTS),81.64,75.67,-5.97,Users higher
325,Hellgate: London,2007-10-31,2007,2000s,Shooter,79.55,70.00,-9.55,Users higher
326,Medal of Honor: Allied Assault,2002-01-22,2002,2000s,Shooter,82.91,80.00,-2.91,Within 5 points
327,Age of Empires II: The Age of Kings,1999-09-30,1999,1990s,Real Time Strategy (RTS),86.35,80.00,-6.35,Users higher
328,Sacred,2004-03-19,2004,2000s,Role-playing (RPG),76.98,85.00,8.02,Critics higher
329,Dungeon Siege,2002-04-05,2002,2000s,Role-playing (RPG),78.77,72.00,-6.77,Users higher
330,SimCity 2000,1993-12-31,1993,1990s,Simulator,77.88,71.00,-6.88,Users higher
331,RollerCoaster Tycoon 2,2002-10-15,2002,2000s,Real Time Strategy (RTS),82.40,60.00,-22.40,Users higher
332,Monopoly,1995-09-01,1995,1990s,Card & Board Game,66.07,71.00,4.93,Within 5 points
334,Zoo Tycoon,2001-08-27,2001,2000s,Simulator,77.88,68.33,-9.54,Users higher
335,Battlefield Vietnam,2004-03-14,2004,2000s,Shooter,73.93,80.00,6.07,Critics higher
341,Harry Potter and the Sorcerer's Stone,2001-11-16,2001,2000s,Platform,73.45,64.00,-9.45,Users higher
342,Duke Nukem 3D,1996-04-19,1996,1990s,Shooter,82.38,75.33,-7.05,Users higher
343,Battlefield 3,2011-10-25,2011,2010s,Shooter,79.94,85.00,5.06,Critics higher
348,Battlefield 2: Modern Combat,2005-10-24,2005,2000s,Shooter,64.02,80.50,16.48,Critics higher
349,Battlefield 2142,2006-10-17,2006,2000s,Shooter,74.70,79.75,5.05,Critics higher
350,Battlefield Heroes,2009-06-25,2009,2000s,Shooter,74.90,70.00,-4.90,Within 5 points
351,Battlefield 1943,2009-07-08,2009,2000s,Shooter,71.66,85.00,13.34,Critics higher
352,Battlefield: Bad Company 2,2010-03-02,2010,2010s,Shooter,80.79,89.50,8.71,Critics higher
355,Quake III Arena,1999-12-02,1999,1990s,Shooter,82.69,86.67,3.98,Within 5 points
356,Quake 4,2005-10-18,2005,2000s,Shooter,74.73,74.50,-0.23,Within 5 points
357,Tachyon: The Fringe,2000-03-30,2000,2000s,Shooter,79.98,70.00,-9.98,Users higher
359,Final Fantasy XV,2016-11-29,2016,2010s,Role-playing (RPG),76.18,81.44,5.26,Critics higher
360,Disney's Donald Duck: Goin' Quackers,2000-11-09,2000,2000s,Fighting,72.37,62.00,-10.37,Users higher
361,Far Cry 2,2008-10-21,2008,2000s,Shooter,72.35,85.00,12.65,Critics higher
362,Heroes of Might and Magic: A Strategic Quest,1995-08-31,1995,1990s,Role-playing (RPG),78.15,75.00,-3.15,Within 5 points
364,Heroes of Might and Magic III: The Restoration of Erathia,1999-02-28,1999,1990s,Role-playing (RPG),89.81,91.00,1.19,Within 5 points
367,Heroes of Might and Magic IV,2002-03-28,2002,2000s,Role-playing (RPG),74.72,74.00,-0.72,Within 5 points
370,Heroes of Might and Magic V,2006-05-16,2006,2000s,Role-playing (RPG),78.43,81.67,3.24,Within 5 points
373,Might & Magic: Heroes VI,2011-10-13,2011,2010s,Role-playing (RPG),73.49,77.67,4.17,Within 5 points
375,Metal Gear Solid,1998-09-03,1998,1990s,Shooter,90.54,80.00,-10.54,Users higher
376,Metal Gear Solid 2: Sons of Liberty,2001-11-13,2001,2000s,Shooter,88.72,90.00,1.28,Within 5 points
378,Metal Gear Rising: Revengeance,2013-02-19,2013,2010s,Shooter,80.00,84.76,4.77,Within 5 points
379,Metal Gear Solid 3: Snake Eater,2004-11-17,2004,2000s,Shooter,92.01,85.50,-6.51,Users higher
380,Metal Gear Solid 4: Guns of the Patriots,2008-06-12,2008,2000s,Shooter,87.25,93.88,6.63,Critics higher
381,Metal Gear Solid: Portable Ops,2006-12-05,2006,2000s,Shooter,68.78,90.00,21.22,Critics higher
382,Metal Gear Solid: Peace Walker,2010-04-29,2010,2010s,Shooter,80.26,93.25,12.99,Critics higher
383,Final Fantasy Type-0,2011-10-27,2011,2010s,Role-playing (RPG),74.51,64.00,-10.51,Users higher
384,Final Fantasy XIII-2,2011-12-15,2011,2010s,Real Time Strategy (RTS),72.00,74.73,2.72,Within 5 points
385,Final Fantasy,1987-12-18,1987,1980s,Role-playing (RPG),76.47,70.00,-6.47,Users higher
386,Final Fantasy XIV Online,2013-08-27,2013,2010s,Role-playing (RPG),81.60,85.33,3.73,Within 5 points
388,Final Fantasy IV: The After Years,2008-02-18,2008,2000s,Role-playing (RPG),62.79,60.00,-2.79,Within 5 points
389,Final Fantasy XIII,2009-12-17,2009,2000s,Role-playing (RPG),72.81,81.36,8.56,Critics higher
390,LEGO Racers 2,2001-09-04,2001,2000s,Racing,62.69,70.00,7.31,Critics higher
391,Dissidia Final Fantasy,2008-12-18,2008,2000s,Fighting,73.90,86.00,12.10,Critics higher
392,Final Fantasy XII: Revenant Wings,2007-04-26,2007,2000s,Role-playing (RPG),63.88,83.33,19.45,Critics higher
398,Final Fantasy XII,2006-03-16,2006,2000s,Role-playing (RPG),84.89,90.75,5.86,Critics higher
401,Final Fantasy: Crystal Chronicles - The Crystal Bearers,2009-11-12,2009,2000s,Role-playing (RPG),60.12,70.00,9.88,Critics higher
411,Final Fantasy XI Online,2002-05-16,2002,2000s,Role-playing (RPG),78.98,63.33,-15.65,Users higher
412,Final Fantasy: Crystal Chronicles,2003-08-08,2003,2000s,Role-playing (RPG),71.03,80.75,9.72,Critics higher
413,Final Fantasy X-2,2003-03-13,2003,2000s,Role-playing (RPG),65.76,75.00,9.24,Critics higher
414,Final Fantasy Tactics Advance,2003-02-14,2003,2000s,Role-playing (RPG),81.83,90.00,8.17,Critics higher
418,Final Fantasy X,2001-07-19,2001,2000s,Role-playing (RPG),87.91,95.00,7.09,Critics higher
421,Final Fantasy IX,2000-07-07,2000,2000s,Role-playing (RPG),87.94,84.17,-3.77,Within 5 points
424,Resident Evil,1996-03-22,1996,1990s,Adventure,77.65,79.00,1.35,Within 5 points
425,Final Fantasy VIII,1999-02-11,1999,1990s,Role-playing (RPG),82.15,90.00,7.85,Critics higher
426,Final Fantasy VI,1994-04-02,1994,1990s,Role-playing (RPG),89.28,100.00,10.72,Critics higher
427,Final Fantasy VII,1997-01-31,1997,1990s,Role-playing (RPG),90.57,85.00,-5.57,Users higher
429,Call of Juarez,2006-09-05,2006,2000s,Shooter,74.26,74.60,0.34,Within 5 points
430,Call of Juarez: Bound In Blood,2009-06-30,2009,2000s,Shooter,76.80,78.57,1.77,Within 5 points
431,Uncharted: Drake's Fortune,2007-11-16,2007,2000s,Shooter,75.98,89.75,13.77,Critics higher
432,Total War: Shogun 2,2011-03-15,2011,2010s,Real Time Strategy (RTS),83.01,88.00,4.99,Within 5 points
433,The Chronicles of Riddick: Assault on Dark Athena,2009-04-07,2009,2000s,Shooter,80.90,80.83,-0.07,Within 5 points
434,Red Dead Redemption,2010-05-18,2010,2010s,Shooter,89.32,91.80,2.48,Within 5 points
436,Shogun: Total War,2000-06-13,2000,2000s,Real Time Strategy (RTS),84.20,90.00,5.80,Critics higher
437,Medieval: Total War,2002-08-19,2002,2000s,Real Time Strategy (RTS),82.84,90.00,7.16,Critics higher
438,Rome: Total War,2004-09-22,2004,2000s,Real Time Strategy (RTS),82.76,91.00,8.24,Critics higher
439,Spartan: Total Warrior,2005-10-07,2005,2000s,Hack and slash/Beat 'em up,70.43,77.50,7.07,Critics higher
440,Medieval II: Total War,2006-11-10,2006,2000s,Real Time Strategy (RTS),86.57,90.00,3.43,Within 5 points
441,Empire: Total War,2009-03-03,2009,2000s,Real Time Strategy (RTS),78.18,89.83,11.65,Critics higher
442,Napoleon: Total War,2010-02-23,2010,2010s,Real Time Strategy (RTS),77.64,83.33,5.69,Critics higher
450,Operation Flashpoint: Red River,2011-04-21,2011,2010s,Shooter,69.35,65.25,-4.10,Within 5 points
451,Operation Flashpoint: Dragon Rising,2009-10-06,2009,2000s,Shooter,70.06,79.40,9.34,Critics higher
466,"Warhammer 40,000: Dawn of War II",2009-02-19,2009,2000s,Real Time Strategy (RTS),78.06,81.00,2.94,Within 5 points
471,Crysis 2,2011-03-22,2011,2010s,Shooter,77.28,86.50,9.22,Critics higher
472,The Elder Scrolls V: Skyrim,2011-11-10,2011,2010s,Role-playing (RPG),87.54,79.92,-7.62,Users higher
473,Battlefield: Bad Company,2008-06-23,2008,2000s,Shooter,76.92,88.00,11.08,Critics higher
475,Star Wars: The Force Unleashed,2008-09-16,2008,2000s,Role-playing (RPG),73.70,62.22,-11.47,Users higher
476,Star Wars: Battlefront - Elite Squadron,2009-11-03,2009,2000s,Shooter,73.91,60.00,-13.91,Users higher
477,Commandos 3: Destination Berlin,2003-10-14,2003,2000s,Strategy,74.73,70.00,-4.73,Within 5 points
478,The Witcher 2: Assassins of Kings,2011-05-17,2011,2010s,Role-playing (RPG),84.48,85.71,1.24,Within 5 points
480,Silent Hill,1999-02-24,1999,1990s,Puzzle,83.95,82.00,-1.95,Within 5 points
481,Silent Hill 2,2001-09-24,2001,2000s,Puzzle,91.29,90.00,-1.29,Within 5 points
482,Silent Hill 3,2003-05-23,2003,2000s,Puzzle,83.75,88.00,4.25,Within 5 points
483,Silent Hill 4: The Room,2004-06-17,2004,2000s,Adventure,75.80,72.33,-3.47,Within 5 points
484,Silent Hill: Origins,2007-11-06,2007,2000s,Adventure,73.85,80.25,6.40,Critics higher
485,Silent Hill: Homecoming,2008-09-30,2008,2000s,Puzzle,67.25,66.67,-0.58,Within 5 points
486,Silent Hill: Shattered Memories,2009-12-08,2009,2000s,Adventure,72.17,75.00,2.83,Within 5 points
487,Silent Hill: Downpour,2012-03-13,2012,2010s,Adventure,69.68,69.88,0.20,Within 5 points
488,Kane & Lynch 2: Dog Days,2010-08-17,2010,2010s,Shooter,67.89,69.43,1.53,Within 5 points
489,Rift,2011-03-01,2011,2010s,Role-playing (RPG),67.73,83.75,16.02,Critics higher
490,Duke Nukem Forever,2011-06-10,2011,2010s,Shooter,57.18,54.75,-2.43,Within 5 points
491,Castlevania: Lords of Shadow,2010-10-05,2010,2010s,Hack and slash/Beat 'em up,80.25,83.20,2.95,Within 5 points
492,Gears of War 3,2011-09-20,2011,2010s,Shooter,82.22,96.67,14.45,Critics higher
493,Heavy Rain,2010-02-18,2010,2010s,Adventure,81.44,80.25,-1.19,Within 5 points
494,Bulletstorm,2011-02-22,2011,2010s,Shooter,78.78,87.14,8.36,Critics higher
495,Metro 2033,2010-03-16,2010,2010s,Shooter,81.98,87.25,5.27,Critics higher
496,Dead Rising 2,2010-09-24,2010,2010s,Hack and slash/Beat 'em up,73.92,80.67,6.75,Critics higher
497,Resident Evil: The Darkside Chronicles,2009-01-14,2009,2000s,Shooter,67.26,66.50,-0.76,Within 5 points
498,Borderlands,2009-10-20,2009,2000s,Shooter,79.31,80.00,0.69,Within 5 points
499,God of War III,2010-03-16,2010,2010s,Hack and slash/Beat 'em up,85.71,96.00,10.29,Critics higher
500,Batman: Arkham Asylum,2009-08-25,2009,2000s,Hack and slash/Beat 'em up,85.69,89.40,3.71,Within 5 points
501,Batman: Arkham City,2011-10-18,2011,2010s,Hack and slash/Beat 'em up,87.46,91.20,3.74,Within 5 points
502,Brink,2011-05-10,2011,2010s,Shooter,44.35,73.38,29.03,Critics higher
503,FIFA Soccer 11,2010-09-28,2010,2010s,Simulator,73.60,84.33,10.73,Critics higher
504,Fable III,2010-10-26,2010,2010s,Role-playing (RPG),68.37,78.00,9.63,Critics higher
505,Hunted: The Demon's Forge,2011-05-31,2011,2010s,Puzzle,62.91,65.80,2.89,Within 5 points
506,Sonic Generations,2011-11-01,2011,2010s,Platform,78.11,75.10,-3.01,Within 5 points
507,I Am Alive,2012-03-07,2012,2010s,Platform,67.01,69.12,2.12,Within 5 points
508,TrackMania 2: Canyon,2011-09-14,2011,2010s,Racing,66.02,81.50,15.48,Critics higher
509,Rage,2011-10-03,2011,2010s,Shooter,72.96,80.80,7.84,Critics higher
510,PowerUp Heroes,2011-06-14,2011,2010s,Fighting,80.00,70.00,-10.00,Users higher
512,Uncharted 3: Drake's Deception,2011-11-01,2011,2010s,Shooter,84.31,93.25,8.94,Critics higher
513,Phantasy Star Online 2,2012-07-04,2012,2010s,Role-playing (RPG),71.48,76.67,5.19,Critics higher
514,F.E.A.R. 3,2011-06-21,2011,2010s,Shooter,68.38,75.80,7.42,Critics higher
515,Infamous 2,2011-06-07,2011,2010s,Puzzle,81.57,84.50,2.93,Within 5 points
516,Of Orcs and Men,2012-10-11,2012,2010s,Role-playing (RPG),66.33,80.00,13.67,Critics higher
517,F.E.A.R.,2005-10-17,2005,2000s,Shooter,80.95,80.86,-0.09,Within 5 points
520,F.E.A.R. 2: Project Origin,2009-02-10,2009,2000s,Shooter,76.79,76.00,-0.79,Within 5 points
521,Fable,2004-09-14,2004,2000s,Role-playing (RPG),83.94,90.00,6.06,Critics higher
522,Fable II,2008-10-21,2008,2000s,Role-playing (RPG),79.09,85.83,6.75,Critics higher
523,Infamous,2009-05-26,2009,2000s,Shooter,76.23,86.25,10.02,Critics higher
524,Dirt 3,2011-05-24,2011,2010s,Racing,77.53,85.86,8.33,Critics higher
526,Need for Speed: The Run,2011-11-15,2011,2010s,Racing,68.56,66.56,-2.00,Within 5 points
527,Serious Sam 3: BFE,2011-11-22,2011,2010s,Shooter,70.06,70.83,0.77,Within 5 points
528,Red Faction: Armageddon,2011-06-06,2011,2010s,Shooter,69.39,75.40,6.01,Critics higher
529,Far Cry 3,2012-11-28,2012,2010s,Shooter,83.67,89.53,5.87,Critics higher
530,Hitman: Absolution,2012-11-19,2012,2010s,Shooter,75.24,76.40,1.16,Within 5 points
531,Ace Combat: Assault Horizon,2011-10-11,2011,2010s,Shooter,70.52,81.60,11.08,Critics higher
532,Hard Reset,2011-09-13,2011,2010s,Shooter,67.28,69.50,2.22,Within 5 points
533,Dishonored,2012-10-09,2012,2010s,Puzzle,84.81,90.36,5.55,Critics higher
534,The Legend of Zelda: Skyward Sword,2011-11-18,2011,2010s,Puzzle,81.92,92.71,10.80,Critics higher
535,WildStar,2014-06-03,2014,2010s,Shooter,73.38,80.20,6.82,Critics higher
536,Dead Island,2011-09-06,2011,2010s,Shooter,71.07,69.88,-1.19,Within 5 points
537,Assassin's Creed Revelations,2011-11-14,2011,2010s,Adventure,76.96,81.71,4.76,Within 5 points
538,BioShock Infinite,2013-03-25,2013,2010s,Shooter,85.64,93.21,7.58,Critics higher
539,Metro: Last Light,2013-05-14,2013,2010s,Shooter,82.51,79.90,-2.61,Within 5 points
540,Disney Universe,2011-10-25,2011,2010s,Platform,62.20,64.67,2.47,Within 5 points
541,Ridge Racer Unbounded,2012-03-27,2012,2010s,Racing,63.11,75.80,12.69,Critics higher
542,LEGO Pirates of the Caribbean: The Video Game,2011-05-10,2011,2010s,Platform,76.25,70.60,-5.65,Users higher
543,Call of Juarez: The Cartel,2011-07-19,2011,2010s,Shooter,54.10,50.83,-3.27,Within 5 points
544,The Darkness II,2012-02-07,2012,2010s,Shooter,77.04,76.64,-0.40,Within 5 points
545,Call of Duty: Black Ops,2010-11-09,2010,2010s,Shooter,79.32,81.42,2.10,Within 5 points
546,Prey,2006-07-11,2006,2000s,Shooter,76.34,76.75,0.41,Within 5 points
547,Gears of War,2006-11-07,2006,2000s,Shooter,81.18,83.75,2.57,Within 5 points
548,Gears of War 2,2008-11-07,2008,2000s,Shooter,83.57,90.40,6.83,Critics higher
549,God of War,2005-03-22,2005,2000s,Puzzle,83.56,93.33,9.78,Critics higher
550,God of War: Ghost of Sparta,2010-11-02,2010,2010s,Hack and slash/Beat 'em up,81.33,91.00,9.67,Critics higher
551,God of War II,2007-03-13,2007,2000s,Platform,85.57,92.75,7.18,Critics higher
552,God of War: Chains of Olympus,2008-03-04,2008,2000s,Hack and slash/Beat 'em up,77.56,87.50,9.94,Critics higher
553,Spider-Man: Shattered Dimensions,2010-09-07,2010,2010s,Platform,71.63,74.00,2.37,Within 5 points
554,Driver: San Francisco,2011-09-02,2011,2010s,Racing,74.73,81.50,6.77,Critics higher
555,Transformers: War for Cybertron,2010-06-22,2010,2010s,Shooter,73.57,70.78,-2.79,Within 5 points
556,Medal of Honor,2010-10-12,2010,2010s,Shooter,69.04,74.44,5.41,Critics higher
557,Prison Break: The Conspiracy,2010-03-26,2010,2010s,Puzzle,68.58,31.67,-36.92,Users higher
558,Just Cause 2,2010-03-23,2010,2010s,Shooter,77.08,85.00,7.92,Critics higher
559,Call of Duty: Modern Warfare 2,2009-11-10,2009,2000s,Shooter,81.59,85.27,3.68,Within 5 points
560,Aliens vs. Predator,2010-02-16,2010,2010s,Shooter,69.78,74.00,4.22,Within 5 points
561,Colin McRae: Dirt 2,2009-09-08,2009,2000s,Racing,78.89,79.00,0.11,Within 5 points
562,Tom Clancy's Splinter Cell: Conviction,2010-04-13,2010,2010s,Shooter,76.89,85.20,8.31,Critics higher
563,Aion,2008-11-25,2008,2000s,Role-playing (RPG),68.98,80.00,11.02,Critics higher
564,Rogue Warrior,2009-11-26,2009,2000s,Shooter,39.47,54.00,14.53,Critics higher
565,Uncharted 2: Among Thieves,2009-10-13,2009,2000s,Shooter,88.51,95.38,6.87,Critics higher
566,Ghostbusters: The Video Game,2009-06-16,2009,2000s,Shooter,75.86,69.86,-6.00,Users higher
567,Fuel,2009-06-02,2009,2000s,Racing,79.70,76.25,-3.45,Within 5 points
568,Marvel: Ultimate Alliance 2,2009-09-15,2009,2000s,Role-playing (RPG),74.86,67.50,-7.36,Users higher
569,Wolfenstein,2009-08-18,2009,2000s,Shooter,72.43,81.00,8.57,Critics higher
570,Prototype,2009-06-09,2009,2000s,Platform,73.87,78.38,4.50,Within 5 points
571,Singularity,2010-06-25,2010,2010s,Shooter,76.11,79.80,3.69,Within 5 points
573,X-Men Origins: Wolverine,2009-05-01,2009,2000s,Hack and slash/Beat 'em up,71.44,71.67,0.23,Within 5 points
574,Eat Lead: The Return of Matt Hazard,2009-02-26,2009,2000s,Shooter,56.60,46.25,-10.35,Users higher
575,The Godfather II,2009-04-07,2009,2000s,Shooter,69.88,65.00,-4.88,Within 5 points
576,DC Universe Online,2011-01-11,2011,2010s,Fighting,62.63,73.71,11.09,Critics higher
578,"Warhammer 40,000: Space Marine",2011-09-06,2011,2010s,Shooter,74.89,78.00,3.11,Within 5 points
583,2002 FIFA World Cup,2002-04-22,2002,2000s,Sport,63.93,67.00,3.07,Within 5 points
584,4x4 EVO,2000-10-29,2000,2000s,Racing,76.23,80.00,3.77,Within 5 points
586,Abuse,1996-02-29,1996,1990s,Shooter,71.44,86.00,14.56,Critics higher
587,Act of War: Direct Action,2005-03-15,2005,2000s,Real Time Strategy (RTS),70.18,80.00,9.82,Critics higher
589,Age of Wonders,1999-11-11,1999,1990s,Role-playing (RPG),79.49,90.00,10.51,Critics higher
591,Age of Wonders: Shadow Magic,2003-07-25,2003,2000s,Role-playing (RPG),81.78,89.00,7.22,Critics higher
596,American Conquest,2003-02-05,2003,2000s,Real Time Strategy (RTS),65.88,90.00,24.12,Critics higher
597,America's Army,2002-07-04,2002,2000s,Shooter,69.99,60.00,-9.99,Users higher
602,Arx Fatalis,2002-06-28,2002,2000s,Puzzle,78.56,77.50,-1.06,Within 5 points
603,Asheron's Call,1999-11-02,1999,1990s,Role-playing (RPG),84.00,85.00,1.00,Within 5 points
604,Bad Mojo,1996-02-29,1996,1990s,Point-and-click,79.74,90.00,10.26,Critics higher
613,Battlezone,1998-02-28,1998,1990s,Shooter,80.12,70.00,-10.12,Users higher
614,Bejeweled 2,2004-11-16,2004,2000s,Puzzle,69.76,53.33,-16.43,Users higher
616,Circle of Blood,1996-10-14,1996,1990s,Point-and-click,83.12,75.00,-8.12,Users higher
617,Brothers in Arms: Earned in Blood,2005-10-04,2005,2000s,Shooter,71.77,73.00,1.23,Within 5 points
618,Brothers in Arms: Hell's Highway,2008-09-23,2008,2000s,Shooter,72.23,78.20,5.97,Critics higher
619,Brothers in Arms: Road to Hill 30,2005-03-01,2005,2000s,Shooter,72.04,91.50,19.46,Critics higher
620,Burnout Paradise,2008-01-22,2008,2000s,Racing,81.95,93.00,11.05,Critics higher
621,Call of Duty,2003-10-29,2003,2000s,Shooter,81.37,86.67,5.30,Critics higher
622,Call of Duty 2,2005-10-25,2005,2000s,Shooter,83.16,84.40,1.24,Within 5 points
623,Call of Duty 4: Modern Warfare,2007-11-05,2007,2000s,Shooter,84.33,87.86,3.52,Within 5 points
625,Call of Duty: World at War,2008-11-11,2008,2000s,Shooter,75.39,80.00,4.61,Within 5 points
634,Sid Meier's Civilization II,1996-02-29,1996,1990s,Strategy,88.49,82.50,-5.99,Users higher
641,Colin McRae Rally 04,2003-09-19,2003,2000s,Racing,76.02,80.00,3.98,Within 5 points
653,Commandos 2: Men of Courage,2001-09-20,2001,2000s,Shooter,85.93,90.00,4.07,Within 5 points
654,Company of Heroes,2006-09-12,2006,2000s,Real Time Strategy (RTS),85.56,95.00,9.44,Critics higher
655,Conquest of the New World,1996-03-31,1996,1990s,Strategy,70.00,85.00,15.00,Critics higher
657,Dark Age of Camelot,2001-10-10,2001,2000s,Role-playing (RPG),80.62,100.00,19.38,Critics higher
661,Darwinia,2005-03-04,2005,2000s,Real Time Strategy (RTS),70.53,81.50,10.97,Critics higher
662,Dawn of Discovery,2009-06-23,2009,2000s,Real Time Strategy (RTS),80.24,72.00,-8.24,Users higher
665,Death Rally,1996-09-06,1996,1990s,Racing,75.74,60.00,-15.74,Users higher
668,Descent II,1996-03-13,1996,1990s,Shooter,70.41,92.00,21.59,Critics higher
670,Command & Conquer 4: Tiberian Twilight,2010-03-16,2010,2010s,Real Time Strategy (RTS),45.39,65.00,19.61,Critics higher
671,Divine Divinity,2002-09-22,2002,2000s,Role-playing (RPG),80.13,83.00,2.87,Within 5 points
673,Doom,1993-12-10,1993,1990s,Shooter,85.02,80.00,-5.02,Users higher
674,Dungeons & Dragons: Dragonshard,2005-09-21,2005,2000s,Role-playing (RPG),78.99,70.00,-8.99,Users higher
675,Driver,1999-06-25,1999,1990s,Racing,76.28,95.00,18.72,Critics higher
678,Empires: Dawn of the Modern World,2003-10-21,2003,2000s,Real Time Strategy (RTS),80.00,80.00,0.00,Within 5 points
680,Enemy Territory: Quake Wars,2007-09-28,2007,2000s,Shooter,59.40,81.00,21.60,Critics higher
683,Europa Universalis III,2007-01-23,2007,2000s,Real Time Strategy (RTS),78.61,70.00,-8.61,Users higher
696,FIFA Soccer 07,2006-09-25,2006,2000s,Sport,72.85,75.40,2.55,Within 5 points
700,FIFA Soccer 06,2005-09-30,2005,2000s,Sport,72.55,70.00,-2.55,Within 5 points
703,FIFA Soccer 2005,2004-10-08,2004,2000s,Sport,78.48,82.00,3.52,Within 5 points
706,Command & Conquer: Renegade,2002-02-26,2002,2000s,Shooter,68.80,59.00,-9.80,Users higher
712,Microsoft Flight Simulator 2004: A Century of Flight,2003-07-29,2003,2000s,Simulator,71.06,82.67,11.61,Critics higher
716,Football Manager 2010,2009-10-30,2009,2000s,Simulator,82.63,85.00,2.37,Within 5 points
717,Football Manager 2011,2010-11-05,2010,2010s,Simulator,89.02,82.00,-7.02,Users higher
719,Freedom Fighters,2003-09-26,2003,2000s,Shooter,78.33,70.00,-8.33,Users higher
720,Freedom Force,2002-03-26,2002,2000s,Role-playing (RPG),72.76,90.00,17.24,Critics higher
721,Freedom Force vs. The 3rd Reich,2005-03-08,2005,2000s,Role-playing (RPG),88.71,97.00,8.29,Critics higher
722,Freespace 2,1999-09-30,1999,1990s,Simulator,79.30,81.50,2.20,Within 5 points
725,Galactic Civilizations II: Dread Lords,2006-02-21,2006,2000s,Turn-based strategy (TBS),71.49,86.00,14.51,Critics higher
726,Ghost Master,2003-05-23,2003,2000s,Puzzle,67.75,67.00,-0.75,Within 5 points
727,Grand Prix 3,2000-06-01,2000,2000s,Racing,70.11,100.00,29.89,Critics higher
730,Grand Theft Auto III,2001-10-22,2001,2000s,Shooter,84.72,95.00,10.28,Critics higher
731,Grand Theft Auto IV,2008-04-29,2008,2000s,Shooter,83.49,88.12,4.63,Within 5 points
732,Grand Theft Auto: San Andreas,2004-10-26,2004,2000s,Shooter,90.26,93.14,2.88,Within 5 points
733,Grand Theft Auto: Vice City,2002-10-27,2002,2000s,Shooter,87.43,94.00,6.57,Critics higher
734,Ground Control,2000-06-01,2000,2000s,Real Time Strategy (RTS),81.08,90.00,8.92,Critics higher
735,Ground Control II: Operation Exodus,2004-06-18,2004,2000s,Real Time Strategy (RTS),73.57,76.00,2.43,Within 5 points
736,GT Legends,2005-10-15,2005,2000s,Racing,89.78,85.00,-4.78,Within 5 points
737,GTR 2: FIA GT Racing Game,2006-09-29,2006,2000s,Racing,80.29,89.67,9.37,Critics higher
738,GTR: FIA GT Racing Game,2005-05-03,2005,2000s,Racing,50.00,85.00,35.00,Critics higher
740,Halo: Combat Evolved,2001-11-15,2001,2000s,Shooter,83.52,86.67,3.15,Within 5 points
741,Hearts of Iron III,2009-08-07,2009,2000s,Real Time Strategy (RTS),87.06,80.00,-7.06,Users higher
748,Hitman 2: Silent Assassin,2002-09-30,2002,2000s,Shooter,81.08,77.00,-4.08,Within 5 points
749,Homeworld,1999-09-28,1999,1990s,Real Time Strategy (RTS),83.16,90.00,6.84,Critics higher
750,Homeworld 2,2003-09-16,2003,2000s,Real Time Strategy (RTS),87.38,75.00,-12.38,Users higher
752,Hostile Waters: Antaeus Rising,2001-06-13,2001,2000s,Strategy,55.13,70.00,14.87,Critics higher
753,Icewind Dale,2000-06-29,2000,2000s,Role-playing (RPG),80.03,90.00,9.97,Critics higher
763,Heroes of Newerth,2010-05-12,2010,2010s,Hack and slash/Beat 'em up,82.66,71.00,-11.66,Users higher
766,Kohan II: Kings of War,2004-09-20,2004,2000s,Real Time Strategy (RTS),80.33,77.50,-2.83,Within 5 points
767,Kohan: Immortal Sovereigns,2001-03-14,2001,2000s,Real Time Strategy (RTS),89.61,80.00,-9.61,Users higher
769,Lara Croft and the Guardian of Light,2010-08-18,2010,2010s,Shooter,74.59,78.88,4.28,Within 5 points
778,Madden NFL 2005,2004-08-09,2004,2000s,Simulator,69.96,84.33,14.37,Critics higher
780,Magic Carpet 2: The Netherworlds,1995-09-08,1995,1990s,Shooter,79.98,90.00,10.02,Critics higher
784,MechWarrior 2: 31st Century Combat,1995-06-30,1995,1990s,Shooter,72.83,85.00,12.17,Critics higher
787,Serious Sam II,2005-10-11,2005,2000s,Shooter,71.81,78.33,6.53,Critics higher
788,Microsoft Flight Simulator 2000,1999-10-10,1999,1990s,Simulator,88.08,70.00,-18.08,Users higher
791,Mission Critical,1995-10-31,1995,1990s,Point-and-click,70.08,86.00,15.92,Critics higher
795,Motocross Madness 2,2000-05-26,2000,2000s,Racing,74.76,80.00,5.24,Critics higher
796,MVP Baseball 2005,2005-02-22,2005,2000s,Sport,90.91,88.25,-2.66,Within 5 points
798,Myst IV: Revelation,2004-10-01,2004,2000s,Point-and-click,73.76,88.67,14.91,Critics higher
804,NASCAR Racing 2003 Season,2003-02-13,2003,2000s,Racing,74.97,100.00,25.03,Critics higher
809,NBA Live 96,1995-10-01,1995,1990s,Sport,89.30,78.00,-11.30,Users higher
812,NFL Blitz,1997-11-01,1997,1990s,Sport,79.87,80.00,0.13,Within 5 points
815,NHL 2002,2001-09-17,2001,2000s,Simulator,85.83,70.00,-15.83,Users higher
819,Grand Theft Auto 2,1999-10-22,1999,1990s,Shooter,78.74,70.00,-8.74,Users higher
820,No One Lives Forever 2: A Spy in H.A.R.M.'s Way,2002-09-30,2002,2000s,Shooter,86.45,80.00,-6.45,Users higher
824,NHL 09,2008-09-09,2008,2000s,Sport,87.14,90.00,2.86,Within 5 points
825,Saints Row,2006-08-29,2006,2000s,Shooter,67.01,82.50,15.49,Critics higher
826,Saints Row 2,2008-10-14,2008,2000s,Shooter,73.24,81.17,7.93,Critics higher
827,Outcast,1999-06-25,1999,1990s,Shooter,85.91,90.00,4.09,Within 5 points
828,Painkiller,2004-04-12,2004,2000s,Shooter,76.24,82.50,6.26,Critics higher
832,Planescape: Torment,1999-12-12,1999,1990s,Puzzle,89.01,70.00,-19.01,Users higher
834,"Port Royale: Gold, Power and Pirates",2003-04-04,2003,2000s,Simulator,75.49,85.00,9.51,Critics higher
836,Prince of Persia: The Sands of Time,2003-11-11,2003,2000s,Platform,81.93,84.22,2.29,Within 5 points
837,Prince of Persia: Warrior Within,2004-11-30,2004,2000s,Platform,82.26,79.60,-2.66,Within 5 points
838,Pro Pinball: Big Race USA,1998-12-31,1998,1990s,Simulator,69.69,87.00,17.31,Critics higher
840,Railroad Tycoon 3,2003-10-27,2003,2000s,Simulator,81.32,85.00,3.68,Within 5 points
841,RalliSport Challenge,2002-03-05,2002,2000s,Racing,84.52,90.25,5.73,Critics higher
842,Rally Trophy,2001-11-14,2001,2000s,Racing,86.01,70.00,-16.01,Users higher
843,Rayman 2: The Great Escape,1999-10-22,1999,1990s,Platform,80.32,90.00,9.68,Critics higher
846,Red Faction: Guerrilla,2009-06-02,2009,2000s,Shooter,75.78,82.17,6.38,Critics higher
847,Resident Evil 5,2009-03-05,2009,2000s,Shooter,73.77,78.40,4.63,Within 5 points
848,Rise of Nations,2003-05-20,2003,2000s,Real Time Strategy (RTS),82.40,92.00,9.60,Critics higher
851,Robin Hood: The Legend of Sherwood,2002-11-14,2002,2000s,Point-and-click,84.36,80.00,-4.36,Within 5 points
853,Sacrifice,2000-11-05,2000,2000s,Real Time Strategy (RTS),87.33,60.00,-27.33,Users higher
854,Sam & Max: Beyond Time and Space,2008-04-10,2008,2000s,Point-and-click,79.94,70.50,-9.44,Users higher
855,Sammy Sosa High Heat Baseball 2001,2000-03-07,2000,2000s,Sport,62.02,70.00,7.98,Critics higher
856,NHL 2003,2002-09-30,2002,2000s,Simulator,80.18,40.00,-40.18,Users higher
857,Serious Sam: The First Encounter,2001-03-21,2001,2000s,Shooter,79.31,83.33,4.02,Within 5 points
858,Serious Sam: The Second Encounter,2002-01-24,2002,2000s,Shooter,79.72,90.50,10.78,Critics higher
862,Sam & Max: Save the World,2007-07-18,2007,2000s,Point-and-click,73.89,82.22,8.33,Critics higher
863,Sid Meier's Alpha Centauri,1999-02-09,1999,1990s,Simulator,92.06,91.00,-1.06,Within 5 points
866,Sid Meier's Civilization V,2010-09-21,2010,2010s,Simulator,85.10,86.60,1.50,Within 5 points
872,Sins of a Solar Empire,2008-02-04,2008,2000s,Real Time Strategy (RTS),82.39,91.00,8.61,Critics higher
873,Saints Row: The Third,2011-11-15,2011,2010s,Shooter,78.01,84.50,6.49,Critics higher
874,Tom Clancy's Splinter Cell: Pandora Tomorrow,2004-03-23,2004,2000s,Shooter,82.13,77.86,-4.27,Within 5 points
875,NHL 08,2007-09-12,2007,2000s,Sport,71.65,83.00,11.35,Critics higher
876,Icewind Dale II,2002-08-27,2002,2000s,Role-playing (RPG),81.81,86.00,4.19,Within 5 points
877,Star Trek: Voyager - Elite Force,2000-09-20,2000,2000s,Shooter,75.73,80.00,4.27,Within 5 points
880,Resident Evil 2,1998-01-21,1998,1990s,Shooter,83.48,55.00,-28.48,Users higher
884,Street Fighter IV,2008-07-18,2008,2000s,Fighting,80.14,89.78,9.64,Critics higher
885,Super Meat Boy,2010-10-20,2010,2010s,Platform,82.93,85.25,2.32,Within 5 points
890,Syberia,2002-08-09,2002,2000s,Point-and-click,80.87,77.20,-3.67,Within 5 points
891,Team Fortress 2,2007-10-10,2007,2000s,Shooter,82.50,80.00,-2.50,Within 5 points
895,The Longest Journey,1999-11-19,1999,1990s,Point-and-click,84.05,90.00,5.95,Critics higher
897,The Operative: No One Lives Forever,2000-11-09,2000,2000s,Shooter,83.83,68.00,-15.83,Users higher
903,Tiger Woods PGA Tour 06,2005-09-20,2005,2000s,Sport,67.43,70.00,2.57,Within 5 points
905,Tiger Woods PGA Tour 2004,2003-09-22,2003,2000s,Sport,78.66,66.50,-12.16,Users higher
906,Tiger Woods PGA Tour 2005,2004-09-20,2004,2000s,Sport,89.51,80.00,-9.51,Users higher
907,TOCA Race Driver 3,2006-02-24,2006,2000s,Racing,72.24,83.33,11.10,Critics higher
908,Tom Clancy's Rainbow Six 3: Raven Shield,2003-03-18,2003,2000s,Shooter,73.00,81.67,8.66,Critics higher
909,Tom Clancy's Rainbow Six: Vegas,2006-11-22,2006,2000s,Shooter,75.40,85.75,10.35,Critics higher
910,Tom Clancy's Splinter Cell,2002-11-12,2002,2000s,Shooter,82.99,84.56,1.56,Within 5 points
911,Tom Clancy's Splinter Cell: Chaos Theory,2005-03-28,2005,2000s,Shooter,84.61,77.57,-7.04,Users higher
912,Tomb Raider,1996-10-24,1996,1990s,Shooter,80.98,84.60,3.62,Within 5 points
913,Tony Hawk's Pro Skater 2,2000-09-19,2000,2000s,Sport,86.04,86.67,0.63,Within 5 points
914,Tony Hawk's Pro Skater 3,2001-10-28,2001,2000s,Sport,81.47,88.50,7.03,Critics higher
915,Tony Hawk's Pro Skater 4,2002-10-23,2002,2000s,Sport,79.33,76.00,-3.33,Within 5 points
922,Tribes 2,2001-03-28,2001,2000s,Shooter,79.95,84.50,4.55,Within 5 points
923,Tribes: Vengeance,2004-10-05,2004,2000s,Shooter,72.88,76.00,3.12,Within 5 points
925,UEFA Euro 2004: Portugal,2004-05-04,2004,2000s,Sport,65.24,77.00,11.76,Critics higher
928,Unreal Tournament III,2007-11-19,2007,2000s,Shooter,76.28,82.86,6.58,Critics higher
934,Wing Commander IV: The Price of Freedom,1996-02-12,1996,1990s,Simulator,89.37,62.50,-26.87,Users higher
935,Wing Commander: Prophecy,1997-11-30,1997,1990s,Shooter,88.00,67.00,-21.00,Users higher
937,Viper Racing,1998-11-30,1998,1990s,Racing,72.37,85.00,12.63,Critics higher
941,World in Conflict,2007-09-18,2007,2000s,Real Time Strategy (RTS),81.74,94.00,12.26,Critics higher
942,World of Goo,2008-10-13,2008,2000s,Puzzle,79.61,86.75,7.14,Critics higher
943,Colin McRae: Dirt,2007-06-15,2007,2000s,Racing,78.53,81.00,2.47,Within 5 points
944,Football Manager 2005,2004-11-05,2004,2000s,Simulator,75.56,90.00,14.44,Critics higher
945,Football Manager 2007,2006-10-18,2006,2000s,Simulator,76.53,76.25,-0.28,Within 5 points
946,Football Manager 2008,2007-10-18,2007,2000s,Simulator,80.34,80.00,-0.34,Within 5 points
949,Call of Duty 3,2006-11-07,2006,2000s,Shooter,71.46,73.80,2.34,Within 5 points
952,NHL 12,2011-09-07,2011,2010s,Sport,79.84,87.00,7.16,Critics higher
953,NHL 10,2009-09-15,2009,2000s,Simulator,81.46,84.00,2.54,Within 5 points
954,NHL 11,2010-09-07,2010,2010s,Sport,79.65,88.00,8.35,Critics higher
955,Tex Murphy: Under a Killing Moon,1994-10-15,1994,1990s,Point-and-click,88.82,69.00,-19.82,Users higher
958,Zeus: Master of Olympus,2000-10-16,2000,2000s,Strategy,86.58,90.00,3.42,Within 5 points
959,Command & Conquer: Red Alert 3,2008-10-28,2008,2000s,Real Time Strategy (RTS),74.23,75.00,0.77,Within 5 points
960,Max Payne 3,2012-05-15,2012,2010s,Shooter,81.95,89.33,7.38,Critics higher
964,Stronghold Crusader,2002-07-31,2002,2000s,Real Time Strategy (RTS),84.35,80.00,-4.35,Within 5 points
970,Resident Evil Zero,2002-11-12,2002,2000s,Shooter,78.89,70.00,-8.89,Users higher
971,Resident Evil: Dead Aim,2003-02-13,2003,2000s,Shooter,56.46,71.33,14.87,Critics higher
972,Resident Evil Outbreak,2003-12-11,2003,2000s,Shooter,63.57,70.00,6.43,Critics higher
974,Resident Evil 4,2005-01-11,2005,2000s,Shooter,87.53,81.60,-5.93,Users higher
975,Resident Evil: The Umbrella Chronicles,2007-11-13,2007,2000s,Shooter,67.99,70.00,2.01,Within 5 points
976,Resident Evil: The Mercenaries 3D,2011-06-02,2011,2010s,Shooter,50.75,63.60,12.85,Critics higher
977,Resident Evil: Operation Raccoon City,2012-03-20,2012,2010s,Shooter,51.78,44.33,-7.45,Users higher
978,Resident Evil: Revelations,2012-01-26,2012,2010s,Shooter,74.13,74.56,0.43,Within 5 points
979,Call of Duty: Modern Warfare 3,2011-11-08,2011,2010s,Shooter,73.48,81.08,7.60,Critics higher
980,Grand Theft Auto,1997-10-21,1997,1990s,Shooter,75.29,80.00,4.71,Within 5 points
981,Rayman Origins,2011-11-15,2011,2010s,Platform,82.94,89.38,6.43,Critics higher
983,Tom Clancy's H.A.W.X,2009-03-03,2009,2000s,Shooter,73.66,73.83,0.17,Within 5 points
984,Tom Clancy's H.A.W.X 2,2010-09-03,2010,2010s,Simulator,65.85,52.17,-13.69,Users higher
985,Dead Space: Extraction,2009-09-24,2009,2000s,Shooter,69.43,81.33,11.91,Critics higher
986,Halo 2,2004-11-09,2004,2000s,Shooter,83.85,80.67,-3.19,Within 5 points
987,Halo 3,2007-09-25,2007,2000s,Shooter,85.31,90.75,5.44,Critics higher
988,Halo Wars,2009-02-26,2009,2000s,Real Time Strategy (RTS),74.43,70.00,-4.43,Within 5 points
989,Halo 3: ODST,2009-09-22,2009,2000s,Shooter,75.28,77.67,2.39,Within 5 points
990,Halo: Reach,2010-09-14,2010,2010s,Shooter,84.11,89.00,4.89,Within 5 points
991,Halo 4,2012-11-06,2012,2010s,Shooter,78.11,87.50,9.39,Critics higher
993,Silent Hunter 4: Wolves of the Pacific,2007-03-20,2007,2000s,Simulator,70.58,80.00,9.42,Critics higher
996,Army of Two,2008-03-04,2008,2000s,Shooter,66.03,71.00,4.97,Within 5 points
997,Army of Two: The 40th Day,2010-01-08,2010,2010s,Shooter,65.80,77.67,11.87,Critics higher
998,Uncharted: Golden Abyss,2011-12-17,2011,2010s,Shooter,72.05,81.00,8.95,Critics higher
999,Oddworld: Abe's Oddysee,1997-09-18,1997,1990s,Platform,82.64,100.00,17.36,Critics higher
1000,Oddworld: Abe's Exoddus,1998-11-25,1998,1990s,Platform,83.64,80.00,-3.64,Within 5 points
1001,Oddworld: Munch's Oddysee,2001-11-15,2001,2000s,Platform,65.90,55.25,-10.65,Users higher
1002,Oddworld: Stranger's Wrath,2005-01-25,2005,2000s,Shooter,84.99,78.00,-6.99,Users higher
1003,Enter the Matrix,2003-05-14,2003,2000s,Fighting,62.99,55.83,-7.15,Users higher
1004,The Matrix: Path of Neo,2005-10-04,2005,2000s,Fighting,67.72,65.60,-2.12,Within 5 points
1006,Syndicate,2012-02-21,2012,2010s,Shooter,69.63,78.67,9.04,Critics higher
1007,Hector: Badge of Carnage!,2011-04-27,2011,2010s,Point-and-click,69.98,82.00,12.02,Critics higher
1009,The Last of Us,2013-06-14,2013,2010s,Shooter,93.01,91.54,-1.47,Within 5 points
1010,Cities in Motion,2011-02-22,2011,2010s,Simulator,69.36,67.00,-2.36,Within 5 points
1011,Borderlands 2,2012-09-18,2012,2010s,Shooter,84.03,80.71,-3.32,Within 5 points
1012,Gotham City Impostors,2012-01-10,2012,2010s,Shooter,69.79,73.14,3.35,Within 5 points
1013,SoulCalibur V,2012-01-31,2012,2010s,Fighting,68.87,79.50,10.63,Critics higher
1015,BloodRayne,2002-10-15,2002,2000s,Hack and slash/Beat 'em up,75.19,78.00,2.81,Within 5 points
1016,BloodRayne 2,2004-10-12,2004,2000s,Hack and slash/Beat 'em up,54.60,64.00,9.40,Critics higher
1020,Grand Theft Auto V,2013-09-17,2013,2010s,Shooter,89.56,88.14,-1.42,Within 5 points
1026,The Legend of Zelda: A Link to the Past,1991-11-21,1991,1990s,Puzzle,92.31,100.00,7.69,Critics higher
1028,The Legend of Zelda: Link's Awakening,1993-06-06,1993,1990s,Adventure,86.85,80.00,-6.85,Users higher
1030,The Legend of Zelda: Majora's Mask,2000-04-27,2000,2000s,Puzzle,86.81,90.00,3.19,Within 5 points
1032,The Legend of Zelda: Oracle of Seasons,2001-02-27,2001,2000s,Puzzle,81.38,93.00,11.62,Critics higher
1033,The Legend of Zelda: The Wind Waker,2002-12-13,2002,2000s,Puzzle,87.45,90.00,2.55,Within 5 points
1034,The Legend of Zelda: Four Swords Adventures,2004-06-07,2004,2000s,Puzzle,70.57,85.00,14.43,Critics higher
1035,The Legend of Zelda: The Minish Cap,2004-11-04,2004,2000s,Puzzle,84.45,90.00,5.55,Critics higher
1036,The Legend of Zelda: Twilight Princess,2006-11-19,2006,2000s,Puzzle,85.46,96.25,10.79,Critics higher
1037,The Legend of Zelda: Phantom Hourglass,2007-06-23,2007,2000s,Puzzle,76.58,89.25,12.67,Critics higher
1038,The Legend of Zelda: Spirit Tracks,2009-12-07,2009,2000s,Puzzle,75.87,91.67,15.79,Critics higher
1040,Alice: Madness Returns,2011-06-14,2011,2010s,Platform,73.87,72.40,-1.47,Within 5 points
1041,The Legend of Zelda: Oracle of Ages,2001-02-27,2001,2000s,Puzzle,84.54,95.33,10.79,Critics higher
1042,Just Cause,2006-09-22,2006,2000s,Shooter,64.14,60.00,-4.14,Within 5 points
1043,Sacred 2: Fallen Angel,2008-11-07,2008,2000s,Role-playing (RPG),67.62,65.33,-2.28,Within 5 points
1047,Worms 3D,2003-10-31,2003,2000s,Strategy,72.70,80.00,7.30,Critics higher
1048,Hitman: Blood Money,2006-05-26,2006,2000s,Shooter,83.34,80.33,-3.00,Within 5 points
1049,Hitman: Contracts,2004-04-20,2004,2000s,Shooter,77.08,70.00,-7.08,Users higher
1050,Hitman: Codename 47,2000-11-19,2000,2000s,Shooter,75.28,60.00,-15.28,Users higher
1051,Mirror's Edge,2008-11-11,2008,2000s,Platform,77.23,72.50,-4.73,Within 5 points
1052,The Lord of the Rings: War in the North,2011-11-01,2011,2010s,Role-playing (RPG),70.61,66.12,-4.48,Within 5 points
1054,Oil Rush,2012-01-01,2012,2010s,Real Time Strategy (RTS),58.48,50.00,-8.48,Users higher
1057,Unstoppable Gorg,2012-01-19,2012,2010s,Strategy,60.00,72.50,12.50,Critics higher
1058,LittleBigPlanet,2008-10-27,2008,2000s,Platform,78.91,96.00,17.09,Critics higher
1059,Kingdoms of Amalur: Reckoning,2012-02-07,2012,2010s,Role-playing (RPG),76.47,78.64,2.16,Within 5 points
1062,Alan Wake,2010-05-14,2010,2010s,Shooter,81.73,83.00,1.27,Within 5 points
1064,The Secret World,2012-07-03,2012,2010s,Puzzle,74.90,72.14,-2.75,Within 5 points
1065,Street Fighter X Tekken,2012-03-06,2012,2010s,Fighting,74.26,80.43,6.17,Critics higher
1070,Super Mario World,1990-11-21,1990,1990s,Platform,92.20,100.00,7.80,Critics higher
1073,Super Mario World 2: Yoshi's Island,1995-08-05,1995,1990s,Platform,87.35,100.00,12.65,Critics higher
1074,Super Mario 64,1996-06-23,1996,1990s,Platform,88.83,89.00,0.17,Within 5 points
1075,Super Mario Sunshine,2002-07-19,2002,2000s,Platform,81.83,90.00,8.17,Critics higher
1076,New Super Mario Bros.,2006-05-15,2006,2000s,Platform,80.68,95.00,14.32,Critics higher
1077,Super Mario Galaxy,2007-11-01,2007,2000s,Platform,88.70,98.75,10.05,Critics higher
1078,Super Mario Galaxy 2,2010-05-23,2010,2010s,Platform,89.22,96.25,7.03,Critics higher
1079,Super Mario 3D Land,2011-11-03,2011,2010s,Platform,80.97,90.00,9.03,Critics higher
1080,New Super Mario Bros. 2,2012-07-28,2012,2010s,Platform,73.80,77.08,3.29,Within 5 points
1081,The Elder Scrolls Online,2014-04-04,2014,2010s,Role-playing (RPG),72.02,70.44,-1.58,Within 5 points
1082,Resident Evil 6,2012-10-02,2012,2010s,Shooter,65.17,63.92,-1.25,Within 5 points
1083,Wipeout,1995-09-29,1995,1990s,Racing,66.41,75.00,8.59,Critics higher
1090,Donkey Kong Country,1994-11-18,1994,1990s,Platform,85.89,79.67,-6.22,Users higher
1092,Donkey Kong Country 2: Diddy's Kong Quest,1995-11-21,1995,1990s,Platform,89.24,70.00,-19.24,Users higher
1094,Donkey Kong Country 3: Dixie Kong's Double Trouble!,1996-11-18,1996,1990s,Platform,79.70,70.00,-9.70,Users higher
1097,Donkey Kong Jungle Beat,2004-12-16,2004,2000s,Platform,67.74,79.00,11.26,Critics higher
1098,DK: King of Swing,2005-02-04,2005,2000s,Platform,66.67,70.00,3.33,Within 5 points
1099,DK: Jungle Climber,2007-08-09,2007,2000s,Platform,60.89,80.00,19.11,Critics higher
1100,Donkey Kong Country Returns,2010-11-21,2010,2010s,Platform,82.67,86.00,3.33,Within 5 points
1102,Metroid II: Return of Samus,1991-08-26,1991,1990s,Shooter,73.12,60.00,-13.12,Users higher
1103,Super Metroid,1994-03-19,1994,1990s,Shooter,92.23,100.00,7.77,Critics higher
1104,Metroid Fusion,2002-11-17,2002,2000s,Shooter,84.47,85.00,0.53,Within 5 points
1105,Metroid Prime,2002-11-17,2002,2000s,Shooter,92.44,95.00,2.56,Within 5 points
1108,Metroid Prime 2: Echoes,2004-11-15,2004,2000s,Shooter,85.98,80.00,-5.98,Users higher
1109,Metroid Prime Pinball,2005-10-24,2005,2000s,Pinball,60.12,60.00,-0.12,Within 5 points
1110,Metroid Prime Hunters,2006-03-20,2006,2000s,Shooter,69.98,86.67,16.69,Critics higher
1111,Metroid Prime 3: Corruption,2007-08-27,2007,2000s,Shooter,88.66,86.25,-2.41,Within 5 points
1113,Metroid: Other M,2010-08-31,2010,2010s,Shooter,72.37,77.86,5.49,Critics higher
1121,Watch Dogs,2014-05-26,2014,2010s,Shooter,73.11,81.10,7.99,Critics higher
1122,Call of Duty: Black Ops II,2012-11-12,2012,2010s,Shooter,73.85,78.47,4.62,Within 5 points
1128,Castlevania: Symphony of the Night,1997-03-20,1997,1990s,Platform,92.04,92.33,0.29,Within 5 points
1130,Castlevania,1999-01-26,1999,1990s,Platform,34.66,74.50,39.84,Critics higher
1132,Castlevania: Circle of the Moon,2001-03-21,2001,2000s,Platform,68.70,90.00,21.30,Critics higher
1134,Castlevania: Aria of Sorrow,2003-05-06,2003,2000s,Platform,88.25,86.00,-2.25,Within 5 points
1135,Castlevania: Lament of Innocence,2003-10-21,2003,2000s,Hack and slash/Beat 'em up,79.45,78.00,-1.45,Within 5 points
1136,Castlevania: Dawn of Sorrow,2005-08-25,2005,2000s,Platform,84.70,90.33,5.64,Critics higher
1137,Castlevania: Curse of Darkness,2005-11-01,2005,2000s,Role-playing (RPG),74.65,66.00,-8.65,Users higher
1138,Castlevania: Portrait of Ruin,2006-11-16,2006,2000s,Platform,76.43,80.00,3.57,Within 5 points
1141,Castlevania: Order of Ecclesia,2008-10-21,2008,2000s,Platform,82.67,88.00,5.33,Critics higher
1142,Castlevania Judgment,2008-11-18,2008,2000s,Fighting,53.60,30.00,-23.60,Users higher
1144,Men of War: Assault Squad,2011-02-24,2011,2010s,Real Time Strategy (RTS),79.87,75.50,-4.37,Within 5 points
1147,Castlevania: Harmony of Despair,2010-08-04,2010,2010s,Platform,71.62,68.33,-3.29,Within 5 points
1149,Castlevania: Lords of Shadow - Mirror of Fate,2013-03-05,2013,2010s,Platform,65.71,71.60,5.89,Critics higher
1151,Broken Sword: The Sleeping Dragon,2003-11-14,2003,2000s,Point-and-click,71.13,60.00,-11.13,Users higher
1152,Secrets of the Ark: A Broken Sword Game,2006-09-15,2006,2000s,Point-and-click,69.37,60.00,-9.37,Users higher
1159,Tomb Raider: The Angel of Darkness,2003-06-20,2003,2000s,Shooter,62.35,61.50,-0.85,Within 5 points
1160,Tomb Raider: Chronicles,2000-11-17,2000,2000s,Shooter,68.88,60.00,-8.88,Users higher
1161,Tomb Raider: Legend,2006-04-07,2006,2000s,Shooter,75.08,60.00,-15.08,Users higher
1163,Tomb Raider: Underworld,2008-11-18,2008,2000s,Shooter,74.41,72.25,-2.16,Within 5 points
1164,Tomb Raider,2013-03-04,2013,2010s,Shooter,81.71,84.64,2.93,Within 5 points
1165,Meteos,2005-03-10,2005,2000s,Puzzle,84.22,83.33,-0.89,Within 5 points
1166,Meteos: Disney Magic,2007-02-27,2007,2000s,Puzzle,64.00,70.00,6.00,Critics higher
1168,Destruction Derby,1995-10-20,1995,1990s,Racing,77.54,70.50,-7.04,Users higher
1170,Destruction Derby 2,1996-10-31,1996,1990s,Racing,73.27,72.00,-1.27,Within 5 points
1172,Golden Sun,2001-08-01,2001,2000s,Role-playing (RPG),81.68,90.00,8.32,Critics higher
1173,Golden Sun: The Lost Age,2002-06-28,2002,2000s,Role-playing (RPG),88.61,80.00,-8.61,Users higher
1174,Golden Sun: Dark Dawn,2010-10-28,2010,2010s,Role-playing (RPG),71.32,83.75,12.43,Critics higher
1180,Lufia: The Ruins of Lore,2002-03-08,2002,2000s,Platform,61.95,66.00,4.05,Within 5 points
1182,Castlevania: Lords of Shadow 2,2014-02-25,2014,2010s,Hack and slash/Beat 'em up,73.32,63.20,-10.12,Users higher
1183,Guild Wars 2,2012-08-25,2012,2010s,Role-playing (RPG),80.31,89.75,9.44,Critics higher
1184,World of Tanks,2011-04-12,2011,2010s,Shooter,77.03,72.91,-4.12,Within 5 points
1185,Crash Bandicoot,1996-09-09,1996,1990s,Platform,80.50,75.00,-5.50,Users higher
1188,Crash Bandicoot: The Wrath of Cortex,2001-10-29,2001,2000s,Platform,67.65,62.00,-5.65,Users higher
1189,Crash Twinsanity,2004-09-28,2004,2000s,Platform,68.01,62.67,-5.34,Users higher
1190,Crash of the Titans,2007-10-04,2007,2000s,Platform,70.85,63.33,-7.51,Users higher
1191,Crash: Mind Over Mutant,2008-10-07,2008,2000s,Platform,57.79,59.67,1.87,Within 5 points
1193,Crash Nitro Kart,2003-11-11,2003,2000s,Racing,69.34,77.00,7.66,Critics higher
1194,Crash Tag Team Racing,2005-10-19,2005,2000s,Platform,68.72,60.00,-8.72,Users higher
1197,Crash Bandicoot: The Huge Adventure,2002-02-25,2002,2000s,Platform,69.55,74.00,4.45,Within 5 points
1198,Crash Bandicoot 2: N-Tranced,2003-01-07,2003,2000s,Platform,73.65,60.00,-13.65,Users higher
1199,Crash Bandicoot Purple: Ripto's Rampage,2004-06-03,2004,2000s,Platform,56.86,77.00,20.14,Critics higher
1200,Tales of Phantasia,1995-12-15,1995,1990s,Role-playing (RPG),84.55,65.00,-19.55,Users higher
1202,Tales of Destiny II,2000-11-30,2000,2000s,Role-playing (RPG),79.39,80.00,0.61,Within 5 points
1204,Tales of Symphonia,2003-08-29,2003,2000s,Puzzle,88.08,89.33,1.25,Within 5 points
1206,Tales of Legendia,2005-08-25,2005,2000s,Role-playing (RPG),70.00,79.00,9.00,Critics higher
1207,Tales of the Abyss,2005-12-15,2005,2000s,Role-playing (RPG),82.59,69.20,-13.39,Users higher
1209,Tales of Vesperia,2008-08-07,2008,2000s,Role-playing (RPG),82.18,80.20,-1.98,Within 5 points
1211,Tales of Graces,2009-12-10,2009,2000s,Role-playing (RPG),70.36,65.00,-5.36,Users higher
1212,Tales of Xillia,2011-09-08,2011,2010s,Role-playing (RPG),78.17,76.00,-2.17,Within 5 points
1213,Tales of Xillia 2,2012-11-01,2012,2010s,Role-playing (RPG),78.40,68.82,-9.58,Users higher
1215,Dark Cloud 2,2002-11-28,2002,2000s,Role-playing (RPG),84.77,90.00,5.23,Critics higher
1216,Dead Space 3,2013-02-05,2013,2010s,Shooter,72.41,73.67,1.26,Within 5 points
1217,Shenmue,1999-12-29,1999,1990s,Role-playing (RPG),86.26,90.00,3.74,Within 5 points
1218,Shenmue II,2001-09-06,2001,2000s,Role-playing (RPG),82.45,70.00,-12.45,Users higher
1219,Kingdom Hearts,2002-03-28,2002,2000s,Role-playing (RPG),83.05,80.00,-3.05,Within 5 points
1220,Kingdom Hearts: Chain of Memories,2004-11-11,2004,2000s,Role-playing (RPG),78.33,80.00,1.67,Within 5 points
1221,Kingdom Hearts II,2005-12-22,2005,2000s,Role-playing (RPG),88.42,90.00,1.58,Within 5 points
1222,Knights of the Temple: Infernal Crusade,2004-03-19,2004,2000s,Hack and slash/Beat 'em up,69.10,40.00,-29.10,Users higher
1223,Kingdom Hearts 358/2 Days,2009-05-30,2009,2000s,Role-playing (RPG),73.08,76.75,3.67,Within 5 points
1224,Kingdom Hearts Birth by Sleep,2010-01-09,2010,2010s,Role-playing (RPG),85.84,82.67,-3.17,Within 5 points
1226,Kingdom Hearts 3D: Dream Drop Distance,2012-03-29,2012,2010s,Role-playing (RPG),75.28,73.83,-1.45,Within 5 points
1228,Xenosaga Episode II: Jenseits von Gut und Böse,2004-06-24,2004,2000s,Role-playing (RPG),76.93,75.00,-1.93,Within 5 points
1229,Xenosaga Episode III: Also sprach Zarathustra,2006-07-06,2006,2000s,Role-playing (RPG),90.12,82.00,-8.12,Users higher
1238,Tekken Tag Tournament 2,2011-09-14,2011,2010s,Fighting,73.92,83.30,9.38,Critics higher
1242,Tekken,1994-12-09,1994,1990s,Fighting,66.42,75.00,8.58,Critics higher
1243,Tekken 2,1995-06-21,1995,1990s,Fighting,76.37,90.00,13.63,Critics higher
1246,Tekken 5,2004-09-01,2004,2000s,Fighting,81.36,90.00,8.64,Critics higher
1247,Tekken 6,2007-11-26,2007,2000s,Fighting,74.97,77.89,2.92,Within 5 points
1251,The Beast Within: A Gabriel Knight Mystery,1995-06-30,1995,1990s,Point-and-click,84.37,83.00,-1.37,Within 5 points
1252,"Gabriel Knight 3: Blood of the Sacred, Blood of the Damned",1999-10-05,1999,1990s,Point-and-click,81.37,70.00,-11.37,Users higher
1254,DmC: Devil May Cry,2013-01-15,2013,2010s,Puzzle,75.91,81.50,5.59,Critics higher
1255,MechWarrior Online,2013-09-17,2013,2010s,Simulator,89.01,71.50,-17.51,Users higher
1256,Robert Ludlum's The Bourne Conspiracy,2008-06-03,2008,2000s,Shooter,56.10,64.75,8.65,Critics higher
1257,South Park,1998-12-12,1998,1990s,Shooter,52.12,41.00,-11.12,Users higher
1260,South Park Let's Go Tower Defense Play!,2009-10-07,2009,2000s,Strategy,72.64,60.00,-12.64,Users higher
1262,South Park: The Stick of Truth,2014-03-03,2014,2010s,Role-playing (RPG),83.69,80.36,-3.34,Within 5 points
1265,PlanetSide 2,2012-11-20,2012,2010s,Shooter,71.13,82.57,11.44,Critics higher
1266,Assassin's Creed III,2012-10-30,2012,2010s,Adventure,73.30,81.18,7.88,Critics higher
1267,Sleeping Dogs,2012-08-13,2012,2010s,Shooter,81.11,82.00,0.89,Within 5 points
1268,Crysis 3,2013-02-19,2013,2010s,Shooter,74.10,74.00,-0.10,Within 5 points
1269,Darksiders II,2012-08-14,2012,2010s,Role-playing (RPG),77.26,85.75,8.49,Critics higher
1270,Darksiders,2010-01-05,2010,2010s,Role-playing (RPG),78.75,81.62,2.88,Within 5 points
1271,Ōkami,2006-04-20,2006,2000s,Puzzle,87.97,89.60,1.63,Within 5 points
1272,SimCity,1989-10-03,1989,1980s,Simulator,85.19,58.75,-26.44,Users higher
1274,SimCity,2013-03-05,2013,2010s,Simulator,70.56,60.08,-10.48,Users higher
1275,SimCity 4,2003-01-12,2003,2000s,Simulator,80.68,85.00,4.32,Within 5 points
1276,Deadly Premonition,2010-02-23,2010,2010s,Shooter,71.36,89.00,17.64,Critics higher
1277,Plants vs. Zombies,2009-05-05,2009,2000s,Puzzle,78.49,84.56,6.07,Critics higher
1278,Resistance: Fall of Man,2006-11-11,2006,2000s,Shooter,70.04,87.00,16.96,Critics higher
1279,Hearthstone,2014-03-11,2014,2010s,Strategy,78.16,88.22,10.06,Critics higher
1280,Breath of Fire IV,2000-04-27,2000,2000s,Role-playing (RPG),83.14,80.00,-3.14,Within 5 points
1281,Awesomenauts,2012-05-01,2012,2010s,Platform,66.83,72.50,5.67,Critics higher
1284,Lollipop Chainsaw,2012-06-12,2012,2010s,Hack and slash/Beat 'em up,70.91,69.00,-1.91,Within 5 points
1285,Guitar Hero,2005-11-08,2005,2000s,Music,82.89,89.00,6.11,Critics higher
1289,Ratchet & Clank,2002-11-04,2002,2000s,Shooter,81.48,80.00,-1.48,Within 5 points
1291,God of War: Ascension,2013-03-12,2013,2010s,Hack and slash/Beat 'em up,74.68,75.55,0.87,Within 5 points
1293,Tom Clancy's Ghost Recon: Future Soldier,2012-05-22,2012,2010s,Shooter,72.26,74.60,2.34,Within 5 points
1294,Tom Clancy's Ghost Recon,2001-11-13,2001,2000s,Shooter,74.41,68.00,-6.41,Users higher
1298,Tom Clancy's Ghost Recon 2,2004-11-16,2004,2000s,Shooter,71.57,74.60,3.03,Within 5 points
1300,Tom Clancy's Ghost Recon Advanced Warfighter,2006-03-09,2006,2000s,Shooter,67.31,92.75,25.44,Critics higher
1301,Tom Clancy's Ghost Recon Advanced Warfighter 2,2007-03-06,2007,2000s,Shooter,73.80,83.75,9.95,Critics higher
1303,Tom Clancy's Ghost Recon: Shadow Wars,2011-03-25,2011,2010s,Strategy,70.00,80.00,10.00,Critics higher
1304,Tom Clancy's Ghost Recon Phantoms,2014-04-10,2014,2010s,Shooter,54.83,55.00,0.17,Within 5 points
1305,Tom Clancy's Splinter Cell: Blacklist,2013-08-20,2013,2010s,Shooter,81.82,78.38,-3.44,Within 5 points
1306,Medal of Honor: Warfighter,2012-10-23,2012,2010s,Shooter,62.04,48.89,-13.15,Users higher
1307,Medal of Honor,1999-10-31,1999,1990s,Shooter,77.22,75.00,-2.22,Within 5 points
1309,Medal of Honor: Frontline,2002-05-28,2002,2000s,Shooter,77.24,93.33,16.09,Critics higher
1310,Medal of Honor: Pacific Assault,2004-11-02,2004,2000s,Shooter,78.10,82.33,4.23,Within 5 points
1311,Medal of Honor: European Assault,2005-06-07,2005,2000s,Shooter,71.78,77.60,5.82,Critics higher
1312,Medal of Honor: Heroes,2006-10-23,2006,2000s,Shooter,70.16,50.00,-20.16,Users higher
1313,Medal of Honor: Vanguard,2007-03-25,2007,2000s,Shooter,68.88,51.75,-17.13,Users higher
1314,Medal of Honor: Airborne,2007-09-04,2007,2000s,Shooter,72.37,82.00,9.63,Critics higher
1315,Medal of Honor: Heroes 2,2007-11-13,2007,2000s,Shooter,68.39,65.67,-2.73,Within 5 points
1316,Medal of Honor: Rising Sun,2003-11-11,2003,2000s,Shooter,67.54,40.00,-27.54,Users higher
1319,Gears of War: Judgment,2013-03-19,2013,2010s,Shooter,69.88,76.67,6.79,Critics higher
1320,EVE: Dust 514,2013-05-14,2013,2010s,Shooter,57.27,53.33,-3.94,Within 5 points
1321,Turok: Dinosaur Hunter,1997-02-28,1997,1990s,Shooter,69.54,78.50,8.96,Critics higher
1322,Ty the Tasmanian Tiger,2002-10-08,2002,2000s,Platform,79.60,60.00,-19.60,Users higher
1323,Ty the Tasmanian Tiger 2: Bush Rescue,2004-10-12,2004,2000s,Platform,69.45,66.67,-2.79,Within 5 points
1324,Ty the Tasmanian Tiger 3: Night of the Quinkan,2005-10-11,2005,2000s,Platform,70.00,65.00,-5.00,Within 5 points
1326,Turok 2: Seeds of Evil,1998-12-10,1998,1990s,Shooter,74.76,63.50,-11.26,Users higher
1329,Turok: Evolution,2002-08-28,2002,2000s,Shooter,59.77,50.00,-9.77,Users higher
1330,Turok,2008-02-05,2008,2000s,Shooter,62.81,75.00,12.19,Critics higher
1331,Limbo,2010-07-21,2010,2010s,Platform,81.10,84.00,2.90,Within 5 points
1334,Brothers: A Tale of Two Sons,2013-08-07,2013,2010s,Puzzle,81.40,83.44,2.04,Within 5 points
1335,Natural Selection 2,2012-10-30,2012,2010s,Shooter,77.67,85.00,7.33,Critics higher
1336,Contract J.A.C.K.,2003-11-11,2003,2000s,Shooter,67.62,55.00,-12.62,Users higher
1337,Torchlight II,2012-09-20,2012,2010s,Role-playing (RPG),78.05,85.62,7.57,Critics higher
1338,Prison Architect,2015-10-06,2015,2010s,Simulator,75.93,81.08,5.15,Critics higher
1339,Psychonauts,2005-04-19,2005,2000s,Platform,83.51,84.83,1.33,Within 5 points
1341,Beyond Good & Evil,2003-11-11,2003,2000s,Shooter,85.60,90.60,5.00,Critics higher
1342,Beyond: Two Souls,2013-10-08,2013,2010s,Adventure,72.77,66.33,-6.44,Users higher
1343,The World Ends with You,2007-07-26,2007,2000s,Role-playing (RPG),76.19,91.00,14.81,Critics higher
1345,Enclave,2002-03-10,2002,2000s,Role-playing (RPG),77.38,81.00,3.62,Within 5 points
1346,Xenogears,1998-02-11,1998,1990s,Role-playing (RPG),88.31,90.00,1.69,Within 5 points
1347,The Darkness,2007-06-25,2007,2000s,Shooter,80.01,81.75,1.74,Within 5 points
1348,Ghost Trick: Phantom Detective,2010-06-19,2010,2010s,Puzzle,90.00,50.00,-40.00,Users higher
1351,Noby Noby Boy,2009-02-19,2009,2000s,Sport,59.87,79.00,19.13,Critics higher
1352,Journey,2012-03-13,2012,2010s,Platform,85.68,93.86,8.17,Critics higher
1353,flOw,2006-04-14,2006,2000s,Puzzle,71.65,75.00,3.35,Within 5 points
1354,Flower,2009-02-12,2009,2000s,Puzzle,74.48,83.17,8.69,Critics higher
1363,Little Inferno,2012-11-18,2012,2010s,Puzzle,74.19,65.00,-9.19,Users higher
1364,Wizorb,2011-09-19,2011,2010s,Puzzle,79.89,75.33,-4.56,Within 5 points
1367,Sniper: Ghost Warrior,2010-06-24,2010,2010s,Shooter,56.50,56.33,-0.16,Within 5 points
1368,Sniper: Ghost Warrior 2,2013-03-11,2013,2010s,Shooter,61.50,51.80,-9.70,Users higher
1369,Company of Heroes 2,2013-06-25,2013,2010s,Real Time Strategy (RTS),79.03,77.73,-1.30,Within 5 points
1372,Counter-Strike: Global Offensive,2012-08-21,2012,2010s,Shooter,81.85,81.00,-0.85,Within 5 points
1373,F1 2012,2012-09-17,2012,2010s,Racing,72.33,76.50,4.17,Within 5 points
1374,F1 2011,2011-09-20,2011,2010s,Racing,74.40,76.60,2.20,Within 5 points
1375,F1 2010,2010-09-22,2010,2010s,Racing,77.35,84.00,6.65,Critics higher
1376,The Amazing Spider-Man,2012-06-26,2012,2010s,Hack and slash/Beat 'em up,66.15,65.30,-0.85,Within 5 points
1377,Spec Ops: The Line,2012-06-26,2012,2010s,Shooter,82.19,76.67,-5.52,Users higher
1378,R.U.S.E.,2010-09-07,2010,2010s,Real Time Strategy (RTS),70.34,80.00,9.66,Critics higher
1381,Payday: The Heist,2011-10-18,2011,2010s,Shooter,70.35,72.50,2.15,Within 5 points
1382,Tony Hawk's Pro Skater HD,2012-07-18,2012,2010s,Sport,42.47,58.50,16.03,Critics higher
1383,Dead or Alive 5,2012-09-25,2012,2010s,Fighting,74.40,74.70,0.30,Within 5 points
1384,Hotline Miami,2012-10-23,2012,2010s,Shooter,83.23,86.20,2.97,Within 5 points
1385,War of the Roses,2012-10-02,2012,2010s,Adventure,45.94,79.40,33.46,Critics higher
1388,Dead or Alive 2,1999-10-16,1999,1990s,Fighting,75.54,80.00,4.46,Within 5 points
1389,Dead or Alive 3,2001-11-15,2001,2000s,Fighting,77.16,80.00,2.84,Within 5 points
1390,Dead or Alive Xtreme Beach Volleyball,2003-01-22,2003,2000s,Simulator,56.99,30.00,-26.99,Users higher
1392,Dead or Alive 4,2005-12-29,2005,2000s,Fighting,82.14,79.50,-2.64,Within 5 points
1393,Dead or Alive Xtreme 2,2006-11-13,2006,2000s,Sport,53.08,50.00,-3.08,Within 5 points
1396,Dead or Alive: Dimensions,2011-05-19,2011,2010s,Fighting,79.95,90.00,10.05,Critics higher
1397,Professor Layton and the Curious Village,2007-02-15,2007,2000s,Point-and-click,81.98,87.50,5.52,Critics higher
1398,Professor Layton and the Diabolical Box,2007-11-29,2007,2000s,Point-and-click,80.07,85.00,4.93,Within 5 points
1399,Professor Layton and the Unwound Future,2008-11-27,2008,2000s,Point-and-click,84.03,92.60,8.57,Critics higher
1400,Professor Layton and the Last Specter,2009-11-26,2009,2000s,Point-and-click,76.31,83.60,7.29,Critics higher
1401,Professor Layton and the Miracle Mask,2011-02-26,2011,2010s,Point-and-click,80.04,85.20,5.16,Critics higher
1402,Professor Layton vs. Phoenix Wright: Ace Attorney,2012-11-29,2012,2010s,Puzzle,78.26,82.40,4.14,Within 5 points
1403,Professor Layton and the Azran Legacy,2013-02-28,2013,2010s,Point-and-click,72.41,82.29,9.87,Critics higher
1405,Hawken,2012-12-12,2012,2010s,Shooter,68.90,45.00,-23.90,Users higher
1406,Metal Slug Advance,2004-11-12,2004,2000s,Shooter,77.11,89.00,11.89,Critics higher
1408,Metal Slug 3,2000-01-23,2000,2000s,Shooter,80.92,82.33,1.41,Within 5 points
1409,Metal Slug 4,2002-01-13,2002,2000s,Shooter,79.87,64.00,-15.87,Users higher
1410,Metal Slug 5,2003-11-01,2003,2000s,Shooter,80.16,50.00,-30.16,Users higher
1412,Metal Slug 7,2008-07-22,2008,2000s,Shooter,79.32,68.00,-11.32,Users higher
1413,Battle Arena Toshinden,1995-01-01,1995,1990s,Fighting,53.40,60.00,6.60,Critics higher
1414,Battle Arena Toshinden 2,1995-11-01,1995,1990s,Fighting,49.59,60.00,10.41,Critics higher
1415,Battle Arena Toshinden 3,1996-12-27,1996,1990s,Fighting,53.85,63.00,9.15,Critics higher
1423,Kengo: Legend of the 9,2006-09-07,2006,2000s,Fighting,70.00,45.00,-25.00,Users higher
1429,Apollo Justice: Ace Attorney,2007-04-12,2007,2000s,Point-and-click,71.22,74.40,3.18,Within 5 points
1430,Ace Attorney Investigations: Miles Edgeworth,2009-05-28,2009,2000s,Point-and-click,75.80,81.00,5.20,Critics higher
1432,Phoenix Wright: Ace Attorney - Dual Destinies,2013-07-25,2013,2010s,Puzzle,74.27,80.20,5.93,Critics higher
1433,Fire Emblem: Shadow Dragon and the Blade of Light,1990-04-20,1990,1990s,Role-playing (RPG),90.02,55.00,-35.02,Users higher
1439,Fire Emblem: The Blazing Blade,2003-04-25,2003,2000s,Role-playing (RPG),87.28,90.00,2.72,Within 5 points
1440,Fire Emblem: The Sacred Stones,2004-10-07,2004,2000s,Role-playing (RPG),90.32,76.00,-14.32,Users higher
1441,Fire Emblem: Path of Radiance,2005-04-20,2005,2000s,Role-playing (RPG),84.15,80.00,-4.15,Within 5 points
1442,Fire Emblem: Radiant Dawn,2007-02-22,2007,2000s,Role-playing (RPG),86.26,74.67,-11.60,Users higher
1443,Fire Emblem Awakening,2012-04-19,2012,2010s,Role-playing (RPG),85.73,90.30,4.57,Within 5 points
1447,Suikoden,1995-12-15,1995,1990s,Role-playing (RPG),83.98,92.50,8.52,Critics higher
1448,Suikoden III,2002-07-11,2002,2000s,Role-playing (RPG),80.06,85.00,4.94,Within 5 points
1449,Suikoden IV,2004-08-19,2004,2000s,Role-playing (RPG),71.12,62.50,-8.62,Users higher
1450,Suikoden Tactics,2005-09-22,2005,2000s,Role-playing (RPG),80.02,63.50,-16.52,Users higher
1452,Suikoden Tierkreis,2008-12-18,2008,2000s,Role-playing (RPG),77.72,76.00,-1.72,Within 5 points
1454,Suikoden II,1998-12-17,1998,1990s,Role-playing (RPG),91.78,100.00,8.22,Critics higher
1456,Suikoden V,2006-02-23,2006,2000s,Role-playing (RPG),80.06,80.67,0.60,Within 5 points
1459,LocoRoco,2006-06-23,2006,2000s,Platform,81.73,91.00,9.27,Critics higher
1461,LocoRoco 2,2008-11-21,2008,2000s,Platform,84.68,92.50,7.82,Critics higher
1463,Perfect Dark,2000-05-22,2000,2000s,Shooter,89.70,70.00,-19.70,Users higher
1465,Perfect Dark Zero,2005-11-17,2005,2000s,Shooter,63.14,71.67,8.53,Critics higher
1468,Sin & Punishment: Star Successor,2009-10-29,2009,2000s,Shooter,84.58,82.33,-2.24,Within 5 points
1469,Kuru Kuru Kururin,2001-03-21,2001,2000s,Puzzle,73.31,79.50,6.19,Critics higher
1471,Kururin Squash!,2004-10-14,2004,2000s,Puzzle,85.30,70.00,-15.30,Users higher
1473,Zone of the Enders: The 2nd Runner,2003-02-13,2003,2000s,Shooter,79.86,69.80,-10.06,Users higher
1474,Zone of the Enders: The Fist of Mars,2001-09-27,2001,2000s,Role-playing (RPG),79.87,61.50,-18.37,Users higher
1475,Scramble,1981-02-01,1981,1980s,Shooter,60.52,60.00,-0.52,Within 5 points
1476,Gradius,1985-05-29,1985,1980s,Shooter,71.16,74.50,3.34,Within 5 points
1477,Salamander,1986-07-04,1986,1980s,Shooter,69.94,72.00,2.06,Within 5 points
1488,Gradius V,2004-07-22,2004,2000s,Shooter,74.83,84.75,9.92,Critics higher
1491,SimCity Societies,2007-11-13,2007,2000s,Simulator,66.14,66.67,0.53,Within 5 points
1493,SimCity Creator,2008-09-19,2008,2000s,Simulator,67.00,66.67,-0.33,Within 5 points
1494,SimCity DS,2007-02-22,2007,2000s,Simulator,61.82,81.50,19.68,Critics higher
1498,Front Mission,1995-02-24,1995,1990s,Strategy,85.17,70.00,-15.17,Users higher
1503,Front Mission 4,2003-12-18,2003,2000s,Role-playing (RPG),78.49,73.00,-5.49,Users higher
1508,Front Mission Evolved,2010-09-16,2010,2010s,Shooter,64.22,66.00,1.78,Within 5 points
1509,Epic Mickey,2010-11-25,2010,2010s,Platform,75.94,74.00,-1.94,Within 5 points
1510,Epic Mickey 2: The Power of Two,2012-11-18,2012,2010s,Platform,69.77,52.11,-17.66,Users higher
1513,Pokémon Silver Version,1999-11-21,1999,1990s,Role-playing (RPG),88.06,85.00,-3.06,Within 5 points
1521,Pokémon Black Version,2010-09-18,2010,2010s,Role-playing (RPG),81.12,88.00,6.88,Critics higher
1522,Pokémon White Version,2010-09-18,2010,2010s,Role-playing (RPG),81.63,80.00,-1.63,Within 5 points
1523,Trauma Center: Under the Knife,2005-06-16,2005,2000s,Simulator,76.06,75.00,-1.06,Within 5 points
1525,Trauma Center: New Blood,2007-11-20,2007,2000s,Simulator,83.71,81.33,-2.37,Within 5 points
1526,Trauma Center: Under the Knife 2,2008-07-01,2008,2000s,Puzzle,84.99,80.00,-4.99,Within 5 points
1527,Trauma Team,2010-04-30,2010,2010s,Point-and-click,88.61,78.33,-10.27,Users higher
1528,Jak and Daxter: The Precursor Legacy,2001-12-03,2001,2000s,Platform,80.19,90.00,9.81,Critics higher
1529,Jak II,2003-10-14,2003,2000s,Shooter,79.95,90.00,10.05,Critics higher
1530,Jak 3,2004-11-09,2004,2000s,Shooter,75.42,70.00,-5.42,Users higher
1531,Jak and Daxter: The Lost Frontier,2009-11-03,2009,2000s,Platform,66.05,77.50,11.45,Critics higher
1532,Jak X: Combat Racing,2005-10-18,2005,2000s,Racing,76.58,70.00,-6.58,Users higher
1533,Daxter,2006-03-14,2006,2000s,Platform,79.29,89.50,10.21,Critics higher
1538,Wipeout XL,1996-09-30,1996,1990s,Racing,73.26,90.00,16.74,Critics higher
1541,Wipeout Fusion,2002-02-08,2002,2000s,Racing,72.06,70.00,-2.06,Within 5 points
1542,Wipeout Pure,2005-03-24,2005,2000s,Racing,79.99,90.00,10.01,Critics higher
1543,Wipeout Pulse,2007-12-13,2007,2000s,Racing,73.91,87.50,13.59,Critics higher
1544,Wipeout HD,2008-09-25,2008,2000s,Racing,68.94,83.75,14.81,Critics higher
1545,Wipeout 2048,2012-01-19,2012,2010s,Racing,81.44,83.33,1.89,Within 5 points
1552,Virtua Fighter 4,2001-08-01,2001,2000s,Fighting,71.09,96.50,25.41,Critics higher
1555,Virtua Fighter 5,2006-07-20,2006,2000s,Fighting,79.74,88.83,9.10,Critics higher
1558,Pokémon Gold Version,1999-11-21,1999,1990s,Role-playing (RPG),86.71,87.50,0.79,Within 5 points
1560,Pokémon Diamond Version,2006-09-28,2006,2000s,Role-playing (RPG),79.11,83.33,4.22,Within 5 points
1561,Pokémon Red Version,1996-02-27,1996,1990s,Role-playing (RPG),84.77,75.00,-9.77,Users higher
1563,Soul Edge,1996-02-20,1996,1990s,Fighting,81.32,83.00,1.68,Within 5 points
1564,SoulCalibur,1998-07-30,1998,1990s,Fighting,83.81,40.00,-43.81,Users higher
1565,SoulCalibur II,2002-07-10,2002,2000s,Fighting,82.42,95.00,12.58,Critics higher
1566,SoulCalibur III,2005-10-25,2005,2000s,Fighting,79.78,83.33,3.55,Within 5 points
1567,SoulCalibur IV,2008-07-31,2008,2000s,Fighting,74.43,81.75,7.32,Critics higher
1568,SoulCalibur: Broken Destiny,2009-08-27,2009,2000s,Fighting,69.72,86.00,16.28,Critics higher
1569,Jet Grind Radio,2000-06-29,2000,2000s,Music,76.05,80.00,3.95,Within 5 points
1570,Jet Set Radio Future,2002-02-22,2002,2000s,Music,83.42,77.75,-5.67,Users higher
1571,Sega Rally Championship,1994-10-11,1994,1990s,Racing,73.46,50.00,-23.46,Users higher
1572,Sega Rally 2,1998-02-01,1998,1990s,Racing,78.58,88.00,9.42,Critics higher
1574,Sega Rally Revo,2007-09-27,2007,2000s,Racing,69.52,76.50,6.98,Critics higher
1578,Spyro: Year of the Dragon,2000-10-10,2000,2000s,Platform,81.00,55.00,-26.00,Users higher
1580,Spyro: A Hero's Tail,2004-11-03,2004,2000s,Platform,62.16,69.00,6.84,Critics higher
1581,Spyro: Shadow Legacy,2005-10-18,2005,2000s,Platform,69.88,45.00,-24.88,Users higher
1582,The Legend of Spyro: A New Beginning,2006-10-10,2006,2000s,Platform,62.01,65.00,2.99,Within 5 points
1583,The Legend of Spyro: The Eternal Night,2007-10-02,2007,2000s,Platform,74.92,65.00,-9.92,Users higher
1584,The Legend of Spyro: Dawn of the Dragon,2008-10-21,2008,2000s,Platform,70.98,60.00,-10.98,Users higher
1585,Skylanders: Spyro's Adventure,2011-10-13,2011,2010s,Role-playing (RPG),69.14,81.50,12.36,Critics higher
1586,Skylanders: Giants,2012-10-17,2012,2010s,Puzzle,71.86,68.89,-2.97,Within 5 points
1588,Spyro 2: Season of Flame,2002-09-25,2002,2000s,Platform,64.42,50.00,-14.42,Users higher
1590,Spyro Orange: The Cortex Conspiracy,2004-06-03,2004,2000s,Platform,52.05,59.00,6.95,Critics higher
1591,ZombiU,2012-11-18,2012,2010s,Shooter,72.46,77.70,5.24,Critics higher
1592,Fable: The Journey,2012-10-09,2012,2010s,Role-playing (RPG),70.00,63.12,-6.88,Users higher
1593,Pillars of Eternity,2015-03-26,2015,2010s,Role-playing (RPG),80.14,81.00,0.86,Within 5 points
1594,Gran Turismo,1997-12-23,1997,1990s,Racing,82.17,73.33,-8.84,Users higher
1599,Gran Turismo 5 Prologue,2007-12-13,2007,2000s,Racing,63.57,81.50,17.93,Critics higher
1600,Gran Turismo 3: A-Spec,2001-04-28,2001,2000s,Racing,84.73,100.00,15.27,Critics higher
1604,Gran Turismo 4 Prologue,2003-12-04,2003,2000s,Racing,40.21,70.00,29.79,Critics higher
1606,Empire Earth III,2007-11-06,2007,2000s,Real Time Strategy (RTS),55.92,40.00,-15.92,Users higher
1608,Empire Earth II,2005-04-26,2005,2000s,Real Time Strategy (RTS),69.53,75.00,5.47,Critics higher
1612,Mortal Kombat: Deadly Alliance,2002-11-16,2002,2000s,Fighting,61.04,70.00,8.96,Critics higher
1613,Mortal Kombat: Deception,2004-10-04,2004,2000s,Fighting,71.06,76.67,5.61,Critics higher
1614,Mortal Kombat: Shaolin Monks,2005-09-19,2005,2000s,Fighting,68.57,74.00,5.43,Critics higher
1616,Mortal Kombat: Armageddon,2006-10-09,2006,2000s,Fighting,72.97,73.33,0.36,Within 5 points
1617,Mortal Kombat vs. DC Universe,2008-11-16,2008,2000s,Fighting,61.41,77.14,15.73,Critics higher
1618,Mortal Kombat,1992-08-02,1992,1990s,Fighting,68.82,83.33,14.51,Critics higher
1620,Mortal Kombat 3,1995-04-15,1995,1990s,Fighting,73.93,50.00,-23.93,Users higher
1624,Theme Hospital,1997-02-04,1997,1990s,Real Time Strategy (RTS),81.09,90.00,8.91,Critics higher
1625,A Valley Without Wind,2012-04-24,2012,2010s,Strategy,69.55,50.00,-19.55,Users higher
1626,Super Smash Bros.,1999-01-21,1999,1990s,Fighting,81.35,85.00,3.65,Within 5 points
1627,Super Smash Bros. Melee,2001-11-21,2001,2000s,Fighting,88.88,100.00,11.12,Critics higher
1628,Super Smash Bros. Brawl,2008-01-31,2008,2000s,Fighting,81.80,91.33,9.53,Critics higher
1631,James Bond 007: Nightfire,2002-11-18,2002,2000s,Shooter,74.56,58.33,-16.23,Users higher
1632,GoldenEye: Rogue Agent,2004-11-22,2004,2000s,Shooter,55.70,63.33,7.63,Critics higher
1638,GoldenEye 007,1997-08-23,1997,1990s,Shooter,85.93,88.00,2.07,Within 5 points
1643,James Bond 007: Agent Under Fire,2001-11-13,2001,2000s,Shooter,63.78,68.67,4.89,Within 5 points
1644,James Bond 007: Everything or Nothing,2004-02-11,2004,2000s,Shooter,75.79,79.80,4.01,Within 5 points
1645,James Bond 007: From Russia with Love,2005-10-26,2005,2000s,Shooter,72.69,65.33,-7.35,Users higher
1646,James Bond 007: Quantum of Solace,2008-10-31,2008,2000s,Shooter,65.93,61.71,-4.22,Within 5 points
1648,James Bond 007: Blood Stone,2010-11-02,2010,2010s,Shooter,70.96,57.25,-13.71,Users higher
1649,007 Legends,2012-10-16,2012,2010s,Shooter,54.17,45.71,-8.46,Users higher
1653,Streets of Rage 2,1992-12-01,1992,1990s,Hack and slash/Beat 'em up,83.74,80.00,-3.74,Within 5 points
1660,Final Fight: Streetwise,2006-02-28,2006,2000s,Fighting,66.38,30.00,-36.38,Users higher
1661,Tobal No. 1,1996-08-02,1996,1990s,Fighting,79.72,87.00,7.28,Critics higher
1672,Panzer Dragoon Orta,2002-12-19,2002,2000s,Shooter,81.74,87.00,5.26,Critics higher
1676,DoDonPachi Resurrection,2008-05-22,2008,2000s,Shooter,80.04,75.50,-4.54,Within 5 points
1677,Wild Arms,1996-12-20,1996,1990s,Role-playing (RPG),80.11,80.00,-0.11,Within 5 points
1679,Wild Arms 3,2002-03-14,2002,2000s,Role-playing (RPG),79.60,70.00,-9.60,Users higher
1682,Wild Arms 5,2006-12-14,2006,2000s,Role-playing (RPG),79.91,72.50,-7.41,Users higher
1684,Fruit Ninja,2010-04-20,2010,2010s,Arcade,72.14,83.33,11.19,Critics higher
1691,Advance Wars,2001-09-10,2001,2000s,Simulator,84.11,100.00,15.89,Critics higher
1692,Advance Wars 2: Black Hole Rising,2003-06-24,2003,2000s,Strategy,86.61,90.50,3.89,Within 5 points
1693,Advance Wars: Dual Strike,2005-06-23,2005,2000s,Simulator,87.86,90.67,2.80,Within 5 points
1694,Advance Wars: Days of Ruin,2008-01-21,2008,2000s,Strategy,81.76,84.67,2.91,Within 5 points
1699,Wario Land 4,2001-08-21,2001,2000s,Platform,76.97,77.50,0.53,Within 5 points
1700,Wario World,2003-06-20,2003,2000s,Platform,70.78,74.67,3.89,Within 5 points
1701,Wario: Master of Disguise,2007-01-18,2007,2000s,Platform,51.68,55.00,3.32,Within 5 points
1702,Wario Land: Shake It!,2008-07-24,2008,2000s,Platform,72.37,78.83,6.46,Critics higher
1703,"WarioWare, Inc.: Mega Microgame$!",2003-03-21,2003,2000s,Arcade,83.42,91.00,7.58,Critics higher
1704,WarioWare: Twisted!,2004-10-14,2004,2000s,Puzzle,75.69,90.00,14.31,Critics higher
1705,WarioWare: Touched!,2004-12-02,2004,2000s,Arcade,79.85,70.00,-9.85,Users higher
1706,WarioWare: Smooth Moves,2006-12-02,2006,2000s,Puzzle,83.18,80.00,-3.18,Within 5 points
1707,WarioWare: Snapped!,2008-12-24,2008,2000s,Arcade,49.00,60.00,11.00,Critics higher
1708,WarioWare D.I.Y.,2009-04-29,2009,2000s,Puzzle,73.76,86.50,12.74,Critics higher
1710,Game & Wario,2013-03-28,2013,2010s,Shooter,61.65,58.29,-3.37,Within 5 points
1721,Mega Man 8,1996-12-17,1996,1990s,Shooter,76.40,68.50,-7.90,Users higher
1722,Mega Man 9,2008-09-22,2008,2000s,Shooter,82.23,87.57,5.35,Critics higher
1723,Mega Man 10,2010-03-01,2010,2010s,Shooter,82.43,80.00,-2.43,Within 5 points
1741,Mega Man X,1993-12-17,1993,1990s,Shooter,85.83,85.00,-0.83,Within 5 points
1745,Mega Man X5,2000-11-30,2000,2000s,Shooter,75.94,50.00,-25.94,Users higher
1754,Mega Man Legends 2,2000-04-20,2000,2000s,Shooter,84.77,80.00,-4.77,Within 5 points
1758,Mega Man Battle Network 3 Blue,2002-12-06,2002,2000s,Role-playing (RPG),87.32,85.00,-2.32,Within 5 points
1760,Mega Man Battle Network 4: Blue Moon,2003-12-14,2003,2000s,Role-playing (RPG),69.07,68.00,-1.07,Within 5 points
1766,Mega Man Network Transmission,2003-03-06,2003,2000s,Platform,61.35,63.50,2.15,Within 5 points
1770,Ratchet & Clank: Going Commando,2003-11-11,2003,2000s,Shooter,81.39,90.00,8.61,Critics higher
1773,Ratchet & Clank: Up Your Arsenal,2004-11-02,2004,2000s,Shooter,80.75,80.00,-0.75,Within 5 points
1779,Mega Man ZX,2006-07-06,2006,2000s,Shooter,93.00,63.33,-29.67,Users higher
1780,Mega Man ZX Advent,2007-07-12,2007,2000s,Shooter,93.85,75.00,-18.85,Users higher
1781,Mega Man Star Force: Pegasus,2006-12-14,2006,2000s,Role-playing (RPG),69.44,60.00,-9.44,Users higher
1785,Mega Man Star Force 2: Zerker x Ninja,2007-11-22,2007,2000s,Role-playing (RPG),73.84,52.00,-21.84,Users higher
1789,Painkiller: Hell & Damnation,2012-10-31,2012,2010s,Shooter,53.73,56.67,2.94,Within 5 points
1790,Ratchet: Deadlocked,2005-10-25,2005,2000s,Shooter,73.34,70.00,-3.34,Within 5 points
1791,Ratchet & Clank: Size Matters,2007-02-13,2007,2000s,Shooter,68.92,60.33,-8.59,Users higher
1792,Ratchet & Clank Future: Tools of Destruction,2007-10-23,2007,2000s,Shooter,78.50,91.50,13.00,Critics higher
1793,Secret Agent Clank,2008-06-17,2008,2000s,Platform,76.16,81.00,4.84,Within 5 points
1795,Ratchet & Clank Future: A Crack in Time,2009-10-27,2009,2000s,Shooter,79.92,82.86,2.94,Within 5 points
1796,Ratchet & Clank: All 4 One,2011-10-18,2011,2010s,Platform,59.50,73.40,13.90,Critics higher
1797,Ratchet & Clank: Full Frontal Assault,2012-11-27,2012,2010s,Platform,61.30,58.00,-3.30,Within 5 points
1798,Sly Cooper and the Thievius Raccoonus,2002-09-23,2002,2000s,Platform,79.16,82.50,3.34,Within 5 points
1799,Sly 2: Band of Thieves,2004-09-14,2004,2000s,Platform,82.91,80.00,-2.91,Within 5 points
1800,Sly 3: Honor Among Thieves,2005-09-26,2005,2000s,Platform,74.55,83.33,8.78,Critics higher
1801,Sly Cooper: Thieves in Time,2013-02-05,2013,2010s,Platform,78.17,79.83,1.66,Within 5 points
1802,Chrono Trigger,1995-03-11,1995,1990s,Role-playing (RPG),93.38,91.33,-2.05,Within 5 points
1805,Crazy Taxi,1999-02-12,1999,1990s,Racing,73.38,60.00,-13.38,Users higher
1807,Crazy Taxi 3: High Roller,2002-07-24,2002,2000s,Racing,72.79,50.00,-22.79,Users higher
1819,Dragon Quest VIII: Journey of the Cursed King,2004-11-27,2004,2000s,Role-playing (RPG),87.14,86.58,-0.55,Within 5 points
1820,Dragon Quest IX: Sentinels of the Starry Skies,2009-07-11,2009,2000s,Role-playing (RPG),85.15,86.14,1.00,Within 5 points
1822,Dragon Quest Swords: The Masked Queen and the Tower of Mirrors,2007-06-12,2007,2000s,Role-playing (RPG),59.99,62.50,2.51,Within 5 points
1824,Dragon Quest Heroes: Rocket Slime,2005-12-01,2005,2000s,Puzzle,80.31,80.00,-0.31,Within 5 points
1827,Remember Me,2013-06-03,2013,2010s,Platform,73.14,70.42,-2.72,Within 5 points
1828,Fuse,2013-05-28,2013,2010s,Shooter,64.95,57.50,-7.45,Users higher
1829,PlanetSide,2003-05-20,2003,2000s,Shooter,62.54,74.50,11.96,Critics higher
1830,Mars: War Logs,2013-04-26,2013,2010s,Role-playing (RPG),61.68,65.00,3.32,Within 5 points
1832,Army of Two: The Devil's Cartel,2013-03-26,2013,2010s,Shooter,61.22,56.00,-5.22,Users higher
1834,Family Guy: Back to the Multiverse,2012-11-20,2012,2010s,Shooter,71.04,33.33,-37.71,Users higher
1843,Tom Clancy's Rainbow Six: Rogue Spear,1999-08-31,1999,1990s,Shooter,81.85,75.00,-6.85,Users higher
1851,Tom Clancy's Rainbow Six: Lockdown,2005-09-08,2005,2000s,Shooter,72.09,67.33,-4.75,Within 5 points
1853,Tom Clancy's Rainbow Six: Vegas 2,2008-03-18,2008,2000s,Shooter,77.36,82.00,4.64,Within 5 points
1863,The Sum of All Fears,2002-05-31,2002,2000s,Shooter,69.89,60.00,-9.89,Users higher
1865,Killzone,2004-11-02,2004,2000s,Shooter,73.81,70.00,-3.81,Within 5 points
1866,Killzone 2,2009-02-25,2009,2000s,Shooter,78.76,90.25,11.49,Critics higher
1867,Killzone 3,2011-02-22,2011,2010s,Shooter,77.18,84.00,6.82,Critics higher
1868,Killzone: Liberation,2006-10-31,2006,2000s,Shooter,68.85,80.00,11.15,Critics higher
1869,Killzone: Mercenary,2013-09-04,2013,2010s,Shooter,75.72,75.44,-0.27,Within 5 points
1870,Shellshock: Nam '67,2004-09-03,2004,2000s,Shooter,61.77,60.00,-1.77,Within 5 points
1871,The Walking Dead,2012-04-24,2012,2010s,Point-and-click,85.72,84.35,-1.36,Within 5 points
1872,Descent,1994-12-31,1994,1990s,Shooter,73.98,73.33,-0.65,Within 5 points
1876,Spore,2008-09-04,2008,2000s,Real Time Strategy (RTS),72.50,82.00,9.50,Critics higher
1877,Cyberpunk 2077,2020-12-10,2020,2020s,Shooter,81.94,75.24,-6.70,Users higher
1878,War for the Overworld,2015-04-02,2015,2010s,Real Time Strategy (RTS),72.83,60.00,-12.83,Users higher
1879,Terraria,2011-05-16,2011,2010s,Platform,82.30,81.00,-1.30,Within 5 points
1881,Arma 3,2013-09-12,2013,2010s,Shooter,76.37,72.80,-3.57,Within 5 points
1882,Amnesia: A Machine for Pigs,2013-09-10,2013,2010s,Puzzle,66.67,72.62,5.95,Critics higher
1883,Carmageddon: Reincarnation,2015-05-21,2015,2010s,Racing,59.89,40.00,-19.89,Users higher
1885,Homefront,2011-03-15,2011,2010s,Shooter,68.62,74.33,5.71,Critics higher
1886,Homefront: The Revolution,2016-05-17,2016,2010s,Shooter,62.80,48.32,-14.48,Users higher
1887,Dragon Age: Inquisition,2014-11-18,2014,2010s,Role-playing (RPG),82.86,87.94,5.08,Critics higher
1889,Might & Magic: Clash of Heroes,2009-12-01,2009,2000s,Puzzle,77.88,84.50,6.62,Critics higher
1890,Might & Magic: Duel of Champions,2012-12-31,2012,2010s,Strategy,80.93,80.00,-0.93,Within 5 points
1891,Magic: The Gathering - Duels of the Planeswalkers 2013,2012-06-20,2012,2010s,Strategy,72.07,80.00,7.93,Critics higher
1892,Pid,2012-10-31,2012,2010s,Shooter,59.98,62.50,2.52,Within 5 points
1899,Age of Wushu,2013-01-01,2013,2010s,Fighting,70.64,60.00,-10.64,Users higher
1902,Dirty Bomb,2018-08-28,2018,2010s,Shooter,59.67,60.00,0.33,Within 5 points
1904,Europa Universalis IV,2013-08-13,2013,2010s,Real Time Strategy (RTS),87.95,85.00,-2.95,Within 5 points
1905,Fortnite,2020-06-29,2020,2020s,Shooter,70.76,82.60,11.84,Critics higher
1906,Gone Home,2013-08-15,2013,2010s,Puzzle,73.92,73.80,-0.12,Within 5 points
1907,Grim Dawn,2016-02-25,2016,2010s,Role-playing (RPG),73.51,82.00,8.49,Critics higher
1908,Neverwinter,2013-06-20,2013,2010s,Role-playing (RPG),66.42,73.18,6.76,Critics higher
1910,Outlast,2013-09-04,2013,2010s,Adventure,77.22,77.18,-0.04,Within 5 points
1911,Path of Exile,2013-10-23,2013,2010s,Role-playing (RPG),81.82,78.00,-3.82,Within 5 points
1912,Warface,2013-10-21,2013,2010s,Shooter,63.92,54.00,-9.92,Users higher
1913,Lost Planet: Extreme Condition,2006-12-21,2006,2000s,Shooter,70.39,74.20,3.81,Within 5 points
1915,Lost Planet 2,2010-05-11,2010,2010s,Shooter,69.57,70.50,0.93,Within 5 points
1916,Lost Planet 3,2013-08-26,2013,2010s,Shooter,68.63,57.67,-10.96,Users higher
1918,Injustice: Gods Among Us,2013-04-16,2013,2010s,Fighting,72.23,80.00,7.77,Critics higher
1919,Deadpool,2013-06-25,2013,2010s,Shooter,69.82,70.23,0.41,Within 5 points
1921,Black & White 2,2005-10-07,2005,2000s,Real Time Strategy (RTS),75.90,73.33,-2.57,Within 5 points
1928,Indigo Prophecy,2005-09-16,2005,2000s,Adventure,82.96,85.00,2.04,Within 5 points
1937,Killzone: Shadow Fall,2013-11-15,2013,2010s,Shooter,69.74,65.00,-4.74,Within 5 points
1939,Destiny,2014-09-09,2014,2010s,Shooter,72.21,78.29,6.08,Critics higher
1940,Driveclub,2014-10-07,2014,2010s,Racing,72.69,77.27,4.59,Within 5 points
1941,Infamous: Second Son,2014-03-21,2014,2010s,Shooter,77.82,79.27,1.44,Within 5 points
1942,The Witcher 3: Wild Hunt,2015-05-19,2015,2010s,Role-playing (RPG),94.00,91.73,-2.26,Within 5 points
1953,Zork Nemesis: The Forbidden Lands,1996-02-29,1996,1990s,Point-and-click,79.36,79.00,-0.36,Within 5 points
1956,Alone in the Dark,1992-09-01,1992,1990s,Puzzle,72.45,60.00,-12.45,Users higher
1958,Alone in the Dark,2008-06-20,2008,2000s,Shooter,57.50,45.00,-12.50,Users higher
1960,Alone in the Dark: The New Nightmare,2001-05-18,2001,2000s,Puzzle,68.86,80.00,11.14,Critics higher
1961,Dreamfall: The Longest Journey,2006-04-17,2006,2000s,Puzzle,81.34,62.00,-19.34,Users higher
1962,Dreamfall Chapters,2014-10-21,2014,2010s,Adventure,80.82,76.36,-4.46,Within 5 points
1963,Rayman,1995-09-07,1995,1990s,Platform,77.51,77.67,0.16,Within 5 points
1966,Rayman 3: Hoodlum Havoc,2003-02-21,2003,2000s,Platform,78.75,65.00,-13.75,Users higher
1969,Red Dead Revolver,2004-05-02,2004,2000s,Shooter,69.51,66.00,-3.51,Within 5 points
1970,Assassin's Creed IV Black Flag,2013-10-29,2013,2010s,Adventure,83.19,84.57,1.38,Within 5 points
1971,Manhunt,2003-11-18,2003,2000s,Shooter,78.19,71.67,-6.53,Users higher
1972,Manhunt 2,2007-10-29,2007,2000s,Adventure,71.71,61.00,-10.71,Users higher
1973,Defiance,2013-04-02,2013,2010s,Shooter,51.00,70.70,19.70,Critics higher
1976,Call of Juarez: Gunslinger,2013-05-22,2013,2010s,Shooter,78.23,74.60,-3.63,Within 5 points
1978,Bejeweled 3,2010-12-07,2010,2010s,Puzzle,75.44,78.33,2.89,Within 5 points
1979,Battlefield 4,2013-10-29,2013,2010s,Shooter,76.19,80.28,4.09,Within 5 points
1980,Q*bert,1982-10-18,1982,1980s,Platform,68.62,64.00,-4.62,Within 5 points
1981,Saints Row IV,2013-08-19,2013,2010s,Shooter,74.61,84.14,9.53,Critics higher
1982,Omikron: The Nomad Soul,1999-10-31,1999,1990s,Fighting,75.10,70.00,-5.10,Users higher
1983,Bastion,2011-07-20,2011,2010s,Role-playing (RPG),82.69,90.25,7.56,Critics higher
1985,Metal Gear Solid V: The Phantom Pain,2015-09-01,2015,2010s,Shooter,84.87,95.74,10.86,Critics higher
1987,XIII,2003-11-18,2003,2000s,Shooter,78.86,73.20,-5.66,Users higher
1989,Alter Echo,2003-08-19,2003,2000s,Fighting,59.50,62.50,3.00,Within 5 points
1990,VVVVVV,2010-01-11,2010,2010s,Platform,79.05,79.75,0.70,Within 5 points
1991,Fez,2012-04-13,2012,2010s,Platform,81.28,85.50,4.22,Within 5 points
1996,Anarchy Online,2001-06-27,2001,2000s,Role-playing (RPG),53.17,80.00,26.83,Critics higher
1997,AquaNox,2001-11-30,2001,2000s,Shooter,76.83,60.00,-16.83,Users higher
2002,Banished,2014-02-18,2014,2010s,Real Time Strategy (RTS),72.13,68.33,-3.80,Within 5 points
2003,Batman: Arkham Origins,2013-10-24,2013,2010s,Hack and slash/Beat 'em up,75.16,71.12,-4.05,Within 5 points
2004,Torment: Tides of Numenera,2017-02-27,2017,2010s,Role-playing (RPG),75.36,82.14,6.78,Critics higher
2006,Magicka: Wizard Wars,2014-05-27,2014,2010s,Role-playing (RPG),67.34,68.00,0.66,Within 5 points
2011,Crusaders: Thy Kingdom Come,2008-03-27,2008,2000s,Real Time Strategy (RTS),50.00,70.00,20.00,Critics higher
2017,Dungeonland,2013-01-29,2013,2010s,Role-playing (RPG),50.00,70.00,20.00,Critics higher
2018,A Game of Dwarves,2012-10-27,2012,2010s,Real Time Strategy (RTS),59.98,66.00,6.02,Critics higher
2021,Mount & Blade,2008-09-30,2008,2000s,Shooter,71.59,65.25,-6.34,Users higher
2025,Mount & Blade: Warband,2010-03-31,2010,2010s,Shooter,85.98,68.60,-17.38,Users higher
2027,Sword of the Stars,2006-08-22,2006,2000s,Real Time Strategy (RTS),88.05,69.50,-18.55,Users higher
2028,Elven Legacy,2007-12-21,2007,2000s,Role-playing (RPG),60.00,30.00,-30.00,Users higher
2030,TimeShift,2007-10-30,2007,2000s,Shooter,70.68,75.40,4.72,Within 5 points
2031,Wolfenstein: The New Order,2014-05-20,2014,2010s,Shooter,81.74,77.31,-4.43,Within 5 points
2033,Call of Duty: Ghosts,2013-11-05,2013,2010s,Shooter,64.86,73.61,8.74,Critics higher
2035,Angry Birds,2009-12-11,2009,2000s,Puzzle,74.30,75.00,0.70,Within 5 points
2036,For the Glory,2009-10-11,2009,2000s,Racing,60.00,60.00,0.00,Within 5 points
2037,Hearts of Iron II,2005-04-01,2005,2000s,Real Time Strategy (RTS),85.97,84.00,-1.97,Within 5 points
2038,King Arthur: The Role-Playing Wargame,2009-11-24,2009,2000s,Real Time Strategy (RTS),70.20,70.00,-0.20,Within 5 points
2040,Knights of Honor,2005-10-01,2005,2000s,Real Time Strategy (RTS),82.84,79.00,-3.84,Within 5 points
2041,Lead and Gold: Gangs of the Wild West,2010-04-08,2010,2010s,Shooter,69.50,85.00,15.50,Critics higher
2042,Magicka,2011-01-25,2011,2010s,Role-playing (RPG),71.63,69.50,-2.13,Within 5 points
2043,Majesty 2: The Fantasy Kingdom Sim,2009-09-17,2009,2000s,Real Time Strategy (RTS),61.63,50.00,-11.63,Users higher
2044,Naval War: Arctic Circle,2012-04-10,2012,2010s,Real Time Strategy (RTS),40.00,68.00,28.00,Critics higher
2045,Penumbra: Black Plague,2008-02-12,2008,2000s,Puzzle,80.08,80.00,-0.08,Within 5 points
2047,Poker Night 2,2013-04-24,2013,2010s,Puzzle,75.83,65.00,-10.83,Users higher
2048,Zeno Clash II,2013-04-30,2013,2010s,Fighting,72.02,54.50,-17.52,Users higher
2049,Slender: The Arrival,2013-03-26,2013,2010s,Adventure,71.03,60.71,-10.31,Users higher
2050,LEGO Marvel Super Heroes,2013-09-30,2013,2010s,Puzzle,78.82,84.63,5.81,Critics higher
2052,OutRun 2,2003-12-01,2003,2000s,Racing,89.31,80.00,-9.31,Users higher
2054,OutRun 2006: Coast 2 Coast,2006-03-17,2006,2000s,Racing,77.98,90.00,12.02,Critics higher
2058,Payday 2,2013-08-13,2013,2010s,Shooter,73.93,74.76,0.83,Within 5 points
2059,Yakuza,2005-12-08,2005,2000s,Fighting,77.53,76.67,-0.86,Within 5 points
2060,Yakuza 2,2006-12-07,2006,2000s,Role-playing (RPG),78.63,80.00,1.37,Within 5 points
2061,Yakuza 3,2009-02-26,2009,2000s,Role-playing (RPG),81.48,79.60,-1.88,Within 5 points
2062,Yakuza 4,2010-03-08,2010,2010s,Role-playing (RPG),82.95,80.33,-2.61,Within 5 points
2063,Yakuza 5,2012-12-06,2012,2010s,Adventure,81.13,84.33,3.20,Within 5 points
2064,Antichamber,2013-01-31,2013,2010s,Platform,80.91,82.67,1.76,Within 5 points
2065,Plague Inc.,2012-05-26,2012,2010s,Real Time Strategy (RTS),72.20,80.00,7.80,Critics higher
2068,Pride of Nations,2011-06-08,2011,2010s,Simulator,50.00,79.00,29.00,Critics higher
2072,Warlock: Master of the Arcane,2012-05-08,2012,2010s,Strategy,55.79,73.33,17.54,Critics higher
2074,Need for Speed: Rivals,2013-11-15,2013,2010s,Racing,67.67,80.23,12.56,Critics higher
2108,Sanctum 2,2013-05-15,2013,2010s,Shooter,74.86,80.00,5.14,Critics higher
2109,A Boy and His Blob: Trouble on Blobolonia,1990-01-01,1990,1990s,Platform,61.93,77.00,15.07,Critics higher
2112,Mirror's Edge Catalyst,2016-06-07,2016,2010s,Platform,69.25,69.19,-0.06,Within 5 points
2113,Star Wars Battlefront,2015-11-17,2015,2010s,Shooter,67.67,68.44,0.77,Within 5 points
2114,Tom Clancy's The Division,2016-03-07,2016,2010s,Shooter,73.81,79.82,6.01,Critics higher
2115,Titanfall,2014-03-11,2014,2010s,Shooter,79.58,83.71,4.14,Within 5 points
2116,GrimGrimoire,2007-04-12,2007,2000s,Real Time Strategy (RTS),80.98,85.00,4.02,Within 5 points
2117,DayZ,2018-12-13,2018,2010s,Shooter,49.97,69.00,19.03,Critics higher
2118,Blacklight: Retribution,2012-07-02,2012,2010s,Shooter,66.57,75.00,8.43,Critics higher
2124,Freelancer,2003-03-04,2003,2000s,Shooter,84.91,70.00,-14.91,Users higher
2125,DarkStar One,2006-06-16,2006,2000s,Simulator,76.13,73.33,-2.80,Within 5 points
2126,Hotline Miami 2: Wrong Number,2015-03-10,2015,2010s,Shooter,78.62,71.31,-7.31,Users higher
2129,Mark of the Ninja,2012-09-07,2012,2010s,Platform,84.35,91.43,7.07,Critics higher
2130,Dust: An Elysian Tail,2012-08-15,2012,2010s,Platform,75.91,82.00,6.09,Critics higher
2131,Forza Motorsport 5,2013-11-22,2013,2010s,Racing,75.99,78.18,2.19,Within 5 points
2132,The Binding of Isaac,2011-09-28,2011,2010s,Shooter,81.22,83.50,2.28,Within 5 points
2134,Dead Nation,2010-11-30,2010,2010s,Shooter,79.32,87.50,8.18,Critics higher
2135,Bayonetta 2,2014-09-20,2014,2010s,Shooter,88.26,91.43,3.17,Within 5 points
2136,Bayonetta,2009-10-29,2009,2000s,Shooter,82.40,90.87,8.47,Critics higher
2137,The Crew,2014-12-01,2014,2010s,Racing,66.16,62.00,-4.16,Within 5 points
2138,Grid 2,2013-05-27,2013,2010s,Racing,72.96,80.58,7.62,Critics higher
2139,Renegade Ops,2011-09-13,2011,2010s,Shooter,63.92,87.00,23.08,Critics higher
2140,LittleBigPlanet 2,2011-01-18,2011,2010s,Platform,82.55,93.75,11.20,Critics higher
2143,TimeSplitters 2,2002-10-09,2002,2000s,Shooter,86.16,95.00,8.84,Critics higher
2144,TimeSplitters: Future Perfect,2005-03-21,2005,2000s,Shooter,85.18,80.00,-5.18,Users higher
2145,Trials HD,2009-08-12,2009,2000s,Platform,74.68,83.33,8.65,Critics higher
2148,Banjo-Kazooie,1998-06-29,1998,1990s,Platform,85.58,78.00,-7.58,Users higher
2149,Trials Evolution,2012-04-18,2012,2010s,Platform,77.85,86.25,8.40,Critics higher
2150,Split/Second,2010-05-18,2010,2010s,Racing,82.13,81.83,-0.30,Within 5 points
2151,Catherine,2011-02-17,2011,2010s,Platform,79.13,79.71,0.58,Within 5 points
2152,Sid Meier's Civilization Revolution,2008-06-13,2008,2000s,Simulator,70.38,80.62,10.25,Critics higher
2153,FIFA Soccer 13,2012-09-25,2012,2010s,Simulator,75.06,85.07,10.01,Critics higher
2154,Cities XL 2011,2010-10-14,2010,2010s,Simulator,67.69,71.00,3.31,Within 5 points
2155,Dark Souls,2011-09-22,2011,2010s,Role-playing (RPG),87.32,90.62,3.31,Within 5 points
2158,The Urbz: Sims in the City,2004-11-09,2004,2000s,Simulator,70.51,47.50,-23.01,Users higher
2161,Playboy: The Mansion,2005-01-25,2005,2000s,Simulator,51.69,55.00,3.31,Within 5 points
2163,Proteus,2013-01-30,2013,2010s,Adventure,58.19,70.00,11.81,Critics higher
2165,War Thunder,2013-01-28,2013,2010s,Shooter,74.43,64.67,-9.76,Users higher
2171,New Super Mario Bros. U,2012-11-18,2012,2010s,Platform,78.46,79.89,1.43,Within 5 points
2172,Nintendo Land,2012-11-18,2012,2010s,Shooter,75.28,75.00,-0.28,Within 5 points
2174,Sonic & All-Stars Racing Transformed,2012-11-15,2012,2010s,Racing,80.07,79.11,-0.96,Within 5 points
2175,The Cave,2013-01-22,2013,2010s,Platform,72.92,70.36,-2.56,Within 5 points
2177,LEGO City Undercover,2013-03-17,2013,2010s,Platform,72.54,77.00,4.46,Within 5 points
2178,New Super Mario Bros. Wii,2009-11-12,2009,2000s,Platform,81.99,81.25,-0.74,Within 5 points
2179,Red Steel 2,2010-03-23,2010,2010s,Shooter,74.57,79.00,4.43,Within 5 points
2180,Super Mario 3D World,2013-11-21,2013,2010s,Platform,84.49,93.93,9.44,Critics higher
2181,Wii Sports,2006-11-19,2006,2000s,Simulator,75.20,75.00,-0.20,Within 5 points
2182,Wii Sports Resort,2009-07-24,2009,2000s,Shooter,78.44,90.00,11.56,Critics higher
2183,Mario Kart Wii,2008-04-10,2008,2000s,Racing,80.23,71.25,-8.98,Users higher
2184,Kirby's Epic Yarn,2010-10-14,2010,2010s,Platform,70.70,84.60,13.90,Critics higher
2185,Wii Play,2006-12-02,2006,2000s,Shooter,67.92,60.00,-7.92,Users higher
2186,Wii Fit,2007-12-01,2007,2000s,Simulator,61.01,73.50,12.49,Critics higher
2187,Wii Fit Plus,2009-10-01,2009,2000s,Sport,71.10,78.67,7.57,Critics higher
2188,Magic 2014: Duels of the Planeswalkers,2013-06-26,2013,2010s,Strategy,74.28,76.50,2.22,Within 5 points
2189,Wii Party,2010-07-08,2010,2010s,Quiz/Trivia,69.74,70.00,0.26,Within 5 points
2190,Rabbids Go Home,2009-11-01,2009,2000s,Platform,73.64,79.25,5.61,Critics higher
2191,Super Paper Mario,2007-04-09,2007,2000s,Platform,78.43,78.00,-0.43,Within 5 points
2192,Mini Ninjas,2009-09-08,2009,2000s,Platform,78.03,77.00,-1.03,Within 5 points
2193,Mario Party 8,2007-05-29,2007,2000s,Puzzle,72.07,57.67,-14.40,Users higher
2203,The 11th Hour,1995-11-30,1995,1990s,Point-and-click,77.13,51.00,-26.13,Users higher
2207,Shadow of the Colossus,2005-10-18,2005,2000s,Platform,89.14,88.50,-0.64,Within 5 points
2212,MLB The Show 16,2016-03-29,2016,2010s,Sport,75.70,84.71,9.01,Critics higher
2223,Torin's Passage,1995-10-31,1995,1990s,Point-and-click,77.96,70.00,-7.96,Users higher
2232,Spycraft: The Great Game,1996-12-31,1996,1990s,Adventure,70.00,71.00,1.00,Within 5 points
2235,Centipede,1981-06-06,1981,1980s,Shooter,66.39,75.00,8.61,Critics higher
2239,Pikmin,2001-10-26,2001,2000s,Real Time Strategy (RTS),81.20,80.00,-1.20,Within 5 points
2240,Pikmin 2,2004-04-29,2004,2000s,Real Time Strategy (RTS),88.51,87.00,-1.51,Within 5 points
2241,Pikmin 3,2013-07-13,2013,2010s,Real Time Strategy (RTS),79.42,86.22,6.81,Critics higher
2243,Savage 2: A Tortured Soul,2008-01-16,2008,2000s,Fighting,76.92,60.00,-16.92,Users higher
2248,Frozen Synapse,2011-05-26,2011,2010s,Puzzle,75.81,89.00,13.19,Critics higher
2249,DeathSpank,2010-07-13,2010,2010s,Fighting,76.66,79.33,2.67,Within 5 points
2250,DeathSpank: Thongs of Virtue,2010-09-20,2010,2010s,Role-playing (RPG),74.62,72.67,-1.95,Within 5 points
2251,The Baconing,2011-08-30,2011,2010s,Role-playing (RPG),67.84,62.50,-5.34,Users higher
2252,Dragon Ball Z: Budokai Tenkaichi 2,2006-10-05,2006,2000s,Fighting,79.25,73.50,-5.75,Users higher
2253,Dragon Ball Z: Budokai Tenkaichi,2005-10-06,2005,2000s,Fighting,72.55,62.50,-10.05,Users higher
2254,Dragon Ball Z: Budokai Tenkaichi 3,2007-10-04,2007,2000s,Fighting,79.29,68.67,-10.62,Users higher
2255,Mario Strikers Charged,2007-05-25,2007,2000s,Sport,76.06,75.00,-1.06,Within 5 points
2256,Super Mario Strikers,2005-11-18,2005,2000s,Sport,76.55,80.00,3.45,Within 5 points
2258,Red Steel,2006-11-19,2006,2000s,Shooter,56.71,63.33,6.63,Critics higher
2259,Boom Blox,2008-05-05,2008,2000s,Music,85.96,76.67,-9.29,Users higher
2260,Boom Blox Bash Party,2009-05-19,2009,2000s,Puzzle,78.00,86.67,8.67,Critics higher
2261,Gothic,2001-10-30,2001,2000s,Role-playing (RPG),85.65,78.00,-7.65,Users higher
2262,Gothic II,2002-11-29,2002,2000s,Role-playing (RPG),87.31,80.00,-7.31,Users higher
2263,Gothic 3,2006-10-13,2006,2000s,Role-playing (RPG),76.57,61.67,-14.91,Users higher
2264,Zack & Wiki: Quest for Barbaros' Treasure,2007-10-16,2007,2000s,Point-and-click,74.42,85.00,10.58,Critics higher
2265,WWE SmackDown vs. Raw 2011,2010-10-26,2010,2010s,Fighting,70.55,70.00,-0.55,Within 5 points
2266,Muramasa: The Demon Blade,2009-04-09,2009,2000s,Role-playing (RPG),84.91,85.00,0.09,Within 5 points
2267,Sonic Colors,2010-11-11,2010,2010s,Platform,68.73,75.20,6.47,Critics higher
2268,Monster Hunter Tri,2009-08-01,2009,2000s,Role-playing (RPG),79.89,82.50,2.61,Within 5 points
2272,No More Heroes,2007-12-06,2007,2000s,Hack and slash/Beat 'em up,79.93,81.00,1.07,Within 5 points
2273,No More Heroes 2: Desperate Struggle,2010-01-26,2010,2010s,Hack and slash/Beat 'em up,79.61,78.62,-0.98,Within 5 points
2277,Rayman Raving Rabbids,2006-11-19,2006,2000s,Platform,70.58,70.50,-0.08,Within 5 points
2284,Rock of Ages,2011-08-31,2011,2010s,Racing,75.69,74.60,-1.09,Within 5 points
2286,Pokémon X,2013-10-12,2013,2010s,Role-playing (RPG),78.23,87.40,9.17,Critics higher
2287,Pokémon Y,2013-10-12,2013,2010s,Role-playing (RPG),79.08,91.25,12.17,Critics higher
2288,Pokémon Conquest,2012-03-17,2012,2010s,Role-playing (RPG),78.16,74.00,-4.16,Within 5 points
2290,Pokémon Stadium 2,2000-12-14,2000,2000s,Simulator,76.23,60.00,-16.23,Users higher
2291,Thomas Was Alone,2012-07-24,2012,2010s,Platform,71.30,76.38,5.08,Critics higher
2303,Alter Ego,1986-04-27,1986,1980s,Role-playing (RPG),69.88,80.00,10.12,Critics higher
2320,Pokémon Mystery Dungeon: Blue Rescue Team,2005-11-17,2005,2000s,Role-playing (RPG),75.87,65.00,-10.87,Users higher
2321,Pokémon Mystery Dungeon: Explorers of Time,2007-09-13,2007,2000s,Role-playing (RPG),76.51,70.00,-6.51,Users higher
2322,Pokémon Mystery Dungeon: Explorers of Darkness,2007-09-13,2007,2000s,Turn-based strategy (TBS),80.42,55.00,-25.42,Users higher
2325,Pokémon Battle Revolution,2006-12-14,2006,2000s,Fighting,68.14,53.25,-14.89,Users higher
2326,Spartacus Legends,2013-06-25,2013,2010s,Fighting,67.96,40.00,-27.96,Users higher
2327,Mario Party,1998-12-18,1998,1990s,Quiz/Trivia,81.26,72.00,-9.26,Users higher
2330,Mario Party 4,2002-10-21,2002,2000s,Card & Board Game,75.63,50.00,-25.63,Users higher
2331,Mario Party 5,2003-11-10,2003,2000s,Card & Board Game,70.82,50.00,-20.82,Users higher
2332,Super Mario Kart,1992-08-27,1992,1990s,Racing,82.24,90.00,7.76,Critics higher
2333,Mario Party 6,2004-11-18,2004,2000s,Puzzle,60.37,40.00,-20.37,Users higher
2334,Mario Party 7,2005-07-11,2005,2000s,Puzzle,72.38,30.00,-42.38,Users higher
2335,Mario Party DS,2007-11-08,2007,2000s,Puzzle,76.97,55.00,-21.97,Users higher
2336,Mario Party 9,2012-03-02,2012,2010s,Puzzle,67.42,73.67,6.25,Critics higher
2337,Mario Party Advance,2005-01-13,2005,2000s,Quiz/Trivia,59.28,10.00,-49.28,Users higher
2338,Mario Party: Island Tour,2013-11-21,2013,2010s,Puzzle,59.63,55.12,-4.50,Within 5 points
2342,Mario Kart 64,1996-12-14,1996,1990s,Racing,82.30,81.00,-1.30,Within 5 points
2343,Mario Kart: Super Circuit,2001-07-21,2001,2000s,Racing,75.84,90.00,14.16,Critics higher
2344,Mario Kart: Double Dash!!,2003-11-07,2003,2000s,Racing,83.59,85.00,1.41,Within 5 points
2345,Mario Kart DS,2005-11-14,2005,2000s,Racing,81.96,90.00,8.04,Critics higher
2346,The Last Tinker: City of Colors,2014-05-12,2014,2010s,Platform,73.97,71.25,-2.72,Within 5 points
2347,Warp,2012-02-15,2012,2010s,Puzzle,78.40,71.00,-7.40,Users higher
2349,Mario Kart 7,2011-12-02,2011,2010s,Racing,81.46,83.50,2.04,Within 5 points
2350,Mario Kart 8,2014-05-29,2014,2010s,Racing,86.85,90.80,3.95,Within 5 points
2351,Toki Tori 2,2013-04-04,2013,2010s,Platform,70.00,75.33,5.33,Critics higher
2352,Bloodline Champions,2011-01-13,2011,2010s,Real Time Strategy (RTS),84.82,74.00,-10.82,Users higher
2354,Deadlight,2012-08-01,2012,2010s,Platform,69.43,71.43,2.00,Within 5 points
2355,Orcs Must Die!,2011-10-05,2011,2010s,Shooter,70.83,86.25,15.42,Critics higher
2357,Altitude,2009-05-01,2009,2000s,Shooter,80.00,80.00,0.00,Within 5 points
2358,Chivalry: Medieval Warfare,2012-10-16,2012,2010s,Fighting,69.64,72.00,2.36,Within 5 points
2359,Total War: Rome II,2013-09-03,2013,2010s,Real Time Strategy (RTS),77.82,71.91,-5.91,Users higher
2364,Xenoblade Chronicles,2010-06-10,2010,2010s,Role-playing (RPG),85.83,90.50,4.67,Within 5 points
2366,Xenoblade Chronicles X,2015-04-29,2015,2010s,Role-playing (RPG),80.90,85.47,4.56,Within 5 points
2367,Blaster Master,1988-06-17,1988,1980s,Shooter,79.30,85.00,5.70,Critics higher
2368,Dark Souls II,2014-03-11,2014,2010s,Role-playing (RPG),79.07,90.25,11.18,Critics higher
2369,Dark Messiah of Might and Magic,2006-10-25,2006,2000s,Fighting,78.38,76.50,-1.88,Within 5 points
2370,Puzzle Quest: Challenge of the Warlords,2007-03-16,2007,2000s,Puzzle,70.22,84.33,14.11,Critics higher
2391,Berzerk,1980-11-12,1980,1980s,Shooter,74.50,70.00,-4.50,Within 5 points
2401,Jonah Lomu Rugby,1997-04-18,1997,1990s,Simulator,83.52,70.00,-13.52,Users higher
2407,Crisis Core: Final Fantasy VII,2007-09-13,2007,2000s,Role-playing (RPG),82.90,89.00,6.10,Critics higher
2408,Final Fantasy Tactics A2: Grimoire of the Rift,2007-10-25,2007,2000s,Role-playing (RPG),82.03,83.00,0.97,Within 5 points
2413,Oni,2001-01-26,2001,2000s,Shooter,85.83,70.00,-15.83,Users higher
2437,Prince of Persia: The Two Thrones,2005-12-01,2005,2000s,Platform,80.00,80.00,-0.00,Within 5 points
2438,Prince of Persia,2008-12-02,2008,2000s,Platform,77.35,84.29,6.94,Critics higher
2442,Commander Keen in Keen Dreams,1991-12-31,1991,1990s,Platform,79.48,58.00,-21.48,Users higher
2444,Risen,2009-10-02,2009,2000s,Role-playing (RPG),76.46,80.50,4.04,Within 5 points
2448,Quantum Conundrum,2012-06-21,2012,2010s,Platform,70.70,74.09,3.39,Within 5 points
2449,Lightning Returns: Final Fantasy XIII,2013-11-21,2013,2010s,Role-playing (RPG),70.91,70.00,-0.91,Within 5 points
2468,Prince of Persia: The Forgotten Sands,2010-05-18,2010,2010s,Platform,67.95,80.80,12.85,Critics higher
2474,Claw,1997-09-05,1997,1990s,Platform,75.20,60.00,-15.20,Users higher
2475,Temple Run,2011-08-04,2011,2010s,Platform,71.02,70.00,-1.02,Within 5 points
2476,Luigi's Mansion: Dark Moon,2013-03-20,2013,2010s,Puzzle,78.68,81.25,2.57,Within 5 points
2480,Torchlight,2009-10-27,2009,2000s,Role-playing (RPG),73.62,83.33,9.71,Critics higher
2482,The Godfather,2006-03-21,2006,2000s,Shooter,67.64,80.00,12.36,Critics higher
2483,Pro Race Driver,2002-08-23,2002,2000s,Racing,63.76,76.67,12.91,Critics higher
2484,Winning Eleven: Pro Evolution Soccer 2007,2006-04-27,2006,2000s,Simulator,77.41,73.17,-4.25,Within 5 points
2485,Luigi's Mansion,2001-09-14,2001,2000s,Adventure,80.32,70.00,-10.32,Users higher
2503,Dungeon Master II: The Legend of Skullkeep,1994-03-25,1994,1990s,Puzzle,68.07,50.00,-18.07,Users higher
2538,Enslaved: Odyssey to the West,2010-10-05,2010,2010s,Platform,80.23,82.44,2.21,Within 5 points
2539,Alpha Protocol,2010-05-27,2010,2010s,Shooter,74.51,59.14,-15.37,Users higher
2540,Project Gotham Racing 4,2007-10-02,2007,2000s,Racing,76.84,90.00,13.16,Critics higher
2541,Rockstar Games presents Table Tennis,2006-05-23,2006,2000s,Simulator,82.74,82.50,-0.24,Within 5 points
2552,Mad Max,2015-09-01,2015,2010s,Shooter,75.00,72.00,-3.00,Within 5 points
2553,MotorStorm,2006-12-14,2006,2000s,Racing,75.01,85.00,9.99,Critics higher
2554,MotorStorm: Pacific Rift,2008-10-28,2008,2000s,Racing,84.25,80.00,-4.25,Within 5 points
2555,MotorStorm: Apocalypse,2011-03-16,2011,2010s,Racing,66.85,78.33,11.49,Critics higher
2556,MotorStorm: RC,2012-02-22,2012,2010s,Racing,63.01,80.00,16.99,Critics higher
2563,Dragon Ball Z: Budokai,2002-11-02,2002,2000s,Fighting,66.17,85.00,18.83,Critics higher
2564,Dragon Ball Z: Budokai 2,2003-11-14,2003,2000s,Fighting,71.57,74.00,2.43,Within 5 points
2566,Dragon Ball Z: Budokai 3,2004-11-16,2004,2000s,Fighting,79.80,88.00,8.20,Critics higher
2567,Dragon Ball Z: Shin Budokai,2006-03-07,2006,2000s,Fighting,68.79,70.00,1.21,Within 5 points
2568,Dragon Ball Z: Shin Budokai - Another Road,2007-03-20,2007,2000s,Fighting,68.80,60.00,-8.80,Users higher
2569,Dragon Ball Z: Burst Limit,2008-06-05,2008,2000s,Fighting,48.53,72.00,23.47,Critics higher
2570,Dragon Ball Z: Infinite World,2008-11-04,2008,2000s,Fighting,64.33,35.00,-29.33,Users higher
2571,Dragonball Evolution: The Game,2009-03-19,2009,2000s,Fighting,27.57,60.00,32.43,Critics higher
2574,Dragon Ball Z: Ultimate Tenkaichi,2011-10-25,2011,2010s,Fighting,51.05,45.00,-6.05,Users higher
2576,Dragon Ball Z: Supersonic Warriors,2004-03-26,2004,2000s,Fighting,62.43,77.00,14.57,Critics higher
2577,Dragon Ball Z: Supersonic Warriors 2,2005-11-20,2005,2000s,Fighting,69.35,80.00,10.65,Critics higher
2581,Super Dragon Ball Z,2005-12-22,2005,2000s,Fighting,59.82,55.00,-4.82,Within 5 points
2583,Dragon Ball Z: Battle of Z,2014-01-23,2014,2010s,Fighting,59.66,56.62,-3.04,Within 5 points
2584,Eve Online,2003-05-06,2003,2000s,Role-playing (RPG),77.80,78.75,0.95,Within 5 points
2585,Skate,2007-09-14,2007,2000s,Simulator,83.49,87.00,3.51,Within 5 points
2586,Skate 2,2009-01-21,2009,2000s,Racing,84.47,83.00,-1.47,Within 5 points
2587,Skate 3,2010-05-11,2010,2010s,Sport,78.77,84.40,5.63,Critics higher
2589,Ratchet & Clank: Into the Nexus,2013-11-06,2013,2010s,Shooter,78.42,69.29,-9.14,Users higher
2591,Star Fox 64,1997-04-27,1997,1990s,Shooter,85.44,87.00,1.56,Within 5 points
2592,DEFCON,2006-09-29,2006,2000s,Real Time Strategy (RTS),77.34,85.00,7.66,Critics higher
2594,Tropico 3,2009-10-20,2009,2000s,Simulator,75.90,75.00,-0.90,Within 5 points
2595,Tropico 4,2011-08-26,2011,2010s,Real Time Strategy (RTS),79.68,74.25,-5.43,Users higher
2597,The Smurfs 2,2013-07-18,2013,2010s,Platform,65.00,59.33,-5.67,Users higher
2599,Game Dev Tycoon,2012-12-10,2012,2010s,Simulator,74.78,80.00,5.22,Critics higher
2604,Altered Beast,1988-08-01,1988,1980s,Platform,64.41,45.00,-19.41,Users higher
2605,BattleBlock Theater,2013-04-03,2013,2010s,Platform,77.73,89.29,11.55,Critics higher
2606,BloodRayne: Betrayal,2011-09-06,2011,2010s,Platform,50.26,65.00,14.74,Critics higher
2607,Sonic Lost World,2013-10-18,2013,2010s,Platform,51.08,58.07,6.99,Critics higher
2626,Burnout Revenge,2005-09-13,2005,2000s,Racing,79.25,90.50,11.25,Critics higher
2627,Zoocube,2002-05-30,2002,2000s,Puzzle,56.00,90.00,34.00,Critics higher
2629,Guitar Hero: Warriors of Rock,2010-09-24,2010,2010s,Music,75.21,68.17,-7.04,Users higher
2630,Bubble Bobble,1986-06-16,1986,1980s,Platform,78.40,80.00,1.60,Within 5 points
2631,Tetris Evolution,2007-12-31,2007,2000s,Puzzle,52.78,46.67,-6.11,Users higher
2632,Jaws Unleashed,2006-05-23,2006,2000s,Hack and slash/Beat 'em up,60.53,49.80,-10.73,Users higher
2633,Naughty Bear,2010-06-25,2010,2010s,Strategy,48.73,50.75,2.02,Within 5 points
2634,Rampage: Total Destruction,2006-04-24,2006,2000s,Fighting,62.41,50.67,-11.74,Users higher
2635,Excite Truck,2006-11-19,2006,2000s,Racing,66.71,80.00,13.29,Critics higher
2636,Dig Dug,1982-02-20,1982,1980s,Arcade,78.96,70.00,-8.96,Users higher
2637,de Blob,2008-07-08,2008,2000s,Platform,66.51,82.00,15.49,Critics higher
2638,The Incredible Adventures of Van Helsing,2013-05-22,2013,2010s,Role-playing (RPG),67.42,64.00,-3.42,Within 5 points
2639,The Wonderful 101,2013-08-23,2013,2010s,Strategy,81.97,74.27,-7.70,Users higher
2645,Animal Crossing: Wild World,2005-11-23,2005,2000s,Simulator,78.41,75.00,-3.41,Within 5 points
2648,LEGO Battles,2009-06-09,2009,2000s,Real Time Strategy (RTS),67.94,60.00,-7.94,Users higher
2651,Destroy All Humans!,2005-06-21,2005,2000s,Adventure,72.22,70.00,-2.22,Within 5 points
2652,Destroy All Humans! 2,2006-10-17,2006,2000s,Shooter,79.07,75.00,-4.07,Within 5 points
2654,Pac-Man World Rally,2006-08-22,2006,2000s,Racing,62.18,56.00,-6.18,Users higher
2656,The Simpsons Game,2007-10-30,2007,2000s,Platform,72.00,68.00,-4.00,Within 5 points
2657,Kinect Adventures,2010-11-04,2010,2010s,Sport,58.08,65.00,6.92,Critics higher
2659,Game Party: In Motion,2010-11-18,2010,2010s,Sport,70.00,10.00,-60.00,Users higher
2660,Fighters Uncaged,2010-11-04,2010,2010s,Fighting,70.00,43.75,-26.25,Users higher
2661,Deca Sports Freedom,2010-11-18,2010,2010s,Shooter,70.00,15.00,-55.00,Users higher
2662,Kinect Joy Ride,2010-11-04,2010,2010s,Racing,75.00,46.67,-28.33,Users higher
2667,FlatOut,2004-11-05,2004,2000s,Racing,74.51,80.00,5.49,Critics higher
2668,FlatOut 2,2006-06-30,2006,2000s,Racing,81.34,82.50,1.16,Within 5 points
2669,Guitar Hero World Tour,2008-10-26,2008,2000s,Music,74.90,82.50,7.60,Critics higher
2670,Guitar Hero II,2006-11-07,2006,2000s,Music,82.23,91.60,9.37,Critics higher
2671,Guitar Hero III: Legends of Rock,2007-10-28,2007,2000s,Music,84.10,83.67,-0.44,Within 5 points
2672,Guitar Hero 5,2009-09-01,2009,2000s,Music,71.50,81.40,9.90,Critics higher
2673,Guitar Hero: Aerosmith,2008-06-27,2008,2000s,Music,71.68,64.33,-7.35,Users higher
2674,Guitar Hero: Metallica,2009-03-29,2009,2000s,Music,78.07,90.00,11.93,Critics higher
2675,Guitar Hero: Van Halen,2009-12-22,2009,2000s,Music,60.46,53.33,-7.13,Users higher
2676,Guitar Hero Encore: Rocks the 80s,2007-07-24,2007,2000s,Music,74.00,67.50,-6.50,Users higher
2677,Guitar Hero: Smash Hits,2009-06-16,2009,2000s,Music,68.85,42.71,-26.14,Users higher
2678,Band Hero,2009-11-03,2009,2000s,Music,70.08,76.00,5.92,Critics higher
2679,DJ Hero,2009-10-27,2009,2000s,Music,79.44,84.50,5.06,Critics higher
2680,DJ Hero 2,2010-10-19,2010,2010s,Music,81.82,86.43,4.61,Within 5 points
2681,LEGO Star Wars: The Video Game,2005-04-02,2005,2000s,Platform,77.64,79.75,2.11,Within 5 points
2682,LEGO Star Wars: The Complete Saga,2007-11-06,2007,2000s,Platform,82.13,85.00,2.87,Within 5 points
2683,Mercenaries: Playground of Destruction,2005-01-11,2005,2000s,Shooter,73.05,70.80,-2.25,Within 5 points
2684,Mercenaries 2: World in Flames,2008-08-31,2008,2000s,Shooter,62.12,69.60,7.48,Critics higher
2685,Rock Band,2007-11-20,2007,2000s,Music,82.29,81.50,-0.79,Within 5 points
2686,Star Fox Adventures,2002-09-22,2002,2000s,Puzzle,70.47,60.00,-10.47,Users higher
2687,Animal Crossing: New Leaf,2012-11-08,2012,2010s,Simulator,85.09,88.30,3.21,Within 5 points
2688,Animal Crossing: City Folk,2008-11-16,2008,2000s,Simulator,78.52,69.60,-8.92,Users higher
2689,MySims,2007-09-18,2007,2000s,Simulator,61.98,68.17,6.19,Critics higher
2691,Rock Band 3,2010-10-26,2010,2010s,Music,82.17,87.50,5.33,Critics higher
2692,Rock Band 2,2008-09-14,2008,2000s,Music,86.95,92.71,5.76,Critics higher
2693,The Beatles: Rock Band,2009-09-09,2009,2000s,Music,85.28,88.14,2.86,Within 5 points
2694,Green Day: Rock Band,2010-06-08,2010,2010s,Music,71.97,71.71,-0.25,Within 5 points
2695,LEGO Rock Band,2009-11-03,2009,2000s,Music,69.22,77.20,7.98,Critics higher
2696,Rock Band Blitz,2012-08-28,2012,2010s,Music,61.74,68.00,6.26,Critics higher
2697,Rocksmith,2011-10-18,2011,2010s,Music,81.62,80.67,-0.96,Within 5 points
2698,Tony Hawk's Underground,2003-10-27,2003,2000s,Racing,80.02,80.00,-0.02,Within 5 points
2699,Tony Hawk's Underground 2,2004-10-04,2004,2000s,Sport,77.85,81.75,3.90,Within 5 points
2700,Tony Hawk's Proving Ground,2007-10-15,2007,2000s,Sport,58.38,71.25,12.87,Critics higher
2701,Tony Hawk: Ride,2009-11-17,2009,2000s,Simulator,35.04,58.33,23.29,Critics higher
2702,Army Men: Sarge's War,2004-07-23,2004,2000s,Shooter,50.03,46.00,-4.03,Within 5 points
2703,Micro Machines,1991-12-31,1991,1990s,Racing,78.86,60.00,-18.86,Users higher
2704,Just Dance,2009-11-17,2009,2000s,Music,59.96,30.00,-29.96,Users higher
2705,Just Dance 3,2011-10-07,2011,2010s,Music,72.50,70.00,-2.50,Within 5 points
2706,Mario & Sonic at the Olympic Games,2007-11-06,2007,2000s,Sport,63.75,65.50,1.75,Within 5 points
2707,Mario & Sonic at the Olympic Winter Games,2009-10-13,2009,2000s,Sport,68.88,74.00,5.12,Critics higher
2708,Mario & Sonic at the London 2012 Olympic Games,2011-11-15,2011,2010s,Sport,67.09,62.00,-5.09,Users higher
2709,Vancouver 2010,2010-01-12,2010,2010s,Sport,65.00,53.33,-11.67,Users higher
2711,Brain Age 2: More Training in Minutes a Day!,2005-12-29,2005,2000s,Puzzle,60.84,82.00,21.16,Critics higher
2712,Brain Age: Train Your Brain in Minutes a Day!,2005-05-19,2005,2000s,Puzzle,62.98,80.00,17.02,Critics higher
2717,Destroy All Humans! Path of the Furon,2008-12-01,2008,2000s,Shooter,79.39,30.00,-49.39,Users higher
2720,Bully,2006-10-17,2006,2000s,Adventure,81.51,91.75,10.24,Critics higher
2721,Rock Band Unplugged,2009-06-09,2009,2000s,Music,69.98,70.00,0.02,Within 5 points
2722,"Ed, Edd n Eddy: The Mis-Edventures",2005-09-30,2005,2000s,Platform,54.83,74.00,19.17,Critics higher
2723,Diddy Kong Racing,1997-11-21,1997,1990s,Racing,79.62,50.00,-29.62,Users higher
2724,Pokémon XD: Gale of Darkness,2005-08-04,2005,2000s,Role-playing (RPG),71.91,40.00,-31.91,Users higher
2726,The Mighty Quest for Epic Loot,2015-02-05,2015,2010s,Role-playing (RPG),69.90,72.00,2.10,Within 5 points
2732,Hexic HD,2005-11-16,2005,2000s,Puzzle,61.34,85.00,23.66,Critics higher
2738,LEGO Batman: The Videogame,2008-09-23,2008,2000s,Platform,73.37,75.75,2.38,Within 5 points
2742,Project Spark,2014-10-07,2014,2010s,Platform,49.75,77.25,27.50,Critics higher
2743,Smashing Drive,2000-12-10,2000,2000s,Racing,51.57,35.00,-16.57,Users higher
2744,Big Brain Academy,2006-06-05,2006,2000s,Puzzle,58.00,75.00,17.00,Critics higher
2745,Rayman Raving Rabbids 2,2007-11-13,2007,2000s,Music,65.97,60.00,-5.97,Users higher
2746,Madden NFL 08,2007-08-14,2007,2000s,Simulator,66.85,74.17,7.31,Critics higher
2747,Elebits,2006-12-02,2006,2000s,Shooter,63.50,66.33,2.83,Within 5 points
2750,Pac-Man,1980-05-22,1980,1980s,Arcade,78.17,78.67,0.50,Within 5 points
2751,Galaga,1981-09-01,1981,1980s,Shooter,72.92,70.00,-2.92,Within 5 points
2753,Zaxxon,1982-01-01,1982,1980s,Shooter,74.89,80.00,5.11,Critics higher
2755,Kinectimals,2010-11-04,2010,2010s,Simulator,61.35,65.00,3.65,Within 5 points
2765,SpongeBob SquarePants: Battle For Bikini Bottom,2003-10-31,2003,2000s,Platform,82.55,100.00,17.45,Critics higher
2768,"SpongeBob SquarePants: Lights, Camera, Pants!",2005-10-15,2005,2000s,Music,63.05,40.00,-23.05,Users higher
2772,SpongeBob SquarePants: Creature From the Krusty Krab,2006-10-16,2006,2000s,Platform,69.17,65.00,-4.17,Within 5 points
2774,Nicktoons: Attack of the Toybots,2007-09-03,2007,2000s,Platform,65.60,60.00,-5.60,Users higher
2778,Tak and the Power of Juju,2003-10-15,2003,2000s,Platform,58.46,74.00,15.54,Critics higher
2779,Tak 2: The Staff of Dreams,2004-10-11,2004,2000s,Platform,60.05,77.50,17.45,Critics higher
2783,Stuntman: Ignition,2007-09-17,2007,2000s,Racing,63.98,73.33,9.35,Critics higher
2785,Cartoon Network Racing,2006-11-28,2006,2000s,Racing,53.29,37.50,-15.79,Users higher
2797,Adventure Time: Hey Ice King! Why'd You Steal Our Garbage?!,2012-11-20,2012,2010s,Platform,69.74,75.25,5.51,Critics higher
2799,Ben 10: Protector of Earth,2007-10-30,2007,2000s,Adventure,67.08,70.00,2.92,Within 5 points
2800,Ben 10: Omniverse,2012-11-13,2012,2010s,Platform,69.99,70.00,0.01,Within 5 points
2801,Ben 10: Alien Force,2008-10-28,2008,2000s,Adventure,63.42,35.00,-28.42,Users higher
2802,Ben 10 Alien Force: Vilgax Attacks,2009-10-27,2009,2000s,Fighting,69.74,62.50,-7.24,Users higher
2805,Jackass: The Game,2007-09-24,2007,2000s,Sport,59.98,52.60,-7.38,Users higher
2807,Ben 10 Ultimate Alien: Cosmic Destruction,2010-10-05,2010,2010s,Adventure,67.68,60.33,-7.35,Users higher
2820,The Grim Adventures of Billy & Mandy,2006-09-25,2006,2000s,Fighting,59.92,55.00,-4.92,Within 5 points
2825,Ninjatown,2008-10-28,2008,2000s,Real Time Strategy (RTS),77.00,74.00,-3.00,Within 5 points
2826,The Simpsons Arcade Game,1991-03-04,1991,1990s,Hack and slash/Beat 'em up,72.75,57.50,-15.25,Users higher
2842,The Simpsons: Road Rage,2001-11-19,2001,2000s,Racing,61.34,58.50,-2.84,Within 5 points
2843,The Simpsons Skateboarding,2002-11-12,2002,2000s,Sport,56.84,20.00,-36.84,Users higher
2844,The Simpsons: Hit & Run,2003-09-16,2003,2000s,Platform,77.09,72.80,-4.29,Within 5 points
2848,Alex Rider: Stormbreaker,2006-07-07,2006,2000s,Adventure,52.00,39.00,-13.00,Users higher
2849,All Star Cheer Squad,2008-10-27,2008,2000s,Music,45.00,63.33,18.33,Critics higher
2852,Thrillville,2006-11-21,2006,2000s,Simulator,78.64,69.20,-9.44,Users higher
2853,Braid,2008-08-06,2008,2000s,Platform,85.02,86.67,1.65,Within 5 points
2854,Scooby-Doo! Unmasked,2005-09-12,2005,2000s,Platform,47.99,60.00,12.01,Critics higher
2862,Scooby-Doo! First Frights,2009-09-22,2009,2000s,Platform,77.99,58.33,-19.66,Users higher
2896,Crackdown,2007-02-20,2007,2000s,Fighting,73.56,85.00,11.44,Critics higher
2897,Crackdown 2,2010-07-06,2010,2010s,Shooter,69.37,72.00,2.63,Within 5 points
2898,NASCAR: Dirt to Daytona,2002-11-11,2002,2000s,Racing,82.20,85.00,2.80,Within 5 points
2899,EarthBound,1994-08-27,1994,1990s,Role-playing (RPG),89.40,93.33,3.94,Within 5 points
2903,Warframe,2013-03-25,2013,2010s,Shooter,74.31,73.45,-0.85,Within 5 points
2905,Divinity: Dragon Commander,2013-08-06,2013,2010s,Real Time Strategy (RTS),72.65,75.00,2.35,Within 5 points
2907,Killer Instinct,1994-10-28,1994,1990s,Fighting,74.33,70.00,-4.33,Within 5 points
2909,The Legend of Zelda: A Link Between Worlds,2013-11-22,2013,2010s,Puzzle,87.60,92.33,4.73,Within 5 points
2913,Leisure Suit Larry: Magna Cum Laude,2004-10-05,2004,2000s,Point-and-click,59.22,70.25,11.03,Critics higher
2917,Chaos Legion,2003-03-06,2003,2000s,Fighting,60.17,60.50,0.33,Within 5 points
2918,Crusader Kings II,2012-02-03,2012,2010s,Role-playing (RPG),85.75,83.50,-2.25,Within 5 points
2920,FIFA 14,2013-09-24,2013,2010s,Sport,74.78,81.64,6.86,Critics higher
2922,Crusader Kings,2004-07-15,2004,2000s,Real Time Strategy (RTS),83.98,86.00,2.02,Within 5 points
2923,Donkey Kong Country: Tropical Freeze,2014-02-13,2014,2010s,Platform,83.14,85.94,2.81,Within 5 points
2924,Broken Sword 5: The Serpent's Curse,2013-12-04,2013,2010s,Point-and-click,72.45,70.71,-1.74,Within 5 points
2926,Disney Infinity,2013-08-18,2013,2010s,Platform,69.36,75.73,6.37,Critics higher
2928,Super Monkey Ball 2,2002-08-25,2002,2000s,Platform,74.35,70.00,-4.35,Within 5 points
2929,Super Monkey Ball Deluxe,2005-03-15,2005,2000s,Platform,76.87,80.00,3.13,Within 5 points
2933,Kingdom Hearts III,2019-01-25,2019,2010s,Role-playing (RPG),75.44,89.80,14.36,Critics higher
2934,Knights of Pen and Paper +1 Edition,2012-10-30,2012,2010s,Role-playing (RPG),78.82,85.00,6.18,Critics higher
2935,"Papers, Please",2013-08-08,2013,2010s,Point-and-click,81.51,82.40,0.89,Within 5 points
2936,March of the Eagles,2013-02-18,2013,2010s,Real Time Strategy (RTS),50.00,65.00,15.00,Critics higher
2939,The Vanishing of Ethan Carter,2014-09-25,2014,2010s,Puzzle,74.74,82.38,7.63,Critics higher
2940,Killer Is Dead,2013-08-01,2013,2010s,Hack and slash/Beat 'em up,59.12,56.60,-2.52,Within 5 points
2941,Pro Evolution Soccer 2013,2012-09-20,2012,2010s,Simulator,71.80,78.67,6.87,Critics higher
2943,Scribblenauts Unlimited,2012-11-13,2012,2010s,Platform,72.72,72.20,-0.52,Within 5 points
2946,FIFA Soccer 12,2011-09-27,2011,2010s,Simulator,74.52,83.82,9.30,Critics higher
2947,Shadow Warrior,1997-05-13,1997,1990s,Fighting,77.62,77.50,-0.12,Within 5 points
2949,Killing Floor,2009-05-14,2009,2000s,Shooter,73.40,68.00,-5.40,Users higher
2955,Elite: Dangerous,2014-12-16,2014,2010s,Shooter,80.61,81.95,1.34,Within 5 points
2956,Audiosurf,2008-02-15,2008,2000s,Music,74.94,90.00,15.06,Critics higher
2957,Knack,2013-11-15,2013,2010s,Platform,61.72,60.27,-1.45,Within 5 points
2958,Planetary Annihilation,2014-09-05,2014,2010s,Real Time Strategy (RTS),74.38,70.00,-4.38,Within 5 points
2959,Anno 2070,2011-11-17,2011,2010s,Real Time Strategy (RTS),75.29,75.00,-0.29,Within 5 points
2963,Dota 2,2013-07-09,2013,2010s,Strategy,79.49,90.50,11.01,Critics higher
2964,Call of Cthulhu: Dark Corners of the Earth,2005-10-24,2005,2000s,Shooter,77.73,79.50,1.77,Within 5 points
2965,The Lord of the Rings: The Two Towers,2002-10-21,2002,2000s,Hack and slash/Beat 'em up,73.70,65.00,-8.70,Users higher
2967,Cryostasis,2009-02-27,2009,2000s,Shooter,74.38,65.00,-9.38,Users higher
2969,Rain,2013-10-01,2013,2010s,Puzzle,75.63,78.50,2.87,Within 5 points
2971,Lineage II,2003-10-01,2003,2000s,Role-playing (RPG),75.07,80.00,4.93,Within 5 points
2972,The Lord of the Rings: The Fellowship of the Ring,2002-09-26,2002,2000s,Adventure,59.45,50.75,-8.70,Users higher
2973,The Lord of the Rings: The Return of the King,2003-10-31,2003,2000s,Hack and slash/Beat 'em up,76.21,75.00,-1.21,Within 5 points
2974,Surgeon Simulator 2013,2013-04-19,2013,2010s,Puzzle,68.43,80.80,12.37,Critics higher
2978,Wargame: AirLand Battle,2013-05-29,2013,2010s,Real Time Strategy (RTS),75.66,75.67,0.01,Within 5 points
2982,Dynasty Warriors,1997-02-28,1997,1990s,Fighting,54.70,66.50,11.80,Critics higher
2983,Dynasty Warriors 2,2000-08-03,2000,2000s,Simulator,75.22,66.00,-9.22,Users higher
2986,NHL 13,2012-09-11,2012,2010s,Simulator,79.93,83.83,3.90,Within 5 points
2988,Prototype 2,2012-04-24,2012,2010s,Platform,69.61,77.10,7.49,Critics higher
2989,Space Pirates and Zombies,2011-08-15,2011,2010s,Role-playing (RPG),69.89,73.50,3.61,Within 5 points
2990,Machinarium,2009-10-16,2009,2000s,Point-and-click,82.74,87.50,4.76,Within 5 points
2993,The Wolf Among Us,2013-10-11,2013,2010s,Point-and-click,83.85,79.52,-4.32,Within 5 points
2995,The Movies,2005-11-08,2005,2000s,Simulator,77.43,86.50,9.07,Critics higher
2996,Invizimals: Shadow Zone,2010-11-12,2010,2010s,Unknown,62.51,65.00,2.49,Within 5 points
2998,Tri: Of Friendship and Madness,2014-10-09,2014,2010s,Platform,55.84,60.00,4.16,Within 5 points
2999,Cobalt,2016-02-02,2016,2010s,Adventure,80.00,55.00,-25.00,Users higher
3002,Dragon's Crown,2013-07-25,2013,2010s,Role-playing (RPG),80.93,80.91,-0.02,Within 5 points
3003,NHL 14,2013-09-10,2013,2010s,Simulator,79.89,78.33,-1.56,Within 5 points
3006,Disney's Chicken Little,2005-10-18,2005,2000s,Platform,68.05,55.00,-13.05,Users higher
3007,Dynasty Warriors 4,2003-02-27,2003,2000s,Tactical,69.24,60.00,-9.24,Users higher
3008,Banjo-Kazooie: Nuts & Bolts,2008-11-12,2008,2000s,Platform,63.73,87.33,23.61,Critics higher
3011,Harry Potter and the Order of the Phoenix,2007-06-25,2007,2000s,Adventure,66.57,57.88,-8.70,Users higher
3013,FireFall,2013-07-09,2013,2010s,Shooter,70.06,59.00,-11.06,Users higher
3018,Unepic,2011-09-30,2011,2010s,Platform,73.93,67.50,-6.43,Users higher
3019,Starbound,2016-07-22,2016,2010s,Platform,71.54,87.40,15.86,Critics higher
3020,Shadowrun Returns,2013-07-25,2013,2010s,Role-playing (RPG),75.55,72.50,-3.05,Within 5 points
3022,Transistor,2014-05-20,2014,2010s,Role-playing (RPG),82.46,85.25,2.79,Within 5 points
3025,Middle-earth: Shadow of Mordor,2014-09-30,2014,2010s,Role-playing (RPG),80.28,83.89,3.61,Within 5 points
3026,Nihilumbra,2012-06-27,2012,2010s,Platform,70.12,80.00,9.88,Critics higher
3027,Dino Crisis,1999-07-01,1999,1990s,Shooter,78.61,60.00,-18.61,Users higher
3031,The Yawhg,2013-05-30,2013,2010s,Role-playing (RPG),79.82,72.00,-7.82,Users higher
3034,Mad Max,1990-07-01,1990,1990s,Puzzle,40.36,57.50,17.14,Critics higher
3042,Dying Light,2015-01-26,2015,2010s,Shooter,80.57,72.06,-8.51,Users higher
3043,Dungeon Defenders,2010-12-15,2010,2010s,Role-playing (RPG),70.92,77.50,6.58,Critics higher
3047,Forza Horizon,2012-10-23,2012,2010s,Racing,84.12,81.88,-2.25,Within 5 points
3048,The Order: 1886,2015-02-20,2015,2010s,Shooter,69.94,62.50,-7.44,Users higher
3049,State of Decay,2013-06-05,2013,2010s,Shooter,75.47,75.00,-0.47,Within 5 points
3050,Capsized,2011-04-29,2011,2010s,Platform,69.97,63.20,-6.77,Users higher
3057,Wet,2009-09-15,2009,2000s,Shooter,50.19,70.20,20.01,Critics higher
3059,Nintendogs + Cats: Toy Poodle & New Friends,2011-02-26,2011,2010s,Simulator,61.22,65.00,3.78,Within 5 points
3060,Cooking Mama,2006-03-23,2006,2000s,Simulator,71.27,68.50,-2.77,Within 5 points
3061,Cooking Mama: Cook Off,2007-02-08,2007,2000s,Simulator,67.38,59.33,-8.05,Users higher
3062,Cooking Mama 2: Dinner With Friends,2007-11-13,2007,2000s,Simulator,77.00,70.00,-7.00,Users higher
3063,Batman Begins,2005-07-14,2005,2000s,Adventure,66.50,65.00,-1.50,Within 5 points
3065,Cooking Mama 3: Shop & Chop,2009-10-20,2009,2000s,Simulator,63.00,70.00,7.00,Critics higher
3066,Primal Carnage,2012-10-29,2012,2010s,Shooter,78.14,70.00,-8.14,Users higher
3068,Forza Motorsport 4,2011-10-11,2011,2010s,Racing,83.17,85.71,2.55,Within 5 points
3069,Forza Motorsport 3,2009-10-22,2009,2000s,Racing,79.95,90.40,10.45,Critics higher
3070,Euro Truck Simulator 2,2012-10-18,2012,2010s,Racing,78.88,87.50,8.62,Critics higher
3072,Forza Motorsport 2,2007-05-23,2007,2000s,Racing,78.52,90.00,11.48,Critics higher
3073,Forza Motorsport,2005-05-03,2005,2000s,Racing,84.08,87.75,3.67,Within 5 points
3074,The Great Giana Sisters,1987-05-06,1987,1980s,Platform,74.34,90.00,15.66,Critics higher
3075,FTL: Faster Than Light,2012-09-14,2012,2010s,Role-playing (RPG),83.43,88.80,5.37,Critics higher
3077,Sniper Elite,2005-09-30,2005,2000s,Shooter,70.37,80.50,10.13,Critics higher
3078,Sniper Elite V2,2012-04-30,2012,2010s,Shooter,72.08,66.91,-5.17,Users higher
3079,Tiny and Big: Grandpa's Leftovers,2012-06-19,2012,2010s,Platform,69.75,78.75,9.00,Critics higher
3081,Evil Genius,2004-09-28,2004,2000s,Puzzle,74.38,82.50,8.12,Critics higher
3083,CivCity: Rome,2007-06-17,2007,2000s,Strategy,70.09,59.67,-10.42,Users higher
3085,Rune,2000-11-18,2000,2000s,Hack and slash/Beat 'em up,79.70,70.00,-9.70,Users higher
3087,Broken Age,2014-01-28,2014,2010s,Point-and-click,74.25,76.54,2.28,Within 5 points
3088,Rocksmith 2014,2013-10-22,2013,2010s,Music,87.43,86.89,-0.54,Within 5 points
3089,WRC 4 FIA World Rally Championship,2013-10-25,2013,2010s,Racing,71.41,50.00,-21.41,Users higher
3092,The Lord of the Rings Online,2007-04-24,2007,2000s,Role-playing (RPG),75.29,89.67,14.37,Critics higher
3097,The Walking Dead: Season Two,2013-12-17,2013,2010s,Point-and-click,79.62,81.14,1.52,Within 5 points
3098,Giana Sisters: Twisted Dreams,2012-10-22,2012,2010s,Platform,77.64,78.50,0.86,Within 5 points
3099,Door Kickers,2014-10-20,2014,2010s,Shooter,69.09,84.50,15.41,Critics higher
3100,Wasteland,1988-01-02,1988,1980s,Role-playing (RPG),79.64,100.00,20.36,Critics higher
3101,Wasteland 2,2014-09-19,2014,2010s,Role-playing (RPG),72.40,77.50,5.10,Critics higher
3102,Kerbal Space Program,2015-04-27,2015,2010s,Simulator,86.96,86.57,-0.39,Within 5 points
3103,Summoner,2000-10-26,2000,2000s,Role-playing (RPG),80.32,80.00,-0.32,Within 5 points
3106,Wii Party U,2013-10-25,2013,2010s,Simulator,82.75,60.67,-22.09,Users higher
3108,Sing Party,2012-11-18,2012,2010s,Music,63.00,70.00,7.00,Critics higher
3109,Postal 2,2003-04-14,2003,2000s,Shooter,71.75,59.25,-12.50,Users higher
3111,Soldier of Fortune,2000-02-29,2000,2000s,Shooter,74.54,90.00,15.46,Critics higher
3112,Soldier of Fortune II: Double Helix,2002-05-20,2002,2000s,Shooter,71.91,68.00,-3.91,Within 5 points
3115,Godus,2014-08-06,2014,2010s,Point-and-click,55.94,80.00,24.06,Critics higher
3116,A Vampyre Story,2008-11-21,2008,2000s,Point-and-click,69.02,55.00,-14.02,Users higher
3117,Gray Matter,2010-11-12,2010,2010s,Point-and-click,62.78,60.00,-2.78,Within 5 points
3120,Call of Duty: Roads to Victory,2007-03-13,2007,2000s,Shooter,61.83,59.00,-2.83,Within 5 points
3124,Blazing Angels: Squadrons of WWII,2006-03-23,2006,2000s,Simulator,65.12,61.25,-3.87,Within 5 points
3125,Blazing Angels 2: Secret Missions of WWII,2007-09-07,2007,2000s,Simulator,75.00,68.33,-6.67,Users higher
3126,Ultima Online,1997-09-24,1997,1990s,Role-playing (RPG),95.83,67.00,-28.83,Users higher
3132,Neighbours from Hell,2003-06-20,2003,2000s,Strategy,79.22,72.00,-7.22,Users higher
3133,FIFA Soccer 10,2009-10-01,2009,2000s,Sport,69.85,85.88,16.02,Critics higher
3134,FIFA Soccer 09,2008-10-02,2008,2000s,Sport,67.65,79.50,11.85,Critics higher
3135,FIFA Soccer 08,2007-09-27,2007,2000s,Simulator,73.02,76.67,3.65,Within 5 points
3136,FIFA Soccer 2004,2003-10-24,2003,2000s,Sport,72.15,80.00,7.85,Critics higher
3145,Plants vs. Zombies 2: It's About Time,2013-08-15,2013,2010s,Real Time Strategy (RTS),71.82,80.00,8.18,Critics higher
3146,Plants vs. Zombies: Garden Warfare,2014-02-18,2014,2010s,Shooter,67.77,79.68,11.91,Critics higher
3149,LEGO Harry Potter: Years 1-4,2010-06-25,2010,2010s,Platform,75.81,80.67,4.86,Within 5 points
3150,LEGO Harry Potter: Years 5-7,2011-11-11,2011,2010s,Platform,74.87,76.14,1.27,Within 5 points
3151,Electronic Super Joy,2013-08-23,2013,2010s,Shooter,72.95,80.00,7.05,Critics higher
3152,Don't Starve,2013-04-23,2013,2010s,Simulator,76.08,78.57,2.49,Within 5 points
3153,Castle Crashers,2008-08-27,2008,2000s,Puzzle,77.69,78.75,1.06,Within 5 points
3154,The Lord of the Rings: The Battle for Middle-earth,2004-12-06,2004,2000s,Real Time Strategy (RTS),82.06,83.75,1.69,Within 5 points
3155,The Lord of the Rings: The Battle for Middle-earth II,2006-03-02,2006,2000s,Real Time Strategy (RTS),81.94,80.83,-1.11,Within 5 points
3160,From Dust,2011-07-27,2011,2010s,Simulator,74.99,80.00,5.01,Critics higher
3161,One Piece: Pirate Warriors,2012-03-01,2012,2010s,Fighting,69.73,80.00,10.27,Critics higher
3163,Rollcage Stage II,2000-03-08,2000,2000s,Racing,81.17,90.00,8.83,Critics higher
3164,Prince of Persia 2: The Shadow and the Flame,1993-12-31,1993,1990s,Platform,70.78,30.00,-40.78,Users higher
3166,The Lion King,1994-11-04,1994,1990s,Platform,73.89,80.00,6.11,Critics higher
3167,Jazz Jackrabbit,1994-07-03,1994,1990s,Shooter,76.11,87.00,10.89,Critics higher
3169,Farming-Simulator 2009,2008-12-31,2008,2000s,Simulator,60.03,58.00,-2.03,Within 5 points
3171,The Saboteur,2009-12-04,2009,2000s,Shooter,71.26,78.40,7.14,Critics higher
3173,Risk of Rain,2013-11-08,2013,2010s,Shooter,77.86,85.00,7.14,Critics higher
3179,Vietcong 2,2005-10-24,2005,2000s,Shooter,70.38,67.50,-2.88,Within 5 points
3180,Farming Simulator 2013,2012-10-25,2012,2010s,Simulator,68.83,30.00,-38.83,Users higher
3183,Sanctum,2011-04-15,2011,2010s,Shooter,60.27,70.00,9.73,Critics higher
3185,Madden NFL 25,2013-11-15,2013,2010s,Sport,70.04,77.82,7.77,Critics higher
3188,Murdered: Soul Suspect,2014-06-03,2014,2010s,Puzzle,65.58,60.86,-4.72,Within 5 points
3191,Trials Fusion,2014-04-16,2014,2010s,Platform,75.31,79.36,4.06,Within 5 points
3192,Sonic the Hedgehog,1991-06-23,1991,1990s,Platform,81.66,85.00,3.34,Within 5 points
3193,Need for Speed: Most Wanted,2012-10-30,2012,2010s,Racing,73.28,84.74,11.46,Critics higher
3195,Assassin's Creed III: Liberation,2012-10-30,2012,2010s,Strategy,61.26,69.17,7.90,Critics higher
3199,Dead Rising 3,2013-11-22,2013,2010s,Role-playing (RPG),67.61,75.56,7.95,Critics higher
3205,Resistance 2,2008-11-04,2008,2000s,Shooter,73.41,86.50,13.09,Critics higher
3206,Resistance 3,2011-09-06,2011,2010s,Shooter,77.73,87.67,9.94,Critics higher
3208,War of the Monsters,2003-01-14,2003,2000s,Fighting,64.26,80.00,15.74,Critics higher
3211,Tropico 5,2014-05-23,2014,2010s,Role-playing (RPG),72.85,72.36,-0.49,Within 5 points
3212,The Sims 4,2014-09-02,2014,2010s,Role-playing (RPG),72.84,67.27,-5.58,Users higher
3214,MadWorld,2009-03-10,2009,2000s,Hack and slash/Beat 'em up,74.71,74.80,0.09,Within 5 points
3215,NeverDead,2012-01-31,2012,2010s,Shooter,50.20,48.12,-2.08,Within 5 points
3218,Vanquish,2010-10-19,2010,2010s,Shooter,79.54,80.60,1.06,Within 5 points
3221,Rogue Legacy,2013-06-27,2013,2010s,Platform,75.71,86.00,10.29,Critics higher
3222,Chasm,2018-07-30,2018,2010s,Platform,75.29,70.00,-5.29,Users higher
3224,Loadout,2014-01-31,2014,2010s,Shooter,60.20,79.00,18.80,Critics higher
3225,No Man's Sky,2016-08-09,2016,2010s,Role-playing (RPG),70.94,73.84,2.91,Within 5 points
3227,Nuclear Throne,2015-12-05,2015,2010s,Shooter,72.92,84.00,11.08,Critics higher
3230,The Night of the Rabbit,2013-03-29,2013,2010s,Point-and-click,90.25,67.83,-22.42,Users higher
3231,Below,2018-12-14,2018,2010s,Role-playing (RPG),72.52,65.80,-6.72,Users higher
3232,Back to the Future: The Game,2010-12-22,2010,2010s,Point-and-click,68.80,68.00,-0.80,Within 5 points
3233,Apache: Air Assault,2010-11-16,2010,2010s,Simulator,80.00,75.00,-5.00,Within 5 points
3234,Arcania: Gothic 4,2010-10-12,2010,2010s,Role-playing (RPG),54.63,64.00,9.37,Critics higher
3235,Blur,2010-05-25,2010,2010s,Racing,75.85,79.40,3.55,Within 5 points
3239,Space Engineers,2019-02-28,2019,2010s,Simulator,65.72,80.00,14.28,Critics higher
3241,Cookie Clicker,2013-08-10,2013,2010s,Point-and-click,70.96,85.00,14.04,Critics higher
3242,Gunpoint,2013-06-03,2013,2010s,Platform,82.81,87.50,4.69,Within 5 points
3243,Star Fox: Assault,2005-02-14,2005,2000s,Shooter,68.93,50.00,-18.93,Users higher
3244,Wii Music,2008-10-19,2008,2000s,Music,66.00,53.33,-12.66,Users higher
3247,Sunset Overdrive,2014-10-28,2014,2010s,Shooter,79.37,81.75,2.38,Within 5 points
3249,Road Rash,1991-09-30,1991,1990s,Fighting,72.18,65.00,-7.18,Users higher
3251,Super Hexagon,2012-08-31,2012,2010s,Music,80.20,83.33,3.14,Within 5 points
3253,Sesame Street: Once Upon a Monster,2011-10-11,2011,2010s,Adventure,75.00,76.67,1.67,Within 5 points
3255,Just Dance 4,2012-10-02,2012,2010s,Music,80.05,72.50,-7.55,Users higher
3256,Just Dance 2014,2013-10-01,2013,2010s,Music,79.52,77.67,-1.86,Within 5 points
3262,Grand Theft Auto: Vice City Stories,2006-10-31,2006,2000s,Racing,75.51,73.33,-2.18,Within 5 points
3263,Grand Theft Auto: Liberty City Stories,2005-10-24,2005,2000s,Racing,73.66,83.75,10.09,Critics higher
3266,Grand Theft Auto Advance,2004-10-26,2004,2000s,Shooter,51.69,60.00,8.31,Critics higher
3269,Candy Box,2013-04-01,2013,2010s,Point-and-click,70.07,80.00,9.93,Critics higher
3270,Grand Theft Auto: Chinatown Wars,2009-03-17,2009,2000s,Shooter,77.55,89.00,11.45,Critics higher
3273,The Void,2008-04-17,2008,2000s,Adventure,79.16,80.00,0.84,Within 5 points
3276,Z: Steel Soldiers,2001-06-15,2001,2000s,Real Time Strategy (RTS),65.28,70.00,4.72,Within 5 points
3277,Rust,2018-02-08,2018,2010s,Shooter,69.72,77.50,7.78,Critics higher
3300,Just Dance Kids 2,2011-10-25,2011,2010s,Music,70.00,62.50,-7.50,Users higher
3302,The Black Eyed Peas Experience,2011-11-08,2011,2010s,Music,75.00,65.00,-10.00,Users higher
3319,Metropolis Street Racer,2000-11-03,2000,2000s,Racing,89.91,90.00,0.09,Within 5 points
3320,Project Gotham Racing,2001-11-15,2001,2000s,Racing,79.47,70.00,-9.47,Users higher
3321,Project Gotham Racing 2,2003-11-18,2003,2000s,Racing,83.44,93.00,9.56,Critics higher
3322,Project Gotham Racing 3,2005-11-22,2005,2000s,Racing,89.14,87.50,-1.64,Within 5 points
3323,Tropico 2: Pirate Cove,2003-04-08,2003,2000s,Simulator,70.01,86.00,15.99,Critics higher
3328,1080° Snowboarding,1998-02-28,1998,1990s,Racing,66.45,70.00,3.55,Within 5 points
3332,Vigilante 8,1998-06-01,1998,1990s,Fighting,73.57,40.00,-33.57,Users higher
3340,Paper Mario,2000-08-11,2000,2000s,Role-playing (RPG),87.41,90.00,2.59,Within 5 points
3342,Snowboard Kids,1997-12-12,1997,1990s,Racing,70.71,40.00,-30.71,Users higher
3343,Snowboard Kids 2,1999-02-19,1999,1990s,Racing,80.95,70.00,-10.95,Users higher
3347,X Rebirth,2013-11-15,2013,2010s,Shooter,67.17,39.00,-28.17,Users higher
3349,Paper Mario: The Thousand-Year Door,2004-07-22,2004,2000s,Role-playing (RPG),92.24,89.50,-2.74,Within 5 points
3350,Paper Mario: Sticker Star,2012-11-10,2012,2010s,Role-playing (RPG),69.26,78.82,9.55,Critics higher
3351,Mario & Luigi: Superstar Saga,2003-11-17,2003,2000s,Role-playing (RPG),85.97,86.00,0.03,Within 5 points
3363,Mario & Luigi: Bowser's Inside Story,2009-02-11,2009,2000s,Role-playing (RPG),89.81,96.00,6.19,Critics higher
3364,Mario & Luigi: Partners in Time,2005-11-28,2005,2000s,Puzzle,78.49,90.67,12.18,Critics higher
3365,Mario & Luigi: Dream Team,2013-07-12,2013,2010s,Platform,78.88,80.40,1.52,Within 5 points
3384,Harvest Moon: A Wonderful Life,2003-09-12,2003,2000s,Role-playing (RPG),84.54,84.50,-0.04,Within 5 points
3385,Harvest Moon DS,2005-03-17,2005,2000s,Role-playing (RPG),77.99,55.00,-22.99,Users higher
3387,Harvest Moon DS: Island of Happiness,2007-02-01,2007,2000s,Role-playing (RPG),60.74,80.00,19.26,Critics higher
3388,Harvest Moon: Tree of Tranquility,2007-06-07,2007,2000s,Role-playing (RPG),83.46,60.00,-23.46,Users higher
3392,Harvest Moon: The Tale of Two Towns,2010-07-08,2010,2010s,Role-playing (RPG),74.92,70.00,-4.92,Within 5 points
3393,Harvest Moon: A New Beginning,2012-10-19,2012,2010s,Role-playing (RPG),61.89,75.00,13.11,Critics higher
3401,Mario Golf,1999-06-11,1999,1990s,Sport,69.44,93.00,23.56,Critics higher
3403,Mario Golf: Toadstool Tour,2003-08-29,2003,2000s,Sport,70.98,76.50,5.52,Critics higher
3404,Mario Golf: Advance Tour,2004-04-22,2004,2000s,Role-playing (RPG),67.66,81.00,13.34,Critics higher
3405,Mario Golf: World Tour,2014-05-01,2014,2010s,Sport,73.37,79.64,6.27,Critics higher
3424,Blast Corps,1997-03-21,1997,1990s,Puzzle,73.30,90.00,16.70,Critics higher
3432,World of Warplanes,2013-11-12,2013,2010s,Shooter,58.61,63.33,4.72,Within 5 points
3447,Bomberman II,1991-06-28,1991,1990s,Puzzle,80.56,80.00,-0.56,Within 5 points
3466,Custom Robo Arena,2006-10-19,2006,2000s,Role-playing (RPG),70.00,70.00,-0.00,Within 5 points
3471,Doom 64,1997-04-04,1997,1990s,Shooter,75.97,77.00,1.03,Within 5 points
3478,Dr. Luigi,2013-12-31,2013,2010s,Puzzle,63.25,66.20,2.95,Within 5 points
3480,Earthworm Jim,1994-10-01,1994,1990s,Shooter,77.14,75.50,-1.64,Within 5 points
3487,F-1 World Grand Prix,1998-07-31,1998,1990s,Racing,75.42,80.00,4.58,Within 5 points
3490,F-Zero,1990-11-21,1990,1990s,Racing,77.96,80.00,2.04,Within 5 points
3491,F-Zero: Maximum Velocity,2001-03-21,2001,2000s,Racing,64.75,90.00,25.25,Critics higher
3492,F-Zero GX,2003-07-25,2003,2000s,Racing,80.49,90.00,9.51,Critics higher
3502,Gauntlet,1985-10-15,1985,1980s,Hack and slash/Beat 'em up,70.02,77.33,7.32,Critics higher
3505,Gex 3: Deep Cover Gecko,1999-03-23,1999,1990s,Platform,77.77,67.00,-10.77,Users higher
3512,Hexen: Beyond Heretic,1995-10-30,1995,1990s,Shooter,72.79,37.00,-35.79,Users higher
3513,Hybrid Heaven,1999-08-05,1999,1990s,Role-playing (RPG),77.41,70.00,-7.41,Users higher
3539,Madden NFL 2002,2001-08-20,2001,2000s,Sport,73.93,50.00,-23.93,Users higher
3550,NBA Hangtime,1996-04-16,1996,1990s,Sport,72.06,54.00,-18.06,Users higher
3583,Rampage 2: Universal Tour,1999-03-31,1999,1990s,Arcade,59.65,42.00,-17.65,Users higher
3587,Ready 2 Rumble Boxing: Round 2,2000-10-23,2000,2000s,Fighting,63.19,30.00,-33.19,Users higher
3592,Robotron: 2084,1982-01-01,1982,1980s,Shooter,70.32,70.00,-0.32,Within 5 points
3598,Shadow Man,1999-08-31,1999,1990s,Adventure,69.68,70.00,0.32,Within 5 points
3603,Spider-Man,2000-08-30,2000,2000s,Hack and slash/Beat 'em up,77.16,35.00,-42.16,Users higher
3617,Top Gear Rally,1997-09-10,1997,1990s,Racing,75.48,50.00,-25.48,Users higher
3619,Toy Story 2: Buzz Lightyear to the Rescue!,1999-11-16,1999,1990s,Platform,76.90,65.00,-11.90,Users higher
3628,War Gods,1995-12-01,1995,1990s,Fighting,54.67,41.50,-13.17,Users higher
3630,Wayne Gretzky's 3D Hockey,1996-10-01,1996,1990s,Sport,69.99,71.00,1.01,Within 5 points
3634,WCW Nitro,1997-01-01,1997,1990s,Fighting,64.73,45.00,-19.73,Users higher
3637,Wetrix,1998-11-27,1998,1990s,Puzzle,65.22,68.00,2.78,Within 5 points
3646,WWF WrestleMania 2000,1999-10-13,1999,1990s,Fighting,74.55,70.00,-4.55,Within 5 points
3659,Joust,1982-07-16,1982,1980s,Fighting,73.35,80.00,6.65,Critics higher
3662,Adventures of Lolo,1989-04-20,1989,1980s,Puzzle,79.40,77.50,-1.90,Within 5 points
3665,Kid Icarus: Uprising,2012-03-22,2012,2010s,Shooter,81.46,88.38,6.91,Critics higher
3668,Shrek 2,2004-05-03,2004,2000s,Platform,58.35,63.75,5.40,Critics higher
3669,Shrek the Third,2007-05-15,2007,2000s,Platform,50.33,57.44,7.11,Critics higher
3670,Shrek Forever After,2010-05-18,2010,2010s,Adventure,66.12,60.00,-6.12,Users higher
3671,Shrek Smash n' Crash Racing,2006-11-14,2006,2000s,Racing,42.61,60.00,17.39,Critics higher
3676,Puss In Boots,2011-10-25,2011,2010s,Adventure,75.00,80.00,5.00,Within 5 points
3679,Dance Dance Revolution,1998-09-26,1998,1990s,Music,79.83,63.00,-16.83,Users higher
3680,Dance Dance Revolution Mario Mix,2005-07-14,2005,2000s,Music,74.58,70.00,-4.58,Within 5 points
3691,Hello Kitty: Roller Rescue,2005-04-28,2005,2000s,Platform,57.00,49.00,-8.00,Users higher
3693,Risk: Factions,2010-06-23,2010,2010s,Strategy,54.71,78.00,23.29,Critics higher
3695,The Settlers 7: Paths to a Kingdom,2010-03-23,2010,2010s,Real Time Strategy (RTS),70.25,70.00,-0.25,Within 5 points
3698,The Settlers: Heritage of Kings,2005-02-18,2005,2000s,Real Time Strategy (RTS),76.48,55.00,-21.48,Users higher
3700,The Settlers: Rise of an Empire,2007-09-25,2007,2000s,Real Time Strategy (RTS),74.37,70.00,-4.37,Within 5 points
3704,Hydro Thunder Hurricane,2010-07-28,2010,2010s,Racing,79.20,81.67,2.47,Within 5 points
3705,Zumba Fitness,2010-11-08,2010,2010s,Music,70.00,45.00,-25.00,Users higher
3706,18 Wheeler: American Pro Trucker,1999-01-01,1999,1990s,Racing,70.93,46.00,-24.93,Users higher
3717,Kirby's Adventure,1993-03-23,1993,1990s,Platform,81.32,60.00,-21.32,Users higher
3722,Kirby: Canvas Curse,2005-03-24,2005,2000s,Platform,71.90,85.00,13.10,Critics higher
3723,Kirby: Squeak Squad,2006-11-02,2006,2000s,Platform,79.19,65.00,-14.19,Users higher
3724,Kirby Mass Attack,2011-08-04,2011,2010s,Platform,71.98,85.50,13.52,Critics higher
3725,Kirby's Return to Dream Land,2011-10-24,2011,2010s,Platform,89.67,86.50,-3.17,Within 5 points
3750,Quantum Break,2016-04-05,2016,2010s,Shooter,75.48,76.52,1.04,Within 5 points
3751,Peggle,2007-02-27,2007,2000s,Puzzle,74.30,86.67,12.36,Critics higher
3752,Peggle 2,2013-12-09,2013,2010s,Puzzle,73.09,80.67,7.58,Critics higher
3753,Zuma,2003-12-12,2003,2000s,Puzzle,73.17,68.00,-5.17,Users higher
3758,Chuzzle,2005-05-12,2005,2000s,Puzzle,73.37,80.00,6.63,Critics higher
3759,Feeding Frenzy,2004-02-11,2004,2000s,Puzzle,72.00,55.00,-17.00,Users higher
3760,Star Wars: The Clone Wars,2002-10-28,2002,2000s,Shooter,61.91,60.00,-1.91,Within 5 points
3761,Call of Duty: Finest Hour,2004-11-16,2004,2000s,Shooter,63.46,81.60,18.14,Critics higher
3764,Madagascar,2005-05-24,2005,2000s,Platform,70.51,66.00,-4.51,Within 5 points
3765,Madagascar: Escape 2 Africa,2008-11-04,2008,2000s,Adventure,64.48,45.00,-19.48,Users higher
3767,Madagascar Kartz,2009-10-27,2009,2000s,Racing,69.97,30.00,-39.97,Users higher
3770,Evolve,2015-02-09,2015,2010s,Shooter,59.76,77.18,17.42,Critics higher
3772,Wreckfest,2018-06-14,2018,2010s,Racing,71.84,77.77,5.93,Critics higher
3774,1080° Avalanche,2003-11-28,2003,2000s,Racing,67.24,70.00,2.76,Within 5 points
3781,Finding Nemo,2003-05-09,2003,2000s,Adventure,71.32,61.00,-10.32,Users higher
3782,The Incredibles,2004-10-26,2004,2000s,Platform,65.94,40.00,-25.94,Users higher
3783,Aggressive Inline,2002-05-28,2002,2000s,Sport,87.44,90.00,2.56,Within 5 points
3791,Auto Modellista,2002-08-22,2002,2000s,Racing,86.74,50.00,-36.74,Users higher
3792,Avatar: The Last Airbender,2006-10-10,2006,2000s,Role-playing (RPG),57.22,65.00,7.78,Critics higher
3794,Barnyard,2006-08-01,2006,2000s,Adventure,84.10,63.25,-20.85,Users higher
3795,Baten Kaitos: Eternal Wings and the Lost Ocean,2003-12-05,2003,2000s,Role-playing (RPG),86.20,80.00,-6.20,Users higher
3796,Baten Kaitos Origins,2006-02-23,2006,2000s,Role-playing (RPG),80.43,60.00,-20.43,Users higher
3797,Battalion Wars,2005-09-19,2005,2000s,Real Time Strategy (RTS),72.84,77.50,4.66,Within 5 points
3802,Risen 2: Dark Waters,2012-04-24,2012,2010s,Role-playing (RPG),69.49,63.67,-5.82,Users higher
3803,The Bard's Tale,2004-10-26,2004,2000s,Role-playing (RPG),68.56,76.50,7.94,Critics higher
3805,Beach Spikers,2001-07-01,2001,2000s,Sport,73.00,70.00,-3.00,Within 5 points
3809,Big Mutha Truckers,2002-11-27,2002,2000s,Racing,59.72,65.00,5.28,Critics higher
3810,Billy Hatcher and the Giant Egg,2003-09-23,2003,2000s,Platform,67.76,70.00,2.24,Within 5 points
3811,Bionicle: The Game,2003-09-01,2003,2000s,Adventure,61.15,43.00,-18.15,Users higher
3812,Ryse: Son of Rome,2013-11-22,2013,2010s,Hack and slash/Beat 'em up,70.04,66.00,-4.04,Within 5 points
3815,Teenage Mutant Ninja Turtles,1989-11-15,1989,1980s,Fighting,79.09,45.00,-34.09,Users higher
3817,TMNT,2007-03-13,2007,2000s,Platform,58.54,52.75,-5.79,Users higher
3818,Bionicle Heroes,2006-11-14,2006,2000s,Shooter,56.62,52.25,-4.37,Within 5 points
3821,Bleach: Shattered Blade,2006-12-14,2006,2000s,Fighting,55.57,59.33,3.77,Within 5 points
3823,Blood Omen 2: Legacy of Kain,2002-03-21,2002,2000s,Adventure,73.22,75.33,2.11,Within 5 points
3825,BlowOut,2003-10-28,2003,2000s,Shooter,30.00,60.00,30.00,Critics higher
3830,Air Conflicts: Secret Wars,2011-07-08,2011,2010s,Shooter,60.66,65.00,4.34,Within 5 points
3833,Bomberman Jetters,2002-12-19,2002,2000s,Adventure,63.71,65.00,1.29,Within 5 points
3836,Bratz: Rock Angelz,2005-10-04,2005,2000s,Simulator,52.38,60.00,7.62,Critics higher
3837,Buffy the Vampire Slayer: Chaos Bleeds,2003-08-27,2003,2000s,Hack and slash/Beat 'em up,69.00,64.50,-4.50,Within 5 points
3838,Burnout,2001-11-01,2001,2000s,Racing,65.93,80.00,14.07,Critics higher
3839,Contrast,2013-11-15,2013,2010s,Platform,58.21,56.67,-1.54,Within 5 points
3840,Burnout 2: Point of Impact,2002-09-30,2002,2000s,Racing,76.83,85.00,8.17,Critics higher
3845,Call of Duty 2: Big Red One,2005-11-01,2005,2000s,Shooter,75.09,79.75,4.66,Within 5 points
3846,Capcom vs. SNK 2: Mark of the Millennium 2001,2001-08-03,2001,2000s,Fighting,82.86,75.00,-7.86,Users higher
3849,Cars,2006-06-06,2006,2000s,Racing,64.22,65.43,1.21,Within 5 points
3851,Catwoman,2004-07-20,2004,2000s,Adventure,58.00,71.40,13.40,Critics higher
3852,Cel Damage,2001-11-15,2001,2000s,Fighting,60.54,50.80,-9.74,Users higher
3856,Chibi-Robo!,2005-06-23,2005,2000s,Platform,79.64,80.00,0.36,Within 5 points
3857,"The Chronicles of Narnia: The Lion, the Witch and the Wardrobe",2005-11-14,2005,2000s,Adventure,53.46,67.50,14.04,Critics higher
3862,Conan,2004-04-08,2004,2000s,Puzzle,72.08,65.00,-7.08,Users higher
3863,Conflict: Desert Storm,2002-09-13,2002,2000s,Shooter,70.18,67.33,-2.85,Within 5 points
3864,Conflict: Desert Storm II,2003-09-19,2003,2000s,Shooter,71.67,62.50,-9.17,Users higher
3867,Curious George,2006-02-01,2006,2000s,Platform,78.27,40.00,-38.27,Users higher
3868,Dakar 2: The World's Ultimate Rally,2003-03-07,2003,2000s,Racing,48.00,51.50,3.50,Within 5 points
3869,Dark Summit,2001-11-12,2001,2000s,Sport,40.00,72.00,32.00,Critics higher
3870,Darkened Skye,2002-01-27,2002,2000s,Shooter,46.00,78.00,32.00,Critics higher
3872,Dead to Rights,2002-06-03,2002,2000s,Shooter,58.73,60.00,1.27,Within 5 points
3873,Defender,1981-03-01,1981,1980s,Shooter,47.06,70.00,22.94,Critics higher
3874,Def Jam Vendetta,2003-04-01,2003,2000s,Fighting,72.22,30.00,-42.22,Users higher
3875,Def Jam: Fight for NY,2004-09-20,2004,2000s,Fighting,82.18,72.50,-9.68,Users higher
3884,Meet the Robinsons,2007-03-27,2007,2000s,Adventure,60.00,65.00,5.00,Within 5 points
3889,Donkey Konga,2003-12-12,2003,2000s,Music,71.25,60.00,-11.25,Users higher
3890,Donkey Konga 2: Hit Song Parade!,2004-07-01,2004,2000s,Music,79.96,50.00,-29.96,Users higher
3895,Dr. Muto,2002-11-19,2002,2000s,Platform,54.00,70.00,16.00,Critics higher
3898,Dragon's Lair 3D: Return to the Lair,2002-11-17,2002,2000s,Platform,54.00,36.67,-17.33,Users higher
3900,Driven,2001-11-06,2001,2000s,Puzzle,40.00,66.00,26.00,Critics higher
3901,Drome Racers,2002-11-20,2002,2000s,Racing,55.02,66.00,10.98,Critics higher
3902,Duel Masters,2003-12-18,2003,2000s,Strategy,35.00,75.00,40.00,Critics higher
3906,ESPN MLS ExtraTime 2002,2001-04-16,2001,2000s,Sport,45.00,63.50,18.50,Critics higher
3907,Eternal Darkness: Sanity's Requiem,2002-06-23,2002,2000s,Puzzle,82.29,90.00,7.71,Critics higher
3914,Fantastic 4,2005-06-27,2005,2000s,Hack and slash/Beat 'em up,65.69,64.00,-1.69,Within 5 points
3915,Fight Night Round 2,2005-03-01,2005,2000s,Fighting,82.70,92.25,9.55,Critics higher
3918,Freaky Flyers,2003-08-05,2003,2000s,Racing,47.00,68.00,21.00,Critics higher
3919,Freekstyle,2002-06-18,2002,2000s,Racing,73.55,60.00,-13.55,Users higher
3920,Freestyle MetalX,2003-06-27,2003,2000s,Racing,35.00,60.00,25.00,Critics higher
3923,Frogger's Adventures: The Rescue,2003-10-21,2003,2000s,Adventure,42.00,77.00,35.00,Critics higher
3924,Frogger: Ancient Shadow,2005-09-27,2005,2000s,Platform,38.00,72.00,34.00,Critics higher
3925,Future Tactics: The Uprising,2004-05-10,2004,2000s,Shooter,56.00,64.00,8.00,Critics higher
3927,Gauntlet Dark Legacy,2000-12-31,2000,2000s,Hack and slash/Beat 'em up,67.13,65.50,-1.63,Within 5 points
3928,Geist,2005-08-15,2005,2000s,Shooter,79.86,60.00,-19.86,Users higher
3932,Gladius,2003-10-28,2003,2000s,Role-playing (RPG),85.20,89.67,4.47,Within 5 points
3934,Goblin Commander: Unleash the Horde,2003-11-11,2003,2000s,Real Time Strategy (RTS),50.00,75.00,25.00,Critics higher
3937,Grooverider: Slot Car Thunder,2003-09-26,2003,2000s,Racing,23.00,69.00,46.00,Critics higher
3939,Gun,2005-11-05,2005,2000s,Adventure,68.56,72.57,4.02,Within 5 points
3940,Happy Feet,2006-11-13,2006,2000s,Music,51.27,40.00,-11.27,Users higher
3942,Harry Potter and the Goblet of Fire,2005-11-08,2005,2000s,Adventure,60.43,57.33,-3.10,Within 5 points
3943,Harry Potter and the Prisoner of Azkaban,2004-05-25,2004,2000s,Platform,76.24,74.00,-2.24,Within 5 points
3944,Harry Potter: Quidditch World Cup,2003-10-28,2003,2000s,Sport,70.81,78.00,7.19,Critics higher
3945,The Haunted Mansion,2003-10-14,2003,2000s,Adventure,51.00,60.00,9.00,Critics higher
3946,The Hobbit,2003-11-11,2003,2000s,Platform,69.06,59.00,-10.06,Users higher
3947,Home Run King,2002-03-18,2002,2000s,Sport,31.00,71.00,40.00,Critics higher
3949,Hulk,2003-05-27,2003,2000s,Adventure,65.43,55.80,-9.63,Users higher
3950,Hunter: The Reckoning,2002-05-21,2002,2000s,Fighting,65.07,70.00,4.93,Within 5 points
3951,I-Ninja,2003-09-09,2003,2000s,Platform,68.16,78.33,10.17,Critics higher
3952,Ice Age 2: The Meltdown,2006-03-14,2006,2000s,Platform,69.06,62.75,-6.31,Users higher
3953,Ikaruga,2001-12-20,2001,2000s,Shooter,88.47,89.00,0.53,Within 5 points
3954,The Incredible Hulk: Ultimate Destruction,2005-08-23,2005,2000s,Hack and slash/Beat 'em up,74.55,86.33,11.78,Critics higher
3955,The Incredibles: Rise of the Underminer,2005-10-24,2005,2000s,Platform,67.31,60.00,-7.31,Users higher
3957,International Superstar Soccer 2,2001-09-01,2001,2000s,Sport,69.00,70.00,1.00,Within 5 points
3959,The Italian Job,2003-06-24,2003,2000s,Racing,61.24,58.50,-2.74,Within 5 points
3961,Judge Dredd: Dredd Vs. Death,2003-10-17,2003,2000s,Shooter,68.19,60.00,-8.19,Users higher
3966,Killer7,2005-06-09,2005,2000s,Shooter,81.92,73.50,-8.42,Users higher
3967,King Arthur,2004-06-11,2004,2000s,Platform,70.05,52.50,-17.55,Users higher
3968,Dragon's Dogma,2012-05-22,2012,2010s,Role-playing (RPG),72.55,76.90,4.35,Within 5 points
3975,Legends of Wrestling II,2002-11-26,2002,2000s,Fighting,56.00,51.00,-5.00,Within 5 points
3976,The Maw,2009-01-21,2009,2000s,Platform,68.44,78.00,9.56,Critics higher
3977,Lemony Snicket's A Series of Unfortunate Events,2004-11-10,2004,2000s,Platform,61.44,58.80,-2.64,Within 5 points
3979,Looney Tunes: Back in Action,2003-11-19,2003,2000s,Platform,59.87,62.50,2.63,Within 5 points
3981,Lost Kingdoms,2002-04-25,2002,2000s,Role-playing (RPG),79.99,60.00,-19.99,Users higher
3982,Lost Kingdoms II,2003-05-21,2003,2000s,Role-playing (RPG),66.31,68.00,1.69,Within 5 points
3984,Major League Baseball 2K6,2006-04-03,2006,2000s,Sport,25.00,70.00,45.00,Critics higher
3985,Mario Power Tennis,2004-10-28,2004,2000s,Sport,73.66,80.00,6.34,Critics higher
3986,Mario Superstar Baseball,2005-07-21,2005,2000s,Sport,62.73,60.00,-2.73,Within 5 points
3987,Mario Super Sluggers,2008-06-19,2008,2000s,Sport,70.65,65.33,-5.32,Users higher
3988,Mario Hoops 3-on-3,2006-07-27,2006,2000s,Sport,62.92,60.00,-2.92,Within 5 points
3989,Mario Sports Mix,2010-11-25,2010,2010s,Sport,70.16,75.75,5.59,Critics higher
3990,Mario & Sonic at the Sochi 2014 Olympic Winter Games,2013-11-08,2013,2010s,Sport,65.02,58.40,-6.62,Users higher
3992,Marvel Nemesis: Rise of the Imperfects,2005-09-20,2005,2000s,Fighting,64.79,54.50,-10.29,Users higher
3993,Mat Hoffman's Pro BMX 2,2002-08-12,2002,2000s,Sport,70.05,70.00,-0.05,Within 5 points
4004,Metal Arms: Glitch in the System,2003-11-18,2003,2000s,Shooter,71.39,83.25,11.86,Critics higher
4010,Narc,1988-12-31,1988,1980s,Shooter,59.86,40.00,-19.86,Users higher
4011,50 Cent: Bulletproof,2005-11-17,2005,2000s,Shooter,60.44,45.00,-15.44,Users higher
4013,Mission: Impossible - Operation Surma,2003-12-02,2003,2000s,Shooter,43.00,51.75,8.75,Critics higher
4018,Monster House,2006-07-18,2006,2000s,Shooter,49.78,57.00,7.22,Critics higher
4019,Monster Jam: Maximum Destruction,2002-06-13,2002,2000s,Racing,23.00,63.00,40.00,Critics higher
4021,Mr. Driller: Drill Land,2002-12-20,2002,2000s,Puzzle,74.00,80.00,6.00,Critics higher
4026,Naruto: Clash of Ninja,2003-04-11,2003,2000s,Fighting,64.83,65.00,0.17,Within 5 points
4027,NASCAR 2005: Chase for the Cup,2004-08-31,2004,2000s,Racing,80.25,80.00,-0.25,Within 5 points
4029,NBA 2K2,2001-10-23,2001,2000s,Simulator,87.33,78.33,-8.99,Users higher
4031,NBA Courtside 2002,2002-01-13,2002,2000s,Simulator,70.00,80.00,10.00,Critics higher
4032,NBA Live 2004,2003-10-14,2003,2000s,Simulator,70.86,91.00,20.14,Critics higher
4034,NBA Live 06,2005-09-26,2005,2000s,Simulator,89.19,85.00,-4.19,Within 5 points
4035,NBA Street,2001-06-18,2001,2000s,Sport,87.09,88.00,0.91,Within 5 points
4036,NBA Street Vol. 2,2003-04-28,2003,2000s,Sport,90.17,85.00,-5.17,Users higher
4041,NFL Street,2004-01-13,2004,2000s,Sport,86.68,79.50,-7.18,Users higher
4042,NFL Street 2,2004-12-22,2004,2000s,Sport,86.17,77.50,-8.67,Users higher
4043,NHL 2005,2004-09-14,2004,2000s,Simulator,87.97,75.00,-12.97,Users higher
4044,NHL 06,2005-09-06,2005,2000s,Simulator,75.54,88.00,12.46,Critics higher
4046,NHL Hitz 2002,2001-09-24,2001,2000s,Sport,72.22,60.00,-12.22,Users higher
4047,NHL Hitz 2003,2002-09-16,2002,2000s,Sport,78.39,60.00,-18.39,Users higher
4048,NHL Hitz Pro,2003-09-25,2003,2000s,Sport,58.00,80.00,22.00,Critics higher
4050,Odama,2006-03-31,2006,2000s,Real Time Strategy (RTS),69.00,60.00,-9.00,Users higher
4053,One Piece: Grand Adventure,2006-08-29,2006,2000s,Fighting,71.07,65.00,-6.07,Users higher
4054,One Piece: Pirates' Carnival,2005-11-23,2005,2000s,Puzzle,48.00,60.00,12.00,Critics higher
4055,Open Season,2006-09-19,2006,2000s,Adventure,70.04,43.33,-26.71,Users higher
4056,Carnival Games,2007-08-27,2007,2000s,Strategy,49.53,58.67,9.14,Critics higher
4059,Over the Hedge,2006-05-09,2006,2000s,Platform,53.15,57.60,4.45,Within 5 points
4060,P.N.03,2003-03-27,2003,2000s,Shooter,69.70,70.00,0.30,Within 5 points
4062,Pac-Man Vs.,2003-12-03,2003,2000s,Puzzle,69.89,60.00,-9.89,Users higher
4064,Pac-Man World 3,2005-11-15,2005,2000s,Platform,40.44,59.00,18.56,Critics higher
4065,Peter Jackson's King Kong: The Official Game of the Movie,2005-11-17,2005,2000s,Fighting,72.06,80.00,7.94,Critics higher
4066,Piglet's Big Game,2003-03-19,2003,2000s,Platform,66.52,75.00,8.48,Critics higher
4067,Pinball Hall of Fame: The Gottlieb Collection,2004-11-16,2004,2000s,Pinball,58.00,70.00,12.00,Critics higher
4069,Pokémon Pinball: Ruby & Sapphire,2003-08-01,2003,2000s,Pinball,79.89,75.00,-4.89,Within 5 points
4070,Pitfall: The Lost Expedition,2004-02-18,2004,2000s,Platform,70.00,77.00,7.00,Critics higher
4073,Pool Paradise,2004-03-15,2004,2000s,Sport,62.00,79.50,17.50,Critics higher
4075,Puyo Pop Fever,2003-11-26,2003,2000s,Music,75.90,75.67,-0.23,Within 5 points
4076,R: Racing Evolution,2003-11-27,2003,2000s,Racing,50.13,59.67,9.53,Critics higher
4079,Vexx,2003-02-10,2003,2000s,Platform,61.60,60.50,-1.10,Within 5 points
4081,Ratatouille,2007-06-26,2007,2000s,Platform,60.76,59.75,-1.01,Within 5 points
4082,Rave Master,2002-03-20,2002,2000s,Fighting,33.00,65.00,32.00,Critics higher
4083,Red Faction II,2002-10-15,2002,2000s,Shooter,67.87,80.50,12.63,Critics higher
4087,Ribbit King,2003-07-11,2003,2000s,Sport,76.00,39.50,-36.50,Users higher
4090,Robotech: Battlecry,2002-09-23,2002,2000s,Shooter,31.06,80.00,48.94,Critics higher
4091,Robots,2005-02-24,2005,2000s,Platform,60.67,50.00,-10.67,Users higher
4093,Rocky,2002-10-18,2002,2000s,Fighting,70.06,80.00,9.94,Critics higher
4094,Rogue Ops,2003-10-29,2003,2000s,Adventure,56.94,40.00,-16.94,Users higher
4095,Scaler,2004-10-01,2004,2000s,Platform,99.21,60.00,-39.21,Users higher
4101,Second Sight,2004-08-27,2004,2000s,Shooter,80.14,72.60,-7.54,Users higher
4102,Sega Soccer Slam,2002-03-18,2002,2000s,Sport,76.98,83.00,6.02,Critics higher
4103,Serious Sam: Next Encounter,2004-04-12,2004,2000s,Shooter,69.22,60.00,-9.22,Users higher
4104,Monster Rancher,1997-07-24,1997,1990s,Role-playing (RPG),74.23,30.00,-44.23,Users higher
4105,Shadow the Hedgehog,2005-11-15,2005,2000s,Shooter,50.21,46.00,-4.21,Within 5 points
4108,Yu-Gi-Oh! Forbidden Memories,1999-12-09,1999,1990s,Strategy,63.21,59.00,-4.21,Within 5 points
4109,X-Men: Mutant Academy,2000-07-14,2000,2000s,Fighting,59.85,30.00,-29.85,Users higher
4115,Syphon Filter,1999-02-17,1999,1990s,Shooter,79.39,90.00,10.61,Critics higher
4118,Spider-Man 2: Enter Electro,2001-10-18,2001,2000s,Hack and slash/Beat 'em up,74.20,40.00,-34.20,Users higher
4126,Intelligent Qube,1997-01-09,1997,1990s,Puzzle,80.52,60.00,-20.52,Users higher
4129,Evil Zone,1999-01-14,1999,1990s,Fighting,60.51,76.00,15.49,Critics higher
4132,Dino Crisis 2,2000-09-13,2000,2000s,Shooter,82.12,90.00,7.88,Critics higher
4140,Bloody Roar 2,1999-01-28,1999,1990s,Fighting,74.70,61.00,-13.70,Users higher
4148,Dreamworks' Shark Tale,2004-09-27,2004,2000s,Adventure,49.83,56.67,6.84,Critics higher
4151,The Sims Bustin' Out,2003-12-15,2003,2000s,Simulator,67.62,75.00,7.38,Critics higher
4153,Smuggler's Run: Warzones,2001-12-31,2001,2000s,Racing,71.00,50.00,-21.00,Users higher
4154,Smuggler's Run,2000-10-26,2000,2000s,Racing,69.60,80.00,10.40,Critics higher
4156,Sonic Heroes,2003-12-30,2003,2000s,Platform,66.31,61.67,-4.65,Within 5 points
4158,Sonic Riders,2006-02-21,2006,2000s,Racing,68.70,66.00,-2.70,Within 5 points
4164,Sphinx and the Cursed Mummy,2003-11-10,2003,2000s,Platform,79.92,70.50,-9.42,Users higher
4167,Spy Hunter,1983-11-01,1983,1980s,Shooter,75.84,80.00,4.16,Within 5 points
4171,Shadow Hearts: Covenant,2004-02-19,2004,2000s,Role-playing (RPG),80.57,81.00,0.43,Within 5 points
4172,Shadow Hearts: From the New World,2005-07-28,2005,2000s,Role-playing (RPG),53.58,75.00,21.42,Critics higher
4173,ATV Quad Power Racing 2,2003-02-28,2003,2000s,Racing,51.00,73.00,22.00,Critics higher
4174,SSX 3,2003-10-20,2003,2000s,Racing,89.22,90.00,0.78,Within 5 points
4175,SSX,2000-10-26,2000,2000s,Puzzle,77.56,83.80,6.24,Critics higher
4176,SSX Tricky,2001-11-05,2001,2000s,Racing,81.12,93.33,12.21,Critics higher
4177,SSX on Tour,2005-10-11,2005,2000s,Racing,73.38,79.00,5.62,Critics higher
4178,SSX Blur,2007-02-27,2007,2000s,Racing,63.00,75.00,12.00,Critics higher
4179,SSX,2012-02-28,2012,2010s,Racing,79.91,87.00,7.09,Critics higher
4180,Star Wars: Bounty Hunter,2002-11-19,2002,2000s,Shooter,66.45,55.00,-11.45,Users higher
4181,Star Wars: Rogue Squadron II - Rogue Leader,2001-11-09,2001,2000s,Shooter,85.44,90.00,4.56,Within 5 points
4182,Star Wars: Rogue Squadron III - Rebel Strike,2003-10-15,2003,2000s,Shooter,75.01,40.00,-35.01,Users higher
4183,Starsky & Hutch,2003-06-20,2003,2000s,Racing,69.66,64.00,-5.66,Users higher
4184,Street Racing Syndicate,2004-08-17,2004,2000s,Racing,55.06,59.50,4.44,Within 5 points
4188,Super Monkey Ball Adventure,2006-06-30,2006,2000s,Platform,55.83,45.00,-10.83,Users higher
4191,Surf's Up,2007-05-29,2007,2000s,Sport,60.04,70.00,9.96,Critics higher
4193,SX Superstar,2003-06-26,2003,2000s,Racing,25.00,67.00,42.00,Critics higher
4195,Teen Titans,2006-05-24,2006,2000s,Hack and slash/Beat 'em up,50.14,50.00,-0.14,Within 5 points
4196,Teenage Mutant Ninja Turtles 2: Battle Nexus,2004-10-19,2004,2000s,Racing,60.76,54.00,-6.76,Users higher
4197,Teenage Mutant Ninja Turtles 3: Mutant Nightmare,2005-11-01,2005,2000s,Hack and slash/Beat 'em up,50.64,42.50,-8.14,Users higher
4199,Terminator 3: The Redemption,2004-09-02,2004,2000s,Racing,69.72,74.50,4.78,Within 5 points
4200,Tetris Worlds,2001-09-05,2001,2000s,Puzzle,67.19,35.50,-31.69,Users higher
4203,Comanche 4,2001-12-31,2001,2000s,Shooter,60.25,80.00,19.75,Critics higher
4211,James Cameron's Avatar: The Game,2009-12-01,2009,2000s,Shooter,71.07,60.67,-10.40,Users higher
4212,Cities XL,2009-10-08,2009,2000s,Role-playing (RPG),69.82,70.00,0.18,Within 5 points
4215,True Crime: New York City,2005-11-15,2005,2000s,Shooter,66.16,64.00,-2.16,Within 5 points
4216,True Crime: Streets of LA,2003-11-03,2003,2000s,Fighting,70.44,74.33,3.89,Within 5 points
4217,Tube Slider,2003-04-17,2003,2000s,Racing,43.00,65.00,22.00,Critics higher
4219,Darkest of Days,2009-09-07,2009,2000s,Shooter,60.64,64.00,3.36,Within 5 points
4220,Dark Void,2010-01-19,2010,2010s,Shooter,64.06,58.83,-5.23,Users higher
4222,Battlestations: Pacific,2009-05-12,2009,2000s,Real Time Strategy (RTS),80.47,70.00,-10.47,Users higher
4223,Battlestations: Midway,2007-01-30,2007,2000s,Real Time Strategy (RTS),76.08,70.00,-6.08,Users higher
4224,Ultimate Muscle: Legends vs. New Generation,2002-11-22,2002,2000s,Fighting,62.00,80.00,18.00,Critics higher
4225,Ultimate Spider-Man,2005-09-21,2005,2000s,Hack and slash/Beat 'em up,76.10,73.67,-2.44,Within 5 points
4227,V-Rally 3,2002-06-21,2002,2000s,Racing,79.96,65.00,-14.96,Users higher
4229,Viewtiful Joe,2003-06-26,2003,2000s,Platform,78.99,90.00,11.01,Critics higher
4230,Viewtiful Joe 2,2004-11-18,2004,2000s,Fighting,77.31,80.00,2.69,Within 5 points
4231,Viewtiful Joe: Red Hot Rumble,2005-09-29,2005,2000s,Fighting,57.00,60.00,3.00,Within 5 points
4232,Wave Race: Blue Storm,2001-09-14,2001,2000s,Racing,73.49,80.00,6.51,Critics higher
4234,Disney's Winnie the Pooh's Rumbly Tumbly Adventure,2005-02-08,2005,2000s,Platform,53.00,63.50,10.50,Critics higher
4239,Lemmings,1991-02-14,1991,1990s,Puzzle,76.68,67.60,-9.08,Users higher
4248,Dragon's Lair,1983-06-19,1983,1980s,Adventure,69.49,53.33,-16.15,Users higher
4260,Samurai Shodown,1993-07-07,1993,1990s,Fighting,73.29,43.00,-30.29,Users higher
4271,Primal Rage,1994-08-01,1994,1990s,Fighting,61.04,50.00,-11.04,Users higher
4275,Flashback: The Quest for Identity,1992-12-01,1992,1990s,Platform,82.45,35.00,-47.45,Users higher
4309,Gex,1995-04-07,1995,1990s,Platform,67.77,60.00,-7.77,Users higher
4319,D,1995-04-01,1995,1990s,Point-and-click,31.32,68.50,37.18,Critics higher
4327,PO'ed,1995-11-06,1995,1990s,Shooter,69.19,80.00,10.81,Critics higher
4350,Headhunter,2001-11-16,2001,2000s,Shooter,64.14,90.00,25.86,Critics higher
4355,Power Stone,1999-02-13,1999,1990s,Fighting,70.17,76.00,5.83,Critics higher
4415,Magic Carpet,1994-05-06,1994,1990s,Shooter,74.33,75.00,0.67,Within 5 points
4438,Sonic the Hedgehog 2,1992-11-01,1992,1990s,Platform,86.48,90.00,3.52,Within 5 points
4443,James Pond 2: Codename - RoboCod,1991-12-31,1991,1990s,Platform,64.24,50.00,-14.24,Users higher
4534,Ghostbusters,1990-06-29,1990,1990s,Shooter,77.90,10.00,-67.90,Users higher
4541,College Slam,1996-01-31,1996,1990s,Sport,48.00,62.00,14.00,Critics higher
4558,PokéPark Wii: Pikachu's Adventure,2009-12-05,2009,2000s,Adventure,64.62,62.25,-2.37,Within 5 points
4559,PokéPark 2: Wonders Beyond,2011-11-12,2011,2010s,Platform,70.35,64.50,-5.85,Users higher
4560,Pokémon Rumble U,2013-04-24,2013,2010s,Fighting,69.00,50.50,-18.50,Users higher
4561,Pokémon Rumble Blast,2011-08-11,2011,2010s,Fighting,75.98,58.20,-17.78,Users higher
4565,Pokémon Ranger: Guardian Signs,2010-03-06,2010,2010s,Role-playing (RPG),70.97,68.67,-2.30,Within 5 points
4566,Pokémon Mystery Dungeon: Gates to Infinity,2012-11-23,2012,2010s,Role-playing (RPG),66.12,63.67,-2.45,Within 5 points
4568,Wreckless: The Yakuza Missions,2002-02-04,2002,2000s,Racing,56.00,64.00,8.00,Critics higher
4569,WTA Tour Tennis,2001-09-27,2001,2000s,Sport,32.00,69.00,37.00,Critics higher
4571,WWE Day of Reckoning,2004-08-30,2004,2000s,Fighting,78.70,80.00,1.30,Within 5 points
4572,WWE Day of Reckoning 2,2005-08-29,2005,2000s,Fighting,72.07,74.00,1.93,Within 5 points
4574,WWE WrestleMania XIX,2003-09-08,2003,2000s,Fighting,70.36,85.00,14.64,Critics higher
4575,X-Men Legends,2004-09-21,2004,2000s,Role-playing (RPG),76.61,75.00,-1.61,Within 5 points
4576,X-Men Legends II: Rise of Apocalypse,2005-09-20,2005,2000s,Role-playing (RPG),71.13,78.20,7.07,Critics higher
4577,X-Men: Next Dimension,2002-10-15,2002,2000s,Fighting,58.09,30.00,-28.09,Users higher
4578,X-Men: The Official Game,2006-05-16,2006,2000s,Hack and slash/Beat 'em up,63.87,53.29,-10.58,Users higher
4579,X2: Wolverine's Revenge,2003-04-14,2003,2000s,Hack and slash/Beat 'em up,56.78,45.00,-11.78,Users higher
4581,XGRA: Extreme G Racing Association,2003-09-11,2003,2000s,Racing,63.00,61.00,-2.00,Within 5 points
4582,Yu-Gi-Oh! The Falsebound Kingdom,2002-12-05,2002,2000s,Real Time Strategy (RTS),63.00,46.00,-17.00,Users higher
4583,Zapper: One Wicked Cricket!,2002-10-09,2002,2000s,Platform,66.62,50.00,-16.62,Users higher
4584,Zatch Bell! Mamodo Battles,2005-03-24,2005,2000s,Fighting,56.00,65.00,9.00,Critics higher
4591,Yoshi's New Island,2014-03-13,2014,2010s,Platform,60.30,63.08,2.78,Within 5 points
4598,Contra,1987-02-01,1987,1980s,Shooter,80.76,50.00,-30.76,Users higher
4599,Elevator Action,1983-05-23,1983,1980s,Shooter,70.66,80.00,9.34,Critics higher
4602,Karateka,1984-12-31,1984,1980s,Fighting,68.33,70.00,1.67,Within 5 points
4603,Lode Runner,1983-10-30,1983,1980s,Platform,76.85,80.00,3.15,Within 5 points
4604,Millipede,1982-11-12,1982,1980s,Shooter,70.36,50.00,-20.36,Users higher
4610,City Connection,1985-07-01,1985,1980s,Platform,59.61,49.00,-10.61,Users higher
4622,Super Contra,1988-01-08,1988,1980s,Shooter,76.68,58.33,-18.35,Users higher
4623,TwinBee,1985-03-05,1985,1980s,Shooter,60.19,67.00,6.81,Critics higher
4625,Wild Gunman,1984-02-18,1984,1980s,Shooter,58.60,29.00,-29.60,Users higher
4631,Midnight Club II,2003-04-09,2003,2000s,Racing,75.56,85.25,9.69,Critics higher
4641,The Age of Decadence,2015-10-14,2015,2010s,Role-playing (RPG),85.48,55.00,-30.48,Users higher
4642,Pro Evolution Soccer,2001-03-15,2001,2000s,Simulator,78.57,85.00,6.43,Critics higher
4643,World Soccer: Winning Eleven 6,2002-04-25,2002,2000s,Simulator,80.33,92.00,11.67,Critics higher
4647,Pro Evolution Soccer 2008,2007-10-26,2007,2000s,Simulator,75.79,77.50,1.71,Within 5 points
4648,Pro Evolution Soccer 2009,2008-10-17,2008,2000s,Simulator,73.97,90.00,16.03,Critics higher
4649,Pro Evolution Soccer 2010,2009-10-23,2009,2000s,Simulator,73.23,85.00,11.77,Critics higher
4650,Pro Evolution Soccer 2011,2010-09-30,2010,2010s,Simulator,74.49,74.67,0.18,Within 5 points
4651,Pro Evolution Soccer 2012,2011-09-27,2011,2010s,Simulator,70.51,73.50,2.99,Within 5 points
4652,Pro Evolution Soccer 2014,2013-09-24,2013,2010s,Simulator,66.54,79.50,12.96,Critics higher
4655,2010 FIFA World Cup South Africa,2010-04-27,2010,2010s,Simulator,66.78,88.00,21.22,Critics higher
4663,Agatha Christie: And Then There Were None,2005-09-30,2005,2000s,Point-and-click,70.11,56.00,-14.11,Users higher
4664,Agatha Christie: Evil Under the Sun,2007-10-16,2007,2000s,Point-and-click,75.01,54.00,-21.01,Users higher
4666,Alice in Wonderland,2010-03-02,2010,2010s,Platform,50.00,60.00,10.00,Critics higher
4669,Alvin and the Chipmunks,2007-12-04,2007,2000s,Music,70.00,20.00,-50.00,Users higher
4670,Alvin and the Chipmunks: Chipwrecked,2011-11-15,2011,2010s,Music,75.00,60.00,-15.00,Users higher
4674,Angry Birds Star Wars,2012-11-08,2012,2010s,Puzzle,74.90,63.75,-11.15,Users higher
4676,Another Code: R - A Journey into Lost Memories,2009-02-05,2009,2000s,Point-and-click,69.93,70.00,0.07,Within 5 points
4678,Arc Rise Fantasia,2009-06-04,2009,2000s,Role-playing (RPG),90.00,63.40,-26.60,Users higher
4680,Ashes Cricket 2009,2009-08-06,2009,2000s,Sport,60.60,77.50,16.90,Critics higher
4681,Asterix at the Olympic Games,2007-12-31,2007,2000s,Platform,59.68,70.00,10.32,Critics higher
4682,Astro Boy: The Video Game,2009-10-08,2009,2000s,Platform,68.00,43.33,-24.67,Users higher
4684,Avatar: The Last Airbender - Into the Inferno,2008-10-13,2008,2000s,Adventure,60.44,66.67,6.22,Critics higher
4685,Avatar: The Last Airbender - The Burning Earth,2007-10-16,2007,2000s,Adventure,58.81,58.67,-0.14,Within 5 points
4689,Lumines,2004-12-12,2004,2000s,Music,80.94,85.00,4.06,Within 5 points
4690,Lumines II,2006-11-06,2006,2000s,Music,73.34,75.00,1.66,Within 5 points
4691,Lumines Live!,2006-10-18,2006,2000s,Music,89.64,80.00,-9.64,Users higher
4693,Lumines Electronic Symphony,2012-02-15,2012,2010s,Music,78.76,87.25,8.49,Critics higher
4695,Twisted Metal,1995-10-01,1995,1990s,Fighting,74.27,75.00,0.73,Within 5 points
4696,Twisted Metal 2,1996-10-31,1996,1990s,Fighting,75.10,73.00,-2.10,Within 5 points
4701,Conception II: Children of the Seven Stars,2013-08-22,2013,2010s,Role-playing (RPG),40.74,60.00,19.26,Critics higher
4703,Bakugan Battle Brawlers,2009-10-20,2009,2000s,Strategy,61.43,60.00,-1.43,Within 5 points
4707,Batman: The Brave and the Bold - The Videogame,2010-09-07,2010,2010s,Platform,68.48,77.67,9.19,Critics higher
4708,Battalion Wars 2,2007-10-29,2007,2000s,Shooter,75.00,70.00,-5.00,Within 5 points
4710,Battleship,2012-04-18,2012,2010s,Shooter,70.00,30.00,-40.00,Users higher
4711,Bee Movie Game,2007-10-30,2007,2000s,Adventure,57.14,51.60,-5.54,Users higher
4713,Big Brain Academy: Wii Degree,2007-04-26,2007,2000s,Puzzle,63.36,60.00,-3.36,Within 5 points
4715,The Bigs,2007-06-25,2007,2000s,Sport,80.00,73.00,-7.00,Users higher
4716,The Bigs 2,2009-07-07,2009,2000s,Sport,78.53,63.00,-15.53,Users higher
4720,"Blast Works: Build, Trade, Destroy",2008-06-10,2008,2000s,Shooter,70.00,80.00,10.00,Critics higher
4723,Bolt,2008-11-18,2008,2000s,Platform,65.58,60.00,-5.58,Users higher
4735,Cabela's Big Game Hunter 2008,2007-11-06,2007,2000s,Shooter,75.00,75.00,0.00,Within 5 points
4737,Cabela's Dangerous Hunts 2009,2008-03-12,2008,2000s,Fighting,80.00,30.00,-50.00,Users higher
4742,Calling,2009-11-19,2009,2000s,Adventure,83.00,61.67,-21.33,Users higher
4745,Captain America: Super Soldier,2011-07-15,2011,2010s,Hack and slash/Beat 'em up,58.83,56.50,-2.33,Within 5 points
4747,Cars 2,2011-06-21,2011,2010s,Racing,65.55,75.00,9.45,Critics higher
4748,Cars Mater-National Championship,2007-10-29,2007,2000s,Racing,69.93,60.00,-9.93,Users higher
4749,Cars Race-O-Rama,2009-10-12,2009,2000s,Racing,75.00,52.50,-22.50,Users higher
4754,Alien: Isolation,2014-10-06,2014,2010s,Adventure,85.22,85.63,0.41,Within 5 points
4755,The Amazing Spider-Man 2,2014-04-29,2014,2010s,Fighting,59.62,52.29,-7.33,Users higher
4756,Child of Light,2014-04-29,2014,2010s,Platform,82.26,87.50,5.24,Critics higher
4757,Crimson Dragon,2013-11-22,2013,2010s,Shooter,60.00,55.00,-5.00,Within 5 points
4758,D4: Dark Dreams Don't Die - Season 1,2014-09-19,2014,2010s,Point-and-click,76.34,78.88,2.53,Within 5 points
4759,Divekick,2013-08-20,2013,2010s,Fighting,62.82,61.67,-1.15,Within 5 points
4763,The Chronicles of Narnia: Prince Caspian,2008-05-15,2008,2000s,Adventure,59.78,50.00,-9.78,Users higher
4767,Cloudy with a Chance of Meatballs,2009-09-11,2009,2000s,Platform,60.02,43.00,-17.02,Users higher
4769,The Conduit,2009-06-23,2009,2000s,Shooter,69.97,70.00,0.03,Within 5 points
4770,Conduit 2,2011-04-19,2011,2010s,Shooter,69.98,68.00,-1.98,Within 5 points
4777,Crazy Machines,2005-10-01,2005,2000s,Puzzle,62.74,53.00,-9.74,Users higher
4778,Create,2010-11-16,2010,2010s,Puzzle,53.25,60.00,6.75,Critics higher
4780,CSI: Deadly Intent,2009-10-20,2009,2000s,Point-and-click,60.19,40.00,-20.19,Users higher
4781,CSI: Fatal Conspiracy,2010-10-26,2010,2010s,Point-and-click,55.72,50.00,-5.72,Users higher
4782,CSI: Hard Evidence,2007-09-25,2007,2000s,Adventure,63.80,46.67,-17.14,Users higher
4783,Cursed Mountain,2009-08-21,2009,2000s,Shooter,58.00,65.00,7.00,Critics higher
4784,EA Sports UFC,2014-06-17,2014,2010s,Fighting,66.16,68.64,2.47,Within 5 points
4786,The Evil Within,2014-10-14,2014,2010s,Shooter,75.31,75.12,-0.19,Within 5 points
4788,Octodad: Dadliest Catch,2014-01-30,2014,2010s,Platform,70.91,73.64,2.72,Within 5 points
4796,De Blob 2,2011-02-22,2011,2010s,Platform,70.25,75.38,5.12,Critics higher
4797,Dead Rising,2006-08-08,2006,2000s,Hack and slash/Beat 'em up,75.08,82.40,7.32,Critics higher
4799,Deadly Creatures,2009-02-09,2009,2000s,Platform,72.01,61.00,-11.01,Users higher
4803,Def Jam Rapstar,2010-10-05,2010,2010s,Music,80.00,76.50,-3.50,Within 5 points
4805,Disaster: Day of Crisis,2008-09-25,2008,2000s,Adventure,58.45,70.00,11.55,Critics higher
4807,Disney Sing It,2008-09-28,2008,2000s,Music,60.00,60.00,0.00,Within 5 points
4816,Dokapon Kingdom,2007-11-22,2007,2000s,Role-playing (RPG),88.00,62.67,-25.33,Users higher
4820,Drawn to Life: The Next Chapter,2009-10-08,2009,2000s,Platform,82.41,72.67,-9.74,Users higher
4821,Drawn to Life,2007-09-10,2007,2000s,Platform,67.14,77.50,10.36,Critics higher
4822,Drawn to Life: SpongeBob SquarePants Edition,2008-09-15,2008,2000s,Platform,67.00,80.00,13.00,Critics higher
4823,Dream Pinball 3D,2008-04-22,2008,2000s,Simulator,45.98,65.00,19.02,Critics higher
4824,Driver: Parallel Lines,2006-03-14,2006,2000s,Shooter,73.31,66.33,-6.98,Users higher
4827,EA Sports Active 2,2010-11-16,2010,2010s,Sport,70.00,73.00,3.00,Within 5 points
4832,Endless Ocean,2007-08-02,2007,2000s,Simulator,75.93,75.00,-0.93,Within 5 points
4833,Endless Ocean: Blue World,2009-09-17,2009,2000s,Simulator,90.03,70.00,-20.03,Users higher
4836,Excitebots: Trick Racing,2009-04-20,2009,2000s,Racing,76.00,77.60,1.60,Within 5 points
4837,F1 2009,2009-11-17,2009,2000s,Racing,60.21,70.00,9.79,Critics higher
4838,Guacamelee!,2013-04-09,2013,2010s,Platform,79.04,84.36,5.33,Critics higher
4839,Halo: Spartan Assault,2013-07-18,2013,2010s,Shooter,65.05,66.00,0.95,Within 5 points
4840,S.T.A.L.K.E.R.: Clear Sky,2008-08-22,2008,2000s,Shooter,72.19,82.33,10.15,Critics higher
4841,ModNation Racers,2010-05-19,2010,2010s,Racing,77.64,80.57,2.93,Within 5 points
4842,Kinect Sports Rivals,2014-04-08,2014,2010s,Sport,80.00,64.71,-15.29,Users higher
4843,Kingdom Come: Deliverance,2018-02-13,2018,2010s,Role-playing (RPG),79.01,73.73,-5.28,Users higher
4844,LEGO The Hobbit,2014-04-08,2014,2010s,Puzzle,70.63,72.36,1.74,Within 5 points
4845,The LEGO Movie Videogame,2014-02-07,2014,2010s,Puzzle,63.88,63.50,-0.38,Within 5 points
4846,LocoCycle,2013-11-22,2013,2010s,Shooter,60.00,59.40,-0.60,Within 5 points
4847,Lords of the Fallen,2014-10-28,2014,2010s,Role-playing (RPG),66.96,69.33,2.38,Within 5 points
4848,Max: The Curse of Brotherhood,2013-12-20,2013,2010s,Platform,69.95,73.60,3.65,Within 5 points
4850,Nocturne,1999-10-28,1999,1990s,Shooter,73.38,90.00,16.62,Critics higher
4851,Stacking,2011-02-08,2011,2010s,Puzzle,65.95,84.00,18.05,Critics higher
4852,FaceBreaker,2008-09-03,2008,2000s,Fighting,70.00,57.00,-13.00,Users higher
4856,FlingSmash,2010-11-07,2010,2010s,Puzzle,60.00,66.33,6.33,Critics higher
4872,Fragile Dreams: Farewell Ruins of the Moon,2009-01-22,2009,2000s,Role-playing (RPG),79.99,68.40,-11.59,Users higher
4876,G-Force,2009-07-21,2009,2000s,Platform,79.29,100.00,20.71,Critics higher
4877,G.I. Joe: The Rise of Cobra,2009-08-04,2009,2000s,Shooter,75.00,46.67,-28.33,Users higher
4884,Geometry Wars: Galaxies,2007-11-20,2007,2000s,Shooter,52.55,83.00,30.45,Critics higher
4887,Geometry Wars: Retro Evolved 2,2008-07-30,2008,2000s,Shooter,87.56,88.50,0.94,Within 5 points
4890,Ghost Squad,2004-12-31,2004,2000s,Shooter,67.02,73.33,6.31,Critics higher
4891,Godzilla: Unleashed,2007-11-20,2007,2000s,Fighting,69.64,43.33,-26.31,Users higher
4894,Grand Slam Tennis,2009-06-08,2009,2000s,Sport,69.65,77.33,7.69,Critics higher
4896,Green Lantern: Rise of the Manhunters,2011-06-07,2011,2010s,Adventure,67.14,80.00,12.86,Critics higher
4905,Harry Potter and the Deathly Hallows: Part 2,2011-07-12,2011,2010s,Shooter,56.40,20.00,-36.40,Users higher
4906,Harry Potter and the Half-Blood Prince,2009-06-30,2009,2000s,Adventure,67.70,65.57,-2.12,Within 5 points
4907,Harvey Birdman: Attorney at Law,2008-01-08,2008,2000s,Adventure,77.00,54.40,-22.60,Users higher
4908,Hasbro Family Game Night,2008-11-11,2008,2000s,Quiz/Trivia,69.91,55.00,-14.91,Users higher
4916,Hot Wheels: Beat That!,2007-07-02,2007,2000s,Racing,67.22,50.00,-17.22,Users higher
4919,The House of the Dead: Overkill,2009-02-10,2009,2000s,Shooter,69.39,81.67,12.28,Critics higher
4923,Ice Age: Dawn of the Dinosaurs,2009-06-30,2009,2000s,Platform,70.84,100.00,29.16,Critics higher
4928,The Incredible Hulk,2008-06-05,2008,2000s,Adventure,61.38,59.25,-2.13,Within 5 points
4929,Impossible Mission,1984-12-31,1984,1980s,Platform,71.53,100.00,28.47,Critics higher
4930,Inazuma Eleven Strikers,2011-07-16,2011,2010s,Role-playing (RPG),66.44,45.00,-21.44,Users higher
4932,Indiana Jones and the Staff of Kings,2009-06-09,2009,2000s,Platform,66.55,50.00,-16.55,Users higher
4935,Iron Man,2008-05-02,2008,2000s,Shooter,55.42,30.00,-25.42,Users higher
4937,Ivy the Kiwi?,2009-12-17,2009,2000s,Platform,73.00,69.75,-3.25,Within 5 points
4944,Jumper: Griffin's Story,2008-02-12,2008,2000s,Platform,57.69,30.00,-27.69,Users higher
4959,Klonoa: Door to Phantomile,1997-12-11,1997,1990s,Platform,85.75,80.00,-5.75,Users higher
4964,Kung Fu Panda,2008-06-03,2008,2000s,Platform,67.44,73.00,5.56,Critics higher
4965,Kung Fu Panda 2,2011-05-24,2011,2010s,Adventure,75.00,40.00,-35.00,Users higher
4966,The Last Story,2011-01-27,2011,2010s,Role-playing (RPG),77.00,77.67,0.67,Within 5 points
4968,Legend of the Guardians: The Owls of Ga'Hoole,2010-09-14,2010,2010s,Fighting,75.00,64.67,-10.33,Users higher
4969,LEGO The Lord of the Rings,2012-11-13,2012,2010s,Adventure,74.69,77.44,2.75,Within 5 points
4972,Line Rider 2: Unbound,2008-09-16,2008,2000s,Puzzle,58.00,55.00,-3.00,Within 5 points
4973,Link's Crossbow Training,2007-11-19,2007,2000s,Shooter,71.16,60.00,-11.16,Users higher
4974,Little King's Story,2009-03-22,2009,2000s,Real Time Strategy (RTS),70.75,77.40,6.65,Critics higher
4977,Looney Tunes: Acme Arsenal,2007-10-09,2007,2000s,Platform,50.28,30.00,-20.28,Users higher
4978,The Lord of the Rings: Aragorn's Quest,2010-09-14,2010,2010s,Adventure,62.07,62.50,0.43,Within 5 points
4980,Lost in Shadow,2010-07-22,2010,2010s,Platform,79.56,70.00,-9.56,Users higher
4983,Madden NFL 07,2006-08-22,2006,2000s,Simulator,66.75,80.20,13.45,Critics higher
4984,Madden NFL 09,2008-08-12,2008,2000s,Simulator,78.68,76.38,-2.30,Within 5 points
4985,Madden NFL 10,2009-08-13,2009,2000s,Simulator,74.96,68.43,-6.53,Users higher
4986,Madden NFL 11,2010-08-10,2010,2010s,Simulator,79.86,86.00,6.14,Critics higher
4987,Madden NFL 12,2011-08-30,2011,2010s,Sport,69.98,81.50,11.52,Critics higher
4988,Madden NFL 13,2012-08-28,2012,2010s,Sport,69.03,79.69,10.66,Critics higher
4997,Marvel Super Hero Squad,2009-10-20,2009,2000s,Fighting,57.00,50.00,-7.00,Users higher
4998,Marvel Super Hero Squad: The Infinity Gauntlet,2010-11-16,2010,2010s,Fighting,75.00,50.00,-25.00,Users higher
4999,Marvel: Ultimate Alliance,2006-10-24,2006,2000s,Role-playing (RPG),77.16,72.14,-5.01,Users higher
5000,Max & the Magic Marker,2010-01-22,2010,2010s,Platform,78.65,75.50,-3.15,Within 5 points
5002,Megamind: Ultimate Showdown,2010-11-02,2010,2010s,Adventure,80.00,40.00,-40.00,Users higher
5006,Michael Jackson: The Experience,2010-11-23,2010,2010s,Music,73.00,65.80,-7.20,Users higher
5010,MLB Power Pros 2008,2008-07-29,2008,2000s,Simulator,99.42,71.00,-28.42,Users higher
5016,Monster Jam: Path of Destruction,2010-11-09,2010,2010s,Racing,75.00,48.67,-26.33,Users higher
5021,Monsters vs. Aliens,2009-03-24,2009,2000s,Adventure,79.22,65.00,-14.22,Users higher
5022,MotoGP '08,2008-10-24,2008,2000s,Racing,75.00,63.00,-12.00,Users higher
5025,To the Moon,2011-11-01,2011,2010s,Point-and-click,81.41,82.71,1.31,Within 5 points
5026,Rainbow Moon,2012-07-04,2012,2010s,Role-playing (RPG),60.05,62.67,2.62,Within 5 points
5028,MX vs. ATV: Untamed,2007-12-17,2007,2000s,Racing,78.35,62.80,-15.55,Users higher
5032,Draw a Stickman: Epic,2012-10-25,2012,2010s,Puzzle,49.33,60.00,10.67,Critics higher
5033,Scribblenauts Unmasked: A DC Comics Adventure,2013-09-24,2013,2010s,Puzzle,68.79,73.56,4.77,Within 5 points
5034,My Word Coach,2007-11-06,2007,2000s,Puzzle,50.00,66.67,16.67,Critics higher
5035,MySims Agents,2009-09-25,2009,2000s,Adventure,70.22,75.00,4.78,Within 5 points
5036,MySims Kingdom,2008-10-28,2008,2000s,Puzzle,68.90,77.50,8.60,Critics higher
5038,MySims Racing,2009-06-16,2009,2000s,Racing,50.00,68.67,18.67,Critics higher
5039,King's Bounty: The Legend,2008-09-23,2008,2000s,Role-playing (RPG),86.90,87.25,0.35,Within 5 points
5042,King's Bounty: Armored Princess,2009-11-19,2009,2000s,Role-playing (RPG),82.31,90.00,7.69,Critics higher
5050,Nancy Drew: The White Wolf of Icicle Creek,2007-06-07,2007,2000s,Point-and-click,69.90,70.00,0.10,Within 5 points
5052,NASCAR: The Game - Inside Line,2012-11-06,2012,2010s,Racing,80.00,70.00,-10.00,Users higher
5054,NBA 2K10,2009-10-06,2009,2000s,Simulator,74.47,82.80,8.33,Critics higher
5055,Nuclear Dawn,2011-09-26,2011,2010s,Shooter,58.44,81.50,23.06,Critics higher
5056,NBA 2K11,2010-10-04,2010,2010s,Sport,87.85,91.50,3.65,Within 5 points
5057,NBA 2K12,2011-10-04,2011,2010s,Simulator,81.53,84.17,2.64,Within 5 points
5058,NBA 2K13,2012-10-02,2012,2010s,Simulator,78.15,74.50,-3.65,Within 5 points
5059,NBA Jam,2010-11-17,2010,2010s,Sport,78.95,59.60,-19.35,Users higher
5060,Deponia,2012-08-07,2012,2010s,Point-and-click,75.21,77.50,2.29,Within 5 points
5061,NBA Live 08,2007-10-02,2007,2000s,Simulator,63.73,66.67,2.94,Within 5 points
5062,Chaos on Deponia,2012-11-06,2012,2010s,Point-and-click,83.42,80.00,-3.42,Within 5 points
5063,NBA Live 09,2008-10-07,2008,2000s,Sport,61.23,73.75,12.52,Critics higher
5064,Goodbye Deponia,2013-10-15,2013,2010s,Point-and-click,81.94,65.00,-16.94,Users higher
5065,NCAA Football 09,2008-07-15,2008,2000s,Simulator,76.01,86.00,9.99,Critics higher
5067,Neopets Puzzle Adventure,2008-11-25,2008,2000s,Puzzle,50.00,67.00,17.00,Critics higher
5068,NHL 2K9,2008-09-08,2008,2000s,Simulator,70.00,70.75,0.75,Within 5 points
5069,NHL 2K10,2009-09-15,2009,2000s,Simulator,75.00,73.33,-1.67,Within 5 points
5073,Night at the Museum: Battle of the Smithsonian - The Video Game,2009-05-05,2009,2000s,Adventure,75.00,40.00,-35.00,Users higher
5074,Nights: Journey of Dreams,2007-12-13,2007,2000s,Platform,69.49,72.50,3.01,Within 5 points
5075,Nights Into Dreams...,1996-07-05,1996,1990s,Platform,80.40,67.50,-12.90,Users higher
5079,NPPL Championship Paintball 2009,2008-11-18,2008,2000s,Shooter,85.00,30.00,-55.00,Users higher
5080,ObsCure: The Aftermath,2007-09-07,2007,2000s,Adventure,75.90,55.00,-20.90,Users higher
5082,Divinity: Original Sin,2014-06-30,2014,2010s,Puzzle,85.35,86.56,1.20,Within 5 points
5086,Onechanbara: Bikini Samurai Squad,2006-12-14,2006,2000s,Hack and slash/Beat 'em up,80.00,70.00,-10.00,Users higher
5087,Opoona,2007-11-01,2007,2000s,Platform,63.00,60.00,-3.00,Within 5 points
5090,Pandora's Tower,2011-05-26,2011,2010s,Role-playing (RPG),70.24,72.57,2.33,Within 5 points
5099,Pinball Hall of Fame: The Williams Collection,2008-02-26,2008,2000s,Pinball,87.00,80.50,-6.50,Users higher
5100,Pirates of the Caribbean: At World's End,2007-05-22,2007,2000s,Adventure,51.07,58.75,7.68,Critics higher
5105,Fatal Frame II: Crimson Butterfly,2003-11-27,2003,2000s,Adventure,85.23,86.67,1.43,Within 5 points
5106,Fatal Frame,2001-12-13,2001,2000s,Adventure,73.77,80.50,6.73,Critics higher
5107,Fatal Frame III: The Tormented,2005-07-28,2005,2000s,Adventure,80.04,81.67,1.62,Within 5 points
5111,Puyo Puyo! 15th Anniversary,2006-12-14,2006,2000s,Puzzle,80.10,70.00,-10.10,Users higher
5113,Puzzle Kingdoms,2009-05-05,2009,2000s,Puzzle,50.00,71.33,21.33,Critics higher
5114,Rango,2011-03-01,2011,2010s,Adventure,67.91,60.00,-7.91,Users higher
5116,Raving Rabbids: Travel in Time,2010-11-21,2010,2010s,Platform,43.00,64.60,21.60,Critics higher
5117,Rayman Raving Rabbids: TV Party,2008-11-13,2008,2000s,Racing,59.98,70.00,10.02,Critics higher
5119,Real Heroes: Firefighter,2009-08-04,2009,2000s,Shooter,70.00,60.00,-10.00,Users higher
5122,Rhythm Heaven Fever,2011-07-21,2011,2010s,Music,79.26,83.00,3.74,Within 5 points
5126,Rogue Trooper,2006-04-21,2006,2000s,Shooter,79.95,76.00,-3.95,Within 5 points
5128,Roogoo,2008-06-04,2008,2000s,Puzzle,60.00,70.00,10.00,Critics higher
5130,Rooms: The Main Building,2008-08-11,2008,2000s,Puzzle,60.00,70.00,10.00,Critics higher
5132,Rune Factory Frontier,2008-11-27,2008,2000s,Role-playing (RPG),80.01,85.00,4.99,Within 5 points
5133,Rune Factory: Tides of Destiny,2011-02-24,2011,2010s,Role-playing (RPG),70.33,40.00,-30.33,Users higher
5134,Rygar: The Legendary Adventure,2002-11-12,2002,2000s,Hack and slash/Beat 'em up,71.99,80.00,8.01,Critics higher
5136,"Sakura Wars: So Long, My Love",2005-07-07,2005,2000s,Role-playing (RPG),81.08,74.50,-6.58,Users higher
5139,Scarface: The World Is Yours,2006-07-25,2006,2000s,Shooter,73.90,78.75,4.85,Within 5 points
5143,Scooby-Doo! and the Spooky Swamp,2010-09-14,2010,2010s,Platform,69.66,58.67,-10.99,Users higher
5145,Secret Files: Tunguska,2006-09-04,2006,2000s,Point-and-click,72.85,65.00,-7.85,Users higher
5146,Secret Files 2: Puritas Cordis,2008-08-29,2008,2000s,Point-and-click,71.20,55.00,-16.20,Users higher
5147,Sega Bass Fishing,1997-12-01,1997,1990s,Simulator,54.38,67.00,12.62,Critics higher
5151,Shaun White Skateboarding,2010-10-24,2010,2010s,Sport,69.52,51.17,-18.36,Users higher
5152,Shaun White Snowboarding,2008-11-14,2008,2000s,Sport,78.00,60.67,-17.33,Users higher
5155,SimAnimals,2009-01-21,2009,2000s,Simulator,60.00,65.00,5.00,Within 5 points
5156,The Sims 2: Castaway,2007-10-22,2007,2000s,Simulator,71.51,73.00,1.49,Within 5 points
5157,Skate It,2008-11-17,2008,2000s,Puzzle,50.00,60.00,10.00,Critics higher
5159,Skylanders: Swap Force,2013-10-13,2013,2010s,Platform,84.37,82.53,-1.84,Within 5 points
5165,Sonic & Sega All-Stars Racing,2010-02-23,2010,2010s,Racing,73.65,76.33,2.69,Within 5 points
5166,Sonic and the Black Knight,2009-03-10,2009,2000s,Platform,58.30,57.00,-1.30,Within 5 points
5167,Sonic and the Secret Rings,2007-02-20,2007,2000s,Platform,59.65,82.00,22.35,Critics higher
5168,Sonic Riders: Zero Gravity,2008-01-08,2008,2000s,Racing,66.21,55.00,-11.21,Users higher
5169,Sonic Unleashed,2008-11-20,2008,2000s,Platform,58.69,65.83,7.14,Critics higher
5172,Space Chimps,2008-07-15,2008,2000s,Platform,60.00,40.00,-20.00,Users higher
5173,Spectrobes: Origins,2009-08-18,2009,2000s,Role-playing (RPG),69.60,60.00,-9.60,Users higher
5174,Spectrobes,2007-03-13,2007,2000s,Role-playing (RPG),59.52,63.33,3.82,Within 5 points
5175,Spectrobes: Beyond the Portals,2008-10-07,2008,2000s,Role-playing (RPG),70.00,70.00,0.00,Within 5 points
5176,Speed Racer: The Videogame,2008-05-06,2008,2000s,Racing,65.11,74.50,9.39,Critics higher
5178,Spider-Man 3,2007-05-04,2007,2000s,Platform,62.77,58.67,-4.11,Within 5 points
5179,Spider-Man: Edge of Time,2011-10-04,2011,2010s,Platform,62.88,69.67,6.79,Critics higher
5180,Spider-Man: Friend or Foe,2007-10-02,2007,2000s,Platform,57.71,55.00,-2.71,Within 5 points
5181,Spider-Man: Web of Shadows,2008-10-21,2008,2000s,Fighting,74.50,69.67,-4.84,Within 5 points
5182,The Spiderwick Chronicles,2008-02-05,2008,2000s,Adventure,50.00,69.20,19.20,Critics higher
5185,uDraw Studio,2010-11-14,2010,2010s,Simulator,66.00,88.00,22.00,Critics higher
5188,Marvel Super Hero Squad: Comic Combat,2011-11-15,2011,2010s,Fighting,75.00,90.00,15.00,Critics higher
5191,Spore Hero,2009-10-06,2009,2000s,Role-playing (RPG),58.19,70.00,11.81,Critics higher
5193,Star Trek: Conquest,2007-11-20,2007,2000s,Strategy,73.00,40.00,-33.00,Users higher
5200,Super Monkey Ball: Banana Blitz,2006-11-19,2006,2000s,Puzzle,86.27,73.00,-13.27,Users higher
5201,Super Monkey Ball: Step & Roll,2010-02-09,2010,2010s,Platform,73.00,59.33,-13.67,Users higher
5206,Spyborgs,2009-09-22,2009,2000s,Platform,70.00,50.80,-19.20,Users higher
5210,Tales of Symphonia: Dawn of the New World,2008-06-26,2008,2000s,Role-playing (RPG),66.28,65.00,-1.28,Within 5 points
5212,Tangled: The Video Game,2010-11-23,2010,2010s,Adventure,68.04,68.33,0.29,Within 5 points
5214,Teenage Mutant Ninja Turtles: Smash-Up,2009-09-22,2009,2000s,Fighting,74.78,56.00,-18.78,Users higher
5216,Tenchu: Shadow Assassins,2008-10-23,2008,2000s,Adventure,81.07,80.00,-1.07,Within 5 points
5217,Tetris Party,2008-10-14,2008,2000s,Puzzle,82.00,80.00,-2.00,Within 5 points
5219,Thor: God of Thunder,2011-04-28,2011,2010s,Adventure,50.15,51.83,1.69,Within 5 points
5220,Tiger Woods PGA Tour 07,2006-10-10,2006,2000s,Sport,70.00,75.40,5.40,Critics higher
5221,Tiger Woods PGA Tour 08,2007-08-28,2007,2000s,Simulator,79.40,75.67,-3.73,Within 5 points
5222,Tiger Woods PGA Tour 09,2008-08-26,2008,2000s,Simulator,79.71,78.86,-0.86,Within 5 points
5223,Tiger Woods PGA Tour 10,2009-06-08,2009,2000s,Simulator,80.31,75.00,-5.31,Users higher
5224,Tiger Woods PGA Tour 11,2010-06-08,2010,2010s,Simulator,70.00,84.50,14.50,Critics higher
5225,Tiger Woods PGA Tour 12,2011-03-29,2011,2010s,Simulator,73.99,75.29,1.30,Within 5 points
5226,Tiger Woods PGA Tour 13,2012-03-27,2012,2010s,Simulator,70.00,70.00,0.00,Within 5 points
5227,Tiger Woods PGA Tour 14,2013-03-26,2013,2010s,Simulator,75.00,74.29,-0.71,Within 5 points
5228,TNA Impact!,2008-09-09,2008,2000s,Fighting,52.01,53.40,1.39,Within 5 points
5231,Tony Hawk's Downhill Jam,2006-11-14,2006,2000s,Racing,54.33,60.62,6.29,Critics higher
5232,Top Spin 3,2008-06-20,2008,2000s,Simulator,71.20,70.71,-0.49,Within 5 points
5233,Top Spin 4,2011-03-15,2011,2010s,Simulator,89.09,73.75,-15.34,Users higher
5234,Top Spin,2003-10-28,2003,2000s,Simulator,72.53,80.00,7.47,Critics higher
5235,Top Spin 2,2006-03-29,2006,2000s,Simulator,75.35,77.00,1.65,Within 5 points
5237,Tornado Outbreak,2009-09-17,2009,2000s,Adventure,75.00,72.00,-3.00,Within 5 points
5240,Toy Story 3: The Video Game,2010-06-15,2010,2010s,Platform,73.10,72.50,-0.60,Within 5 points
5243,Transformers: Dark of the Moon,2011-06-14,2011,2010s,Shooter,74.93,44.00,-30.93,Users higher
5244,Transformers: The Game,2007-06-26,2007,2000s,Hack and slash/Beat 'em up,67.57,56.75,-10.82,Users higher
5246,Tron Evolution: Battle Grids,2010-11-26,2010,2010s,Adventure,79.78,73.00,-6.78,Users higher
5247,Tron,1982-08-01,1982,1980s,Shooter,66.73,46.67,-20.06,Users higher
5254,Up,2009-05-26,2009,2000s,Platform,67.16,50.00,-17.16,Users higher
5257,Virtua Tennis 2009,2009-05-28,2009,2000s,Simulator,60.67,75.00,14.33,Critics higher
5258,Virtua Tennis 4,2011-04-29,2011,2010s,Sport,86.25,68.50,-17.75,Users higher
5275,We Ski,2008-01-31,2008,2000s,Sport,75.65,63.50,-12.15,Users higher
5276,We Ski & Snowboard,2008-11-13,2008,2000s,Sport,77.00,66.00,-11.00,Users higher
5281,Wii Play: Motion,2011-06-13,2011,2010s,Sport,50.17,44.00,-6.17,Users higher
5294,WWE '12,2011-11-22,2011,2010s,Sport,78.33,75.00,-3.33,Within 5 points
5295,WWE '13,2012-10-30,2012,2010s,Fighting,74.84,73.33,-1.51,Within 5 points
5296,WWE All Stars,2011-03-29,2011,2010s,Fighting,70.47,63.33,-7.13,Users higher
5297,WWE 2K14,2013-10-29,2013,2010s,Fighting,75.80,73.11,-2.69,Within 5 points
5298,WWE SmackDown vs. Raw 2008,2007-11-09,2007,2000s,Fighting,70.88,64.17,-6.71,Users higher
5299,WWE SmackDown vs. Raw 2009,2008-11-06,2008,2000s,Fighting,70.07,65.56,-4.52,Within 5 points
5300,WWE SmackDown vs. Raw 2010,2009-10-20,2009,2000s,Fighting,67.06,65.00,-2.06,Within 5 points
5302,X-Men: Destiny,2011-09-27,2011,2010s,Role-playing (RPG),60.55,54.50,-6.05,Users higher
5304,You Don't Know Jack,2011-02-08,2011,2010s,Strategy,66.23,91.00,24.77,Critics higher
5308,Zumba Fitness World Party,2013-11-05,2013,2010s,Music,65.00,88.00,23.00,Critics higher
5310,Ben 10: Omniverse 2,2013-11-05,2013,2010s,Fighting,65.00,40.00,-25.00,Users higher
5311,F1 Race Stars,2012-11-13,2012,2010s,Racing,52.63,70.00,17.37,Critics higher
5313,Fist of the North Star: Ken's Rage 2,2012-12-20,2012,2010s,Fighting,75.00,55.33,-19.67,Users higher
5314,Hyrule Warriors,2014-08-14,2014,2010s,Strategy,73.32,74.67,1.35,Within 5 points
5319,Project Cars,2015-05-07,2015,2010s,Racing,75.55,82.14,6.59,Critics higher
5320,Rabbids Land,2012-11-18,2012,2010s,Puzzle,58.00,50.00,-8.00,Users higher
5321,Tokyo Mirage Sessions #FE,2015-12-26,2015,2010s,Music,74.25,82.06,7.80,Critics higher
5323,Tank! Tank! Tank!,2009-10-15,2009,2000s,Simulator,61.00,51.33,-9.67,Users higher
5324,Warriors Orochi 3,2011-12-22,2011,2010s,Hack and slash/Beat 'em up,69.97,72.00,2.03,Within 5 points
5325,Wii Fit U,2013-11-01,2013,2010s,Simulator,68.43,65.00,-3.43,Within 5 points
5326,Your Shape: Fitness Evolved,2010-11-04,2010,2010s,Sport,75.00,78.00,3.00,Within 5 points
5327,Mighty No. 9,2016-06-21,2016,2010s,Shooter,57.31,52.35,-4.96,Within 5 points
5329,NBA 2K14,2013-10-01,2013,2010s,Sport,75.96,79.75,3.79,Within 5 points
5331,Powerstar Golf,2013-11-22,2013,2010s,Sport,70.00,72.50,2.50,Within 5 points
5333,Strider,2014-02-18,2014,2010s,Platform,72.47,78.06,5.60,Critics higher
5335,Goat Simulator,2014-04-01,2014,2010s,Simulator,54.21,52.09,-2.12,Within 5 points
5336,Super Time Force,2014-05-14,2014,2010s,Shooter,79.56,81.36,1.80,Within 5 points
5378,Ecco the Dolphin,1992-12-23,1992,1990s,Adventure,73.60,30.00,-43.60,Users higher
5385,Fatal Fury Special,1993-09-16,1993,1990s,Fighting,72.05,70.00,-2.05,Within 5 points
5408,The Book of Unwritten Tales,2009-04-02,2009,2000s,Point-and-click,80.59,50.00,-30.59,Users higher
5410,Pitfall: The Mayan Adventure,1994-11-01,1994,1990s,Platform,73.22,50.00,-23.22,Users higher
5413,Twisted Metal: Black,2001-06-18,2001,2000s,Shooter,81.01,90.00,8.99,Critics higher
5414,Twisted Metal: Head-On,2005-03-24,2005,2000s,Shooter,66.24,71.67,5.43,Critics higher
5416,Twisted Metal,2012-02-14,2012,2010s,Shooter,61.48,81.25,19.77,Critics higher
5418,Super Mario RPG: Legend of the Seven Stars,1996-03-09,1996,1990s,Role-playing (RPG),86.73,90.00,3.27,Within 5 points
5422,Radiant Silvergun,1998-05-28,1998,1990s,Shooter,88.94,85.00,-3.94,Within 5 points
5433,Sengoku,1991-01-12,1991,1990s,Fighting,60.43,71.00,10.57,Critics higher
5434,Shadow of the Beast,1989-10-01,1989,1980s,Platform,70.33,62.50,-7.83,Users higher
5440,Kirby Triple Deluxe,2014-01-11,2014,2010s,Platform,80.78,78.55,-2.23,Within 5 points
5441,Aerena: Clash of Champions,2013-10-18,2013,2010s,Strategy,59.98,90.00,30.02,Critics higher
5442,Dracula: Origin,2008-06-02,2008,2000s,Point-and-click,77.96,60.00,-17.96,Users higher
5444,PixelJunk Monsters,2007-12-06,2007,2000s,Puzzle,51.16,82.50,31.34,Critics higher
5445,Q.U.B.E.,2011-12-17,2011,2010s,Platform,70.07,67.50,-2.57,Within 5 points
5446,Sang-Froid: Tales of Werewolves,2013-04-05,2013,2010s,Role-playing (RPG),74.24,90.00,15.76,Critics higher
5452,Sonic CD,1993-09-23,1993,1990s,Platform,73.90,85.33,11.43,Critics higher
5471,2014 FIFA World Cup Brazil,2014-04-15,2014,2010s,Sport,67.66,76.25,8.59,Critics higher
5472,50 Cent: Blood on the Sand,2009-02-20,2009,2000s,Shooter,60.62,61.25,0.63,Within 5 points
5474,2006 FIFA World Cup,2006-04-24,2006,2000s,Sport,69.68,85.00,15.32,Critics higher
5476,Ace Combat 6: Fires of Liberation,2007-10-23,2007,2000s,Simulator,83.32,82.50,-0.82,Within 5 points
5478,Afro Samurai,2009-01-27,2009,2000s,Hack and slash/Beat 'em up,72.78,62.80,-9.98,Users higher
5479,Akai Katana,2010-08-19,2010,2010s,Shooter,75.00,60.00,-15.00,Users higher
5481,All-Pro Football 2K8,2007-07-16,2007,2000s,Sport,70.21,67.50,-2.71,Within 5 points
5482,America's Army: True Soldiers,2007-11-15,2007,2000s,Shooter,70.00,30.00,-40.00,Users higher
5483,Amped 3,2005-11-22,2005,2000s,Sport,71.21,70.00,-1.21,Within 5 points
5485,Anarchy Reigns,2012-07-05,2012,2010s,Fighting,67.09,77.86,10.76,Critics higher
5489,Game of Thrones,2012-05-15,2012,2010s,Role-playing (RPG),63.88,57.14,-6.74,Users higher
5491,Armored Core 4,2006-12-21,2006,2000s,Fighting,73.21,67.00,-6.21,Users higher
5492,Armored Core V,2012-01-26,2012,2010s,Shooter,80.00,75.00,-5.00,Within 5 points
5493,Armored Core: For Answer,2008-03-19,2008,2000s,Shooter,87.71,74.00,-13.71,Users higher
5494,Armored Core: Verdict Day,2013-09-24,2013,2010s,Fighting,75.00,72.40,-2.60,Within 5 points
5495,Asura's Wrath,2012-02-21,2012,2010s,Hack and slash/Beat 'em up,79.56,74.88,-4.69,Within 5 points
5496,Backbreaker,2009-09-29,2009,2000s,Sport,80.00,57.00,-23.00,Users higher
5497,Baja: Edge of Control,2008-09-22,2008,2000s,Racing,80.00,55.00,-25.00,Users higher
5498,BandFuse: Rock Legends,2013-11-19,2013,2010s,Music,80.00,80.00,0.00,Within 5 points
5499,Battle Fantasia,2007-04-26,2007,2000s,Fighting,75.00,76.00,1.00,Within 5 points
5503,Batman: Arkham Knight,2015-06-23,2015,2010s,Hack and slash/Beat 'em up,85.03,91.81,6.78,Critics higher
5506,Democracy 3,2013-10-14,2013,2010s,Simulator,78.45,66.50,-11.95,Users higher
5508,The Banner Saga,2014-01-14,2014,2010s,Role-playing (RPG),85.07,81.93,-3.14,Within 5 points
5509,Mystery Case Files: Huntsville,2005-01-01,2005,2000s,Point-and-click,61.21,70.00,8.79,Critics higher
5521,Democracy 2,2007-12-07,2007,2000s,Simulator,50.00,70.00,20.00,Critics higher
5522,Blackguards,2014-01-24,2014,2010s,Role-playing (RPG),64.11,67.40,3.29,Within 5 points
5523,Reus,2013-05-16,2013,2010s,Puzzle,63.30,75.00,11.70,Critics higher
5527,Warhammer: Shadow of the Horned Rat,1995-11-01,1995,1990s,Real Time Strategy (RTS),70.01,68.00,-2.01,Within 5 points
5540,Moebius: Empire Rising,2014-04-15,2014,2010s,Point-and-click,79.96,50.00,-29.96,Users higher
5541,Sherlock Holmes: Crimes & Punishments,2014-09-29,2014,2010s,Puzzle,79.65,74.71,-4.93,Within 5 points
5542,Tesla Effect: A Tex Murphy Adventure,2014-05-08,2014,2010s,Puzzle,79.09,68.50,-10.59,Users higher
5550,Tactics Ogre: Let Us Cling Together,1995-10-06,1995,1990s,Role-playing (RPG),89.95,92.00,2.05,Within 5 points
5551,Nidhogg,2014-01-13,2014,2010s,Fighting,77.10,83.50,6.40,Critics higher
5561,Vandal Hearts,1996-10-25,1996,1990s,Role-playing (RPG),89.62,80.00,-9.62,Users higher
5563,IL-2 Sturmovik: 1946,2006-12-07,2006,2000s,Shooter,93.39,90.00,-3.39,Within 5 points
5565,Golden Axe,1989-01-27,1989,1980s,Hack and slash/Beat 'em up,75.00,65.00,-10.00,Users higher
5567,Hitman: Sniper Challenge,2012-05-15,2012,2010s,Shooter,61.55,81.67,20.11,Critics higher
5571,Age of Empires: Online,2011-08-16,2011,2010s,Real Time Strategy (RTS),69.32,68.75,-0.57,Within 5 points
5572,Men of War: Assault Squad 2,2014-03-20,2014,2010s,Real Time Strategy (RTS),79.97,75.00,-4.97,Within 5 points
5574,7 Days to Die,2024-07-25,2024,2020s,Shooter,71.92,36.12,-35.79,Users higher
5583,Earth Defense Force 2017,2006-12-14,2006,2000s,Shooter,69.98,73.33,3.35,Within 5 points
5584,Earth Defense Force: Insect Armageddon,2011-07-05,2011,2010s,Shooter,69.96,70.00,0.04,Within 5 points
5585,Earth Defense Force 2025,2013-07-04,2013,2010s,Shooter,79.92,73.40,-6.52,Users higher
5586,F1 2013,2013-10-04,2013,2010s,Racing,76.60,78.80,2.20,Within 5 points
5587,World of Warships,2015-09-17,2015,2010s,Shooter,71.10,82.40,11.30,Critics higher
5590,Pixel Piracy,2013-11-12,2013,2010s,Platform,78.79,50.00,-28.79,Users higher
5591,Deus Ex: The Fall,2013-07-10,2013,2010s,Shooter,47.03,59.00,11.97,Critics higher
5592,Bit.Trip Presents... Runner2: Future Legend of Rhythm Alien,2013-02-26,2013,2010s,Music,73.29,77.91,4.62,Within 5 points
5596,Wrack,2014-09-30,2014,2010s,Shooter,60.00,80.00,20.00,Critics higher
5597,Assetto Corsa,2014-12-19,2014,2010s,Racing,77.83,63.70,-14.13,Users higher
5598,Super Sanctum TD,2013-05-09,2013,2010s,Real Time Strategy (RTS),70.17,90.00,19.83,Critics higher
5601,The Witness,2016-01-26,2016,2010s,Puzzle,82.93,88.33,5.40,Critics higher
5602,Overgrowth,2017-10-16,2017,2010s,Fighting,51.57,50.80,-0.77,Within 5 points
5605,Hover: Revolt of Gamers,2017-05-31,2017,2010s,Platform,67.47,51.67,-15.81,Users higher
5606,Assassin's Creed Unity,2014-11-11,2014,2010s,Role-playing (RPG),71.52,70.93,-0.59,Within 5 points
5607,Smite,2014-03-25,2014,2010s,Role-playing (RPG),68.86,78.00,9.14,Critics higher
5614,Kentucky Route Zero,2013-01-07,2013,2010s,Point-and-click,71.43,88.00,16.57,Critics higher
5615,Sacred 3,2014-08-01,2014,2010s,Role-playing (RPG),58.99,41.43,-17.56,Users higher
5617,Yaiba: Ninja Gaiden Z,2014-03-18,2014,2010s,Hack and slash/Beat 'em up,65.08,46.42,-18.67,Users higher
5618,Hell Yeah! Wrath of the Dead Rabbit,2012-09-25,2012,2010s,Platform,66.36,73.67,7.31,Critics higher
5619,Demon's Souls,2009-02-05,2009,2000s,Role-playing (RPG),84.97,88.25,3.28,Within 5 points
5622,Anachronox,2001-06-27,2001,2000s,Puzzle,77.27,70.00,-7.27,Users higher
5623,Severance: Blade of Darkness,2001-02-21,2001,2000s,Fighting,87.39,90.00,2.61,Within 5 points
5626,Forced,2013-10-24,2013,2010s,Role-playing (RPG),86.35,78.75,-7.60,Users higher
5628,Luftrausers,2014-03-18,2014,2010s,Simulator,78.84,80.45,1.62,Within 5 points
5629,Dungeons & Dragons Online,2006-02-28,2006,2000s,Role-playing (RPG),71.49,83.33,11.84,Critics higher
5634,Conflict: Denied Ops,2008-02-08,2008,2000s,Shooter,53.68,56.25,2.57,Within 5 points
5635,Ridiculous Fishing,2013-03-14,2013,2010s,Sport,77.44,80.00,2.56,Within 5 points
5637,Costume Quest,2010-10-19,2010,2010s,Role-playing (RPG),76.03,80.00,3.97,Within 5 points
5638,Costume Quest 2,2014-10-07,2014,2010s,Role-playing (RPG),71.15,65.00,-6.15,Users higher
5639,Ether One,2014-03-25,2014,2010s,Puzzle,63.65,82.00,18.35,Critics higher
5641,Might & Magic X: Legacy,2014-01-23,2014,2010s,Puzzle,85.60,70.00,-15.60,Users higher
5643,BlazBlue: Chrono Phantasma,2012-11-21,2012,2010s,Fighting,76.16,80.00,3.84,Within 5 points
5645,Bullet Soul Infinite Burst,2014-04-24,2014,2010s,Shooter,85.00,77.00,-8.00,Users higher
5647,Enemy Front,2014-06-10,2014,2010s,Shooter,56.55,33.33,-23.22,Users higher
5648,Too Human,2008-08-19,2008,2000s,Shooter,51.32,60.00,8.68,Critics higher
5649,Blood Bowl,2009-06-26,2009,2000s,Real Time Strategy (RTS),80.83,45.00,-35.83,Users higher
5650,Persona 4 Arena,2012-03-01,2012,2010s,Fighting,71.15,88.12,16.98,Critics higher
5652,Age of Wonders III,2014-03-31,2014,2010s,Role-playing (RPG),61.07,79.60,18.53,Critics higher
5657,Astrosmash,1981-10-15,1981,1980s,Shooter,77.39,80.00,2.61,Within 5 points
5668,Commando,1985-04-02,1985,1980s,Shooter,71.74,80.00,8.26,Critics higher
5679,Theatrhythm Final Fantasy: Curtain Call,2014-04-24,2014,2010s,Music,82.42,80.57,-1.84,Within 5 points
5691,Pole Position,1982-09-16,1982,1980s,Racing,72.73,60.00,-12.73,Users higher
5712,Mario Tennis Open,2012-05-20,2012,2010s,Sport,60.09,61.80,1.71,Within 5 points
5714,25 To Life,2006-01-17,2006,2000s,Shooter,47.57,100.00,52.43,Critics higher
5715,4x4 EVO 2,2001-10-30,2001,2000s,Racing,75.19,46.00,-29.19,Users higher
5716,Advent Rising,2005-05-31,2005,2000s,Shooter,79.62,68.75,-10.87,Users higher
5720,Aliens Versus Predator: Extinction,2003-07-30,2003,2000s,Real Time Strategy (RTS),68.86,56.00,-12.86,Users higher
5729,Area 51,2005-04-25,2005,2000s,Shooter,72.55,76.67,4.11,Within 5 points
5730,BlackSite: Area 51,2007-11-12,2007,2000s,Shooter,61.23,58.00,-3.23,Within 5 points
5736,Bad Boys: Miami Takedown,2004-02-25,2004,2000s,Shooter,56.40,51.00,-5.40,Users higher
5739,Batman: Rise of Sin Tzu,2003-10-16,2003,2000s,Hack and slash/Beat 'em up,39.71,67.33,27.62,Critics higher
5740,Batman: Vengeance,2001-10-23,2001,2000s,Adventure,66.57,68.00,1.43,Within 5 points
5741,Battle Engine Aquila,2003-01-20,2003,2000s,Shooter,84.66,80.00,-4.66,Within 5 points
5749,Black,2006-02-24,2006,2000s,Shooter,78.42,70.75,-7.67,Users higher
5751,Blinx: The Time Sweeper,2002-10-07,2002,2000s,Platform,31.98,60.00,28.02,Critics higher
5753,Blitz: The League,2005-10-17,2005,2000s,Sport,69.97,70.00,0.03,Within 5 points
5756,Breakdown,2004-01-29,2004,2000s,Shooter,67.12,58.00,-9.12,Users higher
5759,Brute Force,2003-05-27,2003,2000s,Shooter,69.00,78.00,9.00,Critics higher
5760,Buffy the Vampire Slayer,2002-08-18,2002,2000s,Hack and slash/Beat 'em up,74.48,59.00,-15.48,Users higher
5761,Burnout 3: Takedown,2004-09-03,2004,2000s,Racing,82.88,93.00,10.12,Critics higher
5768,Celebrity Deathmatch,2003-10-14,2003,2000s,Fighting,42.62,59.00,16.38,Critics higher
5769,Championship Manager: Season 01/02,2001-10-12,2001,2000s,Simulator,84.05,90.00,5.95,Critics higher
5771,Championship Manager 2006,2006-03-31,2006,2000s,Simulator,69.76,50.00,-19.76,Users higher
5772,SteamWorld Dig,2013-08-07,2013,2010s,Platform,73.42,81.12,7.70,Critics higher
5778,Lucius,2012-10-26,2012,2010s,Puzzle,58.81,45.00,-13.81,Users higher
5780,Cold Fear,2005-03-15,2005,2000s,Shooter,70.65,67.33,-3.32,Within 5 points
5781,Cold War,2005-09-27,2005,2000s,Shooter,50.00,56.00,6.00,Critics higher
5783,College Hoops 2K7,2006-11-21,2006,2000s,Sport,70.00,75.00,5.00,Within 5 points
5785,Conflict: Global Terror,2005-09-30,2005,2000s,Shooter,70.76,60.00,-10.76,Users higher
5786,Conflict: Vietnam,2004-09-03,2004,2000s,Shooter,67.70,60.00,-7.70,Users higher
5787,Constantine,2005-02-14,2005,2000s,Shooter,74.69,50.00,-24.69,Users higher
5788,Corvette,2003-12-10,2003,2000s,Racing,50.04,50.00,-0.04,Within 5 points
5790,Cricket 2005,2005-07-01,2005,2000s,Sport,50.17,30.00,-20.17,Users higher
5791,Crime Life: Gang Wars,2005-11-11,2005,2000s,Shooter,59.75,45.00,-14.75,Users higher
5793,Crimson Skies: High Road to Revenge,2003-10-21,2003,2000s,Simulator,77.75,94.00,16.25,Critics higher
5795,CSI: Crime Scene Investigation,2003-03-26,2003,2000s,Puzzle,73.55,80.00,6.45,Critics higher
5796,Curse: The Eye of Isis,2003-10-21,2003,2000s,Adventure,70.00,64.50,-5.50,Users higher
5797,The Da Vinci Code,2006-05-19,2006,2000s,Puzzle,65.34,60.33,-5.00,Users higher
5807,Cabela's Dangerous Hunts 2013,2012-10-23,2012,2010s,Shooter,70.00,65.00,-5.00,Within 5 points
5808,Darkwatch,2005-08-16,2005,2000s,Shooter,77.67,69.00,-8.67,Users higher
5810,Dead to Rights II,2005-04-12,2005,2000s,Shooter,66.60,65.00,-1.60,Within 5 points
5812,Delta Force: Black Hawk Down,2003-03-23,2003,2000s,Shooter,72.48,68.25,-4.23,Within 5 points
5816,Mashed: Drive to Survive,2004-06-18,2004,2000s,Racing,70.43,70.00,-0.43,Within 5 points
5817,Driv3r,2004-06-21,2004,2000s,Shooter,53.87,51.00,-2.87,Within 5 points
5819,Dungeons & Dragons: Heroes,2003-09-17,2003,2000s,Role-playing (RPG),70.00,60.00,-10.00,Users higher
5820,Dynasty Warriors 5,2005-02-24,2005,2000s,Tactical,71.67,63.33,-8.33,Users higher
5821,Eragon,2006-11-14,2006,2000s,Hack and slash/Beat 'em up,47.80,54.12,6.32,Critics higher
5822,Futurama,2003-08-01,2003,2000s,Platform,65.26,50.00,-15.26,Users higher
5828,Evil Dead: Regeneration,2005-09-13,2005,2000s,Hack and slash/Beat 'em up,74.97,65.00,-9.97,Users higher
5830,F1 Career Challenge,2003-06-24,2003,2000s,Racing,48.00,63.00,15.00,Critics higher
5832,FIFA Street,2005-02-22,2005,2000s,Sport,76.63,73.27,-3.36,Within 5 points
5833,FIFA Street 2,2006-02-28,2006,2000s,Sport,71.93,52.50,-19.43,Users higher
5835,Fight Night 2004,2004-01-19,2004,2000s,Fighting,81.92,84.50,2.58,Within 5 points
5836,Fight Night Round 3,2006-02-20,2006,2000s,Fighting,63.77,84.00,20.23,Critics higher
5839,Forgotten Realms: Demon Stone,2004-09-14,2004,2000s,Role-playing (RPG),62.80,62.00,-0.80,Within 5 points
5840,Full Spectrum Warrior,2004-06-01,2004,2000s,Shooter,76.80,81.33,4.54,Within 5 points
5841,Full Spectrum Warrior: Ten Hammers,2006-03-27,2006,2000s,Real Time Strategy (RTS),79.89,65.00,-14.89,Users higher
5844,Gauntlet: Seven Sorrows,2005-12-12,2005,2000s,Hack and slash/Beat 'em up,68.35,57.50,-10.85,Users higher
5845,Onimusha: Warlords,2001-01-25,2001,2000s,Hack and slash/Beat 'em up,80.88,70.00,-10.88,Users higher
5846,Gladiator: Sword of Vengeance,2003-11-05,2003,2000s,Fighting,61.47,79.00,17.53,Critics higher
5849,Grabbed by the Ghoulies,2003-10-21,2003,2000s,Platform,63.37,75.00,11.63,Critics higher
5858,Gun Metal,2002-11-30,2002,2000s,Shooter,80.00,75.00,-5.00,Within 5 points
5867,Jade Empire,2005-04-12,2005,2000s,Role-playing (RPG),78.82,82.50,3.68,Within 5 points
5870,Juiced,2005-06-13,2005,2000s,Racing,62.92,68.75,5.83,Critics higher
5871,Jurassic Park: Operation Genesis,2003-03-10,2003,2000s,Simulator,72.19,74.00,1.81,Within 5 points
5872,Justice League Heroes,2006-10-17,2006,2000s,Role-playing (RPG),79.98,60.00,-19.98,Users higher
5881,Kill.Switch,2003-10-28,2003,2000s,Shooter,75.79,75.00,-0.79,Within 5 points
5882,Kingdom Under Fire: Heroes,2005-09-20,2005,2000s,Real Time Strategy (RTS),82.91,82.33,-0.58,Within 5 points
5883,Kingdom Under Fire: The Crusaders,2004-10-12,2004,2000s,Real Time Strategy (RTS),63.35,89.00,25.65,Critics higher
5892,The Swapper,2013-05-30,2013,2010s,Platform,79.57,88.00,8.43,Critics higher
5893,Tales from Space: Mutant Blobs Attack,2012-02-21,2012,2010s,Platform,80.77,82.67,1.90,Within 5 points
5895,Foul Play,2013-09-18,2013,2010s,Fighting,62.50,64.00,1.50,Within 5 points
5896,The King of Fighters Neowave,2004-07-27,2004,2000s,Fighting,60.08,55.00,-5.08,Users higher
5898,Kung Fu Chaos,2003-02-25,2003,2000s,Fighting,76.32,81.50,5.18,Critics higher
5899,L.A. Rush,2005-10-10,2005,2000s,Racing,60.01,57.50,-2.51,Within 5 points
5906,Madden NFL 06,2005-08-08,2005,2000s,Simulator,79.23,78.40,-0.83,Within 5 points
5907,Magic: The Gathering - Battlegrounds,2003-11-18,2003,2000s,Fighting,55.45,79.50,24.05,Critics higher
5909,Marc Ecko's Getting Up: Contents Under Pressure,2006-02-14,2006,2000s,Racing,70.40,61.50,-8.90,Users higher
5910,MechAssault,2002-11-15,2002,2000s,Shooter,79.88,90.00,10.12,Critics higher
5911,MechAssault 2: Lone Wolf,2004-12-28,2004,2000s,Shooter,93.37,73.67,-19.71,Users higher
5913,Men of Valor,2004-10-19,2004,2000s,Shooter,59.44,65.00,5.56,Critics higher
5922,The Ship: Murder Party,2006-07-11,2006,2000s,Shooter,60.66,79.50,18.84,Critics higher
5928,Midnight Club 3: DUB Edition,2005-04-12,2005,2000s,Racing,68.08,75.20,7.12,Critics higher
5929,Midtown Madness 3,2003-06-17,2003,2000s,Racing,76.51,85.00,8.49,Critics higher
5930,Midtown Madness 2,2000-09-22,2000,2000s,Racing,65.98,90.00,24.02,Critics higher
5933,MotoGP 2,2003-05-16,2003,2000s,Racing,76.11,82.00,5.89,Critics higher
5941,ObsCure,2004-10-01,2004,2000s,Adventure,74.71,72.25,-2.46,Within 5 points
5942,Happy Tree Friends: False Alarm,2008-06-25,2008,2000s,Puzzle,63.10,20.00,-43.10,Users higher
5948,NBA Ballers,2004-04-05,2004,2000s,Sport,70.65,83.00,12.35,Critics higher
5951,NBA Live 07,2006-09-25,2006,2000s,Simulator,79.32,51.25,-28.07,Users higher
5953,NCAA Football 07,2006-07-18,2006,2000s,Simulator,85.00,85.25,0.25,Within 5 points
5954,NCAA Football 08,2007-07-17,2007,2000s,Sport,85.00,87.50,2.50,Within 5 points
5956,NCAA Football 2004,2003-07-16,2003,2000s,Sport,78.16,84.67,6.50,Critics higher
5957,NCAA Football 2005,2004-07-15,2004,2000s,Sport,46.00,81.75,35.75,Critics higher
5964,NHL 07,2006-09-12,2006,2000s,Simulator,64.97,73.80,8.83,Critics higher
5965,NHL 2K6,2005-09-07,2005,2000s,Sport,69.03,71.67,2.63,Within 5 points
5966,NHL 2K7,2006-09-12,2006,2000s,Sport,65.00,76.67,11.67,Critics higher
5968,Double Dragon Neon,2012-09-11,2012,2010s,Fighting,77.02,75.50,-1.52,Within 5 points
5969,Rochard,2011-09-27,2011,2010s,Platform,64.41,73.75,9.34,Critics higher
5971,Shadows of the Damned,2011-06-21,2011,2010s,Shooter,76.12,82.67,6.55,Critics higher
5972,Ninja Gaiden,2004-03-02,2004,2000s,Hack and slash/Beat 'em up,82.35,92.50,10.15,Critics higher
5973,Broforce,2015-10-15,2015,2010s,Shooter,75.82,72.00,-3.82,Within 5 points
5975,Otogi: Myth of Demons,2002-12-12,2002,2000s,Hack and slash/Beat 'em up,86.92,77.00,-9.92,Users higher
5979,Pariah,2005-05-03,2005,2000s,Shooter,64.23,65.75,1.52,Within 5 points
5982,Pirates of the Caribbean,2003-07-01,2003,2000s,Role-playing (RPG),80.97,49.33,-31.64,Users higher
5987,Viewtiful Joe: Double Trouble!,2005-11-02,2005,2000s,Platform,78.09,75.00,-3.09,Within 5 points
5988,Dungeon Siege III,2011-06-16,2011,2010s,Role-playing (RPG),69.56,76.17,6.60,Critics higher
5990,Prisoner of War,2002-12-31,2002,2000s,Adventure,40.25,70.00,29.75,Critics higher
5991,Project: Snowblind,2005-02-23,2005,2000s,Shooter,62.31,72.50,10.19,Critics higher
5992,Psi-Ops: The Mindgate Conspiracy,2004-06-14,2004,2000s,Shooter,65.41,83.00,17.59,Critics higher
6000,Red Ninja: End of Honor,2005-03-03,2005,2000s,Adventure,66.85,58.00,-8.85,Users higher
6003,Reservoir Dogs,2006-08-25,2006,2000s,Shooter,61.92,65.00,3.08,Within 5 points
6004,Richard Burns Rally,2004-07-09,2004,2000s,Racing,76.39,70.00,-6.39,Users higher
6005,Kingdom Rush,2011-12-19,2011,2010s,Real Time Strategy (RTS),73.70,75.00,1.30,Within 5 points
6006,Kingdom Rush Frontiers,2013-06-06,2013,2010s,Real Time Strategy (RTS),73.76,80.00,6.24,Critics higher
6007,Resogun,2013-11-15,2013,2010s,Shooter,82.94,85.91,2.97,Within 5 points
6008,Zen Pinball 2,2012-07-20,2012,2010s,Simulator,77.00,70.00,-7.00,Users higher
6016,Rocky Legends,2004-09-28,2004,2000s,Fighting,63.26,70.00,6.74,Critics higher
6026,Samurai Shodown V,2003-10-10,2003,2000s,Fighting,73.32,57.00,-16.32,Users higher
6027,Samurai Warriors,2004-02-11,2004,2000s,Hack and slash/Beat 'em up,73.91,72.25,-1.66,Within 5 points
6030,The Warriors,2005-10-17,2005,2000s,Fighting,83.35,82.33,-1.02,Within 5 points
6032,Borderlands: The Pre-Sequel,2014-10-14,2014,2010s,Shooter,72.23,75.47,3.24,Within 5 points
6038,Sid Meier's Civilization: Beyond Earth,2014-10-24,2014,2010s,Simulator,70.52,82.45,11.94,Critics higher
6041,Shade: Wrath of Angels,2004-10-01,2004,2000s,Shooter,73.90,40.00,-33.90,Users higher
6043,Shadow Ops: Red Mercury,2004-06-15,2004,2000s,Shooter,60.03,56.50,-3.53,Within 5 points
6044,"Invisible, Inc.",2015-05-12,2015,2010s,Strategy,76.28,85.60,9.32,Critics higher
6045,Not a Hero,2015-05-14,2015,2010s,Shooter,69.70,70.09,0.39,Within 5 points
6046,Shattered Union,2005-10-17,2005,2000s,Strategy,50.00,69.67,19.67,Critics higher
6054,Ghostbusters,1984-10-26,1984,1980s,Arcade,71.76,80.00,8.24,Critics higher
6057,Shadow Warrior,2013-09-26,2013,2010s,Shooter,77.28,70.62,-6.65,Users higher
6059,Blood Bowl 2,2015-09-22,2015,2010s,Role-playing (RPG),78.07,68.50,-9.57,Users higher
6060,Freedom Wars,2014-06-26,2014,2010s,Shooter,73.23,74.40,1.17,Within 5 points
6062,24: The Game,2006-02-28,2006,2000s,Shooter,60.00,65.00,5.00,Within 5 points
6063,Ape Escape 2,2002-07-18,2002,2000s,Platform,82.52,77.67,-4.85,Within 5 points
6064,Ape Escape 3,2005-07-14,2005,2000s,Platform,78.62,63.33,-15.29,Users higher
6066,Severed,2016-04-26,2016,2010s,Role-playing (RPG),75.28,83.93,8.65,Critics higher
6072,Styx: Master of Shadows,2014-10-07,2014,2010s,Role-playing (RPG),72.02,74.22,2.20,Within 5 points
6073,Hitman Go,2014-04-17,2014,2010s,Puzzle,73.85,74.88,1.02,Within 5 points
6074,The Incredible Adventures of Van Helsing II,2014-05-22,2014,2010s,Role-playing (RPG),62.55,73.75,11.20,Critics higher
6075,1942,1984-11-30,1984,1980s,Shooter,67.75,80.00,12.25,Critics higher
6080,PaRappa the Rapper,1996-12-06,1996,1990s,Music,81.24,67.67,-13.57,Users higher
6081,Um Jammer Lammy,1999-03-18,1999,1990s,Music,71.38,84.00,12.62,Critics higher
6082,PaRappa the Rapper 2,2001-08-30,2001,2000s,Music,76.15,66.00,-10.15,Users higher
6100,Bomb Jack,1984-12-31,1984,1980s,Platform,61.87,80.00,18.13,Critics higher
6112,H.E.R.O.,1984-03-30,1984,1980s,Platform,79.82,65.00,-14.82,Users higher
6142,Risen 3: Titan Lords,2014-08-12,2014,2010s,Role-playing (RPG),69.86,50.71,-19.14,Users higher
6146,Stranglehold,2007-09-07,2007,2000s,Shooter,73.50,80.25,6.75,Critics higher
6147,Mercenary Kings,2014-03-25,2014,2010s,Shooter,69.12,75.00,5.88,Critics higher
6149,Splashdown,2001-11-05,2001,2000s,Racing,70.00,70.50,0.50,Within 5 points
6159,Star Wars: Episode III - Revenge of the Sith,2005-05-05,2005,2000s,Hack and slash/Beat 'em up,64.33,64.33,0.01,Within 5 points
6160,Star Wars: Jedi Starfighter,2002-03-10,2002,2000s,Simulator,61.67,76.67,15.00,Critics higher
6161,State of Emergency,2002-02-12,2002,2000s,Hack and slash/Beat 'em up,54.92,66.67,11.75,Critics higher
6164,The Testament of Sherlock Holmes,2012-09-25,2012,2010s,Point-and-click,76.94,76.00,-0.94,Within 5 points
6168,Insanely Twisted Shadow Planet,2011-08-03,2011,2010s,Shooter,71.20,75.67,4.47,Within 5 points
6171,Year Walk,2013-02-21,2013,2010s,Point-and-click,74.50,86.67,12.17,Critics higher
6175,Still Life,2005-04-15,2005,2000s,Point-and-click,73.40,68.33,-5.07,Users higher
6179,Sudeki,2004-07-20,2004,2000s,Role-playing (RPG),76.91,66.25,-10.66,Users higher
6180,The Suffering,2004-03-09,2004,2000s,Shooter,76.92,81.50,4.58,Within 5 points
6181,The Suffering: Ties That Bind,2005-09-26,2005,2000s,Shooter,68.47,72.00,3.53,Within 5 points
6182,Superman Returns: The Videogame,2006-11-22,2006,2000s,Hack and slash/Beat 'em up,30.15,60.00,29.85,Critics higher
6184,SNK vs. Capcom: SVC Chaos,2003-07-24,2003,2000s,Fighting,70.13,68.00,-2.13,Within 5 points
6188,H1Z1,2015-01-15,2015,2010s,Shooter,53.81,65.00,11.19,Critics higher
6189,Cave Story,2004-12-20,2004,2000s,Shooter,83.91,83.00,-0.91,Within 5 points
6194,Tenchu: Wrath of Heaven,2003-03-03,2003,2000s,Adventure,83.42,80.00,-3.42,Within 5 points
6199,The Thing,2002-08-20,2002,2000s,Shooter,73.15,68.50,-4.65,Within 5 points
6200,The Nightmare Before Christmas: Oogie's Revenge,2004-10-21,2004,2000s,Music,69.26,55.00,-14.26,Users higher
6201,TOCA Race Driver 2,2004-04-13,2004,2000s,Racing,71.71,85.00,13.29,Critics higher
6203,Burnout Dominator,2007-03-06,2007,2000s,Racing,74.06,80.00,5.94,Critics higher
6204,Tony Hawk's Project 8,2006-11-07,2006,2000s,Racing,71.02,74.33,3.31,Within 5 points
6213,Total Overdose,2005-09-16,2005,2000s,Shooter,70.25,66.33,-3.92,Within 5 points
6217,Tron 2.0,2003-08-26,2003,2000s,Shooter,77.70,74.40,-3.30,Within 5 points
6220,Unreal Championship,2002-09-24,2002,2000s,Shooter,79.96,80.00,0.04,Within 5 points
6221,Unreal Championship 2: The Liandri Conflict,2005-04-18,2005,2000s,Shooter,78.03,80.00,1.97,Within 5 points
6222,Unreal II: The Awakening,2003-02-03,2003,2000s,Shooter,66.16,60.50,-5.66,Users higher
6223,Urban Chaos: Riot Response,2006-05-19,2006,2000s,Shooter,64.59,70.00,5.41,Critics higher
6226,Van Helsing,2004-04-27,2004,2000s,Shooter,65.63,51.67,-13.96,Users higher
6244,Worms 4: Mayhem,2005-07-29,2005,2000s,Strategy,61.35,60.00,-1.35,Within 5 points
6245,Worms Forts: Under Siege,2004-11-19,2004,2000s,Strategy,73.55,40.00,-33.55,Users higher
6246,Bit.Trip Runner,2010-05-14,2010,2010s,Music,73.71,80.00,6.29,Critics higher
6247,Trine,2009-07-03,2009,2000s,Platform,76.28,85.43,9.15,Critics higher
6250,Trine 2,2011-12-07,2011,2010s,Platform,76.60,85.00,8.40,Critics higher
6253,"Time Gentlemen, Please!",2009-06-22,2009,2000s,Point-and-click,73.58,90.00,16.42,Critics higher
6255,Yager,2003-05-23,2003,2000s,Shooter,78.26,70.00,-8.26,Users higher
6256,Gratuitous Space Battles,2009-11-16,2009,2000s,Real Time Strategy (RTS),91.65,64.50,-27.15,Users higher
6258,The Guild 2,2006-09-29,2006,2000s,Real Time Strategy (RTS),79.55,68.00,-11.55,Users higher
6260,Asphalt: Urban GT,2004-11-15,2004,2000s,Racing,79.20,30.00,-49.20,Users higher
6261,Asphalt: Urban GT 2,2005-11-30,2005,2000s,Racing,60.79,40.00,-20.79,Users higher
6268,Pandemonium!,1996-11-05,1996,1990s,Platform,70.55,68.00,-2.55,Within 5 points
6273,Red Faction,2001-05-22,2001,2000s,Shooter,73.64,70.00,-3.64,Within 5 points
6278,Jamestown: Legend of the Lost Colony,2011-06-08,2011,2010s,Shooter,78.40,78.00,-0.40,Within 5 points
6279,Device 6,2013-10-17,2013,2010s,Puzzle,88.05,90.00,1.95,Within 5 points
6281,1000 Amps,2012-02-22,2012,2010s,Platform,80.00,72.00,-8.00,Users higher
6283,Sonic Advance,2001-12-20,2001,2000s,Platform,70.86,79.00,8.14,Critics higher
6285,Spider-Man 2,2004-06-28,2004,2000s,Hack and slash/Beat 'em up,76.57,68.33,-8.24,Users higher
6286,AaaaaAAaaaAAAaaAAAAaAAAAA!!!: A Reckless Disregard for Gravity,2009-09-03,2009,2000s,Simulator,67.22,90.00,22.78,Critics higher
6291,Virtua Tennis,1999-12-01,1999,1990s,Sport,86.31,50.00,-36.31,Users higher
6292,Black Desert,2014-12-17,2014,2010s,Role-playing (RPG),67.64,75.00,7.36,Critics higher
6294,Worms World Party,2001-04-06,2001,2000s,Strategy,83.11,80.00,-3.11,Within 5 points
6296,Xanadu Next,2005-06-24,2005,2000s,Role-playing (RPG),84.90,82.83,-2.06,Within 5 points
6318,Banjo-Kazooie: Grunty's Revenge,2003-09-12,2003,2000s,Platform,43.15,65.50,22.35,Critics higher
6325,Gemini Rue,2011-02-24,2011,2010s,Point-and-click,83.98,65.00,-18.98,Users higher
6326,Boktai: The Sun Is in Your Hand,2003-07-16,2003,2000s,Role-playing (RPG),73.06,91.00,17.94,Critics higher
6327,Resonance,2012-06-19,2012,2010s,Point-and-click,74.26,80.00,5.74,Critics higher
6328,Legend of Grimrock,2012-04-11,2012,2010s,Puzzle,79.84,75.00,-4.84,Within 5 points
6329,Boktai 2: Solar Boy Django,2004-06-10,2004,2000s,Role-playing (RPG),68.98,85.00,16.02,Critics higher
6330,Omerta: City of Gangsters,2013-01-31,2013,2010s,Role-playing (RPG),61.83,54.67,-7.17,Users higher
6334,Bomberman Tournament,2001-04-27,2001,2000s,Role-playing (RPG),70.68,80.00,9.32,Critics higher
6337,Breath of Fire II,1994-12-02,1994,1990s,Role-playing (RPG),81.08,77.00,-4.08,Within 5 points
6340,Downhill Domination,2003-07-22,2003,2000s,Racing,74.68,75.00,0.32,Within 5 points
6342,Solar 2,2011-06-17,2011,2010s,Simulator,75.41,82.00,6.59,Critics higher
6345,Casper,1996-09-15,1996,1990s,Platform,70.62,40.00,-30.62,Users higher
6352,CT Special Forces,2001-01-02,2001,2000s,Shooter,60.82,70.00,9.18,Critics higher
6356,Fight Night Champion,2011-03-01,2011,2010s,Fighting,81.76,83.20,1.44,Within 5 points
6358,Divinity II: Ego Draconis,2009-09-24,2009,2000s,Role-playing (RPG),79.25,64.00,-15.25,Users higher
6360,Zeno Clash,2009-04-21,2009,2000s,Fighting,71.16,80.00,8.84,Critics higher
6363,Tearaway,2013-11-20,2013,2010s,Platform,82.77,91.20,8.43,Critics higher
6377,Diner Dash,2004-12-03,2004,2000s,Puzzle,70.06,80.00,9.94,Critics higher
6390,Drill Dozer,2005-09-22,2005,2000s,Platform,75.10,75.00,-0.10,Within 5 points
6391,Driver 2: Back on the Streets,2000-11-13,2000,2000s,Racing,72.78,50.00,-22.78,Users higher
6401,NES Remix,2013-12-18,2013,2010s,Platform,70.06,69.17,-0.89,Within 5 points
6402,NES Remix 2,2014-04-24,2014,2010s,Fighting,82.00,80.75,-1.25,Within 5 points
6403,Tomodachi Life,2013-04-18,2013,2010s,Simulator,74.82,69.71,-5.10,Users higher
6405,Gunstar Heroes,1993-09-09,1993,1990s,Shooter,81.35,60.00,-21.35,Users higher
6415,Grid: Autosport,2014-06-24,2014,2010s,Racing,61.70,78.08,16.38,Critics higher
6420,Ghost Rider,2007-02-13,2007,2000s,Adventure,64.30,50.00,-14.30,Users higher
6422,Gunstar Super Heroes,2005-10-06,2005,2000s,Shooter,79.90,50.00,-29.90,Users higher
6428,Hamtaro: Ham-Ham Heartbreak,2002-05-03,2002,2000s,Puzzle,70.17,80.00,9.83,Critics higher
6433,Heart of Darkness,1998-07-04,1998,1990s,Platform,79.77,50.00,-29.77,Users higher
6438,Hugo: The Evil Mirror,2002-05-02,2002,2000s,Platform,59.88,50.00,-9.88,Users higher
6441,BlazBlue: Calamity Trigger,2008-11-19,2008,2000s,Fighting,76.66,73.33,-3.33,Within 5 points
6442,WWE Smackdown! Here Comes the Pain,2003-10-27,2003,2000s,Sport,73.63,90.00,16.37,Critics higher
6445,WWF SmackDown! Just Bring It,2001-11-16,2001,2000s,Sport,69.87,70.00,0.13,Within 5 points
6446,Ice Age,2002-03-18,2002,2000s,Platform,69.91,33.00,-36.91,Users higher
6451,ArcheAge,2013-01-15,2013,2010s,Role-playing (RPG),76.62,94.00,17.38,Critics higher
6452,Tales of Zestiria,2015-01-22,2015,2010s,Role-playing (RPG),70.51,76.92,6.41,Critics higher
6453,Katamari Damacy,2004-03-18,2004,2000s,Puzzle,88.71,85.33,-3.37,Within 5 points
6454,We Love Katamari,2005-07-06,2005,2000s,Puzzle,87.90,89.33,1.44,Within 5 points
6455,Me & My Katamari,2005-12-22,2005,2000s,Puzzle,70.26,65.00,-5.26,Users higher
6456,Beautiful Katamari,2007-10-16,2007,2000s,Puzzle,88.61,80.00,-8.61,Users higher
6459,Katamari Forever,2009-07-23,2009,2000s,Puzzle,90.09,81.00,-9.09,Users higher
6461,WWE SmackDown! Shut Your Mouth,2002-10-31,2002,2000s,Sport,78.67,80.00,1.33,Within 5 points
6462,Touch My Katamari,2011-12-17,2011,2010s,Puzzle,85.99,62.50,-23.49,Users higher
6465,iO,2014-12-05,2014,2010s,Platform,60.00,73.00,13.00,Critics higher
6467,AC/DC Live: Rock Band - Track Pack,2008-11-16,2008,2000s,Music,69.86,40.00,-29.86,Users higher
6473,The Adventures of Tintin: The Game,2011-10-21,2011,2010s,Platform,79.94,60.00,-19.94,Users higher
6480,Disney's The Jungle Book,1994-07-01,1994,1990s,Platform,81.57,70.00,-11.57,Users higher
6487,Disney's DuckTales,1989-09-14,1989,1980s,Platform,81.17,86.00,4.83,Within 5 points
6493,Klonoa 2: Dream Champ Tournament,2002-08-06,2002,2000s,Platform,79.75,70.00,-9.75,Users higher
6500,The Lord of the Rings: The Third Age,2004-11-02,2004,2000s,Role-playing (RPG),72.50,75.50,3.00,Within 5 points
6503,Mario Pinball Land,2004-08-26,2004,2000s,Sport,55.66,50.00,-5.66,Users higher
6504,Mario Tennis: Power Tour,2005-09-13,2005,2000s,Racing,87.38,80.00,-7.38,Users higher
6505,Mario vs. Donkey Kong,2004-05-24,2004,2000s,Platform,77.16,80.00,2.84,Within 5 points
6506,Mario vs. Donkey Kong 2: March of the Minis,2006-09-25,2006,2000s,Platform,69.73,78.25,8.52,Critics higher
6514,"Monsters, Inc. Scream Team",2001-10-30,2001,2000s,Platform,66.78,54.00,-12.78,Users higher
6516,Radiant Historia,2010-11-03,2010,2010s,Puzzle,86.75,82.50,-4.25,Within 5 points
6517,JoJo's Bizarre Adventure: All Star Battle,2013-08-29,2013,2010s,Fighting,85.58,70.50,-15.08,Users higher
6524,Ninja Five-O,2003-04-11,2003,2000s,Platform,70.12,79.00,8.88,Critics higher
6526,Onimusha Tactics,2003-07-25,2003,2000s,Role-playing (RPG),69.34,60.00,-9.34,Users higher
6537,Polarium,2004-12-02,2004,2000s,Puzzle,71.00,76.67,5.67,Critics higher
6543,Vandal Hearts II,1999-07-08,1999,1990s,Role-playing (RPG),79.99,93.00,13.01,Critics higher
6555,Art of Balance,2010-02-15,2010,2010s,Puzzle,69.51,91.00,21.49,Critics higher
6557,Rhythm Tengoku,2006-08-03,2006,2000s,Music,81.84,80.00,-1.84,Within 5 points
6564,Rock n' Roll Racing,1993-06-04,1993,1990s,Puzzle,81.73,80.00,-1.73,Within 5 points
6570,Axelay,1992-09-01,1992,1990s,Shooter,71.19,81.00,9.81,Critics higher
6579,Valkyrie Profile: Covenant of the Plume,2008-11-01,2008,2000s,Role-playing (RPG),80.00,82.50,2.50,Within 5 points
6580,Life Goes On: Done to Death,2014-04-17,2014,2010s,Platform,70.35,79.00,8.65,Critics higher
6581,Stick it to the Man!,2013-11-19,2013,2010s,Platform,68.00,78.25,10.25,Critics higher
6582,Sabre Wulf,2004-03-12,2004,2000s,Platform,70.64,80.00,9.36,Critics higher
6585,Scurge: Hive,2006-10-13,2006,2000s,Adventure,77.00,70.00,-7.00,Users higher
6592,Sheep,2000-11-06,2000,2000s,Puzzle,70.02,70.00,-0.02,Within 5 points
6594,Shining Soul II,2003-07-24,2003,2000s,Role-playing (RPG),79.41,77.00,-2.41,Within 5 points
6598,Sonic Advance 2,2002-12-19,2002,2000s,Platform,72.30,86.50,14.20,Critics higher
6599,Sonic Advance 3,2004-06-07,2004,2000s,Platform,72.60,72.00,-0.60,Within 5 points
6600,Sonic Battle,2003-12-04,2003,2000s,Fighting,65.31,75.00,9.69,Critics higher
6601,Sonic Pinball Party,2003-06-01,2003,2000s,Sport,62.60,81.00,18.40,Critics higher
6611,Botanicula,2012-04-19,2012,2010s,Point-and-click,77.67,82.33,4.67,Within 5 points
6614,Zero Escape: Virtue's Last Reward,2012-02-16,2012,2010s,Point-and-click,88.18,85.67,-2.52,Within 5 points
6621,Super Ghouls'n Ghosts,1991-10-04,1991,1990s,Platform,74.37,70.00,-4.37,Within 5 points
6627,Super Robot Taisen: Original Generation 2,2005-02-03,2005,2000s,Role-playing (RPG),80.09,80.00,-0.09,Within 5 points
6628,Ace Combat Infinity,2014-05-20,2014,2010s,Simulator,69.45,67.50,-1.95,Within 5 points
6632,Call of Duty: Advanced Warfare,2014-11-03,2014,2010s,Shooter,71.96,80.20,8.24,Critics higher
6638,Wheelman,2009-03-24,2009,2000s,Shooter,62.45,64.67,2.22,Within 5 points
6643,Tony Hawk's American Sk8land,2005-10-18,2005,2000s,Sport,61.39,73.33,11.94,Critics higher
6648,Cabela's Adventure Camp,2011-11-01,2011,2010s,Sport,70.00,60.00,-10.00,Users higher
6649,Cabela's Big Game Hunter 2012,2011-09-27,2011,2010s,Shooter,75.00,70.00,-5.00,Within 5 points
6655,Mother Russia Bleeds,2016-09-05,2016,2010s,Fighting,66.74,72.62,5.89,Critics higher
6692,Tony Hawk's Pro Skater,1999-09-29,1999,1990s,Sport,83.07,70.00,-13.07,Users higher
6693,Yggdra Union: We'll Never Fight Alone,2006-03-23,2006,2000s,Role-playing (RPG),80.02,68.00,-12.02,Users higher
6698,Yu-Gi-Oh! World Championship Tournament 2004,2004-02-05,2004,2000s,Role-playing (RPG),81.19,70.00,-11.19,Users higher
6701,Edna & Harvey: Harvey's New Eyes,2012-10-16,2012,2010s,Point-and-click,86.62,63.33,-23.29,Users higher
6702,Street Fighter Alpha: Warriors' Dreams,1995-06-05,1995,1990s,Fighting,73.13,70.00,-3.13,Within 5 points
6703,Street Fighter Alpha 2,1996-02-27,1996,1990s,Fighting,75.92,85.00,9.08,Critics higher
6704,Street Fighter Alpha 3,1998-06-29,1998,1990s,Fighting,81.08,80.00,-1.08,Within 5 points
6705,A Hat in Time,2017-10-05,2017,2010s,Platform,83.75,79.60,-4.15,Within 5 points
6707,Tales from the Borderlands,2014-11-25,2014,2010s,Point-and-click,85.34,87.82,2.48,Within 5 points
6710,Street Fighter III: 3rd Strike,1999-05-12,1999,1990s,Fighting,82.36,90.00,7.64,Critics higher
6715,Blue Stinger,1999-03-25,1999,1990s,Strategy,59.44,63.00,3.56,Within 5 points
6726,Confidential Mission,2001-05-14,2001,2000s,Shooter,75.19,60.00,-15.19,Users higher
6730,The Crow's Eye,2017-03-20,2017,2010s,Puzzle,70.00,70.00,0.00,Within 5 points
6732,Rise & Shine,2017-01-13,2017,2010s,Shooter,72.89,60.30,-12.59,Users higher
6737,Sherlock Holmes Versus Jack the Ripper,2009-05-24,2009,2000s,Point-and-click,73.54,66.00,-7.54,Users higher
6741,Guard Duty,2019-05-02,2019,2010s,Point-and-click,87.96,70.00,-17.96,Users higher
6743,Dungeons of Dredmor,2011-07-13,2011,2010s,Role-playing (RPG),69.91,70.00,0.09,Within 5 points
6746,Asphalt 3D,2011-03-10,2011,2010s,Racing,69.56,56.67,-12.89,Users higher
6748,Killing Floor 2,2016-11-18,2016,2010s,Shooter,72.53,80.77,8.24,Critics higher
6750,BlazBlue: Continuum Shift,2009-11-20,2009,2000s,Fighting,79.71,85.00,5.29,Critics higher
6751,Code of Princess,2012-04-19,2012,2010s,Role-playing (RPG),78.63,64.17,-14.46,Users higher
6753,Crush,2007-05-25,2007,2000s,Platform,89.87,82.33,-7.54,Users higher
6756,Disney Magical World,2013-08-01,2013,2010s,Simulator,80.00,75.20,-4.80,Within 5 points
6757,Doctor Lautrec and the Forgotten Knights,2011-07-07,2011,2010s,Adventure,67.00,46.00,-21.00,Users higher
6760,La Pucelle Tactics,2002-01-31,2002,2000s,Role-playing (RPG),73.74,87.00,13.26,Critics higher
6765,Epic Mickey: Power of Illusion,2012-11-17,2012,2010s,Platform,59.84,62.67,2.83,Within 5 points
6767,Etrian Odyssey IV: Legends of the Titan,2012-07-05,2012,2010s,Role-playing (RPG),79.81,82.14,2.33,Within 5 points
6770,Fantasy Life,2012-12-27,2012,2010s,Role-playing (RPG),69.94,74.56,4.61,Within 5 points
6777,The Impossible Game,2009-11-23,2009,2000s,Music,78.19,75.00,-3.19,Within 5 points
6779,Dance Dance Revolution Supernova,2006-04-28,2006,2000s,Music,70.08,70.00,-0.08,Within 5 points
6780,Dance Dance Revolution Supernova 2,2007-08-22,2007,2000s,Music,79.99,72.33,-7.66,Users higher
6781,Starwhal,2014-09-29,2014,2010s,Fighting,59.65,70.00,10.35,Critics higher
6782,Ninja Gaiden II,2008-06-03,2008,2000s,Hack and slash/Beat 'em up,83.88,75.00,-8.88,Users higher
6786,Sherlock Holmes: The Mystery of the Mummy,2002-12-29,2002,2000s,Point-and-click,69.15,60.00,-9.15,Users higher
6787,Double Dragon,1987-08-01,1987,1980s,Fighting,75.39,39.00,-36.39,Users higher
6801,Far Cry 4,2014-11-18,2014,2010s,Shooter,75.94,86.42,10.48,Critics higher
6803,Halo 5: Guardians,2015-10-27,2015,2010s,Shooter,75.90,84.05,8.15,Critics higher
6804,One Piece: Pirate Warriors 3,2015-03-26,2015,2010s,Hack and slash/Beat 'em up,71.10,76.43,5.32,Critics higher
6806,Heroes of Ruin,2012-06-15,2012,2010s,Role-playing (RPG),60.02,61.83,1.81,Within 5 points
6807,Ghosts 'n Goblins,1985-07-07,1985,1980s,Shooter,74.12,90.00,15.88,Critics higher
6810,Bombshell,2016-01-29,2016,2010s,Shooter,50.64,33.75,-16.89,Users higher
6815,Sherlock Holmes: The Awakened,2007-02-16,2007,2000s,Adventure,71.35,61.67,-9.68,Users higher
6825,Alien Trilogy,1996-02-01,1996,1990s,Shooter,68.10,80.00,11.90,Critics higher
6829,Ripper,1996-02-29,1996,1990s,Point-and-click,79.52,36.00,-43.52,Users higher
6832,Dynasty Warriors 7,2011-03-10,2011,2010s,Hack and slash/Beat 'em up,79.95,55.00,-24.95,Users higher
6836,LEGO Batman 2: DC Super Heroes,2012-06-19,2012,2010s,Platform,73.79,80.70,6.91,Critics higher
6837,LEGO City Undercover: The Chase Begins,2013-04-20,2013,2010s,Adventure,60.97,65.00,4.03,Within 5 points
6838,LEGO Friends,2013-11-12,2013,2010s,Adventure,90.00,13.00,-77.00,Users higher
6839,LEGO Legends of Chima: Laval's Journey,2013-06-25,2013,2010s,Platform,50.06,26.00,-24.06,Users higher
6844,LEGO Star Wars III: The Clone Wars,2011-02-28,2011,2010s,Platform,73.84,70.00,-3.84,Within 5 points
6845,Madden NFL Football,2011-03-25,2011,2010s,Simulator,80.00,50.00,-30.00,Users higher
6860,One Piece: Unlimited World RED,2013-11-21,2013,2010s,Adventure,63.78,73.89,10.11,Critics higher
6862,Pilotwings Resort,2011-03-25,2011,2010s,Simulator,70.61,72.00,1.39,Within 5 points
6863,Sherlock Holmes: Nemesis,2007-10-25,2007,2000s,Point-and-click,68.80,50.00,-18.80,Users higher
6864,Project X Zone,2012-10-11,2012,2010s,Role-playing (RPG),74.84,68.14,-6.70,Users higher
6866,Puyo Puyo Tetris,2014-02-06,2014,2010s,Puzzle,78.34,84.38,6.05,Critics higher
6869,Regular Show: Mordecai and Rigby in 8-Bit Land,2013-10-29,2013,2010s,Shooter,63.00,49.00,-14.00,Users higher
6871,Ridge Racer 3D,2011-02-26,2011,2010s,Racing,76.00,72.00,-4.00,Within 5 points
6872,Rodea the Sky Soldier,2015-11-10,2015,2010s,Unknown,63.00,61.00,-2.00,Within 5 points
6874,Rune Factory 4,2012-07-19,2012,2010s,Role-playing (RPG),78.35,78.60,0.25,Within 5 points
6879,Space Hulk: Deathwing,2016-12-14,2016,2010s,Shooter,59.74,59.89,0.15,Within 5 points
6882,Samurai Warriors: Chronicles,2011-02-26,2011,2010s,Hack and slash/Beat 'em up,70.00,50.00,-20.00,Users higher
6883,Devil Summoner: Soul Hackers,1997-11-13,1997,1990s,Role-playing (RPG),80.00,72.50,-7.50,Users higher
6884,Shin Megami Tensei: Devil Survivor,2009-01-15,2009,2000s,Role-playing (RPG),76.57,90.00,13.43,Critics higher
6885,Shin Megami Tensei: Devil Survivor 2,2011-07-28,2011,2010s,Role-playing (RPG),79.69,82.40,2.71,Within 5 points
6886,Shin Megami Tensei IV,2013-05-23,2013,2010s,Role-playing (RPG),80.14,85.83,5.69,Critics higher
6887,Persona Q: Shadow of the Labyrinth,2014-06-05,2014,2010s,Role-playing (RPG),89.10,82.25,-6.85,Users higher
6891,Steel Diver,2011-03-27,2011,2010s,Simulator,51.80,58.00,6.20,Critics higher
6892,Style Savvy: Trendsetters,2012-09-27,2012,2010s,Simulator,79.97,93.00,13.03,Critics higher
6893,Super Monkey Ball 3D,2011-03-03,2011,2010s,Platform,61.00,55.75,-5.25,Users higher
6896,Tetris: Axis,2011-06-18,2011,2010s,Puzzle,67.00,74.33,7.33,Critics higher
6899,Shinobi,1987-11-16,1987,1980s,Hack and slash/Beat 'em up,65.17,60.00,-5.17,Users higher
6902,Theatrhythm Final Fantasy,2012-02-16,2012,2010s,Music,79.93,81.67,1.73,Within 5 points
6906,Unchained Blades,2011-07-14,2011,2010s,Role-playing (RPG),90.00,65.00,-25.00,Users higher
6910,Beijing 2008,2008-06-26,2008,2000s,Sport,49.77,60.00,10.23,Critics higher
6912,Beowulf: The Game,2007-11-13,2007,2000s,Hack and slash/Beat 'em up,68.69,46.00,-22.69,Users higher
6913,Binary Domain,2012-02-16,2012,2010s,Shooter,77.75,72.33,-5.42,Users higher
6914,Bionic Commando,2009-05-19,2009,2000s,Shooter,69.54,69.17,-0.38,Within 5 points
6915,Birds of Steel,2012-03-13,2012,2010s,Shooter,80.00,74.00,-6.00,Users higher
6917,Blackwater,2011-10-25,2011,2010s,Shooter,60.00,30.00,-30.00,Users higher
6918,Blades of Time,2012-03-06,2012,2010s,Shooter,63.89,60.50,-3.39,Within 5 points
6919,Bladestorm: The Hundred Years' War,2007-08-30,2007,2000s,Real Time Strategy (RTS),66.61,75.00,8.39,Critics higher
6921,Blitz: The League II,2008-10-13,2008,2000s,Sport,56.00,65.60,9.60,Critics higher
6922,Blood Drive,2010-11-02,2010,2010s,Fighting,75.00,56.00,-19.00,Users higher
6923,Blue Dragon,2006-12-07,2006,2000s,Role-playing (RPG),79.31,80.50,1.19,Within 5 points
6924,Bodycount,2011-08-30,2011,2010s,Shooter,40.27,61.33,21.06,Critics higher
6927,Brian Lara International Cricket 2007,2007-03-23,2007,2000s,Sport,50.05,60.00,9.95,Critics higher
6928,Bullet Witch,2006-07-27,2006,2000s,Shooter,49.92,58.60,8.68,Critics higher
6934,Carrier Command: Gaea Mission,2012-09-28,2012,2010s,Shooter,65.00,59.50,-5.50,Users higher
6936,Child of Eden,2011-06-14,2011,2010s,Shooter,63.12,80.50,17.38,Critics higher
6937,Chromehounds,2006-06-29,2006,2000s,Simulator,80.00,71.00,-9.00,Users higher
6938,Clash of the Titans,2010-05-28,2010,2010s,Adventure,80.00,38.17,-41.83,Users higher
6939,Clive Barker's Jericho,2007-10-23,2007,2000s,Shooter,75.76,66.00,-9.76,Users higher
6940,The Club,2008-02-07,2008,2000s,Shooter,59.47,73.60,14.13,Critics higher
6941,College Hoops 2K8,2007-11-19,2007,2000s,Sport,75.00,80.00,5.00,Within 5 points
6942,Condemned: Criminal Origins,2005-11-16,2005,2000s,Shooter,80.54,73.83,-6.70,Users higher
6943,Condemned 2: Bloodshot,2008-03-11,2008,2000s,Shooter,74.76,85.40,10.64,Critics higher
6945,Crash Time,2007-11-02,2007,2000s,Racing,59.82,40.00,-19.82,Users higher
6949,Culdcept Saga,2006-11-22,2006,2000s,Strategy,80.00,68.67,-11.33,Users higher
6950,The Cursed Crusade,2011-10-07,2011,2010s,Adventure,57.36,53.67,-3.70,Within 5 points
6952,Damnation,2009-05-22,2009,2000s,Shooter,62.81,50.00,-12.81,Users higher
6953,Dance Dance Revolution Universe,2007-02-27,2007,2000s,Music,55.00,76.50,21.50,Critics higher
6954,Dance Dance Revolution Universe 2,2007-12-04,2007,2000s,Music,65.00,66.00,1.00,Within 5 points
6955,Dance Dance Revolution Universe 3,2008-10-21,2008,2000s,Music,65.00,68.00,3.00,Within 5 points
6958,Dante's Inferno,2010-02-04,2010,2010s,Hack and slash/Beat 'em up,75.86,74.43,-1.43,Within 5 points
6959,Dark Sector,2008-03-25,2008,2000s,Shooter,67.54,70.40,2.86,Within 5 points
6960,Dead to Rights: Retribution,2010-04-01,2010,2010s,Shooter,50.51,68.86,18.34,Critics higher
6961,Deadfall Adventures,2013-11-15,2013,2010s,Shooter,50.11,54.67,4.55,Within 5 points
6962,Deadliest Catch: Alaskan Storm,2008-06-17,2008,2000s,Simulator,85.00,65.00,-20.00,Users higher
6963,Deathsmiles,2007-10-19,2007,2000s,Shooter,70.82,73.33,2.51,Within 5 points
6964,Def Jam: Icon,2007-03-06,2007,2000s,Fighting,78.65,68.00,-10.65,Users higher
6967,Don Bradman Cricket 14,2014-04-03,2014,2010s,Simulator,89.32,80.00,-9.32,Users higher
6970,Don King Presents: Prizefighter,2008-06-10,2008,2000s,Fighting,55.00,60.00,5.00,Within 5 points
6975,Dynasty Warriors 6,2007-11-11,2007,2000s,Hack and slash/Beat 'em up,74.38,66.25,-8.13,Users higher
6976,Dynasty Warriors 8,2013-02-28,2013,2010s,Hack and slash/Beat 'em up,70.27,71.43,1.16,Within 5 points
6977,Dynasty Warriors: Gundam,2007-03-01,2007,2000s,Role-playing (RPG),59.44,70.00,10.56,Critics higher
6978,Dynasty Warriors: Gundam 2,2008-12-18,2008,2000s,Fighting,68.01,55.71,-12.30,Users higher
6982,Dynasty Warriors: Gundam 3,2010-12-16,2010,2010s,Role-playing (RPG),60.17,74.00,13.83,Critics higher
6983,Dynasty Warriors: Strikeforce,2009-02-26,2009,2000s,Role-playing (RPG),64.30,58.33,-5.97,Users higher
6984,EA Sports MMA,2010-10-19,2010,2010s,Fighting,78.33,80.60,2.27,Within 5 points
6987,El Shaddai: Ascension of the Metatron,2011-04-28,2011,2010s,Platform,80.09,77.33,-2.76,Within 5 points
6988,Enchanted Arms,2006-01-12,2006,2000s,Role-playing (RPG),69.96,72.50,2.54,Within 5 points
6990,Eternal Sonata,2007-06-14,2007,2000s,Role-playing (RPG),74.67,75.00,0.33,Within 5 points
6991,Fairytale Fights,2009-10-23,2009,2000s,Platform,58.77,51.00,-7.77,Users higher
6992,Fatal Inertia,2007-09-11,2007,2000s,Racing,65.00,58.00,-7.00,Users higher
6993,Fight Night Round 4,2009-06-23,2009,2000s,Fighting,79.18,87.50,8.32,Critics higher
6994,The First Templar,2011-05-06,2011,2010s,Puzzle,63.16,58.00,-5.16,Users higher
6995,Fist of the North Star: Ken's Rage,2010-03-25,2010,2010s,Fighting,75.00,59.67,-15.33,Users higher
6996,Fracture,2008-10-07,2008,2000s,Shooter,64.63,66.67,2.04,Within 5 points
6997,Frontlines: Fuel of War,2008-02-25,2008,2000s,Shooter,66.48,76.00,9.52,Critics higher
6998,Full Auto,2006-02-10,2006,2000s,Fighting,80.00,65.67,-14.33,Users higher
6999,Fuzion Frenzy 2,2007-01-30,2007,2000s,Unknown,70.00,38.33,-31.67,Users higher
7001,Golden Axe: Beast Rider,2008-10-14,2008,2000s,Hack and slash/Beat 'em up,70.00,40.00,-30.00,Users higher
7002,Grand Slam Tennis 2,2012-02-10,2012,2010s,Sport,62.14,76.33,14.20,Critics higher
7004,Guilty Gear 2: Overture,2007-10-07,2007,2000s,Hack and slash/Beat 'em up,75.00,71.50,-3.50,Within 5 points
7005,Hail to the Chimp,2008-06-24,2008,2000s,Strategy,55.00,61.00,6.00,Critics higher
7007,Hellboy: The Science of Evil,2008-06-24,2008,2000s,Unknown,59.66,42.50,-17.16,Users higher
7008,Heroes Over Europe,2009-09-14,2009,2000s,Simulator,75.00,64.25,-10.75,Users higher
7012,How to Train Your Dragon,2010-03-23,2010,2010s,Adventure,58.04,46.67,-11.38,Users higher
7016,IL-2 Sturmovik: Birds of Prey,2009-09-04,2009,2000s,Shooter,89.73,76.75,-12.98,Users higher
7019,Infinite Undiscovery,2008-09-02,2008,2000s,Role-playing (RPG),59.72,67.33,7.61,Critics higher
7020,Inversion,2012-06-05,2012,2010s,Shooter,63.18,54.00,-9.18,Users higher
7023,Jimmie Johnson's Anything with an Engine,2011-11-01,2011,2010s,Racing,65.00,62.50,-2.50,Within 5 points
7024,Juiced 2: Hot Import Nights,2007-09-17,2007,2000s,Racing,59.85,70.00,10.15,Critics higher
7025,Jurassic Park: The Game,2011-11-15,2011,2010s,Point-and-click,69.41,61.25,-8.16,Users higher
7027,SpellForce: The Order of Dawn,2003-11-28,2003,2000s,Real Time Strategy (RTS),75.94,83.00,7.06,Critics higher
7029,Kameo: Elements of Power,2005-11-22,2005,2000s,Hack and slash/Beat 'em up,77.54,71.67,-5.87,Users higher
7032,Kane & Lynch: Dead Men,2007-11-13,2007,2000s,Shooter,64.56,60.00,-4.56,Within 5 points
7033,SpellForce 2: Shadow Wars,2006-04-05,2006,2000s,Real Time Strategy (RTS),76.70,88.33,11.63,Critics higher
7036,The King of Fighters XII,2009-04-10,2009,2000s,Fighting,69.96,55.50,-14.46,Users higher
7038,The King of Fighters XIII,2010-07-14,2010,2010s,Fighting,79.14,79.00,-0.14,Within 5 points
7039,Knights Contract,2011-02-22,2011,2010s,Hack and slash/Beat 'em up,90.00,58.75,-31.25,Users higher
7045,"Warhammer 40,000: Kill Team",2011-07-01,2011,2010s,Shooter,59.76,70.00,10.24,Critics higher
7046,Factorio,2020-08-14,2020,2020s,Simulator,85.05,85.50,0.45,Within 5 points
7047,The Last Remnant,2008-11-20,2008,2000s,Role-playing (RPG),64.94,56.50,-8.44,Users higher
7049,Legendary,2008-10-31,2008,2000s,Shooter,56.51,52.50,-4.01,Within 5 points
7053,Lips: Number One Hits,2009-10-20,2009,2000s,Music,60.00,60.00,0.00,Within 5 points
7055,London 2012: The Official Video Game,2012-06-26,2012,2010s,Sport,60.25,67.00,6.75,Critics higher
7056,The Lord of the Rings: Conquest,2009-01-09,2009,2000s,Hack and slash/Beat 'em up,70.02,60.00,-10.02,Users higher
7057,Lost Odyssey,2007-12-06,2007,2000s,Role-playing (RPG),83.12,67.50,-15.62,Users higher
7058,Lost: Via Domus,2008-02-26,2008,2000s,Puzzle,65.45,52.50,-12.95,Users higher
7060,Lucha Libre AAA: Héroes del Ring,2010-10-12,2010,2010s,Fighting,70.00,70.00,0.00,Within 5 points
7061,MagnaCarta 2,2009-08-06,2009,2000s,Role-playing (RPG),80.00,66.50,-13.50,Users higher
7062,Majin and the Forsaken Kingdom,2010-11-23,2010,2010s,Platform,77.71,80.00,2.29,Within 5 points
7071,Midnight Club: Los Angeles,2008-10-21,2008,2000s,Racing,77.88,80.00,2.12,Within 5 points
7072,MindJack,2011-01-18,2011,2010s,Shooter,65.00,51.67,-13.33,Users higher
7076,Monster Madness: Battle for Suburbia,2007-06-12,2007,2000s,Shooter,65.00,60.00,-5.00,Within 5 points
7078,MotoGP '06,2006-06-09,2006,2000s,Racing,75.00,79.00,4.00,Within 5 points
7079,MotoGP '07,2007-08-24,2007,2000s,Racing,76.05,73.75,-2.30,Within 5 points
7081,Battlefield Hardline,2015-03-17,2015,2010s,Shooter,68.05,72.71,4.66,Within 5 points
7083,Ultima IX: Ascension,1999-11-24,1999,1990s,Puzzle,74.83,50.00,-24.83,Users higher
7084,Marvel Puzzle Quest,2013-10-03,2013,2010s,Puzzle,57.32,40.00,-17.32,Users higher
7085,Microsoft Wordament,2011-04-01,2011,2010s,Puzzle,70.08,90.00,19.92,Critics higher
7086,Ilomilo,2010-11-08,2010,2010s,Platform,81.13,82.50,1.37,Within 5 points
7087,Beatbuddy: Tale of the Guardians,2013-08-06,2013,2010s,Music,62.99,73.33,10.35,Critics higher
7088,Guitar Hero: On Tour,2008-06-22,2008,2000s,Music,58.43,65.00,6.57,Critics higher
7089,Guitar Hero: On Tour - Decades,2008-11-14,2008,2000s,Music,52.94,60.00,7.06,Critics higher
7090,Guitar Hero: On Tour - Modern Hits,2009-06-09,2009,2000s,Music,72.00,70.00,-2.00,Within 5 points
7091,MX vs. ATV: Reflex,2009-12-01,2009,2000s,Racing,80.06,75.67,-4.39,Within 5 points
7093,MySims SkyHeroes,2010-09-28,2010,2010s,Simulator,75.00,75.00,0.00,Within 5 points
7094,N3: Ninety-Nine Nights,2006-04-20,2006,2000s,Hack and slash/Beat 'em up,76.35,65.00,-11.35,Users higher
7095,N3II: Ninety-Nine Nights,2010-06-29,2010,2010s,Fighting,80.00,61.33,-18.67,Users higher
7096,Nail'd,2010-11-30,2010,2010s,Racing,58.86,62.00,3.14,Within 5 points
7098,Naruto Shippuden: Ultimate Ninja Storm 2,2010-10-15,2010,2010s,Fighting,74.17,67.33,-6.84,Users higher
7099,Naruto Shippuden: Ultimate Ninja Storm 3,2013-03-05,2013,2010s,Fighting,74.59,77.14,2.56,Within 5 points
7100,Naruto Shippuden: Ultimate Ninja Storm Generations,2012-02-23,2012,2010s,Fighting,70.41,77.00,6.59,Critics higher
7101,Naruto: Rise of a Ninja,2007-10-30,2007,2000s,Fighting,75.00,75.00,-0.00,Within 5 points
7102,Naruto: The Broken Bond,2008-11-18,2008,2000s,Fighting,73.45,80.00,6.55,Critics higher
7103,NASCAR 08,2007-07-23,2007,2000s,Racing,53.42,55.00,1.58,Within 5 points
7104,NASCAR 09,2008-06-10,2008,2000s,Racing,80.00,74.33,-5.67,Users higher
7106,NBA Ballers: Chosen One,2008-04-21,2008,2000s,Sport,75.00,49.80,-25.20,Users higher
7107,NBA Live 10,2009-10-06,2009,2000s,Simulator,80.00,72.75,-7.25,Users higher
7108,NBA Street Homecourt,2007-02-19,2007,2000s,Sport,59.25,75.00,15.75,Critics higher
7109,NCAA Basketball 09,2008-11-17,2008,2000s,Sport,65.00,60.00,-5.00,Within 5 points
7111,NCAA Football 10,2009-07-14,2009,2000s,Simulator,79.98,90.00,10.02,Critics higher
7112,NCAA Football 11,2010-07-13,2010,2010s,Simulator,70.00,86.25,16.25,Critics higher
7113,NCAA Football 12,2011-07-12,2011,2010s,Simulator,78.78,88.25,9.47,Critics higher
7114,NCAA Football 13,2012-07-10,2012,2010s,Sport,80.00,82.40,2.40,Within 5 points
7115,Need for Speed: Shift 2 Unleashed,2011-03-29,2011,2010s,Racing,77.04,81.17,4.13,Within 5 points
7116,Freedom Planet,2014-07-21,2014,2010s,Platform,77.68,82.43,4.75,Within 5 points
7117,NFL Head Coach 09,2008-07-12,2008,2000s,Simulator,65.00,60.00,-5.00,Within 5 points
7118,NFL Tour,2008-01-08,2008,2000s,Sport,75.00,41.25,-33.75,Users higher
7119,NHL 2K8,2007-09-10,2007,2000s,Sport,62.81,70.25,7.44,Critics higher
7120,NieR,2010-04-22,2010,2010s,Shooter,80.78,69.00,-11.78,Users higher
7121,Ninja Blade,2009-01-29,2009,2000s,Hack and slash/Beat 'em up,69.73,58.00,-11.73,Users higher
7122,Ninja Gaiden 3,2012-03-20,2012,2010s,Hack and slash/Beat 'em up,63.30,48.57,-14.73,Users higher
7125,Operation Darkness,2007-10-11,2007,2000s,Role-playing (RPG),75.00,53.33,-21.67,Users higher
7126,The Outfit,2006-03-13,2006,2000s,Shooter,41.28,69.50,28.22,Critics higher
7129,Phantasy Star Universe,2006-08-31,2006,2000s,Role-playing (RPG),69.80,75.00,5.20,Critics higher
7134,Port Royale 3: Pirates & Merchants,2012-05-04,2012,2010s,Simulator,67.11,60.00,-7.11,Users higher
7136,Project Sylpheed,2006-09-28,2006,2000s,Shooter,70.00,72.50,2.50,Within 5 points
7137,Pure,2008-09-16,2008,2000s,Racing,75.40,80.00,4.60,Within 5 points
7140,Screamer,1995-12-31,1995,1990s,Racing,87.98,79.00,-8.98,Users higher
7144,The Inner World,2013-07-18,2013,2010s,Point-and-click,72.06,73.50,1.44,Within 5 points
7145,The Whispered World,2009-08-28,2009,2000s,Point-and-click,77.73,60.00,-17.73,Users higher
7149,Quantum Theory,2010-09-24,2010,2010s,Shooter,55.00,51.33,-3.67,Within 5 points
7151,Race Pro,2009-02-17,2009,2000s,Racing,75.00,63.33,-11.67,Users higher
7154,Raiden IV,2007-06-07,2007,2000s,Shooter,65.75,64.00,-1.75,Within 5 points
7159,Resonance of Fate,2010-01-28,2010,2010s,Role-playing (RPG),70.05,76.67,6.61,Critics higher
7160,Ridge Racer 6,2005-11-22,2005,2000s,Racing,88.07,76.33,-11.74,Users higher
7161,Rise of the Argonauts,2008-12-16,2008,2000s,Role-playing (RPG),70.54,60.00,-10.54,Users higher
7163,Rock of the Dead,2010-10-19,2010,2010s,Shooter,65.00,50.00,-15.00,Users higher
7167,Rumble Roses XX,2006-03-28,2006,2000s,Fighting,85.00,58.33,-26.67,Users higher
7168,The Dark Eye: Memoria,2013-08-29,2013,2010s,Point-and-click,80.51,76.67,-3.84,Within 5 points
7169,1954 Alcatraz,2014-03-12,2014,2010s,Point-and-click,75.11,60.00,-15.11,Users higher
7170,Ico,2001-09-24,2001,2000s,Platform,85.22,96.67,11.44,Critics higher
7171,Aaru's Awakening,2015-02-23,2015,2010s,Platform,50.28,68.00,17.72,Critics higher
7173,Samurai Warriors 2,2006-02-24,2006,2000s,Hack and slash/Beat 'em up,72.66,68.33,-4.32,Within 5 points
7176,Saw,2009-10-06,2009,2000s,Puzzle,70.65,40.00,-30.65,Users higher
7177,Saw II: Flesh & Blood,2010-10-19,2010,2010s,Puzzle,59.77,72.50,12.73,Critics higher
7178,SBK 08: Superbike World Championship,2008-08-01,2008,2000s,Racing,85.00,65.00,-20.00,Users higher
7179,SBK 09: Superbike World Championship,2009-05-29,2009,2000s,Racing,85.00,60.00,-25.00,Users higher
7180,SBK X: Superbike World Championship,2010-06-04,2010,2010s,Racing,85.00,73.33,-11.67,Users higher
7181,Scene It? Box Office Smash,2008-10-28,2008,2000s,Quiz/Trivia,76.49,80.00,3.51,Within 5 points
7182,"Scene It? Lights, Camera, Action",2007-11-06,2007,2000s,Quiz/Trivia,75.00,71.00,-4.00,Within 5 points
7183,Secret Service,2008-11-04,2008,2000s,Shooter,70.00,50.00,-20.00,Users higher
7184,Section 8,2009-09-04,2009,2000s,Shooter,69.97,73.00,3.03,Within 5 points
7186,Shellshock 2: Blood Trails,2009-02-13,2009,2000s,Shooter,65.24,30.00,-35.24,Users higher
7187,"Shooting Love, 200X",2009-02-19,2009,2000s,Shooter,75.00,50.00,-25.00,Users higher
7188,Smash Court Tennis 3,2007-06-01,2007,2000s,Sport,80.00,62.00,-18.00,Users higher
7192,Star Ocean: The Last Hope,2009-02-19,2009,2000s,Role-playing (RPG),66.84,77.20,10.36,Critics higher
7193,Star Trek: Legacy,2006-12-05,2006,2000s,Real Time Strategy (RTS),66.21,53.00,-13.21,Users higher
7194,Steins;Gate,2009-10-15,2009,2000s,Adventure,93.42,80.00,-13.42,Users higher
7196,Ravensword: Shadowlands,2013-12-06,2013,2010s,Role-playing (RPG),56.39,30.00,-26.39,Users higher
7201,Supreme Commander 2,2010-03-02,2010,2010s,Real Time Strategy (RTS),72.12,73.00,0.88,Within 5 points
7202,Earthlock: Festival of Magic,2016-09-01,2016,2010s,Puzzle,70.00,68.67,-1.33,Within 5 points
7205,SuperHot,2016-02-25,2016,2010s,Shooter,76.97,84.72,7.75,Critics higher
7206,Battle Worlds: Kronos,2013-11-04,2013,2010s,Simulator,43.20,55.00,11.80,Critics higher
7207,Spaceteam,2012-11-29,2012,2010s,Puzzle,70.08,80.00,9.92,Critics higher
7208,Bound By Flame,2014-05-06,2014,2010s,Role-playing (RPG),64.09,57.36,-6.72,Users higher
7211,A Story About My Uncle,2014-05-28,2014,2010s,Platform,68.29,69.00,0.71,Within 5 points
7212,Trials Frontier,2014-04-10,2014,2010s,Platform,50.86,46.67,-4.20,Within 5 points
7213,Tenchu Z,2006-10-05,2006,2000s,Strategy,76.91,55.00,-21.91,Users higher
7215,Test Drive Unlimited,2006-09-05,2006,2000s,Racing,76.74,80.50,3.76,Within 5 points
7216,Test Drive Unlimited 2,2011-02-08,2011,2010s,Racing,68.94,73.33,4.39,Within 5 points
7217,Test Drive: Ferrari Racing Legends,2012-07-03,2012,2010s,Racing,58.87,55.00,-3.87,Within 5 points
7219,Tony Hawk's American Wasteland,2005-10-18,2005,2000s,Sport,74.52,75.00,0.48,Within 5 points
7220,Tron: Evolution,2010-11-26,2010,2010s,Shooter,60.50,59.00,-1.50,Within 5 points
7221,Turning Point: Fall of Liberty,2008-02-26,2008,2000s,Shooter,62.27,41.75,-20.52,Users higher
7222,Two Worlds,2007-05-09,2007,2000s,Role-playing (RPG),65.97,62.50,-3.47,Within 5 points
7223,Two Worlds II,2010-11-12,2010,2010s,Role-playing (RPG),71.98,68.67,-3.31,Within 5 points
7225,UEFA Champions League 2006–2007,2007-03-20,2007,2000s,Simulator,62.08,70.00,7.92,Critics higher
7226,UEFA Euro 2008,2008-04-17,2008,2000s,Simulator,63.21,75.00,11.79,Critics higher
7227,UFC 2009 Undisputed,2009-05-19,2009,2000s,Fighting,69.99,76.29,6.30,Critics higher
7228,UFC Undisputed 2010,2010-05-25,2010,2010s,Fighting,74.36,80.00,5.64,Critics higher
7229,UFC Undisputed 3,2012-02-14,2012,2010s,Fighting,70.68,84.57,13.89,Critics higher
7230,Universe at War: Earth Assault,2007-12-10,2007,2000s,Real Time Strategy (RTS),69.26,71.67,2.40,Within 5 points
7231,Vampire Rain,2007-01-25,2007,2000s,Shooter,65.00,33.33,-31.67,Users higher
7232,Velvet Assassin,2009-04-28,2009,2000s,Shooter,47.03,54.00,6.97,Critics higher
7234,Viking: Battle for Asgard,2008-03-25,2008,2000s,Hack and slash/Beat 'em up,70.77,70.00,-0.77,Within 5 points
7235,Virtua Tennis 3,2006-04-25,2006,2000s,Sport,70.10,90.00,19.90,Critics higher
7236,Viva Piñata,2006-11-09,2006,2000s,Simulator,75.54,74.67,-0.87,Within 5 points
7237,Viva Piñata: Party Animals,2007-10-30,2007,2000s,Unknown,55.90,50.00,-5.90,Users higher
7238,Viva Piñata: Trouble in Paradise,2008-09-02,2008,2000s,Simulator,83.76,75.00,-8.76,Users higher
7240,Wanted: Weapons of Fate,2009-03-17,2009,2000s,Shooter,58.07,63.75,5.68,Critics higher
7241,Warhammer: Mark of Chaos,2006-11-14,2006,2000s,Real Time Strategy (RTS),60.36,60.00,-0.36,Within 5 points
7242,Warriors Orochi,2007-03-21,2007,2000s,Hack and slash/Beat 'em up,74.68,58.50,-16.18,Users higher
7243,Warriors Orochi 2,2008-04-03,2008,2000s,Fighting,70.14,50.00,-20.14,Users higher
7246,Watchmen: The End Is Nigh,2009-03-04,2009,2000s,Hack and slash/Beat 'em up,61.82,48.00,-13.82,Users higher
7247,Way of the Samurai 3,2008-11-13,2008,2000s,Fighting,71.78,65.00,-6.78,Users higher
7250,WRC: FIA World Rally Championship,2010-10-07,2010,2010s,Racing,64.99,58.75,-6.24,Users higher
7252,WWE SmackDown vs. Raw 2007,2006-11-10,2006,2000s,Fighting,74.05,78.00,3.95,Within 5 points
7256,X-Blades,2007-11-01,2007,2000s,Shooter,50.53,47.00,-3.53,Within 5 points
7259,Young Justice: Legacy,2013-11-19,2013,2010s,Role-playing (RPG),75.00,60.00,-15.00,Users higher
7261,Desperados 2: Cooper's Revenge,2006-04-25,2006,2000s,Real Time Strategy (RTS),65.50,70.00,4.50,Within 5 points
7265,3D Dot Game Heroes,2009-11-05,2009,2000s,Role-playing (RPG),73.79,74.00,0.21,Within 5 points
7267,Afrika,2008-08-28,2008,2000s,Simulator,69.89,70.00,0.11,Within 5 points
7268,Akiba's Trip: Undead & Undressed,2013-11-07,2013,2010s,Role-playing (RPG),62.63,64.14,1.51,Within 5 points
7275,Atelier Rorona: The Alchemist of Arland,2009-06-25,2009,2000s,Role-playing (RPG),88.68,77.50,-11.18,Users higher
7276,Atelier Totori: The Adventurer of Arland,2010-06-24,2010,2010s,Role-playing (RPG),73.90,71.50,-2.40,Within 5 points
7277,Atelier Meruru: The Apprentice of Arland,2011-06-23,2011,2010s,Role-playing (RPG),84.24,90.00,5.76,Critics higher
7278,Atelier Ayesha: The Alchemist of Dusk,2012-06-28,2012,2010s,Role-playing (RPG),87.73,72.57,-15.16,Users higher
7280,Bleach: Soul Resurrección,2011-06-23,2011,2010s,Hack and slash/Beat 'em up,63.70,60.33,-3.37,Within 5 points
7281,Brain Challenge,2007-09-05,2007,2000s,Puzzle,70.00,50.00,-20.00,Users higher
7283,Buzz!: Quiz TV,2008-07-04,2008,2000s,Quiz/Trivia,63.27,79.60,16.33,Critics higher
7284,Buzz!: Quiz World,2009-10-30,2009,2000s,Puzzle,75.96,79.25,3.29,Within 5 points
7285,Cross of the Dutchman,2015-09-10,2015,2010s,Role-playing (RPG),60.00,50.00,-10.00,Users higher
7288,Blitzkrieg 2,2005-12-31,2005,2000s,Real Time Strategy (RTS),80.54,83.00,2.46,Within 5 points
7289,Always Sometimes Monsters,2014-05-21,2014,2010s,Role-playing (RPG),70.09,81.00,10.91,Critics higher
7290,Samurai Warriors 4,2014-03-20,2014,2010s,Hack and slash/Beat 'em up,70.37,80.83,10.46,Critics higher
7291,Hunt: Showdown 1896,2019-08-27,2019,2010s,Shooter,74.61,74.80,0.19,Within 5 points
7292,Mortal Kombat X,2015-04-13,2015,2010s,Fighting,79.45,84.39,4.94,Within 5 points
7293,Gauntlet,2014-09-23,2014,2010s,Role-playing (RPG),67.34,68.00,0.66,Within 5 points
7297,Disgaea 3: Absence of Justice,2008-01-31,2008,2000s,Role-playing (RPG),79.39,75.00,-4.39,Within 5 points
7298,Disgaea 4: A Promise Unforgotten,2011-02-24,2011,2010s,Role-playing (RPG),84.83,77.00,-7.83,Users higher
7299,Disgaea D2: A Brighter Darkness,2013-03-20,2013,2010s,Role-playing (RPG),76.68,76.25,-0.43,Within 5 points
7301,Hot Shots Golf: World Invitational,2011-12-17,2011,2010s,Sport,85.81,70.00,-15.81,Users higher
7303,EyePet,2009-10-23,2009,2000s,Simulator,41.39,67.50,26.11,Critics higher
7304,FIFA Street 3,2008-02-18,2008,2000s,Sport,69.47,66.67,-2.81,Within 5 points
7306,Final Exam,2013-11-05,2013,2010s,Shooter,60.00,65.00,5.00,Within 5 points
7307,Folklore,2007-06-21,2007,2000s,Role-playing (RPG),73.85,77.00,3.15,Within 5 points
7308,F1 06,2006-07-28,2006,2000s,Racing,73.17,70.00,-3.17,Within 5 points
7313,Heroes of the Storm,2015-06-02,2015,2010s,MOBA,73.80,78.89,5.09,Critics higher
7315,Genji: Days of the Blade,2006-11-11,2006,2000s,Hack and slash/Beat 'em up,69.90,55.00,-14.90,Users higher
7316,Gran Turismo 6,2013-12-05,2013,2010s,Racing,81.79,82.91,1.12,Within 5 points
7317,Haze,2008-05-20,2008,2000s,Shooter,64.20,60.00,-4.20,Within 5 points
7318,Heavenly Sword,2007-09-12,2007,2000s,Hack and slash/Beat 'em up,72.43,88.00,15.57,Critics higher
7319,Hyperdimension Neptunia,2010-07-29,2010,2010s,Role-playing (RPG),58.36,58.00,-0.36,Within 5 points
7323,Rise of the Tomb Raider,2015-11-10,2015,2010s,Shooter,81.40,87.04,5.64,Critics higher
7324,NHL 15,2014-09-09,2014,2010s,Simulator,73.09,62.22,-10.87,Users higher
7325,Lara Croft and the Temple of Osiris,2014-12-08,2014,2010s,Shooter,69.98,75.09,5.11,Critics higher
7326,Forza Horizon 2,2014-09-30,2014,2010s,Racing,82.64,86.41,3.78,Within 5 points
7327,Valiant Hearts: The Great War,2014-06-24,2014,2010s,Platform,81.43,76.11,-5.32,Users higher
7329,Dead Island 2,2023-04-21,2023,2020s,Shooter,68.58,74.33,5.76,Critics higher
7330,LittleBigPlanet 3,2014-11-18,2014,2010s,Platform,71.99,77.90,5.91,Critics higher
7331,Uncharted 4: A Thief's End,2016-05-10,2016,2010s,Shooter,90.69,93.24,2.55,Within 5 points
7332,Fantasy Wars,2007-11-08,2007,2000s,Role-playing (RPG),64.41,67.50,3.09,Within 5 points
7333,Crackdown 3,2019-02-15,2019,2010s,Shooter,68.19,62.27,-5.91,Users higher
7334,Bloodborne,2015-03-24,2015,2010s,Role-playing (RPG),91.91,91.11,-0.80,Within 5 points
7335,Splatoon,2015-05-28,2015,2010s,Shooter,81.13,81.00,-0.13,Within 5 points
7337,Captain Toad: Treasure Tracker,2014-11-13,2014,2010s,Platform,80.69,82.13,1.44,Within 5 points
7338,Kirby and the Rainbow Curse,2015-01-22,2015,2010s,Platform,77.41,73.12,-4.29,Within 5 points
7339,Super Mario Maker,2015-09-10,2015,2010s,Platform,81.02,89.73,8.70,Critics higher
7340,Mario Party 10,2015-03-12,2015,2010s,Quiz/Trivia,60.31,65.79,5.47,Critics higher
7342,Inside,2016-06-29,2016,2010s,Platform,86.04,92.49,6.45,Critics higher
7343,Yoshi's Woolly World,2015-06-26,2015,2010s,Platform,71.75,78.80,7.05,Critics higher
7344,Ori and the Blind Forest,2015-03-11,2015,2010s,Platform,86.73,88.29,1.55,Within 5 points
7346,The Legend of Zelda: Breath of the Wild,2017-03-03,2017,2010s,Puzzle,92.69,97.59,4.90,Within 5 points
7349,Mass Effect: Andromeda,2017-03-21,2017,2010s,Shooter,70.68,73.22,2.54,Within 5 points
7350,Get Even,2017-06-23,2017,2010s,Shooter,70.14,73.80,3.66,Within 5 points
7351,Doom,2016-05-12,2016,2010s,Shooter,85.36,86.97,1.61,Within 5 points
7352,Abzu,2016-08-02,2016,2010s,Puzzle,77.30,80.85,3.55,Within 5 points
7355,J-Stars Victory Vs,2014-03-19,2014,2010s,Fighting,69.83,74.00,4.17,Within 5 points
7357,Parasite Eve,1998-03-29,1998,1990s,Role-playing (RPG),82.91,60.00,-22.91,Users higher
7359,The 3rd Birthday,2010-12-22,2010,2010s,Shooter,69.74,76.00,6.26,Critics higher
7360,Tom Clancy's Rainbow Six Siege X,2015-12-01,2015,2010s,Shooter,78.60,74.17,-4.44,Within 5 points
7362,Lair,2007-08-30,2007,2000s,Adventure,68.79,63.33,-5.45,Users higher
7364,Little Busters!,2007-07-27,2007,2000s,Adventure,77.89,90.00,12.11,Critics higher
7365,MAG,2010-01-26,2010,2010s,Shooter,69.55,53.50,-16.05,Users higher
7380,Entwined,2014-06-09,2014,2010s,Music,59.60,69.14,9.54,Critics higher
7386,The Talos Principle,2014-12-11,2014,2010s,Puzzle,86.56,87.33,0.77,Within 5 points
7387,Pain,2007-11-29,2007,2000s,Sport,72.36,78.33,5.98,Critics higher
7388,Papo & Yo,2012-08-14,2012,2010s,Platform,75.82,74.56,-1.26,Within 5 points
7390,PlayStation All-Stars Battle Royale,2012-11-20,2012,2010s,Fighting,65.06,65.71,0.65,Within 5 points
7391,Puppeteer,2013-09-05,2013,2010s,Platform,82.27,79.57,-2.70,Within 5 points
7392,Code Name S.T.E.A.M.,2015-03-13,2015,2010s,Shooter,61.14,68.42,7.28,Critics higher
7395,Devil's Third,2015-08-04,2015,2010s,Shooter,64.99,40.00,-24.99,Users higher
7401,Symphony,2012-08-06,2012,2010s,Music,75.29,80.00,4.71,Within 5 points
7402,Hoard,2010-09-10,2010,2010s,Shooter,59.59,70.00,10.41,Critics higher
7405,Everybody's Gone to the Rapture,2015-08-11,2015,2010s,Adventure,71.92,78.82,6.90,Critics higher
7406,Aquaria,2007-12-07,2007,2000s,Platform,92.39,75.00,-17.39,Users higher
7408,Dragon Ball: Xenoverse,2015-02-05,2015,2010s,Fighting,67.29,74.00,6.71,Critics higher
7410,Pokémon Art Academy,2014-06-19,2014,2010s,Simulator,67.69,79.83,12.14,Critics higher
7412,Fallout: Brotherhood of Steel,2004-01-13,2004,2000s,Role-playing (RPG),61.57,52.50,-9.07,Users higher
7413,Final Fantasy: Explorers,2014-12-18,2014,2010s,Role-playing (RPG),70.25,68.67,-1.58,Within 5 points
7415,Rule of Rose,2006-01-19,2006,2000s,Puzzle,77.84,60.00,-17.84,Users higher
7419,Harvest Moon: The Lost Valley,2014-11-04,2014,2010s,Role-playing (RPG),55.00,55.00,0.00,Within 5 points
7420,How to Survive,2013-10-23,2013,2010s,Role-playing (RPG),67.05,86.50,19.45,Critics higher
7421,Space Run: Fast and Safe Delivery,2014-06-13,2014,2010s,Strategy,61.33,76.50,15.17,Critics higher
7422,King's Field,1994-12-16,1994,1990s,Role-playing (RPG),76.37,75.00,-1.37,Within 5 points
7432,Jumping Flash!,1995-04-28,1995,1990s,Shooter,74.09,75.00,0.91,Within 5 points
7436,Temple Run 2,2013-01-17,2013,2010s,Platform,72.17,85.00,12.83,Critics higher
7439,Blue Estate,2013-10-14,2013,2010s,Shooter,64.90,60.00,-4.90,Within 5 points
7441,Ridge Racer 7,2006-11-11,2006,2000s,Racing,60.48,80.67,20.19,Critics higher
7443,Lichdom: Battlemage,2014-08-26,2014,2010s,Shooter,41.87,65.33,23.46,Critics higher
7444,Shovel Knight,2014-06-26,2014,2010s,Platform,85.84,88.95,3.11,Within 5 points
7446,Score International Baja 1000,2008-08-04,2008,2000s,Racing,65.00,20.00,-45.00,Users higher
7448,Scott Pilgrim vs. the World: The Game,2010-08-10,2010,2010s,Fighting,77.03,80.67,3.63,Within 5 points
7450,MotoGP 13,2013-06-20,2013,2010s,Racing,70.04,78.33,8.29,Critics higher
7451,MotoGP 14,2014-06-20,2014,2010s,Puzzle,69.98,76.25,6.27,Critics higher
7452,Ms. Pac-Man,1982-01-13,1982,1980s,Arcade,79.78,84.00,4.22,Within 5 points
7455,Sengoku Basara: Samurai Heroes,2010-07-29,2010,2010s,Hack and slash/Beat 'em up,69.88,72.60,2.72,Within 5 points
7457,Siren: Blood Curse,2008-07-13,2008,2000s,Shooter,70.53,74.67,4.14,Within 5 points
7461,Starhawk,2012-05-08,2012,2010s,Shooter,70.00,79.38,9.37,Critics higher
7466,Time Crisis 4,2006-06-20,2006,2000s,Shooter,61.02,70.00,8.98,Critics higher
7467,Tokyo Jungle,2012-06-07,2012,2010s,Role-playing (RPG),73.31,72.14,-1.17,Within 5 points
7468,Tom Clancy's EndWar,2008-11-04,2008,2000s,Real Time Strategy (RTS),63.76,77.80,14.04,Critics higher
7469,Tom Clancy's Splinter Cell: Double Agent,2006-10-17,2006,2000s,Shooter,75.99,79.25,3.26,Within 5 points
7471,Transformers: Revenge of the Fallen,2009-06-23,2009,2000s,Shooter,69.12,93.33,24.22,Critics higher
7477,Valkyria Chronicles,2008-04-24,2008,2000s,Role-playing (RPG),85.48,90.12,4.65,Within 5 points
7479,Warhawk,2007-08-28,2007,2000s,Shooter,60.17,85.40,25.23,Critics higher
7482,White Knight Chronicles,2008-12-25,2008,2000s,Role-playing (RPG),67.18,63.33,-3.85,Within 5 points
7485,The Witch and the Hundred Knight,2013-07-25,2013,2010s,Role-playing (RPG),78.90,62.38,-16.53,Users higher
7488,WWE Legends of WrestleMania,2009-03-19,2009,2000s,Fighting,50.08,72.00,21.92,Critics higher
7489,Yakuza: Dead Souls,2011-06-09,2011,2010s,Shooter,80.97,67.00,-13.97,Users higher
7490,Zack Zero,2012-01-11,2012,2010s,Platform,50.00,80.00,30.00,Critics higher
7498,Tekken 7,2015-02-18,2015,2010s,Fighting,78.20,84.82,6.62,Critics higher
7499,Escape Dead Island,2014-11-18,2014,2010s,Simulator,57.41,35.00,-22.41,Users higher
7504,The Forest,2018-04-30,2018,2010s,Puzzle,69.19,86.00,16.81,Critics higher
7505,Lionheart: Legacy of the Crusader,2003-08-13,2003,2000s,Role-playing (RPG),70.19,72.00,1.81,Within 5 points
7507,Immortal Cities: Children of the Nile,2004-11-01,2004,2000s,Simulator,65.86,75.00,9.14,Critics higher
7508,Caesar IV,2006-09-26,2006,2000s,Simulator,74.82,69.00,-5.82,Users higher
7510,Pharaoh,1999-11-02,1999,1990s,Real Time Strategy (RTS),85.55,70.00,-15.55,Users higher
7512,Emperor: Rise of the Middle Kingdom,2002-09-09,2002,2000s,Real Time Strategy (RTS),89.56,80.00,-9.56,Users higher
7518,Shank,2010-08-24,2010,2010s,Hack and slash/Beat 'em up,73.09,67.86,-5.23,Users higher
7533,Tera,2011-01-25,2011,2010s,Role-playing (RPG),67.96,72.80,4.84,Within 5 points
7535,Luxor 2,2006-11-15,2006,2000s,Shooter,40.00,60.00,20.00,Critics higher
7536,Your Shape Fitness Evolved 2012,2011-11-08,2011,2010s,Simulator,75.00,72.50,-2.50,Within 5 points
7543,Gods Will Be Watching,2013-04-30,2013,2010s,Point-and-click,85.84,64.00,-21.84,Users higher
7551,Day of Defeat,2003-05-01,2003,2000s,Shooter,74.11,70.50,-3.61,Within 5 points
7552,Gomo,2013-12-06,2013,2010s,Point-and-click,58.63,50.00,-8.63,Users higher
7553,McPixel,2012-07-09,2012,2010s,Point-and-click,72.33,75.00,2.67,Within 5 points
7554,Tiny Thief,2013-07-11,2013,2010s,Point-and-click,77.60,80.00,2.40,Within 5 points
7570,Assassin's Creed Rogue,2014-11-11,2014,2010s,Role-playing (RPG),73.01,70.92,-2.10,Within 5 points
7574,FIFA 15,2014-09-23,2014,2010s,Sport,71.81,81.47,9.65,Critics higher
7579,Insurgency,2014-01-22,2014,2010s,Shooter,74.83,70.00,-4.83,Within 5 points
7584,Star Trek Online,2010-02-02,2010,2010s,Role-playing (RPG),64.12,67.50,3.38,Within 5 points
7586,King Arthur II: The Role-Playing Wargame,2012-01-27,2012,2010s,Real Time Strategy (RTS),43.99,64.25,20.26,Critics higher
7588,The Gunstringer,2011-09-13,2011,2010s,Shooter,75.00,81.60,6.60,Critics higher
7592,Space Rangers,2002-12-20,2002,2000s,Role-playing (RPG),87.87,90.00,2.13,Within 5 points
7593,Space Rangers 2: Dominators,2004-11-25,2004,2000s,Real Time Strategy (RTS),91.52,82.50,-9.02,Users higher
7596,Eufloria,2009-10-20,2009,2000s,Real Time Strategy (RTS),70.71,77.67,6.96,Critics higher
7598,Alien Swarm,2010-07-10,2010,2010s,Shooter,70.37,60.00,-10.37,Users higher
7599,Life is Strange,2015-01-29,2015,2010s,Puzzle,83.26,78.84,-4.42,Within 5 points
7600,Alienation,2016-04-26,2016,2010s,Shooter,77.24,73.12,-4.12,Within 5 points
7603,Hellblade: Senua's Sacrifice,2017-08-07,2017,2010s,Simulator,84.37,84.27,-0.10,Within 5 points
7605,S.T.A.L.K.E.R.: Call of Pripyat,2009-10-02,2009,2000s,Shooter,79.07,78.67,-0.40,Within 5 points
7609,Until Dawn,2015-08-25,2015,2010s,Adventure,80.03,79.50,-0.53,Within 5 points
7610,Game of Thrones: A Telltale Games Series,2014-12-02,2014,2010s,Point-and-click,70.61,74.92,4.31,Within 5 points
7612,CounterSpy,2014-08-19,2014,2010s,Shooter,75.05,63.38,-11.67,Users higher
7614,NBA 2K15,2014-10-07,2014,2010s,Simulator,77.39,81.14,3.76,Within 5 points
7615,Might & Magic Heroes VII,2015-09-29,2015,2010s,Role-playing (RPG),63.19,66.00,2.81,Within 5 points
7618,Never Alone: Kisima Ingitchuna,2014-11-18,2014,2010s,Platform,70.49,70.60,0.11,Within 5 points
7621,RiME,2017-05-26,2017,2010s,Platform,76.21,72.60,-3.61,Within 5 points
7630,"Warhammer 40,000: Eternal Crusade",2016-09-23,2016,2010s,Shooter,56.77,61.67,4.90,Within 5 points
7632,CSI: Dark Motives,2004-03-23,2004,2000s,Adventure,78.41,70.00,-8.41,Users higher
7633,CSI: 3 Dimensions of Murder,2006-03-14,2006,2000s,Puzzle,67.68,65.00,-2.68,Within 5 points
7635,Primordia,2012-12-05,2012,2010s,Point-and-click,84.91,65.00,-19.91,Users higher
7637,Sniper Elite: Nazi Zombie Army,2013-02-28,2013,2010s,Shooter,63.28,56.00,-7.28,Users higher
7640,Shadowrun,1993-05-01,1993,1990s,Role-playing (RPG),84.40,79.00,-5.40,Users higher
7641,Teslagrad,2013-12-13,2013,2010s,Platform,72.91,79.33,6.43,Critics higher
7642,Among the Sleep,2014-05-29,2014,2010s,Puzzle,69.26,66.18,-3.08,Within 5 points
7643,Shadowrun,2007-05-29,2007,2000s,Shooter,56.12,68.00,11.88,Critics higher
7647,Yesterday,2012-03-22,2012,2010s,Point-and-click,68.02,67.50,-0.52,Within 5 points
7649,Tiny Brains,2013-11-15,2013,2010s,Platform,60.00,66.17,6.17,Critics higher
7660,Tekken Revolution,2013-06-11,2013,2010s,Fighting,71.93,80.00,8.07,Critics higher
7661,The Book of Unwritten Tales: The Critter Chronicles,2012-12-05,2012,2010s,Point-and-click,71.23,70.00,-1.23,Within 5 points
7667,The Raven: Legacy of a Master Thief,2013-06-27,2013,2010s,Point-and-click,50.73,68.80,18.07,Critics higher
7675,Hard West,2015-11-04,2015,2010s,Role-playing (RPG),69.04,70.29,1.24,Within 5 points
7676,Ancient Space,2014-09-23,2014,2010s,Real Time Strategy (RTS),50.00,65.00,15.00,Critics higher
7684,Ghost of a Tale,2018-03-13,2018,2010s,Puzzle,86.91,65.00,-21.91,Users higher
7685,LEGO Batman 3: Beyond Gotham,2014-11-11,2014,2010s,Platform,72.11,75.58,3.47,Within 5 points
7687,Battleborn,2016-05-03,2016,2010s,Shooter,61.98,73.06,11.08,Critics higher
7689,Batman: Arkham Origins Blackgate,2013-10-25,2013,2010s,Shooter,68.68,73.40,4.72,Within 5 points
7692,MXGP: The Official Motocross Videogame,2014-03-28,2014,2010s,Racing,80.00,65.00,-15.00,Users higher
7699,Deathtrap,2015-02-04,2015,2010s,Role-playing (RPG),71.54,70.00,-1.54,Within 5 points
7705,Geometry Wars 3: Dimensions,2014-11-25,2014,2010s,Shooter,84.77,84.85,0.08,Within 5 points
7706,This War of Mine,2014-11-14,2014,2010s,Simulator,80.55,82.00,1.45,Within 5 points
7709,Salt and Sanctuary,2016-03-15,2016,2010s,Platform,80.46,85.20,4.74,Within 5 points
7711,Betrayer,2014-03-24,2014,2010s,Shooter,56.26,66.00,9.74,Critics higher
7720,AI War: Fleet Command,2009-06-02,2009,2000s,Real Time Strategy (RTS),54.58,90.00,35.42,Critics higher
7725,Resident Evil: Revelations 2,2015-02-24,2015,2010s,Shooter,71.90,72.88,0.98,Within 5 points
7727,Linger In Shadows,2008-10-09,2008,2000s,Puzzle,55.15,40.00,-15.15,Users higher
7729,Sound Shapes,2012-08-07,2012,2010s,Music,74.51,86.89,12.38,Critics higher
7741,Might and Magic IX,2002-03-28,2002,2000s,Role-playing (RPG),69.93,62.00,-7.93,Users higher
7751,Alleyway,1989-04-21,1989,1980s,Puzzle,70.54,50.00,-20.54,Users higher
7767,Mini Metro,2015-10-22,2015,2010s,Puzzle,76.41,100.00,23.59,Critics higher
7768,OlliOlli,2014-01-22,2014,2010s,Platform,70.33,79.00,8.67,Critics higher
7782,Fibbage,2014-08-21,2014,2010s,Quiz/Trivia,80.00,91.00,11.00,Critics higher
7810,Ginga Force,2013-02-14,2013,2010s,Shooter,70.00,82.00,12.00,Critics higher
7811,The History Channel: Great Battles Medieval,2011-05-03,2011,2010s,Real Time Strategy (RTS),70.00,60.00,-10.00,Users higher
7812,Patapon,2007-12-20,2007,2000s,Music,79.14,88.33,9.19,Critics higher
7813,Patapon 2,2008-11-27,2008,2000s,Music,79.80,86.50,6.70,Critics higher
7817,Nebulus,1987-12-31,1987,1980s,Platform,79.29,90.00,10.71,Critics higher
7818,Skyforge,2017-04-11,2017,2010s,Role-playing (RPG),59.69,75.00,15.31,Critics higher
7819,Shadow Puppeteer,2014-09-29,2014,2010s,Platform,60.00,66.33,6.33,Critics higher
7827,Crystal Quest,1987-12-31,1987,1980s,Shooter,59.00,70.00,11.00,Critics higher
7830,City of Heroes,2004-04-27,2004,2000s,Role-playing (RPG),65.19,89.00,23.81,Critics higher
7832,Shelter,2013-08-28,2013,2010s,Simulator,68.70,75.00,6.30,Critics higher
7833,Gorky 17,1999-11-30,1999,1990s,Point-and-click,77.76,80.00,2.24,Within 5 points
7840,Crusader: No Remorse,1995-08-31,1995,1990s,Shooter,76.93,70.00,-6.93,Users higher
7842,Danganronpa: Trigger Happy Havoc,2010-11-25,2010,2010s,Point-and-click,81.97,82.33,0.36,Within 5 points
7844,Septerra Core: Legacy of the Creator,1999-10-31,1999,1990s,Puzzle,66.94,40.00,-26.94,Users higher
7846,WWE 2K15,2014-10-28,2014,2010s,Fighting,57.67,53.07,-4.60,Within 5 points
7849,Halo: Spartan Strike,2015-04-16,2015,2010s,Shooter,67.93,80.00,12.07,Critics higher
7851,Jetpac,1983-05-01,1983,1980s,Shooter,82.57,90.00,7.43,Critics higher
7858,Sonic Adventure 2,2001-06-23,2001,2000s,Platform,74.78,79.00,4.22,Within 5 points
7860,Sonic Adventure,1998-12-23,1998,1990s,Platform,66.23,55.00,-11.23,Users higher
7864,DeadCore,2014-10-17,2014,2010s,Shooter,62.50,62.67,0.16,Within 5 points
7865,Harold,2015-02-12,2015,2010s,Platform,60.00,60.00,0.00,Within 5 points
7866,F1 2014,2014-10-02,2014,2010s,Racing,73.42,62.71,-10.71,Users higher
7868,I am Bread,2014-12-03,2014,2010s,Platform,52.99,53.57,0.58,Within 5 points
7873,Chrome,2003-10-28,2003,2000s,Shooter,50.97,59.50,8.53,Critics higher
7876,Race the Sun,2013-08-19,2013,2010s,Racing,71.70,86.00,14.30,Critics higher
7877,The Legend of Korra,2014-10-21,2014,2010s,Fighting,67.14,51.50,-15.64,Users higher
7880,Cargo Commander,2012-11-01,2012,2010s,Shooter,80.00,72.00,-8.00,Users higher
7881,ESPN NFL 2K5,2004-07-20,2004,2000s,Simulator,90.89,91.50,0.61,Within 5 points
7882,Madden NFL 15,2014-08-26,2014,2010s,Simulator,70.01,82.50,12.49,Critics higher
7885,Legend of Dungeon,2013-09-13,2013,2010s,Role-playing (RPG),67.49,75.00,7.51,Critics higher
7886,Crypt of the NecroDancer,2015-04-23,2015,2010s,Music,76.61,87.89,11.28,Critics higher
7887,Vindictus,2010-10-13,2010,2010s,Role-playing (RPG),61.01,70.00,8.99,Critics higher
7891,Hammerwatch,2013-08-12,2013,2010s,Role-playing (RPG),69.91,70.00,0.09,Within 5 points
7892,Guardians of Middle-earth,2012-12-05,2012,2010s,Real Time Strategy (RTS),41.17,73.38,32.21,Critics higher
7893,Legacy of Kain: Soul Reaver 2,2001-10-31,2001,2000s,Adventure,82.86,95.00,12.14,Critics higher
7894,Blood Omen: Legacy of Kain,1996-11-01,1996,1990s,Adventure,76.65,85.00,8.35,Critics higher
7895,La-Mulana,2005-05-27,2005,2000s,Platform,90.03,80.00,-10.03,Users higher
7897,Chariot,2014-09-30,2014,2010s,Platform,79.56,73.00,-6.56,Users higher
7902,Croc 2,1999-08-03,1999,1990s,Platform,68.09,60.00,-8.09,Users higher
7937,La-Mulana 2,2018-07-30,2018,2010s,Platform,80.00,85.00,5.00,Within 5 points
7960,Angry Video Game Nerd Adventures,2013-09-20,2013,2010s,Shooter,60.83,76.67,15.83,Critics higher
7963,Mevo and the Grooveriders,2009-03-19,2009,2000s,Music,70.00,50.00,-20.00,Users higher
7964,Ittle Dew,2013-07-23,2013,2010s,Puzzle,75.39,81.00,5.61,Critics higher
7965,Kholat,2015-06-09,2015,2010s,Adventure,60.59,66.00,5.41,Critics higher
7966,Dirt Showdown,2012-05-23,2012,2010s,Racing,69.60,75.20,5.60,Critics higher
7967,Colin McRae Rally,1998-07-01,1998,1990s,Racing,82.56,50.00,-32.56,Users higher
7968,Colin McRae Rally 3,2002-10-25,2002,2000s,Racing,79.98,83.50,3.52,Within 5 points
7969,Colin McRae Rally 2005,2004-09-22,2004,2000s,Racing,77.66,80.00,2.34,Within 5 points
7992,SpongeBob's Surf & Skate Roadtrip,2011-11-08,2011,2010s,Sport,75.00,60.00,-15.00,Users higher
8006,Marlow Briggs and the Mask of Death,2013-09-20,2013,2010s,Puzzle,72.27,70.00,-2.27,Within 5 points
8035,Mad Riders,2012-05-29,2012,2010s,Racing,65.02,70.00,4.98,Within 5 points
8036,Verdun,2015-04-28,2015,2010s,Shooter,61.24,57.50,-3.74,Within 5 points
8041,Galaxy on Fire 2,2009-02-01,2009,2000s,Shooter,71.65,89.00,17.35,Critics higher
8063,Retro City Rampage,2012-10-09,2012,2010s,Shooter,65.83,72.50,6.67,Critics higher
8070,Eldritch,2013-10-21,2013,2010s,Shooter,66.68,80.67,13.98,Critics higher
8072,Sanitarium,1998-04-28,1998,1990s,Point-and-click,81.16,92.00,10.84,Critics higher
8074,Pathologic,2005-06-09,2005,2000s,Shooter,84.49,60.00,-24.49,Users higher
8087,Scooby-Doo! Who's Watching Who?,2006-10-09,2006,2000s,Platform,47.00,51.00,4.00,Within 5 points
8114,Jazzpunk,2014-02-07,2014,2010s,Puzzle,75.35,82.75,7.40,Critics higher
8115,4PM,2014-07-09,2014,2010s,Indie,40.00,65.00,25.00,Critics higher
8117,Lone Survivor,2012-03-27,2012,2010s,Puzzle,62.70,81.33,18.63,Critics higher
8118,Disney's Aladdin,1993-11-11,1993,1990s,Platform,81.76,80.00,-1.76,Within 5 points
8122,Castle of Illusion Starring Mickey Mouse,1990-11-20,1990,1990s,Platform,71.34,55.00,-16.34,Users higher
8129,Walt Disney World Quest: Magical Racing Tour,2000-03-23,2000,2000s,Racing,74.17,80.00,5.83,Critics higher
8134,Looney Tunes: Duck Amuck,2007-10-09,2007,2000s,Adventure,67.00,72.50,5.50,Critics higher
8138,Neverending Nightmares,2014-09-26,2014,2010s,Adventure,64.04,67.00,2.96,Within 5 points
8145,Spelunky Classic,2008-12-21,2008,2000s,Platform,85.75,94.38,8.63,Critics higher
8146,Closure,2012-03-27,2012,2010s,Platform,72.94,80.00,7.06,Critics higher
8167,Rhythm Heaven,2008-07-31,2008,2000s,Music,86.69,87.33,0.65,Within 5 points
8168,Tecmo Bowl,1987-12-01,1987,1980s,Sport,73.28,70.00,-3.28,Within 5 points
8170,Jet Set Willy,1984-12-31,1984,1980s,Platform,74.02,90.00,15.98,Critics higher
8173,Overwatch,2016-05-24,2016,2010s,Shooter,81.88,89.08,7.20,Critics higher
8174,Soul Saga: Episode 1,2018-12-31,2018,2010s,Role-playing (RPG),50.00,80.00,30.00,Critics higher
8186,LittleBigPlanet Karting,2012-11-06,2012,2010s,Racing,57.31,73.33,16.02,Critics higher
8187,Just Cause 3,2015-11-30,2015,2010s,Adventure,75.34,76.47,1.13,Within 5 points
8188,Realm of the Mad God,2011-06-20,2011,2010s,Role-playing (RPG),73.64,85.00,11.36,Critics higher
8190,Defense Grid: The Awakening,2008-12-08,2008,2000s,Real Time Strategy (RTS),71.19,86.00,14.81,Critics higher
8194,Tetris Ultimate,2014-11-11,2014,2010s,Puzzle,70.18,60.00,-10.18,Users higher
8198,Space Invaders Extreme,2008-02-21,2008,2000s,Shooter,76.79,80.14,3.35,Within 5 points
8199,Space Invaders Extreme 2,2009-03-26,2009,2000s,Shooter,86.00,85.00,-1.00,Within 5 points
8200,Total War: Attila,2015-02-17,2015,2010s,Real Time Strategy (RTS),74.66,76.80,2.14,Within 5 points
8201,Daikatana,2000-03-31,2000,2000s,Shooter,53.85,50.00,-3.85,Within 5 points
8209,Mordheim: City of the Damned,2015-11-19,2015,2010s,Role-playing (RPG),88.71,66.00,-22.71,Users higher
8213,Tourist Trophy,2006-01-26,2006,2000s,Racing,79.93,67.67,-12.26,Users higher
8223,Assassin's Creed Chronicles: China,2015-04-21,2015,2010s,Platform,70.27,70.38,0.11,Within 5 points
8225,Anno 1701,2006-10-30,2006,2000s,Real Time Strategy (RTS),75.55,76.67,1.11,Within 5 points
8229,TrickStyle,1999-09-09,1999,1990s,Racing,60.05,60.00,-0.05,Within 5 points
8231,AirBlade,2001-11-09,2001,2000s,Racing,51.17,60.00,8.83,Critics higher
8232,Grey Goo,2015-01-23,2015,2010s,Real Time Strategy (RTS),70.14,83.00,12.86,Critics higher
8237,The Getaway,2002-12-11,2002,2000s,Shooter,75.34,80.00,4.66,Within 5 points
8238,The Getaway: Black Monday,2004-11-12,2004,2000s,Shooter,69.98,56.67,-13.31,Users higher
8241,SOCOM 3: U.S. Navy SEALs,2005-10-11,2005,2000s,Shooter,70.03,71.67,1.64,Within 5 points
8242,SOCOM: U.S. Navy SEALs - Combined Assault,2006-11-07,2006,2000s,Shooter,80.00,70.00,-10.00,Users higher
8246,Marvel vs. Capcom: Clash of Super Heroes,1998-01-12,1998,1990s,Fighting,81.65,90.00,8.35,Critics higher
8247,Marvel vs. Capcom 2: New Age of Heroes,2000-02-24,2000,2000s,Fighting,85.27,80.00,-5.27,Users higher
8248,Marvel vs. Capcom 3: Fate of Two Worlds,2011-02-15,2011,2010s,Fighting,73.30,88.00,14.70,Critics higher
8249,Secret Ponchos,2014-12-02,2014,2010s,Fighting,60.00,64.00,4.00,Within 5 points
8250,Quest for Infamy,2014-07-10,2014,2010s,Point-and-click,70.00,76.00,6.00,Critics higher
8251,Pro Cycling Manager 2014,2014-06-19,2014,2010s,Simulator,50.00,70.00,20.00,Critics higher
8252,Escape Goat 2,2014-03-24,2014,2010s,Platform,79.91,80.00,0.09,Within 5 points
8255,Trine 3: The Artifacts of Power,2015-08-20,2015,2010s,Platform,64.89,62.00,-2.89,Within 5 points
8256,N.E.R.O.: Nothing Ever Remains Obscure,2015-05-15,2015,2010s,Puzzle,46.84,60.00,13.16,Critics higher
8258,Street Fighter V,2016-02-15,2016,2010s,Fighting,72.97,71.79,-1.18,Within 5 points
8259,Tacoma,2017-08-02,2017,2010s,Adventure,70.51,78.19,7.68,Critics higher
8260,King's Quest,2015-07-28,2015,2010s,Point-and-click,81.30,71.48,-9.82,Users higher
8261,Fractured Soul,2012-09-13,2012,2010s,Shooter,70.00,71.25,1.25,Within 5 points
8262,Lethal League,2013-04-30,2013,2010s,Fighting,77.74,62.50,-15.24,Users higher
8263,Assassin's Creed Syndicate,2015-10-23,2015,2010s,Adventure,74.82,72.16,-2.66,Within 5 points
8266,NFL Street 3,2006-11-14,2006,2000s,Sport,89.89,66.75,-23.14,Users higher
8267,Stuntman,2002-06-23,2002,2000s,Music,60.19,76.67,16.47,Critics higher
8270,ATV Offroad Fury 2,2002-11-09,2002,2000s,Racing,83.71,80.00,-3.71,Within 5 points
8276,Secrets of Rætikon,2014-04-17,2014,2010s,Puzzle,60.00,50.00,-10.00,Users higher
8277,Cold Winter,2005-05-11,2005,2000s,Shooter,76.88,75.00,-1.88,Within 5 points
8283,Mind Zero,2013-08-01,2013,2010s,Role-playing (RPG),50.00,55.00,5.00,Within 5 points
8284,Pokémon Black Version 2,2012-06-23,2012,2010s,Role-playing (RPG),83.12,82.29,-0.84,Within 5 points
8286,Magrunner: Dark Pulse,2013-06-20,2013,2010s,Shooter,56.44,60.00,3.56,Within 5 points
8288,The Banner Saga 2,2016-04-19,2016,2010s,Role-playing (RPG),88.55,84.38,-4.16,Within 5 points
8290,Heavy Metal: F.A.K.K. 2,2000-08-04,2000,2000s,Shooter,79.93,70.00,-9.93,Users higher
8291,Discworld,1995-01-01,1995,1990s,Point-and-click,83.31,70.00,-13.31,Users higher
8294,Formula 1,1996-09-01,1996,1990s,Racing,70.02,81.00,10.98,Critics higher
8311,Titan Quest,2006-06-26,2006,2000s,Role-playing (RPG),77.29,81.25,3.96,Within 5 points
8315,WRC 3,2003-11-21,2003,2000s,Racing,70.30,60.00,-10.30,Users higher
8316,WRC 4,2004-10-22,2004,2000s,Racing,77.42,80.00,2.58,Within 5 points
8317,WRC: Rally Evolved,2005-10-28,2005,2000s,Racing,61.01,60.00,-1.01,Within 5 points
8318,Bejeweled,2001-05-30,2001,2000s,Puzzle,67.24,100.00,32.76,Critics higher
8319,Gunman Chronicles,2000-11-20,2000,2000s,Shooter,76.95,80.00,3.05,Within 5 points
8321,Feeding Frenzy 2: Shipwreck Showdown,2006-02-06,2006,2000s,Arcade,70.19,50.00,-20.19,Users higher
8322,Zuma's Revenge!,2009-09-15,2009,2000s,Puzzle,73.58,74.50,0.92,Within 5 points
8325,Bookworm,2003-02-25,2003,2000s,Puzzle,48.06,65.00,16.94,Critics higher
8332,Rollcage,1999-03-24,1999,1990s,Racing,76.78,79.00,2.22,Within 5 points
8333,Sydney 2000,2000-07-31,2000,2000s,Sport,70.70,70.00,-0.70,Within 5 points
8335,Blackguards 2,2015-01-20,2015,2010s,Role-playing (RPG),72.82,73.80,0.98,Within 5 points
8339,Minecraft: Story Mode,2015-10-13,2015,2010s,Point-and-click,72.56,65.49,-7.07,Users higher
8347,The Long Dark,2017-08-01,2017,2010s,Shooter,76.41,82.00,5.59,Critics higher
8349,Dead State,2014-12-04,2014,2010s,Role-playing (RPG),78.31,69.00,-9.31,Users higher
8352,The Unfinished Swan,2012-10-23,2012,2010s,Puzzle,77.42,76.67,-0.76,Within 5 points
8353,Pokémon White Version 2,2012-06-23,2012,2010s,Role-playing (RPG),81.72,80.00,-1.72,Within 5 points
8354,Splosion Man,2009-07-22,2009,2000s,Platform,77.76,77.50,-0.26,Within 5 points
8356,Astebreed,2013-12-31,2013,2010s,Shooter,69.71,82.00,12.29,Critics higher
8357,99 Levels to Hell,2013-02-26,2013,2010s,Platform,50.00,60.00,10.00,Critics higher
8360,One Finger Death Punch,2013-09-01,2013,2010s,Fighting,70.73,90.00,19.27,Critics higher
8361,Transformers: Fall of Cybertron,2012-08-21,2012,2010s,Shooter,72.96,80.64,7.68,Critics higher
8366,Sniper Elite III,2014-06-24,2014,2010s,Shooter,71.06,67.92,-3.14,Within 5 points
8371,Outland,2011-04-27,2011,2010s,Platform,72.73,85.00,12.27,Critics higher
8372,Orcs Must Die! 2,2012-07-30,2012,2010s,Shooter,75.60,82.25,6.65,Critics higher
8373,Adventurezator: When Pigs Fly,2014-07-23,2014,2010s,Point-and-click,60.00,60.00,0.00,Within 5 points
8375,Afterfall: Insanity,2011-11-25,2011,2010s,Shooter,68.69,50.00,-18.69,Users higher
8382,Vessel,2012-03-01,2012,2010s,Platform,78.19,76.00,-2.19,Within 5 points
8383,Wargame: European Escalation,2012-02-22,2012,2010s,Real Time Strategy (RTS),74.04,90.00,15.96,Critics higher
8385,Madballs in Babo: Invasion,2009-09-17,2009,2000s,Shooter,80.00,80.00,0.00,Within 5 points
8387,Men of War: Red Tide,2009-11-01,2009,2000s,Real Time Strategy (RTS),69.91,70.00,0.09,Within 5 points
8392,Edge,2008-12-01,2008,2000s,Platform,72.75,86.00,13.25,Critics higher
8394,Ceville,2009-02-27,2009,2000s,Point-and-click,88.07,70.00,-18.07,Users higher
8395,Grand Ages: Rome,2009-03-06,2009,2000s,Real Time Strategy (RTS),73.36,70.00,-3.36,Within 5 points
8397,International Karate +,1987-10-01,1987,1980s,Fighting,84.16,90.00,5.84,Critics higher
8401,Last Ninja 2: Back with a Vengeance,1988-12-31,1988,1980s,Adventure,81.00,90.00,9.00,Critics higher
8408,Blade Symphony,2014-05-07,2014,2010s,Fighting,67.60,85.00,17.40,Critics higher
8409,Pure Pool,2014-07-29,2014,2010s,Simulator,79.89,72.50,-7.39,Users higher
8420,Star Trek: Elite Force II,2003-06-20,2003,2000s,Shooter,76.04,76.33,0.29,Within 5 points
8422,Breach & Clear,2013-07-17,2013,2010s,Shooter,69.71,58.33,-11.38,Users higher
8423,Jon Shafer's At the Gates,2019-01-23,2019,2010s,Strategy,50.00,71.17,21.17,Critics higher
8426,Cognition: An Erica Reed Thriller,2013-09-19,2013,2010s,Point-and-click,79.48,72.00,-7.48,Users higher
8427,Cthulhu Saves the World,2010-12-30,2010,2010s,Role-playing (RPG),59.92,90.00,30.08,Critics higher
8428,Dark Scavenger,2014-05-16,2014,2010s,Role-playing (RPG),80.00,70.00,-10.00,Users higher
8430,Shantae and the Pirate's Curse,2014-10-22,2014,2010s,Platform,81.68,82.20,0.52,Within 5 points
8433,Lifeless Planet,2014-06-06,2014,2010s,Puzzle,59.71,61.43,1.72,Within 5 points
8437,Block N Load,2015-04-30,2015,2010s,Shooter,71.47,73.50,2.03,Within 5 points
8438,Hack n Slash,2014-09-09,2014,2010s,Puzzle,40.50,65.00,24.50,Critics higher
8440,The Bridge,2013-02-22,2013,2010s,Platform,70.22,69.00,-1.22,Within 5 points
8456,Legend of Grimrock 2,2014-10-15,2014,2010s,Puzzle,84.89,87.50,2.61,Within 5 points
8457,Beavis and Butt-head in Virtual Stupidity,1995-08-31,1995,1990s,Point-and-click,79.25,78.00,-1.25,Within 5 points
8465,Volgarr the Viking,2013-09-13,2013,2010s,Platform,70.51,80.00,9.49,Critics higher
8467,Velocity 2X,2014-09-02,2014,2010s,Shooter,88.23,80.50,-7.73,Users higher
8469,Urban Chaos,1999-11-30,1999,1990s,Shooter,81.89,90.00,8.11,Critics higher
8471,Startopia,2001-06-15,2001,2000s,Real Time Strategy (RTS),89.71,90.00,0.29,Within 5 points
8472,Gas Guzzlers Extreme,2013-10-08,2013,2010s,Fighting,74.61,60.00,-14.61,Users higher
8475,Myst V: End of Ages,2005-09-20,2005,2000s,Puzzle,70.15,67.50,-2.65,Within 5 points
8478,"Sir, You Are Being Hunted",2014-05-02,2014,2010s,Adventure,42.92,62.67,19.75,Critics higher
8479,Naruto Shippuden: Ultimate Ninja Storm Revolution,2014-09-11,2014,2010s,Fighting,65.79,65.60,-0.19,Within 5 points
8480,Warhammer Quest,2013-05-30,2013,2010s,Role-playing (RPG),65.54,50.00,-15.54,Users higher
8481,Blacklight: Tango Down,2010-07-07,2010,2010s,Shooter,65.37,80.00,14.63,Critics higher
8498,Army Men: RTS,2002-03-28,2002,2000s,Real Time Strategy (RTS),77.42,74.50,-2.92,Within 5 points
8499,Five Nights at Freddy's,2014-08-08,2014,2010s,Point-and-click,64.30,71.67,7.36,Critics higher
8500,Futuridium EP Deluxe,2014-09-30,2014,2010s,Shooter,42.37,61.00,18.63,Critics higher
8505,Duke Nukem: Manhattan Project,2002-05-14,2002,2000s,Shooter,75.49,45.00,-30.49,Users higher
8506,Xeodrifter,2014-12-11,2014,2010s,Platform,68.32,79.00,10.68,Critics higher
8507,Strike Suit Zero,2013-01-23,2013,2010s,Shooter,80.00,61.17,-18.83,Users higher
8508,Xenonauts,2014-07-17,2014,2010s,Simulator,79.74,70.00,-9.74,Users higher
8509,Skylanders: Trap Team,2014-09-30,2014,2010s,Platform,69.73,79.53,9.80,Critics higher
8510,Road Not Taken,2014-08-05,2014,2010s,Puzzle,59.91,65.00,5.09,Critics higher
8511,The Blackwell Epiphany,2014-04-24,2014,2010s,Point-and-click,83.73,82.00,-1.73,Within 5 points
8512,Micro Machines V4,2006-06-27,2006,2000s,Racing,40.20,58.00,17.80,Critics higher
8526,Beach-Head,1983-12-31,1983,1980s,Shooter,70.33,40.50,-29.83,Users higher
8545,Self-Defense Training Camp,2011-11-08,2011,2010s,Fighting,65.00,20.00,-45.00,Users higher
8547,Steel Battalion: Heavy Armor,2012-06-19,2012,2010s,Unknown,70.00,44.33,-25.67,Users higher
8548,Call of Duty: Black Ops - Declassified,2012-11-13,2012,2010s,Shooter,54.27,42.75,-11.52,Users higher
8558,Forza Motorsport 6,2015-09-15,2015,2010s,Racing,76.47,83.64,7.17,Critics higher
8559,I.G.I.-2: Covert Strike,2003-03-03,2003,2000s,Shooter,74.69,68.33,-6.36,Users higher
8560,Kinect Star Wars,2012-04-03,2012,2010s,Fighting,53.00,55.00,2.00,Within 5 points
8566,Pro Evolution Soccer 2015,2014-11-11,2014,2010s,Simulator,69.56,81.17,11.61,Critics higher
8576,Drakengard 3,2013-12-19,2013,2010s,Role-playing (RPG),74.53,56.25,-18.28,Users higher
8581,Star Fox,1993-02-21,1993,1990s,Shooter,82.30,70.00,-12.30,Users higher
8583,Champions Online,2009-09-01,2009,2000s,Role-playing (RPG),51.17,71.67,20.50,Critics higher
8587,Uplink,2001-10-01,2001,2000s,Simulator,72.34,70.00,-2.34,Within 5 points
8588,Pokémon Trozei!,2005-10-20,2005,2000s,Puzzle,70.09,70.00,-0.09,Within 5 points
8592,Pokémon Shuffle,2015-02-18,2015,2010s,Puzzle,62.62,62.50,-0.12,Within 5 points
8594,Mario vs. Donkey Kong: Tipping Stars,2015-03-05,2015,2010s,Platform,69.19,71.67,2.47,Within 5 points
8596,Elliot Quest,2014-11-10,2014,2010s,Platform,79.00,81.00,2.00,Within 5 points
8597,Blek,2013-12-03,2013,2010s,Puzzle,80.00,80.00,0.00,Within 5 points
8598,Citizens of Earth,2015-01-20,2015,2010s,Role-playing (RPG),72.00,70.71,-1.29,Within 5 points
8599,Gunman Clive,2012-04-02,2012,2010s,Shooter,72.69,80.00,7.31,Critics higher
8601,Fear Effect 2: Retro Helix,2001-02-21,2001,2000s,Shooter,72.22,50.00,-22.22,Users higher
8605,Gunman Clive 2,2015-01-29,2015,2010s,Shooter,74.31,70.00,-4.31,Within 5 points
8607,Etrian Mystery Dungeon,2015-03-05,2015,2010s,Role-playing (RPG),79.00,78.43,-0.57,Within 5 points
8608,Story of Seasons,2014-02-27,2014,2010s,Role-playing (RPG),71.51,80.00,8.49,Critics higher
8609,Fossil Fighters: Frontier,2014-02-27,2014,2010s,Role-playing (RPG),72.00,65.00,-7.00,Users higher
8610,IronFall: Invasion,2015-02-13,2015,2010s,Shooter,62.00,53.33,-8.67,Users higher
8611,C.O.P. The Recruit,2009-11-03,2009,2000s,Adventure,58.00,50.00,-8.00,Users higher
8618,2 Fast 4 Gnomz,2012-02-23,2012,2010s,Platform,60.00,53.00,-7.00,Users higher
8620,Adventure Time: The Secret of the Nameless Kingdom,2014-11-18,2014,2010s,Role-playing (RPG),60.00,65.00,5.00,Within 5 points
8629,AiRace Speed,2013-09-19,2013,2010s,Racing,76.00,60.00,-16.00,Users higher
8633,Alien Breed,1991-12-31,1991,1990s,Shooter,79.77,70.00,-9.77,Users higher
8635,Alone With You,2016-08-23,2016,2010s,Puzzle,67.03,72.56,5.52,Critics higher
8642,Aqua Kitty: Milk Mine Defender,2013-06-09,2013,2010s,Shooter,80.00,80.67,0.67,Within 5 points
8644,Assault Android Cactus,2015-09-23,2015,2010s,Shooter,76.07,82.18,6.11,Critics higher
8647,Rally Cross,1997-02-28,1997,1990s,Racing,65.42,70.00,4.58,Within 5 points
8650,Attractio,2014-03-20,2014,2010s,Platform,60.00,55.00,-5.00,Within 5 points
8651,Aztez,2017-08-01,2017,2010s,Fighting,69.91,90.00,20.09,Critics higher
8652,Axiom Verge,2015-03-31,2015,2010s,Platform,75.60,83.87,8.27,Critics higher
8654,Adr1ft,2016-03-28,2016,2010s,Puzzle,79.35,68.08,-11.27,Users higher
8655,MLB 15: The Show,2015-03-31,2015,2010s,Sport,76.96,78.75,1.79,Within 5 points
8684,Doki-Doki Universe,2013-12-02,2013,2010s,Simulator,64.04,74.00,9.96,Critics higher
8700,Little Fighter 2,1999-12-31,1999,1990s,Fighting,82.98,60.00,-22.98,Users higher
8710,Marathon 2: Durandal,1995-11-24,1995,1990s,Shooter,66.35,60.00,-6.35,Users higher
8713,Battlefleet Gothic: Armada,2016-04-21,2016,2010s,Real Time Strategy (RTS),50.00,75.00,25.00,Critics higher
8714,Sid Meier's Starships,2015-03-12,2015,2010s,Strategy,67.97,66.00,-1.97,Within 5 points
8715,Element4l,2013-05-24,2013,2010s,Platform,74.10,73.33,-0.77,Within 5 points
8725,Continue?9876543210,2013-12-01,2013,2010s,Quiz/Trivia,50.00,80.00,30.00,Critics higher
8729,Vampyr,2018-06-04,2018,2010s,Role-playing (RPG),72.40,68.29,-4.11,Within 5 points
8730,ScreamRide,2015-03-03,2015,2010s,Simulator,80.00,74.07,-5.93,Users higher
8731,Godzilla: The Game,2014-12-18,2014,2010s,Fighting,60.03,40.62,-19.40,Users higher
8739,Monaco: What's Yours Is Mine,2013-04-24,2013,2010s,Puzzle,69.78,86.11,16.33,Critics higher
8744,Global Operations,2002-03-25,2002,2000s,Shooter,64.99,81.00,16.01,Critics higher
8750,N++,2015-07-28,2015,2010s,Platform,88.21,82.80,-5.41,Users higher
8756,NEO Scavenger,2014-12-15,2014,2010s,Role-playing (RPG),78.98,72.50,-6.48,Users higher
8758,Anomaly: Warzone Earth,2011-04-08,2011,2010s,Real Time Strategy (RTS),73.36,84.60,11.24,Critics higher
8762,Lumino City,2014-12-02,2014,2010s,Point-and-click,83.50,70.00,-13.50,Users higher
8764,Agarest: Generations of War,2013-10-03,2013,2010s,Role-playing (RPG),42.83,55.00,12.17,Critics higher
8765,The Witcher: Adventure Game,2014-11-27,2014,2010s,Role-playing (RPG),55.96,73.67,17.71,Critics higher
8768,Drakensang: The Dark Eye,2008-08-01,2008,2000s,Role-playing (RPG),73.03,70.00,-3.03,Within 5 points
8774,Grow Home,2015-02-04,2015,2010s,Platform,70.88,78.00,7.12,Critics higher
8780,The Marvellous Miss Take,2014-11-20,2014,2010s,Adventure,80.00,74.33,-5.67,Users higher
8781,Shadows: Heretic Kingdoms,2014-11-20,2014,2010s,Role-playing (RPG),50.00,90.00,40.00,Critics higher
8785,Haegemonia: Legions of Iron,2002-11-14,2002,2000s,Real Time Strategy (RTS),50.00,75.00,25.00,Critics higher
8788,Interstate '82,1999-11-22,1999,1990s,Shooter,78.95,60.00,-18.95,Users higher
8792,Mount & Blade: With Fire and Sword,2011-05-03,2011,2010s,Role-playing (RPG),69.74,80.00,10.26,Critics higher
8794,A Bird Story,2014-11-07,2014,2010s,Adventure,74.97,68.33,-6.63,Users higher
8803,God Hand,2006-09-14,2006,2000s,Hack and slash/Beat 'em up,80.19,73.00,-7.19,Users higher
8807,Scribblenauts,2009-09-15,2009,2000s,Puzzle,64.95,78.80,13.85,Critics higher
8808,Super Scribblenauts,2010-10-12,2010,2010s,Platform,75.81,85.25,9.44,Critics higher
8816,Screencheat,2014-10-21,2014,2010s,Shooter,77.80,71.00,-6.80,Users higher
8818,Starpoint Gemini 2,2014-09-26,2014,2010s,Role-playing (RPG),80.00,73.33,-6.67,Users higher
8819,A Golden Wake,2014-10-09,2014,2010s,Point-and-click,66.76,86.00,19.24,Critics higher
8822,Mitsurugi Kamui Hikae,2013-10-31,2013,2010s,Fighting,66.69,70.00,3.31,Within 5 points
8831,Unrest,2014-07-23,2014,2010s,Role-playing (RPG),50.00,70.00,20.00,Critics higher
8835,NBA 2K6,2005-09-26,2005,2000s,Simulator,74.34,80.00,5.66,Critics higher
8836,NBA 2K7,2006-09-25,2006,2000s,Simulator,69.98,78.75,8.77,Critics higher
8837,NBA 2K8,2007-10-02,2007,2000s,Simulator,80.00,80.00,0.00,Within 5 points
8838,NBA 2K9,2008-10-07,2008,2000s,Simulator,71.23,83.00,11.77,Critics higher
8849,Dungeons,2011-01-27,2011,2010s,Real Time Strategy (RTS),69.14,63.50,-5.64,Users higher
8856,Raiden III,2005-09-22,2005,2000s,Shooter,75.03,60.00,-15.03,Users higher
8869,Spacecom,2014-09-17,2014,2010s,Real Time Strategy (RTS),50.00,88.50,38.50,Critics higher
8874,Hatoful Boyfriend,2011-07-31,2011,2010s,Simulator,68.07,75.00,6.93,Critics higher
8898,Populous DS,2008-02-21,2008,2000s,Strategy,56.00,60.00,4.00,Within 5 points
8900,Monument Valley,2014-04-03,2014,2010s,Puzzle,76.03,89.67,13.64,Critics higher
8901,Badland,2013-04-04,2013,2010s,Platform,73.47,70.00,-3.47,Within 5 points
8920,Act of Aggression,2015-09-02,2015,2010s,Real Time Strategy (RTS),70.20,68.17,-2.03,Within 5 points
8921,White Night,2015-03-03,2015,2010s,Puzzle,70.05,61.88,-8.18,Users higher
8925,Sunless Sea,2015-02-15,2015,2010s,Real Time Strategy (RTS),78.54,85.00,6.46,Critics higher
8928,UFO: Aftermath,2003-10-03,2003,2000s,Strategy,72.00,80.00,8.00,Critics higher
8932,Earth 2150,2000-05-22,2000,2000s,Real Time Strategy (RTS),79.94,80.00,0.06,Within 5 points
8935,Earth 2160,2005-08-02,2005,2000s,Real Time Strategy (RTS),53.30,77.50,24.20,Critics higher
8941,Project Eden,2001-10-08,2001,2000s,Shooter,69.95,70.00,0.05,Within 5 points
8944,Penumbra: Overture,2007-03-30,2007,2000s,Puzzle,76.88,74.00,-2.88,Within 5 points
8949,God Mode,2013-04-19,2013,2010s,Shooter,43.60,56.67,13.07,Critics higher
8953,Ichi,2012-06-06,2012,2010s,Puzzle,80.00,60.00,-20.00,Users higher
8960,Nosferatu: The Wrath of Malachi,2003-10-21,2003,2000s,Shooter,69.12,80.00,10.88,Critics higher
8964,Perimeter,2004-05-21,2004,2000s,Real Time Strategy (RTS),52.10,86.00,33.90,Critics higher
8965,Darkest Dungeon,2016-01-19,2016,2010s,Role-playing (RPG),82.12,83.10,0.98,Within 5 points
8966,Mister Mosquito,2001-06-21,2001,2000s,Simulator,51.06,57.00,5.94,Critics higher
8971,Football Manager 2006,2005-10-21,2005,2000s,Sport,77.18,85.00,7.82,Critics higher
8972,Football Manager 2009,2008-11-14,2008,2000s,Sport,79.20,80.00,0.80,Within 5 points
8973,Football Manager 2012,2011-10-21,2011,2010s,Simulator,92.87,84.00,-8.87,Users higher
8974,Football Manager 2013,2012-11-02,2012,2010s,Sport,89.10,89.50,0.40,Within 5 points
8975,Football Manager 2014,2013-10-30,2013,2010s,Simulator,88.07,83.86,-4.22,Within 5 points
8976,Football Manager 2015,2014-11-07,2014,2010s,Simulator,80.45,73.80,-6.65,Users higher
8978,Jetpack Joyride,2011-09-01,2011,2010s,Platform,70.76,67.00,-3.76,Within 5 points
8979,Puzzle Quest 2,2010-06-22,2010,2010s,Puzzle,64.00,80.56,16.55,Critics higher
8980,Puzzle Quest: Galactrix,2009-02-24,2009,2000s,Puzzle,50.08,71.00,20.92,Critics higher
8983,Obduction,2016-08-24,2016,2010s,Point-and-click,77.55,67.00,-10.55,Users higher
8986,The Legend of Heroes: Trails in the Sky,2004-06-24,2004,2000s,Role-playing (RPG),85.78,85.00,-0.78,Within 5 points
8992,MouseCraft,2014-07-08,2014,2010s,Puzzle,70.20,65.00,-5.20,Users higher
8995,NBA Jam,1993-06-02,1993,1990s,Sport,80.17,69.00,-11.17,Users higher
8998,Desktop Dungeons,2013-11-07,2013,2010s,Puzzle,74.55,85.50,10.95,Critics higher
9006,Conan,2007-09-28,2007,2000s,Shooter,63.12,65.00,1.88,Within 5 points
9007,Pool Nation,2012-10-31,2012,2010s,Simulator,72.04,77.50,5.46,Critics higher
9011,Rhythm Destruction,2012-10-16,2012,2010s,Shooter,50.00,60.00,10.00,Critics higher
9013,Thirty Flights of Loving,2012-08-20,2012,2010s,Puzzle,77.19,90.00,12.81,Critics higher
9014,Quadrilateral Cowboy,2016-07-25,2016,2010s,Puzzle,72.69,84.23,11.54,Critics higher
9016,Apotheon,2015-02-03,2015,2010s,Platform,70.26,84.50,14.24,Critics higher
9018,Scourge Outbreak,2013-07-03,2013,2010s,Shooter,58.27,45.33,-12.94,Users higher
9019,Shadowgrounds,2005-11-11,2005,2000s,Shooter,64.47,75.00,10.53,Critics higher
9023,Skulls of the Shogun,2013-01-30,2013,2010s,Strategy,63.52,82.00,18.48,Critics higher
9035,Tormentum: Dark Sorrow,2015-03-04,2015,2010s,Point-and-click,84.76,76.67,-8.09,Users higher
9043,The Blackwell Legacy,2006-12-23,2006,2000s,Point-and-click,80.93,70.00,-10.93,Users higher
9046,Chroma Squad,2015-04-30,2015,2010s,Role-playing (RPG),84.26,71.86,-12.41,Users higher
9047,Besiege,2020-02-18,2020,2020s,Puzzle,78.88,85.00,6.12,Critics higher
9048,The Journey Down: Chapter One,2012-05-18,2012,2010s,Point-and-click,69.58,60.00,-9.58,Users higher
9053,80 Days,2014-07-31,2014,2010s,Point-and-click,74.83,70.00,-4.83,Within 5 points
9054,Threes!,2014-02-06,2014,2010s,Puzzle,82.33,82.67,0.33,Within 5 points
9058,Praetorians,2003-02-28,2003,2000s,Real Time Strategy (RTS),87.48,83.50,-3.98,Within 5 points
9059,Imperial Glory,2005-05-17,2005,2000s,Real Time Strategy (RTS),76.33,72.50,-3.83,Within 5 points
9061,Cuphead,2017-09-29,2017,2010s,Shooter,85.23,86.88,1.66,Within 5 points
9062,Strafe,2017-05-09,2017,2010s,Shooter,59.21,72.00,12.79,Critics higher
9066,Cities: Skylines,2015-03-10,2015,2010s,Simulator,80.61,76.23,-4.38,Within 5 points
9070,The Showdown Effect,2013-03-05,2013,2010s,Fighting,83.33,63.33,-19.99,Users higher
9072,The Last Door,2014-05-20,2014,2010s,Point-and-click,85.02,75.00,-10.02,Users higher
9080,The Detail,2014-10-28,2014,2010s,Point-and-click,79.64,70.60,-9.04,Users higher
9088,Fist Puncher,2013-06-21,2013,2010s,Hack and slash/Beat 'em up,60.00,72.00,12.00,Critics higher
9096,Kiss: Psycho Circus - The Nightmare Child,2000-07-14,2000,2000s,Shooter,79.11,90.00,10.89,Critics higher
9101,Hand of Fate,2015-02-17,2015,2010s,Role-playing (RPG),70.81,82.60,11.79,Critics higher
9106,The Westport Independent,2016-01-21,2016,2010s,Simulator,69.51,67.00,-2.51,Within 5 points
9109,Elite Beat Agents,2006-11-06,2006,2000s,Music,79.27,83.33,4.07,Within 5 points
9110,Odin Sphere,2007-05-17,2007,2000s,Role-playing (RPG),79.36,80.00,0.64,Within 5 points
9112,The Book of Unwritten Tales 2,2015-02-18,2015,2010s,Point-and-click,86.81,75.00,-11.81,Users higher
9120,The Mark of Kri,2002-07-29,2002,2000s,Adventure,78.56,70.00,-8.56,Users higher
9122,Stunt GP,2001-04-06,2001,2000s,Racing,79.01,70.00,-9.01,Users higher
9123,When Vikings Attack!,2012-11-06,2012,2010s,Fighting,49.97,77.50,27.53,Critics higher
9132,Dyad,2012-01-12,2012,2010s,Shooter,80.00,88.33,8.33,Critics higher
9134,AirBuccaneers,2014-12-10,2014,2010s,Role-playing (RPG),50.00,80.00,30.00,Critics higher
9136,Gorogoa,2017-12-13,2017,2010s,Point-and-click,79.93,82.14,2.21,Within 5 points
9139,Ibb & Obb,2013-08-06,2013,2010s,Platform,71.04,79.00,7.96,Critics higher
9150,Punch-Out!!,1984-02-17,1984,1980s,Fighting,51.51,100.00,48.49,Critics higher
9166,Spy vs Spy,1984-12-31,1984,1980s,Strategy,65.11,60.00,-5.11,Users higher
9173,Alpha Prime,2007-05-01,2007,2000s,Shooter,53.19,63.50,10.31,Critics higher
9174,Little Nightmares,2017-04-28,2017,2010s,Platform,81.01,77.72,-3.29,Within 5 points
9176,Call of Cthulhu,2018-10-29,2018,2010s,Role-playing (RPG),69.38,64.75,-4.63,Within 5 points
9177,Pollen,2016-04-19,2016,2010s,Adventure,50.00,60.50,10.50,Critics higher
9178,Pneuma: Breath of Life,2015-02-01,2015,2010s,Puzzle,65.59,65.00,-0.59,Within 5 points
9179,Sword Coast Legends,2015-10-20,2015,2010s,Role-playing (RPG),69.45,63.33,-6.12,Users higher
9180,Victor Vran,2015-07-24,2015,2010s,Role-playing (RPG),64.24,72.00,7.76,Critics higher
9181,Warhammer: End Times - Vermintide,2015-10-23,2015,2010s,Shooter,73.74,80.00,6.26,Critics higher
9182,We Happy Few,2018-08-10,2018,2010s,Shooter,61.42,63.00,1.58,Within 5 points
9188,Ecco the Dolphin: Defender of the Future,2000-06-16,2000,2000s,Puzzle,70.12,74.00,3.88,Within 5 points
9191,Lords of Xulima,2014-11-14,2014,2010s,Role-playing (RPG),84.33,70.00,-14.33,Users higher
9194,Subject 13,2015-05-28,2015,2010s,Puzzle,50.00,65.67,15.67,Critics higher
9195,Five Nights at Freddy's 2,2014-11-10,2014,2010s,Point-and-click,74.60,70.00,-4.60,Within 5 points
9196,Five Nights at Freddy's 3,2015-03-02,2015,2010s,Simulator,65.69,75.00,9.31,Critics higher
9200,Weird Worlds: Return to Infinite Space,2013-03-19,2013,2010s,Simulator,60.00,80.00,20.00,Critics higher
9204,Where Is My Heart?,2011-11-08,2011,2010s,Platform,60.00,81.00,21.00,Critics higher
9212,Anomaly 2,2013-05-15,2013,2010s,Strategy,71.68,79.00,7.32,Critics higher
9214,Dragon Quest Heroes: The World Tree's Woe and the Blight Below,2015-02-26,2015,2010s,Role-playing (RPG),75.66,78.08,2.43,Within 5 points
9215,Shiftlings,2015-03-04,2015,2010s,Platform,70.00,65.00,-5.00,Within 5 points
9220,Redshirt,2013-11-13,2013,2010s,Role-playing (RPG),50.00,65.00,15.00,Critics higher
9221,Bionic Dues,2013-10-08,2013,2010s,Role-playing (RPG),80.00,65.00,-15.00,Users higher
9222,Ascendant,2014-05-06,2014,2010s,Platform,60.00,45.00,-15.00,Users higher
9231,Sid Meier's Pirates!,1987-05-08,1987,1980s,Role-playing (RPG),74.02,71.00,-3.02,Within 5 points
9241,The Escapists,2015-02-13,2015,2010s,Puzzle,55.77,68.91,13.14,Critics higher
9242,Bionic Commando,1987-12-31,1987,1980s,Shooter,61.12,75.00,13.88,Critics higher
9243,Life is Feudal: Your Own,2015-11-17,2015,2010s,Role-playing (RPG),64.09,76.00,11.91,Critics higher
9244,Tembo the Badass Elephant,2015-07-21,2015,2010s,Platform,72.05,71.00,-1.05,Within 5 points
9249,Hotel Dusk: Room 215,2007-01-22,2007,2000s,Point-and-click,84.83,80.00,-4.83,Within 5 points
9253,Ingress,2013-10-30,2013,2010s,Role-playing (RPG),64.37,96.00,31.63,Critics higher
9254,Subnautica,2018-01-23,2018,2010s,Adventure,83.53,83.91,0.38,Within 5 points
9256,The Lord of the Rings: War of the Ring,2003-11-08,2003,2000s,Real Time Strategy (RTS),67.14,91.00,23.86,Critics higher
9259,Creature Shock,1994-12-01,1994,1990s,Shooter,70.99,20.00,-50.99,Users higher
9261,Dark Seed II,1995-11-30,1995,1990s,Point-and-click,79.72,68.00,-11.72,Users higher
9265,Spiral Knights,2011-04-04,2011,2010s,Role-playing (RPG),61.57,51.00,-10.57,Users higher
9267,EVE: Valkyrie,2016-03-25,2016,2010s,Simulator,60.13,77.38,17.24,Critics higher
9269,Dungeon Siege II,2005-08-16,2005,2000s,Role-playing (RPG),79.01,83.00,3.99,Within 5 points
9270,Dungeon Siege: Throne of Agony,2006-10-30,2006,2000s,Role-playing (RPG),65.95,75.00,9.05,Critics higher
9272,F1 2015,2015-06-12,2015,2010s,Racing,68.43,61.50,-6.93,Users higher
9276,Space Siege,2008-08-12,2008,2000s,Role-playing (RPG),50.00,58.33,8.33,Critics higher
9278,Endless Legend,2014-09-18,2014,2010s,Role-playing (RPG),69.13,81.00,11.87,Critics higher
9279,Demigod,2009-04-14,2009,2000s,Shooter,76.33,75.00,-1.33,Within 5 points
9283,Codename: Outbreak,2001-10-08,2001,2000s,Shooter,78.39,70.00,-8.39,Users higher
9286,Digimon All-Star Rumble,2014-11-11,2014,2010s,Fighting,49.33,50.75,1.42,Within 5 points
9287,iBomber Defense,2011-05-26,2011,2010s,Real Time Strategy (RTS),60.00,70.00,10.00,Critics higher
9296,Zombie Tycoon 2: Brainhov's Revenge,2013-04-30,2013,2010s,Real Time Strategy (RTS),50.00,69.00,19.00,Critics higher
9309,Yosumin!,2006-12-31,2006,2000s,Platform,70.00,70.00,0.00,Within 5 points
9316,X: Beyond the Frontier,1999-07-01,1999,1990s,Simulator,75.70,30.00,-45.70,Users higher
9318,X2: The Threat,2003-08-07,2003,2000s,Simulator,73.82,67.00,-6.82,Users higher
9319,X3: Reunion,2005-10-28,2005,2000s,Role-playing (RPG),67.69,70.00,2.31,Within 5 points
9320,X3: Terran Conflict,2008-10-16,2008,2000s,Role-playing (RPG),64.91,90.00,25.09,Critics higher
9327,"Please, Don't Touch Anything",2015-03-26,2015,2010s,Point-and-click,68.33,80.00,11.67,Critics higher
9331,Worms,1995-10-31,1995,1990s,Strategy,75.91,80.00,4.09,Within 5 points
9332,Worms HD,2007-03-07,2007,2000s,Simulator,62.22,71.50,9.28,Critics higher
9334,Worms Revolution,2012-10-09,2012,2010s,Strategy,69.80,67.50,-2.30,Within 5 points
9349,Delta Force 2,1999-11-03,1999,1990s,Shooter,78.02,80.00,1.98,Within 5 points
9354,Joint Operations: Typhoon Rising,2004-06-15,2004,2000s,Shooter,60.68,82.00,21.32,Critics higher
9369,Whispering Willows,2014-05-17,2014,2010s,Platform,73.94,68.67,-5.27,Users higher
9374,Pix the Cat,2014-10-07,2014,2010s,Puzzle,60.22,61.40,1.18,Within 5 points
9376,Death to Spies,2007-09-21,2007,2000s,Shooter,69.92,70.00,0.08,Within 5 points
9380,Domination,2005-03-03,2005,2000s,Strategy,70.00,55.00,-15.00,Users higher
9384,Kung Fu Strike: The Warrior's Rise,2012-06-12,2012,2010s,Fighting,60.00,55.00,-5.00,Within 5 points
9396,The Good Life,2012-11-02,2012,2010s,Role-playing (RPG),50.00,79.00,29.00,Critics higher
9402,The Ball,2010-10-26,2010,2010s,Shooter,77.31,60.33,-16.98,Users higher
9409,Red Orchestra: Ostfront 41-45,2006-03-14,2006,2000s,Shooter,66.73,83.00,16.27,Critics higher
9415,Real Boxing,2012-11-14,2012,2010s,Fighting,50.00,67.33,17.33,Critics higher
9418,Back to Bed,2014-08-06,2014,2010s,Platform,66.33,72.00,5.67,Critics higher
9424,SkyDrift,2011-09-06,2011,2010s,Racing,74.24,75.00,0.76,Within 5 points
9425,Skullgirls,2012-04-10,2012,2010s,Fighting,77.04,78.75,1.71,Within 5 points
9431,Age of Pirates: Caribbean Tales,2006-09-12,2006,2000s,Role-playing (RPG),75.49,50.00,-25.49,Users higher
9435,Urban Trial Freestyle,2013-02-19,2013,2010s,Platform,69.26,64.25,-5.01,Users higher
9439,Tycoon City: New York,2006-02-21,2006,2000s,Simulator,40.00,72.50,32.50,Critics higher
9448,TrackMania 2: Stadium,2013-06-20,2013,2010s,Racing,77.10,80.00,2.90,Within 5 points
9450,Toy Soldiers,2010-03-03,2010,2010s,Shooter,70.43,80.00,9.57,Critics higher
9455,Tank Universal,2008-08-21,2008,2000s,Indie,60.00,60.00,0.00,Within 5 points
9459,Tango Fiesta,2015-09-24,2015,2010s,Shooter,80.00,25.00,-55.00,Users higher
9460,Stronghold 2,2005-04-18,2005,2000s,Real Time Strategy (RTS),71.72,70.33,-1.39,Within 5 points
9461,Stronghold 3,2011-10-25,2011,2010s,Real Time Strategy (RTS),46.67,51.67,5.00,Within 5 points
9464,Strike Vector,2014-01-28,2014,2010s,Shooter,50.00,73.75,23.75,Critics higher
9467,Strategic War in Europe,2014-03-21,2014,2010s,Strategy,40.00,72.00,32.00,Critics higher
9472,Sorcerer King,2015-07-16,2015,2010s,Role-playing (RPG),50.00,81.75,31.75,Critics higher
9473,Sonic the Hedgehog 4: Episode I,2010-10-11,2010,2010s,Platform,59.61,75.00,15.39,Critics higher
9474,Sonic the Hedgehog 4: Episode II,2012-05-15,2012,2010s,Platform,59.31,53.00,-6.31,Users higher
9477,Soldiers: Heroes of World War II,2004-06-30,2004,2000s,Real Time Strategy (RTS),75.93,84.33,8.40,Critics higher
9478,So Many Me,2014-07-17,2014,2010s,Platform,70.00,81.00,11.00,Critics higher
9483,The Sacred Tears True,2006-02-19,2006,2000s,Role-playing (RPG),60.00,65.00,5.00,Within 5 points
9484,The Next Penelope,2015-05-29,2015,2010s,Shooter,60.00,81.50,21.50,Critics higher
9490,Nether,2014-06-05,2014,2010s,Shooter,61.15,60.00,-1.15,Within 5 points
9491,Team Indie,2014-10-08,2014,2010s,Platform,40.00,80.00,40.00,Critics higher
9495,Squad,2020-09-23,2020,2020s,Shooter,82.07,82.50,0.43,Within 5 points
9497,140,2013-10-16,2013,2010s,Music,70.75,71.00,0.25,Within 5 points
9498,Deus Ex: Mankind Divided,2016-08-23,2016,2010s,Shooter,77.47,82.86,5.39,Critics higher
9499,Farming Simulator 15,2014-10-30,2014,2010s,Simulator,71.21,50.00,-21.21,Users higher
9501,King's Field: The Ancient City,2001-10-04,2001,2000s,Role-playing (RPG),81.57,66.00,-15.57,Users higher
9506,Tribes: Ascend,2012-04-12,2012,2010s,Shooter,77.43,89.33,11.91,Critics higher
9507,Nervous Brickdown,2007-06-26,2007,2000s,Puzzle,47.00,70.00,23.00,Critics higher
9508,Boiling Point: Road to Hell,2005-05-20,2005,2000s,Shooter,63.12,70.00,6.88,Critics higher
9509,Call of Duty: Black Ops III,2015-11-06,2015,2010s,Shooter,67.51,76.78,9.27,Critics higher
9515,Echo Night: Beyond,2004-01-22,2004,2000s,Adventure,59.98,50.00,-9.98,Users higher
9523,OlliOlli2: Welcome to Olliwood,2015-03-03,2015,2010s,Platform,70.24,86.67,16.43,Critics higher
9525,Through the Woods,2016-10-27,2016,2010s,Adventure,62.33,46.00,-16.33,Users higher
9534,Sam & Max: The Devil's Playhouse,2010-04-02,2010,2010s,Point-and-click,77.92,71.80,-6.12,Users higher
9535,Bit.Trip Beat,2009-03-16,2009,2000s,Music,59.07,80.00,20.93,Critics higher
9538,Original War,2001-06-15,2001,2000s,Real Time Strategy (RTS),90.25,80.00,-10.25,Users higher
9539,Out There,2014-02-16,2014,2010s,Role-playing (RPG),75.53,80.00,4.47,Within 5 points
9543,"Nine Hours, Nine Persons, Nine Doors",2009-12-10,2009,2000s,Point-and-click,83.00,90.00,7.00,Critics higher
9545,Contra 4,2007-11-13,2007,2000s,Shooter,79.78,75.00,-4.78,Within 5 points
9546,Zombie Night Terror,2016-07-20,2016,2010s,Platform,68.38,90.00,21.62,Critics higher
9547,The Fall,2014-05-30,2014,2010s,Point-and-click,78.18,77.50,-0.68,Within 5 points
9548,Super Toy Cars,2014-02-27,2014,2010s,Racing,80.00,43.00,-37.00,Users higher
9550,"Warhammer 40,000: Fire Warrior",2003-09-26,2003,2000s,Shooter,51.44,60.00,8.56,Critics higher
9554,Mr. DO!,1982-09-01,1982,1980s,Adventure,62.14,80.00,17.86,Critics higher
9555,Audition Online,2004-12-31,2004,2000s,Music,80.15,35.00,-45.15,Users higher
9559,Titan Souls,2015-04-14,2015,2010s,Role-playing (RPG),72.08,72.38,0.30,Within 5 points
9560,No Time to Explain,2011-07-20,2011,2010s,Shooter,78.35,59.50,-18.85,Users higher
9564,Pokémon Rumble World,2015-04-08,2015,2010s,Role-playing (RPG),69.98,70.00,0.02,Within 5 points
9570,HEX: Shards of Fate,2016-01-26,2016,2010s,Role-playing (RPG),69.91,80.00,10.09,Critics higher
9571,Star Trek: Bridge Commander,2002-02-27,2002,2000s,Simulator,82.23,82.00,-0.23,Within 5 points
9572,Consortium,2014-01-08,2014,2010s,Shooter,50.95,60.00,9.05,Critics higher
9577,Persona 3,2006-07-13,2006,2000s,Role-playing (RPG),91.65,90.00,-1.65,Within 5 points
9580,Grandia II,2000-08-03,2000,2000s,Role-playing (RPG),79.81,74.50,-5.31,Users higher
9583,0rbitalis,2014-04-16,2014,2010s,Puzzle,80.01,75.00,-5.01,Users higher
9585,Final Fantasy: Crystal Chronicles - Ring of Fates,2007-08-23,2007,2000s,Role-playing (RPG),70.03,82.00,11.97,Critics higher
9588,Revenge of the Titans,2011-03-16,2011,2010s,Real Time Strategy (RTS),78.19,70.00,-8.19,Users higher
9591,AdVenture Capitalist,2014-05-30,2014,2010s,Simulator,62.88,70.00,7.12,Critics higher
9597,Solatorobo: Red the Hunter,2010-10-28,2010,2010s,Role-playing (RPG),89.73,79.33,-10.39,Users higher
9600,Persona 4,2008-07-10,2008,2000s,Role-playing (RPG),87.32,92.75,5.43,Critics higher
9601,Henry Hatsworth in the Puzzling Adventure,2009-03-17,2009,2000s,Platform,86.57,89.33,2.76,Within 5 points
9602,Super Smash Bros. for Wii U,2014-11-21,2014,2010s,Fighting,83.67,95.27,11.60,Critics higher
9605,Over 9000 Zombies!,2015-02-25,2015,2010s,Shooter,80.00,40.00,-40.00,Users higher
9608,Mount & Blade II: Bannerlord,2020-03-30,2020,2020s,Role-playing (RPG),78.75,80.00,1.25,Within 5 points
9609,Distance,2018-09-18,2018,2010s,Racing,84.88,90.00,5.12,Critics higher
9610,Taiko no Tatsujin DS: Touch de Dokodon!,2007-07-26,2007,2000s,Music,82.40,80.00,-2.40,Within 5 points
9614,Gurumin: A Monstrous Adventure,2004-12-25,2004,2000s,Platform,79.99,84.67,4.67,Within 5 points
9618,Sword Art Online: Hollow Fragment,2014-04-24,2014,2010s,Role-playing (RPG),68.57,60.00,-8.57,Users higher
9620,Megadimension Neptunia VII,2015-04-23,2015,2010s,Role-playing (RPG),86.37,67.83,-18.54,Users higher
9621,Super Smash Bros. for Nintendo 3DS,2014-09-13,2014,2010s,Fighting,75.90,86.07,10.17,Critics higher
9623,Shank 2,2012-02-07,2012,2010s,Hack and slash/Beat 'em up,76.51,74.75,-1.76,Within 5 points
9626,Hatsune Miku: Project Diva F 2nd,2014-03-06,2014,2010s,Music,81.27,78.75,-2.52,Within 5 points
9630,Fallout 4,2015-11-09,2015,2010s,Shooter,79.82,84.67,4.84,Within 5 points
9631,Culpa Innata,2007-10-13,2007,2000s,Role-playing (RPG),70.00,70.00,0.00,Within 5 points
9634,Endless Space,2012-07-04,2012,2010s,Strategy,73.12,75.00,1.88,Within 5 points
9637,Orcs Must Die! Unchained,2017-03-19,2017,2010s,Real Time Strategy (RTS),73.76,82.50,8.74,Critics higher
9639,Weapon Shop de Omasse,2014-02-19,2014,2010s,Music,69.00,53.75,-15.25,Users higher
9642,MLB 14: The Show,2014-04-01,2014,2010s,Sport,79.00,82.50,3.50,Within 5 points
9643,Return of the Obra Dinn,2018-10-18,2018,2010s,Puzzle,89.13,94.57,5.44,Critics higher
9647,Volume,2015-08-18,2015,2010s,Puzzle,69.79,70.40,0.61,Within 5 points
9649,Infinifactory,2015-06-30,2015,2010s,Puzzle,82.61,75.33,-7.27,Users higher
9651,Rory McIlroy PGA Tour,2015-06-01,2015,2010s,Sport,70.00,62.50,-7.50,Users higher
9655,HuniePop,2015-01-19,2015,2010s,Puzzle,78.71,82.50,3.79,Within 5 points
9660,Monday Night Combat,2010-08-11,2010,2010s,Shooter,78.56,82.00,3.44,Within 5 points
9661,Stasis,2015-08-31,2015,2010s,Point-and-click,70.59,66.67,-3.92,Within 5 points
9662,The Denpa Men: They Came By Wave,2012-02-08,2012,2010s,Role-playing (RPG),73.00,80.00,7.00,Critics higher
9666,Hammerfight,2009-09-19,2009,2000s,Fighting,79.55,60.00,-19.55,Users higher
9667,American Truck Simulator,2016-02-02,2016,2010s,Racing,81.31,81.00,-0.31,Within 5 points
9673,Affordable Space Adventures,2015-04-09,2015,2010s,Puzzle,72.60,85.17,12.57,Critics higher
9674,Star Fox 2,2017-09-29,2017,2010s,Shooter,69.95,62.50,-7.45,Users higher
9675,Kult: Heretic Kingdoms,2004-10-01,2004,2000s,Role-playing (RPG),61.36,90.00,28.64,Critics higher
9680,In Cold Blood,2000-07-01,2000,2000s,Puzzle,66.54,80.00,13.46,Critics higher
9683,Dungeon of the Endless,2014-10-27,2014,2010s,Platform,76.48,79.44,2.96,Within 5 points
9689,The Witcher Battle Arena,2015-01-22,2015,2010s,MOBA,63.56,60.00,-3.56,Within 5 points
9691,Tzar: The Burden of the Crown,2000-01-27,2000,2000s,Real Time Strategy (RTS),88.82,60.00,-28.82,Users higher
9692,Monster Hunter Stories,2016-10-08,2016,2010s,Role-playing (RPG),79.85,77.33,-2.52,Within 5 points
9694,Danganronpa 2: Goodbye Despair,2012-07-26,2012,2010s,Adventure,83.39,85.00,1.61,Within 5 points
9699,English Country Tune,2011-11-25,2011,2010s,Puzzle,60.65,82.50,21.85,Critics higher
9702,True Lies,1994-12-31,1994,1990s,Shooter,60.14,60.00,-0.14,Within 5 points
9705,10000000,2012-02-17,2012,2010s,Puzzle,50.36,80.00,29.64,Critics higher
9706,Bleed,2012-12-12,2012,2010s,Shooter,70.38,75.00,4.62,Within 5 points
9708,Danganronpa Another Episode: Ultra Despair Girls,2015-09-01,2015,2010s,Shooter,71.56,74.44,2.89,Within 5 points
9714,Silent Hill: Book of Memories,2012-10-16,2012,2010s,Hack and slash/Beat 'em up,59.66,63.40,3.74,Within 5 points
9721,Project X Zone 2,2015-11-12,2015,2010s,Role-playing (RPG),77.92,70.33,-7.59,Users higher
9722,Long Live the Queen,2012-06-02,2012,2010s,Role-playing (RPG),66.56,70.00,3.44,Within 5 points
9723,Cinders,2012-07-20,2012,2010s,Role-playing (RPG),58.44,60.00,1.56,Within 5 points
9724,Ring Runner: Flight of the Sages,2013-07-09,2013,2010s,Shooter,52.74,88.00,35.26,Critics higher
9726,Beyblade: G-Revolution,2004-11-18,2004,2000s,Role-playing (RPG),69.92,55.00,-14.92,Users higher
9727,Soma,2015-09-21,2015,2010s,Puzzle,82.63,81.25,-1.38,Within 5 points
9728,Trove,2015-07-09,2015,2010s,Platform,59.04,62.00,2.96,Within 5 points
9730,Firewatch,2016-02-09,2016,2010s,Adventure,79.01,79.28,0.27,Within 5 points
9732,The Flame in the Flood,2016-02-24,2016,2010s,Adventure,75.47,76.88,1.42,Within 5 points
9741,Guitar Hero Live,2015-10-20,2015,2010s,Music,75.58,80.75,5.17,Critics higher
9751,Victorious: Time to Shine,2011-11-15,2011,2010s,Music,70.00,50.00,-20.00,Users higher
9757,Yars' Revenge,1982-05-01,1982,1980s,Shooter,64.07,45.00,-19.07,Users higher
9764,Clockwork Empires,2016-10-26,2016,2010s,Simulator,50.00,59.00,9.00,Critics higher
9767,Dungeons 2,2015-04-24,2015,2010s,Real Time Strategy (RTS),68.23,64.00,-4.23,Within 5 points
9768,Morphopolis,2014-08-14,2014,2010s,Point-and-click,64.94,55.00,-9.94,Users higher
9772,And Yet It Moves,2009-04-02,2009,2000s,Platform,71.97,78.00,6.03,Critics higher
9776,Aura: Fate of the Ages,2004-06-24,2004,2000s,Point-and-click,67.37,57.00,-10.37,Users higher
9777,Avencast: Rise of the Mage,2007-10-30,2007,2000s,Role-playing (RPG),44.31,52.50,8.19,Critics higher
9781,Beyond Divinity,2004-04-27,2004,2000s,Role-playing (RPG),68.48,75.00,6.52,Critics higher
9784,Bridge Constructor,2012-05-23,2012,2010s,Puzzle,59.65,65.88,6.23,Critics higher
9787,World Racing,2003-12-31,2003,2000s,Racing,39.00,60.00,21.00,Critics higher
9789,RimWorld,2018-10-17,2018,2010s,Real Time Strategy (RTS),84.71,74.50,-10.21,Users higher
9793,Caster,2009-01-07,2009,2000s,Shooter,70.81,50.00,-20.81,Users higher
9803,Crazy Machines 2,2008-06-20,2008,2000s,Puzzle,50.00,80.00,30.00,Critics higher
9804,MapleStory,2003-04-29,2003,2000s,Platform,73.62,50.00,-23.62,Users higher
9806,Hyper Light Drifter,2016-03-31,2016,2010s,Shooter,80.83,88.91,8.07,Critics higher
9807,Magicka 2,2015-05-26,2015,2010s,Role-playing (RPG),76.40,60.83,-15.57,Users higher
9808,Vertical Drop Heroes HD,2014-07-25,2014,2010s,Platform,70.02,69.00,-1.02,Within 5 points
9811,Cubetractor,2013-05-29,2013,2010s,Puzzle,70.00,80.00,10.00,Critics higher
9812,Cubot: The Complexity of Simplicity,2014-01-31,2014,2010s,Puzzle,80.00,60.00,-20.00,Users higher
9813,Champions of Norrath: Realms of EverQuest,2004-02-10,2004,2000s,Role-playing (RPG),74.54,92.00,17.46,Critics higher
9814,Disney's Hercules Action Game,1997-07-03,1997,1990s,Platform,75.67,60.00,-15.67,Users higher
9815,Fractured Space,2016-09-22,2016,2010s,Shooter,62.13,76.75,14.62,Critics higher
9817,Dark Fall,2002-06-19,2002,2000s,Point-and-click,77.74,62.00,-15.74,Users higher
9828,El Matador,2006-09-25,2006,2000s,Shooter,61.25,46.67,-14.58,Users higher
9831,Warlords Battlecry,2000-01-01,2000,2000s,Real Time Strategy (RTS),89.60,70.00,-19.60,Users higher
9833,Warlords Battlecry II,2002-03-12,2002,2000s,Real Time Strategy (RTS),82.57,82.00,-0.57,Within 5 points
9835,Draugen,2019-05-29,2019,2010s,Puzzle,66.84,71.00,4.16,Within 5 points
9840,Fieldrunners 2,2012-07-19,2012,2010s,Strategy,85.77,85.00,-0.77,Within 5 points
9843,Flower Shop: Summer In Fairbrook,2010-01-28,2010,2010s,Simulator,50.00,60.00,10.00,Critics higher
9848,10 Second Ninja,2014-03-05,2014,2010s,Platform,59.50,80.00,20.50,Critics higher
9849,Star Wolves,2005-12-31,2005,2000s,Role-playing (RPG),67.99,65.00,-2.99,Within 5 points
9853,UFO: Aftershock,2005-10-21,2005,2000s,Real Time Strategy (RTS),70.02,68.00,-2.02,Within 5 points
9854,Men of War,2009-02-27,2009,2000s,Real Time Strategy (RTS),76.82,80.00,3.18,Within 5 points
9857,Theatre of War,2007-04-19,2007,2000s,Real Time Strategy (RTS),50.00,70.00,20.00,Critics higher
9858,Theatre of War 2: Africa 1943,2009-04-24,2009,2000s,Real Time Strategy (RTS),50.00,70.00,20.00,Critics higher
9864,Cloudberry Kingdom,2013-07-30,2013,2010s,Platform,60.05,71.43,11.38,Critics higher
9865,Sportsfriends,2014-05-06,2014,2010s,Fighting,62.15,81.43,19.28,Critics higher
9870,Hyperdimension Neptunia U: Action Unleashed,2014-08-28,2014,2010s,Role-playing (RPG),72.83,62.50,-10.33,Users higher
9871,Hyperdevotion Noire: Goddess Black Heart,2015-02-24,2015,2010s,Role-playing (RPG),80.00,71.67,-8.33,Users higher
9878,Out There Somewhere,2012-02-21,2012,2010s,Platform,75.34,90.00,14.66,Critics higher
9879,"I, Zombie",2013-06-25,2013,2010s,Puzzle,56.40,57.67,1.26,Within 5 points
9885,Roommates,2014-02-12,2014,2010s,Role-playing (RPG),70.00,65.00,-5.00,Within 5 points
9886,Metal Gear Acid 2,2005-12-08,2005,2000s,Role-playing (RPG),79.28,84.50,5.22,Critics higher
9887,Lunar Knights,2006-11-22,2006,2000s,Role-playing (RPG),54.28,70.00,15.72,Critics higher
9888,#IDARB,2015-01-30,2015,2010s,Platform,77.88,78.25,0.37,Within 5 points
9893,Fairy Fencer F,2013-10-10,2013,2010s,Role-playing (RPG),77.88,73.83,-4.05,Within 5 points
9898,Total War: Warhammer,2016-05-24,2016,2010s,Real Time Strategy (RTS),85.23,85.13,-0.10,Within 5 points
9901,Overlord: Fellowship of Evil,2015-10-20,2015,2010s,Role-playing (RPG),70.00,16.25,-53.75,Users higher
9906,Super House of Dead Ninjas,2013-02-18,2013,2010s,Platform,81.14,80.00,-1.14,Within 5 points
9907,Omega Quintet,2014-09-18,2014,2010s,Role-playing (RPG),56.10,66.67,10.57,Critics higher
9908,TrackMania United,2006-11-17,2006,2000s,Racing,79.97,78.50,-1.47,Within 5 points
9912,PixelJunk Shooter,2009-12-10,2009,2000s,Shooter,78.97,82.67,3.70,Within 5 points
9918,LEGO Jurassic World,2015-06-11,2015,2010s,Puzzle,76.11,72.81,-3.30,Within 5 points
9919,The Technomancer,2016-06-28,2016,2010s,Role-playing (RPG),65.18,61.72,-3.46,Within 5 points
9921,Convoy,2015-04-21,2015,2010s,Role-playing (RPG),45.54,70.00,24.46,Critics higher
9926,ParaWorld,2006-09-15,2006,2000s,Real Time Strategy (RTS),82.31,71.67,-10.64,Users higher
9927,Persona 5,2016-09-15,2016,2010s,Role-playing (RPG),92.67,93.57,0.90,Within 5 points
9928,Dirt Rally,2015-12-07,2015,2010s,Racing,81.70,84.77,3.07,Within 5 points
9930,Civilization: Call to Power,1999-03-01,1999,1990s,Simulator,62.88,67.00,4.12,Within 5 points
9931,Shadowgrounds Survivor,2007-11-14,2007,2000s,Shooter,79.43,70.00,-9.43,Users higher
9932,Stronghold Legends,2006-10-13,2006,2000s,Real Time Strategy (RTS),78.43,53.33,-25.10,Users higher
9942,Baseball Stars 2,1992-01-15,1992,1990s,Sport,79.20,71.00,-8.20,Users higher
9945,Super Crate Box,2010-10-22,2010,2010s,Shooter,64.46,92.50,28.04,Critics higher
9948,Age of Booty,2008-10-15,2008,2000s,Real Time Strategy (RTS),50.35,76.67,26.32,Critics higher
9963,Alien Breed 3: Descent,2010-11-17,2010,2010s,Shooter,68.03,55.00,-13.03,Users higher
9965,Alien Spidy,2013-03-20,2013,2010s,Platform,50.00,58.00,8.00,Critics higher
9971,All Zombies Must Die!,2011-12-27,2011,2010s,Shooter,65.52,66.25,0.73,Within 5 points
9976,Anna,2012-07-11,2012,2010s,Puzzle,60.24,60.00,-0.24,Within 5 points
9983,Blueberry Garden,2009-06-10,2009,2000s,Platform,60.00,80.00,20.00,Critics higher
9984,Cogs,2009-04-14,2009,2000s,Puzzle,74.96,60.00,-14.96,Users higher
9986,Art of Murder: FBI Confidential,2007-12-01,2007,2000s,Point-and-click,68.45,49.00,-19.45,Users higher
9990,A-Train,1990-12-31,1990,1990s,Simulator,88.88,60.00,-28.88,Users higher
10017,Babel Rising,2012-01-24,2012,2010s,Strategy,50.00,52.80,2.80,Within 5 points
10023,Barrow Hill: Curse of the Ancient Circle,2006-10-05,2006,2000s,Point-and-click,78.05,70.50,-7.55,Users higher
10027,Basketball Pro Management 2015,2014-11-19,2014,2010s,Simulator,30.00,66.00,36.00,Critics higher
10031,Yooka-Laylee,2017-04-11,2017,2010s,Platform,68.85,69.77,0.92,Within 5 points
10032,Ancestors: The Humankind Odyssey,2019-08-27,2019,2010s,Role-playing (RPG),70.68,65.00,-5.68,Users higher
10037,Analogue: A Hate Story,2012-02-01,2012,2010s,Adventure,79.44,73.00,-6.44,Users higher
10056,Blood of the Werewolf,2013-10-28,2013,2010s,Platform,50.00,71.25,21.25,Critics higher
10057,Bloodsports.TV,2015-03-30,2015,2010s,Sport,80.00,55.00,-25.00,Users higher
10059,Bone: Out From Boneville,2005-09-15,2005,2000s,Puzzle,58.45,70.00,11.55,Critics higher
10060,Bone: The Great Cow Race,2006-04-12,2006,2000s,Puzzle,64.68,75.00,10.32,Critics higher
10068,Bus Driver,2007-03-22,2007,2000s,Racing,57.63,40.00,-17.63,Users higher
10082,Claire,2014-07-07,2014,2010s,Adventure,69.72,80.00,10.28,Critics higher
10087,Chronology,2014-05-12,2014,2010s,Platform,67.09,70.00,2.91,Within 5 points
10088,Hohokum,2014-08-12,2014,2010s,Music,70.15,71.89,1.73,Within 5 points
10089,Tengami,2014-10-27,2014,2010s,Puzzle,52.63,50.00,-2.63,Within 5 points
10090,Tony Hawk's Pro Skater 5,2015-09-29,2015,2010s,Sport,59.66,35.00,-24.66,Users higher
10094,Cities XXL,2015-02-05,2015,2010s,Real Time Strategy (RTS),50.11,50.00,-0.11,Within 5 points
10100,Coffin Dodgers,2015-07-08,2015,2010s,Racing,60.00,38.83,-21.17,Users higher
10103,Concursion,2014-06-06,2014,2010s,Shooter,70.00,70.00,0.00,Within 5 points
10104,Confrontation,2012-04-04,2012,2010s,Role-playing (RPG),59.03,50.00,-9.03,Users higher
10108,Darkout,2013-12-04,2013,2010s,Platform,50.00,80.00,30.00,Critics higher
10116,Croixleur Sigma,2013-12-30,2013,2010s,Fighting,60.00,65.50,5.50,Critics higher
10126,Knights of Pen and Paper II,2015-10-20,2015,2010s,Role-playing (RPG),70.28,75.00,4.72,Within 5 points
10128,Rock Band 4,2015-10-06,2015,2010s,Music,72.67,75.77,3.10,Within 5 points
10140,Uncanny Valley,2015-04-23,2015,2010s,Puzzle,57.90,63.75,5.85,Critics higher
10142,Home,2012-06-16,2012,2010s,Puzzle,72.22,70.00,-2.22,Within 5 points
10143,Animal Crossing: Happy Home Designer,2015-07-30,2015,2010s,Simulator,62.78,65.56,2.78,Within 5 points
10148,Night in the Woods,2017-02-21,2017,2010s,Platform,82.05,88.33,6.29,Critics higher
10152,Speedball 2: Brutal Deluxe,1990-11-01,1990,1990s,Sport,70.28,75.00,4.72,Within 5 points
10156,Way of the Samurai,2002-02-07,2002,2000s,Adventure,66.86,70.00,3.14,Within 5 points
10157,Way of the Samurai 2,2003-10-09,2003,2000s,Fighting,70.04,51.50,-18.54,Users higher
10158,Way of the Samurai 4,2011-03-03,2011,2010s,Role-playing (RPG),70.08,60.00,-10.08,Users higher
10160,Heat Signature,2017-09-21,2017,2010s,Simulator,76.82,80.00,3.18,Within 5 points
10161,Manic Miner,1983-05-01,1983,1980s,Platform,74.30,80.00,5.70,Critics higher
10164,Darkness Within 2: The Dark Lineage,2010-05-28,2010,2010s,Puzzle,63.67,50.00,-13.67,Users higher
10165,Darkness Within: In Pursuit of Loath Nolder,2007-11-06,2007,2000s,Point-and-click,63.81,37.00,-26.81,Users higher
10177,Defenders of Ardania,2011-11-25,2011,2010s,Real Time Strategy (RTS),40.00,56.00,16.00,Critics higher
10178,Defense Technica,2013-10-10,2013,2010s,Shooter,40.00,55.00,15.00,Critics higher
10184,Defense Grid 2,2014-09-23,2014,2010s,Real Time Strategy (RTS),86.77,78.80,-7.97,Users higher
10188,Dogfight 1942,2012-09-05,2012,2010s,Shooter,69.56,65.00,-4.56,Within 5 points
10195,Dragons and Titans,2014-03-11,2014,2010s,Real Time Strategy (RTS),60.00,44.00,-16.00,Users higher
10198,Shattered Horizon,2009-12-04,2009,2000s,Shooter,80.00,70.00,-10.00,Users higher
10199,The Path,2009-03-18,2009,2000s,Strategy,68.87,80.00,11.13,Critics higher
10223,Shinobi,2002-11-10,2002,2000s,Hack and slash/Beat 'em up,79.98,30.00,-49.98,Users higher
10232,Thimbleweed Park,2017-03-30,2017,2010s,Point-and-click,80.25,82.62,2.36,Within 5 points
10233,Brawlhalla,2017-10-17,2017,2010s,Fighting,65.91,75.00,9.09,Critics higher
10234,Gunvalkyrie,2002-03-18,2002,2000s,Shooter,80.86,51.00,-29.86,Users higher
10235,Chuckie Egg,1983-12-31,1983,1980s,Platform,83.82,80.00,-3.82,Within 5 points
10237,Champions: Return to Arms,2005-02-07,2005,2000s,Role-playing (RPG),78.51,80.00,1.49,Within 5 points
10239,Ark: Survival Evolved,2017-08-27,2017,2010s,Shooter,67.48,68.88,1.40,Within 5 points
10240,Toren,2015-05-11,2015,2010s,Platform,50.29,60.50,10.21,Critics higher
10241,Shadowrun Chronicles: Boston Lockdown,2015-04-28,2015,2010s,Role-playing (RPG),50.00,65.00,15.00,Critics higher
10242,Blitzkrieg,2003-03-28,2003,2000s,Real Time Strategy (RTS),69.13,71.00,1.87,Within 5 points
10253,Dungeons & Dragons: Shadow over Mystara,1996-12-31,1996,1990s,Fighting,80.89,75.00,-5.89,Users higher
10255,Kero Blaster,2014-05-11,2014,2010s,Shooter,73.92,76.25,2.33,Within 5 points
10262,NyxQuest: Kindred Spirits,2009-06-19,2009,2000s,Platform,79.96,80.00,0.04,Within 5 points
10263,Puzzle Dimension,2010-06-21,2010,2010s,Puzzle,80.00,78.00,-2.00,Within 5 points
10272,Faces of War,2006-09-12,2006,2000s,Real Time Strategy (RTS),82.69,63.33,-19.36,Users higher
10273,Time Pilot,1982-11-01,1982,1980s,Shooter,78.66,60.00,-18.66,Users higher
10285,Europa Universalis: Rome,2008-04-15,2008,2000s,Simulator,79.90,80.00,0.10,Within 5 points
10297,Fallen Enchantress,2012-10-23,2012,2010s,Role-playing (RPG),50.00,85.00,35.00,Critics higher
10298,Fallen Enchantress: Legendary Heroes,2013-05-22,2013,2010s,Role-playing (RPG),67.44,80.00,12.56,Critics higher
10324,Flockers,2014-09-19,2014,2010s,Puzzle,60.00,61.67,1.67,Within 5 points
10338,Frozen Synapse Prime,2014-09-24,2014,2010s,Shooter,50.00,70.00,20.00,Critics higher
10339,Full Bore,2013-09-04,2013,2010s,Platform,70.00,72.50,2.50,Within 5 points
10341,Wooden Sen'SeY,2012-08-24,2012,2010s,Platform,60.00,62.00,2.00,Within 5 points
10344,Galactic Civilizations,2003-03-26,2003,2000s,Simulator,70.09,80.50,10.41,Critics higher
10345,Galactic Civilizations III,2014-03-27,2014,2010s,Simulator,70.70,77.50,6.80,Critics higher
10354,Killer Instinct,2013-11-22,2013,2010s,Fighting,81.46,71.25,-10.21,Users higher
10358,Genesis Rising,2007-08-06,2007,2000s,Strategy,20.00,80.00,60.00,Critics higher
10359,Gentlemen!,2013-11-05,2013,2010s,Platform,70.00,70.00,0.00,Within 5 points
10363,Gigantic Army,2010-11-15,2010,2010s,Shooter,60.00,70.00,10.00,Critics higher
10373,Azure Striker Gunvolt,2014-08-20,2014,2010s,Shooter,72.93,95.00,22.07,Critics higher
10380,Race 07,2007-10-15,2007,2000s,Racing,75.11,80.00,4.89,Within 5 points
10382,Guncraft,2013-08-09,2013,2010s,Shooter,50.00,70.00,20.00,Critics higher
10384,Guns and Robots,2014-08-04,2014,2010s,Shooter,40.00,60.00,20.00,Critics higher
10385,Gyromancer,2009-11-18,2009,2000s,Puzzle,50.00,80.00,30.00,Critics higher
10388,Legends of Eisenwald,2015-07-02,2015,2010s,Role-playing (RPG),64.54,67.50,2.96,Within 5 points
10392,FantaVision,2000-03-09,2000,2000s,Puzzle,59.86,52.00,-7.86,Users higher
10402,Heavy Bullets,2014-09-18,2014,2010s,Shooter,60.47,80.00,19.53,Critics higher
10418,Hot Wheels: World's Best Driver,2013-09-17,2013,2010s,Racing,65.00,20.00,-45.00,Users higher
10428,Cortex Command,2012-09-28,2012,2010s,Shooter,63.33,60.00,-3.33,Within 5 points
10442,Ion Assault,2009-12-31,2009,2000s,Shooter,60.00,71.00,11.00,Critics higher
10456,In the Hunt,1993-04-01,1993,1990s,Shooter,74.40,30.00,-44.40,Users higher
10459,Ironclad Tactics,2013-09-18,2013,2010s,Real Time Strategy (RTS),60.00,65.00,5.00,Within 5 points
10463,Jack Keane,2007-08-01,2007,2000s,Point-and-click,54.06,69.50,15.44,Critics higher
10464,Jack Keane 2: The Fire Within,2012-11-07,2012,2010s,Point-and-click,40.00,55.00,15.00,Critics higher
10472,Jet Car Stunts,2009-11-13,2009,2000s,Platform,80.00,40.00,-40.00,Users higher
10479,Kairo,2013-01-25,2013,2010s,Puzzle,78.70,80.00,1.30,Within 5 points
10481,Kill the Bad Guy,2014-05-28,2014,2010s,Fighting,60.00,60.00,0.00,Within 5 points
10489,Knightmare Tower,2012-08-31,2012,2010s,Platform,79.36,85.00,5.64,Critics higher
10491,Konung 2: Blood of Titans,2003-02-01,2003,2000s,Role-playing (RPG),70.17,45.00,-25.17,Users higher
10494,Last Inua,2014-12-11,2014,2010s,Platform,50.00,56.67,6.67,Critics higher
10501,Expeditions: Viking,2017-04-27,2017,2010s,Role-playing (RPG),70.27,72.50,2.23,Within 5 points
10511,Let's Sing,2014-02-13,2014,2010s,Music,50.00,70.00,20.00,Critics higher
10512,Leviathan: Warships,2013-04-30,2013,2010s,Strategy,50.00,67.00,17.00,Critics higher
10518,Little Racers Street,2014-02-07,2014,2010s,Racing,80.00,60.00,-20.00,Users higher
10541,Master Reboot,2013-10-29,2013,2010s,Puzzle,60.52,66.67,6.15,Critics higher
10546,Men of War: Condemned Heroes,2012-04-12,2012,2010s,Real Time Strategy (RTS),50.00,60.00,10.00,Critics higher
10563,Moto Racer 3,2001-12-07,2001,2000s,Racing,73.32,72.00,-1.32,Within 5 points
10591,NecroVisioN,2009-02-27,2009,2000s,Shooter,60.21,60.00,-0.21,Within 5 points
10593,Nemesis of the Roman Empire,2003-11-27,2003,2000s,Real Time Strategy (RTS),70.00,90.00,20.00,Critics higher
10601,Nikopol: Secrets of the Immortals,2008-09-07,2008,2000s,Point-and-click,66.17,82.00,15.83,Critics higher
10602,PixelJunk Nom Nom Galaxy,2015-05-12,2015,2010s,Platform,78.19,71.67,-6.53,Users higher
10605,Garou: Mark of the Wolves,1999-11-26,1999,1990s,Fighting,78.53,80.00,1.47,Within 5 points
10617,Picross DS,2007-01-25,2007,2000s,Puzzle,68.05,80.00,11.95,Critics higher
10619,Cricket 07,2006-11-14,2006,2000s,Sport,65.88,30.00,-35.88,Users higher
10628,Shrek SuperSlam,2005-10-25,2005,2000s,Fighting,64.47,57.67,-6.80,Users higher
10631,Picross 3D,2009-03-03,2009,2000s,Puzzle,80.47,83.25,2.78,Within 5 points
10632,The Sims Medieval,2011-03-22,2011,2010s,Simulator,69.25,75.00,5.75,Critics higher
10635,Crossy Road,2014-11-20,2014,2010s,Arcade,68.92,80.00,11.08,Critics higher
10637,Offworld Trading Company,2016-04-28,2016,2010s,Real Time Strategy (RTS),68.47,89.33,20.86,Critics higher
10642,Onikira: Demon Killer,2015-08-27,2015,2010s,Platform,40.00,75.00,35.00,Critics higher
10644,Order of War,2009-09-22,2009,2000s,Real Time Strategy (RTS),51.65,62.00,10.35,Critics higher
10653,Panzer Tactics HD,2014-05-22,2014,2010s,Simulator,70.00,60.00,-10.00,Users higher
10661,Assassin's Creed: Bloodlines,2009-11-17,2009,2000s,Adventure,58.69,45.00,-13.69,Users higher
10677,Jurassic Park Part 2: The Chaos Continues,1995-01-01,1995,1990s,Shooter,59.94,55.00,-4.94,Within 5 points
10681,Alwa's Awakening,2017-02-02,2017,2010s,Platform,76.52,74.60,-1.92,Within 5 points
10700,PixelJunk Eden,2008-07-31,2008,2000s,Platform,61.51,87.33,25.82,Critics higher
10702,Pixel Puzzles: Japan,2014-04-17,2014,2010s,Puzzle,59.67,60.00,0.33,Within 5 points
10712,Poöf vs. The Cursed Kitty,2013-11-08,2013,2010s,Platform,70.00,80.00,10.00,Critics higher
10724,Project Nimbus,2017-09-26,2017,2010s,Shooter,80.00,75.00,-5.00,Within 5 points
10725,Project Temporality,2014-05-20,2014,2010s,Platform,70.00,75.00,5.00,Within 5 points
10728,Puddle,2012-01-25,2012,2010s,Platform,73.38,74.25,0.87,Within 5 points
10732,Puzzle Chronicles,2010-02-02,2010,2010s,Puzzle,50.00,70.00,20.00,Critics higher
10733,The Novelist,2013-12-10,2013,2010s,Simulator,71.16,58.75,-12.41,Users higher
10736,Microsoft Train Simulator,2001-07-01,2001,2000s,Simulator,70.09,60.00,-10.09,Users higher
10737,Chris Sawyer's Locomotion,2004-09-07,2004,2000s,Simulator,69.47,65.00,-4.47,Within 5 points
10743,Sid Meier's Railroads!,2006-10-17,2006,2000s,Simulator,77.07,75.00,-2.07,Within 5 points
10745,Ticket to Ride: Classic Edition,2008-06-25,2008,2000s,Strategy,78.73,63.33,-15.39,Users higher
10753,R.A.W: Realms of Ancient War,2012-09-19,2012,2010s,Role-playing (RPG),50.00,60.00,10.00,Critics higher
10760,Bloodstained: Ritual of the Night,2019-06-18,2019,2010s,Platform,83.63,82.45,-1.18,Within 5 points
10762,Galaga Legions DX,2011-06-29,2011,2010s,Shooter,76.05,71.00,-5.05,Users higher
10767,Rocketbirds: Hardboiled Chicken,2011-10-18,2011,2010s,Shooter,71.71,65.00,-6.71,Users higher
10768,Richard & Alice,2013-02-11,2013,2010s,Point-and-click,70.64,80.00,9.36,Critics higher
10774,Rise of Venice,2013-09-27,2013,2010s,Simulator,50.00,83.50,33.50,Critics higher
10782,Rocket Knight,2010-05-11,2010,2010s,Platform,65.97,72.67,6.70,Critics higher
10783,Swords & Soldiers,2009-06-08,2009,2000s,Real Time Strategy (RTS),65.84,85.00,19.16,Critics higher
10800,The Hobbit: A Software Adventure,1982-11-01,1982,1980s,Adventure,71.89,80.00,8.11,Critics higher
10802,Rush Bros.,2013-05-24,2013,2010s,Platform,50.00,75.00,25.00,Critics higher
10805,SanctuaryRPG,2014-04-29,2014,2010s,Role-playing (RPG),78.77,80.00,1.23,Within 5 points
10815,Schrödinger's Cat and the Raiders of the Lost Quark,2014-09-23,2014,2010s,Platform,60.00,66.62,6.62,Critics higher
10816,Selknam Defense,2014-07-25,2014,2010s,Real Time Strategy (RTS),40.00,58.00,18.00,Critics higher
10818,Serious Sam Double D,2011-08-03,2011,2010s,Shooter,64.08,70.00,5.92,Critics higher
10819,Serious Sam: The Random Encounter,2011-10-24,2011,2010s,Shooter,57.51,71.67,14.16,Critics higher
10832,Sine Mora,2012-03-21,2012,2010s,Shooter,69.28,85.00,15.72,Critics higher
10844,Silent Storm,2003-11-07,2003,2000s,Role-playing (RPG),79.38,80.00,0.62,Within 5 points
10845,Silent Storm: Sentinels,2004-04-24,2004,2000s,Role-playing (RPG),68.66,90.00,21.34,Critics higher
10889,StarDrive,2013-04-26,2013,2010s,Real Time Strategy (RTS),70.09,56.00,-14.09,Users higher
10899,Shinobido: Way of the Ninja,2005-11-10,2005,2000s,Adventure,70.33,70.00,-0.33,Within 5 points
10906,Pokémon Super Mystery Dungeon,2015-09-17,2015,2010s,Role-playing (RPG),70.95,72.86,1.90,Within 5 points
10909,Kuon,2004-04-01,2004,2000s,Puzzle,79.58,40.00,-39.58,Users higher
10910,LEGO Worlds,2017-03-07,2017,2010s,Puzzle,71.42,70.67,-0.75,Within 5 points
10911,Evolva,2000-06-01,2000,2000s,Shooter,79.99,90.00,10.01,Critics higher
10916,Burnout Legends,2005-09-13,2005,2000s,Racing,76.07,92.50,16.43,Critics higher
10919,XCOM 2,2016-02-04,2016,2010s,Role-playing (RPG),83.11,85.21,2.09,Within 5 points
10929,Stronghold Crusader II,2014-09-22,2014,2010s,Real Time Strategy (RTS),63.86,64.00,0.14,Within 5 points
10938,Sword of the Stars: The Pit,2013-02-22,2013,2010s,Role-playing (RPG),77.66,70.00,-7.66,Users higher
10948,Ys Seven,2009-09-16,2009,2000s,Role-playing (RPG),79.95,79.22,-0.73,Within 5 points
10949,Ys Origin,2006-12-21,2006,2000s,Platform,80.96,80.20,-0.76,Within 5 points
10952,Talisman: Digital Edition,2011-03-09,2011,2010s,Role-playing (RPG),60.33,60.00,-0.33,Within 5 points
10960,Thumper,2016-10-10,2016,2010s,Music,74.94,83.73,8.78,Critics higher
10964,Sniper: Ghost Warrior 3,2017-04-25,2017,2010s,Shooter,53.40,53.33,-0.07,Within 5 points
10965,Need for Speed,2015-11-03,2015,2010s,Racing,62.44,62.47,0.03,Within 5 points
10973,The Journey Down: Chapter Two,2014-08-25,2014,2010s,Point-and-click,70.19,60.00,-10.19,Users higher
10984,The Terrian Saga: KR-17,2014-07-09,2014,2010s,Platform,60.00,60.00,0.00,Within 5 points
10988,They Bleed Pixels,2012-08-29,2012,2010s,Platform,81.54,80.00,-1.54,Within 5 points
10990,Thunder Wolves,2013-05-15,2013,2010s,Shooter,80.00,76.00,-4.00,Within 5 points
10995,The Masterplan,2015-06-04,2015,2010s,Strategy,50.00,71.67,21.67,Critics higher
10996,Nobunaga's Ambition: Sphere of Influence,2013-12-12,2013,2010s,Simulator,80.00,80.25,0.25,Within 5 points
11000,Corpse Party: Blood Drive,2014-07-24,2014,2010s,Puzzle,79.87,55.00,-24.87,Users higher
11004,Onechanbara Z2: Chaos,2014-10-30,2014,2010s,Hack and slash/Beat 'em up,66.18,59.88,-6.30,Users higher
11005,Return to PopoloCrois: A Story of Seasons Fairytale,2015-06-18,2015,2010s,Role-playing (RPG),82.00,68.71,-13.29,Users higher
11006,Senran Kagura: Estival Versus,2015-03-26,2015,2010s,Hack and slash/Beat 'em up,65.34,67.73,2.39,Within 5 points
11007,Knights of the Temple II,2005-11-24,2005,2000s,Role-playing (RPG),58.35,57.00,-1.35,Within 5 points
11009,Supersonic Acrobatic Rocket-Powered Battle-Cars,2008-10-09,2008,2000s,Racing,59.45,68.67,9.22,Critics higher
11031,Twin Sector,2009-09-16,2009,2000s,Shooter,40.00,52.00,12.00,Critics higher
11037,Victoria II,2010-08-13,2010,2010s,Real Time Strategy (RTS),81.28,76.00,-5.28,Users higher
11049,Crawl,2017-04-11,2017,2010s,Role-playing (RPG),65.84,60.00,-5.84,Users higher
11051,Mushihimesama,2004-11-19,2004,2000s,Shooter,82.57,86.67,4.10,Within 5 points
11052,Kung Fury: Street Rage,2015-05-18,2015,2010s,Fighting,61.54,39.00,-22.54,Users higher
11053,Turbo: Super Stunt Squad,2013-06-16,2013,2010s,Racing,75.00,48.00,-27.00,Users higher
11056,Persona 4: Dancing All Night,2015-06-25,2015,2010s,Music,71.65,78.33,6.69,Critics higher
11057,WWE 2K16,2015-10-27,2015,2010s,Fighting,67.67,66.45,-1.21,Within 5 points
11058,Skylanders: SuperChargers,2015-09-20,2015,2010s,Platform,77.01,79.00,1.99,Within 5 points
11059,Naruto Shippuden: Ultimate Ninja Storm 4,2016-02-04,2016,2010s,Fighting,77.22,75.33,-1.88,Within 5 points
11062,Miasmata,2012-11-28,2012,2010s,Adventure,61.80,70.00,8.20,Critics higher
11064,Shadow Warrior 2,2016-10-13,2016,2010s,Shooter,74.67,77.76,3.09,Within 5 points
11067,Jurassic Park,1993-10-01,1993,1990s,Point-and-click,58.33,40.00,-18.33,Users higher
11068,Dr. Mario: Miracle Cure,2015-05-31,2015,2010s,Puzzle,79.73,69.40,-10.33,Users higher
11069,LEGO Marvel's Avengers,2016-01-26,2016,2010s,Platform,63.09,67.59,4.50,Within 5 points
11070,Perception,2017-05-30,2017,2010s,Adventure,64.76,59.89,-4.87,Within 5 points
11071,FIFA 16,2015-09-22,2015,2010s,Sport,72.14,83.23,11.09,Critics higher
11072,Madden NFL 16,2015-08-25,2015,2010s,Sport,82.68,84.25,1.57,Within 5 points
11074,NBA Live 16,2015-09-29,2015,2010s,Sport,80.00,60.75,-19.25,Users higher
11075,NHL 16,2015-09-15,2015,2010s,Sport,81.30,78.78,-2.53,Within 5 points
11076,Drawn to Death,2017-04-04,2017,2010s,Shooter,58.44,60.00,1.56,Within 5 points
11077,LEGO Dimensions,2015-09-27,2015,2010s,Puzzle,70.95,76.58,5.64,Critics higher
11078,Shantae: Half-Genie Hero,2016-12-20,2016,2010s,Platform,81.02,80.75,-0.27,Within 5 points
11079,Senran Kagura 2: Deep Crimson,2014-08-07,2014,2010s,Fighting,82.00,65.14,-16.86,Users higher
11081,Amplitude,2016-01-05,2016,2010s,Music,73.19,78.33,5.15,Critics higher
11083,Disney Infinity 3.0,2015-08-28,2015,2010s,Adventure,74.72,81.36,6.65,Critics higher
11084,The Adventures of Shuggy,2011-06-15,2011,2010s,Platform,79.36,80.00,0.64,Within 5 points
11091,Amerzone: The Explorer's Legacy,1999-03-18,1999,1990s,Point-and-click,65.87,90.00,24.13,Critics higher
11092,Anodyne,2013-03-22,2013,2010s,Platform,69.58,69.80,0.22,Within 5 points
11093,Armikrog,2015-09-30,2015,2010s,Point-and-click,76.25,57.22,-19.03,Users higher
11094,Atlantis 2: Beyond Atlantis,1999-12-31,1999,1990s,Point-and-click,40.00,70.00,30.00,Critics higher
11118,Dishonored 2,2016-11-11,2016,2010s,Shooter,84.97,85.85,0.88,Within 5 points
11119,Fallout Shelter,2015-06-14,2015,2010s,Role-playing (RPG),63.41,67.78,4.37,Within 5 points
11120,The Elder Scrolls: Legends,2017-03-09,2017,2010s,Strategy,70.19,77.00,6.81,Critics higher
11122,ToeJam & Earl: Back in the Groove,2019-03-01,2019,2010s,Music,52.40,69.50,17.10,Critics higher
11131,ReCore,2016-09-13,2016,2010s,Platform,71.71,59.00,-12.71,Users higher
11133,Dark Souls III,2016-03-24,2016,2010s,Role-playing (RPG),87.24,86.08,-1.17,Within 5 points
11134,Gigantic,2017-06-23,2017,2010s,Real Time Strategy (RTS),70.03,76.50,6.47,Critics higher
11135,Beyond Eyes,2015-08-04,2015,2010s,Puzzle,68.62,55.12,-13.49,Users higher
11137,Sea of Thieves,2018-03-20,2018,2010s,Simulator,71.80,66.42,-5.38,Users higher
11148,Plants vs. Zombies: Garden Warfare 2,2016-02-23,2016,2010s,Shooter,71.72,85.24,13.52,Critics higher
11155,Dreams,2020-02-14,2020,2020s,Adventure,89.58,92.86,3.28,Within 5 points
11156,Horizon Zero Dawn,2017-02-28,2017,2010s,Shooter,87.55,88.85,1.30,Within 5 points
11157,Hitman,2016-03-11,2016,2010s,Shooter,80.47,78.59,-1.88,Within 5 points
11161,South Park: The Fractured But Whole,2017-10-17,2017,2010s,Role-playing (RPG),79.83,84.67,4.83,Within 5 points
11162,For Honor,2017-02-13,2017,2010s,Fighting,71.34,76.73,5.39,Critics higher
11170,Unravel,2016-02-09,2016,2010s,Platform,79.98,81.21,1.23,Within 5 points
11171,Tom Clancy's Ghost Recon: Wildlands,2017-03-06,2017,2010s,Shooter,72.63,72.90,0.27,Within 5 points
11172,TrackMania Turbo,2016-03-22,2016,2010s,Racing,78.96,80.09,1.13,Within 5 points
11175,Transformers: Devastation,2015-10-06,2015,2010s,Hack and slash/Beat 'em up,72.69,75.20,2.51,Within 5 points
11176,Crossing Souls,2018-02-13,2018,2010s,Role-playing (RPG),77.79,71.33,-6.45,Users higher
11177,Gang Beasts,2017-12-12,2017,2010s,Fighting,73.17,64.60,-8.57,Users higher
11180,Robinson: The Journey,2016-11-08,2016,2010s,Adventure,61.93,63.00,1.07,Within 5 points
11182,Enter the Gungeon,2016-04-05,2016,2010s,Shooter,77.38,82.46,5.08,Critics higher
11183,Ronin,2015-06-30,2015,2010s,Platform,69.19,70.57,1.39,Within 5 points
11185,Pro Evolution Soccer 2016,2015-09-15,2015,2010s,Simulator,70.06,83.86,13.80,Critics higher
11186,Gears of War 4,2016-10-11,2016,2010s,Shooter,77.08,83.11,6.03,Critics higher
11188,Harvest Moon: Seeds of Memories,2016-01-13,2016,2010s,Role-playing (RPG),70.00,65.00,-5.00,Within 5 points
11190,Animal Crossing: Amiibo Festival,2015-11-12,2015,2010s,Puzzle,25.14,51.50,26.36,Critics higher
11192,Cyberia 2: Resurrection,1995-12-31,1995,1990s,Shooter,69.88,76.00,6.12,Critics higher
11194,The Legend of Zelda: Tri Force Heroes,2015-10-22,2015,2010s,Puzzle,63.38,71.86,8.48,Critics higher
11195,Mario & Luigi: Paper Jam,2015-12-03,2015,2010s,Role-playing (RPG),64.96,74.93,9.97,Critics higher
11196,Star Fox Zero,2016-04-21,2016,2010s,Shooter,58.29,66.77,8.48,Critics higher
11197,Yo-kai Watch,2013-07-11,2013,2010s,Puzzle,72.80,73.89,1.09,Within 5 points
11198,Rocket League,2015-07-06,2015,2010s,Racing,81.63,88.71,7.07,Critics higher
11200,Guns Up!,2015-05-19,2015,2010s,Real Time Strategy (RTS),61.83,47.50,-14.33,Users higher
11203,Galak-Z: The Dimensional,2015-08-04,2015,2010s,Shooter,79.63,81.50,1.87,Within 5 points
11204,The Walking Dead: Michonne,2016-02-03,2016,2010s,Point-and-click,67.32,68.33,1.01,Within 5 points
11205,Anno 2205,2015-11-02,2015,2010s,Real Time Strategy (RTS),74.29,62.80,-11.49,Users higher
11206,Just Dance 2016,2015-10-20,2015,2010s,Music,76.75,69.00,-7.75,Users higher
11208,NieR: Automata,2017-02-23,2017,2010s,Role-playing (RPG),90.58,85.72,-4.86,Within 5 points
11212,Star Ocean: Till the End of Time,2003-02-27,2003,2000s,Role-playing (RPG),89.06,75.00,-14.06,Users higher
11213,Star Ocean: Integrity and Faithlessness,2016-03-31,2016,2010s,Role-playing (RPG),53.27,59.84,6.57,Critics higher
11214,World of Final Fantasy,2016-10-25,2016,2010s,Role-playing (RPG),70.07,75.67,5.60,Critics higher
11215,Runbow,2015-08-27,2015,2010s,Platform,79.09,73.86,-5.23,Users higher
11216,Chibi-Robo! Zip Lash,2015-10-08,2015,2010s,Platform,49.38,64.20,14.82,Critics higher
11217,Metroid Prime: Federation Force,2016-08-18,2016,2010s,Shooter,31.21,65.87,34.66,Critics higher
11220,Mario Tennis: Ultra Smash,2015-11-20,2015,2010s,Sport,39.80,60.00,20.20,Critics higher
11221,The Solus Project,2016-06-07,2016,2010s,Simulator,67.73,63.67,-4.06,Within 5 points
11222,Windjammers,1994-01-08,1994,1990s,Sport,82.04,79.00,-3.04,Within 5 points
11223,Thief Town,2014-09-26,2014,2010s,Indie,60.00,60.00,0.00,Within 5 points
11225,Typoman,2015-11-19,2015,2010s,Platform,73.53,69.29,-4.24,Within 5 points
11230,StarLancer,2000-03-31,2000,2000s,Simulator,85.71,70.00,-15.71,Users higher
11232,A Wizard's Lizard,2014-01-22,2014,2010s,Shooter,70.17,75.00,4.83,Within 5 points
11233,What Remains of Edith Finch,2017-04-24,2017,2010s,Puzzle,83.70,86.95,3.26,Within 5 points
11235,Future Cop: LAPD,1998-08-31,1998,1990s,Shooter,78.09,65.00,-13.09,Users higher
11240,Joe Danger,2010-06-08,2010,2010s,Platform,82.83,80.00,-2.83,Within 5 points
11241,Joe Danger 2: The Movie,2012-09-14,2012,2010s,Platform,59.85,82.33,22.49,Critics higher
11244,Rez,2001-11-22,2001,2000s,Shooter,86.08,88.00,1.92,Within 5 points
11247,Duck Game,2014-05-13,2014,2010s,Shooter,85.42,83.25,-2.17,Within 5 points
11250,Shift Happens,2017-02-22,2017,2010s,Platform,63.90,69.50,5.60,Critics higher
11253,Rigs: Mechanized Combat League,2016-10-13,2016,2010s,Fighting,79.82,78.43,-1.39,Within 5 points
11256,Bravely Second: End Layer,2015-04-23,2015,2010s,Role-playing (RPG),70.32,76.75,6.43,Critics higher
11257,LBX: Little Battlers eXperience,2012-07-05,2012,2010s,Fighting,70.88,78.00,7.12,Critics higher
11258,Mario & Sonic at the Rio 2016 Olympic Games,2016-06-23,2016,2010s,Sport,64.03,68.00,3.97,Within 5 points
11260,Armello,2015-01-22,2015,2010s,Role-playing (RPG),70.16,73.33,3.18,Within 5 points
11261,The Black Mirror,2003-10-17,2003,2000s,Point-and-click,81.41,80.00,-1.41,Within 5 points
11266,Call to Power II,2000-11-15,2000,2000s,Strategy,80.19,90.00,9.81,Critics higher
11272,Chaser,2003-08-22,2003,2000s,Shooter,64.46,69.50,5.04,Critics higher
11275,MotoGP 15,2015-06-23,2015,2010s,Racing,80.00,76.67,-3.33,Within 5 points
11276,The Room Two,2013-12-12,2013,2010s,Point-and-click,78.46,80.75,2.29,Within 5 points
11287,Beach Buggy Racing,2014-12-31,2014,2010s,Racing,42.80,60.00,17.20,Critics higher
11288,Mega Coin Squad,2014-08-15,2014,2010s,Fighting,70.00,71.50,1.50,Within 5 points
11292,Rogue Galaxy,2005-12-08,2005,2000s,Role-playing (RPG),67.26,81.50,14.24,Critics higher
11300,Contra ReBirth,2009-05-12,2009,2000s,Shooter,79.81,80.00,0.19,Within 5 points
11307,Wallace & Gromit's Grand Adventures,2009-03-23,2009,2000s,Point-and-click,80.82,67.50,-13.32,Users higher
11312,Romancing SaGa 2,1993-12-10,1993,1990s,Role-playing (RPG),62.31,72.50,10.19,Critics higher
11317,The Legend of Legacy,2015-01-22,2015,2010s,Role-playing (RPG),75.00,56.67,-18.33,Users higher
11318,Corpse Party: Book of Shadows,2011-09-01,2011,2010s,Point-and-click,69.79,77.50,7.71,Critics higher
11320,Adventure Time: Finn and Jake Investigations,2015-10-01,2015,2010s,Puzzle,60.45,60.00,-0.45,Within 5 points
11324,Phantom Breaker: Battle Grounds,2013-02-27,2013,2010s,Fighting,57.98,73.33,15.35,Critics higher
11326,Jeanne d'Arc,2006-11-22,2006,2000s,Role-playing (RPG),79.87,76.00,-3.87,Within 5 points
11328,Shadow Complex,2009-08-19,2009,2000s,Shooter,84.87,85.00,0.13,Within 5 points
11331,Dreamkiller,2009-10-12,2009,2000s,Shooter,39.51,55.00,15.49,Critics higher
11333,Contradiction: Spot the Liar!,2015-01-14,2015,2010s,Point-and-click,71.14,80.00,8.86,Critics higher
11338,Gitaroo Man,2001-06-21,2001,2000s,Music,89.56,67.80,-21.76,Users higher
11341,Cradle,2015-07-24,2015,2010s,Adventure,78.06,80.00,1.94,Within 5 points
11342,Woah Dave!,2014-10-30,2014,2010s,Platform,69.10,79.00,9.90,Critics higher
11346,Her Story,2015-06-24,2015,2010s,Point-and-click,77.78,85.00,7.22,Critics higher
11347,Necropolis,2016-07-12,2016,2010s,Puzzle,69.88,60.20,-9.68,Users higher
11349,Ironcast,2015-03-26,2015,2010s,Puzzle,63.28,75.83,12.55,Critics higher
11353,Silverfall: Earth Awakening,2008-02-21,2008,2000s,Role-playing (RPG),50.00,70.00,20.00,Critics higher
11356,Airscape: The Fall of Gravity,2015-08-11,2015,2010s,Platform,51.48,80.00,28.52,Critics higher
11361,Gardening Mama,2009-03-19,2009,2000s,Puzzle,56.00,68.33,12.33,Critics higher
11364,"Warhammer 40,000: Inquisitor - Martyr",2017-08-31,2017,2010s,Role-playing (RPG),63.33,62.00,-1.33,Within 5 points
11366,Superdimension Neptune vs. Sega Hard Girls,2015-11-26,2015,2010s,Role-playing (RPG),80.00,75.40,-4.60,Within 5 points
11367,Anna's Quest,2015-07-02,2015,2010s,Point-and-click,69.68,65.00,-4.68,Within 5 points
11368,Breach & Clear: Deadline,2015-07-20,2015,2010s,Role-playing (RPG),70.00,55.00,-15.00,Users higher
11369,Cosmonautica,2015-07-31,2015,2010s,Simulator,50.00,85.00,35.00,Critics higher
11370,Creatures,1996-11-01,1996,1990s,Simulator,69.65,70.00,0.35,Within 5 points
11393,Chaos;Child,2014-12-18,2014,2010s,Adventure,87.54,81.67,-5.87,Users higher
11394,Steins;Gate 0,2015-12-10,2015,2010s,Adventure,84.90,87.18,2.28,Within 5 points
11397,Yakuza 0,2015-03-12,2015,2010s,Role-playing (RPG),86.62,86.00,-0.62,Within 5 points
11398,Dead Synchronicity: Tomorrow Comes Today,2015-04-10,2015,2010s,Point-and-click,79.03,73.25,-5.78,Users higher
11400,Depths of Peril,2007-09-05,2007,2000s,Role-playing (RPG),70.00,80.00,10.00,Critics higher
11407,Etherlords,2001-11-12,2001,2000s,Role-playing (RPG),67.20,50.00,-17.20,Users higher
11408,Etherlords II,2003-10-01,2003,2000s,Role-playing (RPG),64.27,70.00,5.73,Critics higher
11409,Submerged,2015-08-03,2015,2010s,Platform,59.44,57.22,-2.22,Within 5 points
11415,Blues and Bullets,2015-07-22,2015,2010s,Adventure,50.00,70.62,20.62,Critics higher
11417,Odallus: The Dark Call,2015-07-15,2015,2010s,Platform,89.68,90.00,0.32,Within 5 points
11418,The Weaponographist,2015-04-29,2015,2010s,Role-playing (RPG),50.00,62.50,12.50,Critics higher
11421,Kitty Powers' Matchmaker,2014-09-03,2014,2010s,Simulator,56.40,68.50,12.10,Critics higher
11423,This Is the Police,2016-07-27,2016,2010s,Simulator,69.74,60.57,-9.17,Users higher
11424,Sym,2015-05-07,2015,2010s,Platform,70.00,62.50,-7.50,Users higher
11427,18 Wheels of Steel: American Long Haul,2007-12-03,2007,2000s,Racing,77.73,70.00,-7.73,Users higher
11444,The Silent Age,2013-02-21,2013,2010s,Point-and-click,70.64,70.00,-0.64,Within 5 points
11445,Persona 4 Arena Ultimax,2013-11-28,2013,2010s,Fighting,78.68,78.00,-0.68,Within 5 points
11447,Guild of Dungeoneering,2015-07-15,2015,2010s,Role-playing (RPG),69.34,79.00,9.66,Critics higher
11450,"Warhammer 40,000: Regicide",2015-09-08,2015,2010s,Puzzle,60.00,68.25,8.25,Critics higher
11451,Kyn,2015-02-27,2015,2010s,Role-playing (RPG),50.00,65.00,15.00,Critics higher
11453,Persona 2: Innocent Sin,1999-06-24,1999,1990s,Role-playing (RPG),79.14,69.75,-9.39,Users higher
11456,The Fruit of Grisaia,2011-02-25,2011,2010s,Adventure,72.66,86.50,13.84,Critics higher
11457,The Labyrinth of Grisaia,2012-02-24,2012,2010s,Adventure,70.00,72.00,2.00,Within 5 points
11458,The Eden of Grisaia,2013-05-24,2013,2010s,Adventure,70.00,78.00,8.00,Critics higher
11459,Stella Glow,2015-06-04,2015,2010s,Role-playing (RPG),89.96,76.25,-13.71,Users higher
11460,Titan Attacks!,2012-02-03,2012,2010s,Shooter,67.05,73.00,5.95,Critics higher
11481,Frogger: Helmet Chaos,2005-09-29,2005,2000s,Platform,47.00,60.00,13.00,Critics higher
11482,My Frogger Toy Trials,2006-11-13,2006,2000s,Puzzle,53.00,65.00,12.00,Critics higher
11488,Dropsy,2015-09-10,2015,2010s,Point-and-click,78.35,86.67,8.32,Critics higher
11489,Arslan: The Warriors of Legend,2015-10-01,2015,2010s,Role-playing (RPG),50.00,66.88,16.88,Critics higher
11490,Corpse of Discovery,2015-08-25,2015,2010s,Adventure,50.00,60.00,10.00,Critics higher
11492,Mafia III,2016-10-07,2016,2010s,Shooter,66.88,67.83,0.95,Within 5 points
11501,Mugen Souls,2012-03-22,2012,2010s,Role-playing (RPG),50.00,70.00,20.00,Critics higher
11503,Mugen Souls Z,2013-04-25,2013,2010s,Role-playing (RPG),60.00,44.20,-15.80,Users higher
11525,NBA 2K16,2015-09-29,2015,2010s,Sport,75.30,90.00,14.70,Critics higher
11527,Valkyrie Drive: Bhikkhuni,2015-12-10,2015,2010s,Fighting,80.00,65.83,-14.17,Users higher
11529,The Jackbox Party Pack,2014-11-18,2014,2010s,Puzzle,62.51,73.50,10.99,Critics higher
11530,Senran Kagura Bon Appétit!,2014-04-24,2014,2010s,Music,79.18,65.00,-14.18,Users higher
11536,Senran Kagura: Shinovi Versus,2013-02-28,2013,2010s,Fighting,62.20,71.88,9.67,Critics higher
11542,Shenmue III,2019-11-19,2019,2010s,Fighting,64.92,67.55,2.63,Within 5 points
11544,Paladins,2017-05-02,2017,2010s,Shooter,71.66,78.83,7.17,Critics higher
11545,Yesterday Origins,2016-09-26,2016,2010s,Point-and-click,79.90,67.60,-12.30,Users higher
11549,Zero Escape: Zero Time Dilemma,2016-06-28,2016,2010s,Puzzle,80.33,79.91,-0.42,Within 5 points
11550,Endless Space 2,2017-05-18,2017,2010s,Strategy,82.25,80.14,-2.11,Within 5 points
11557,All-Star Baseball 2003,2002-02-25,2002,2000s,Sport,42.00,82.50,40.50,Critics higher
11558,All-Star Baseball 2004,2003-02-25,2003,2000s,Simulator,41.00,80.00,39.00,Critics higher
11560,AER: Memories of Old,2017-10-25,2017,2010s,Puzzle,62.70,68.00,5.30,Critics higher
11562,Skyhill,2015-10-06,2015,2010s,Role-playing (RPG),64.06,67.33,3.28,Within 5 points
11563,Sherlock Holmes: The Devil's Daughter,2016-06-10,2016,2010s,Puzzle,73.09,67.38,-5.72,Users higher
11564,Gal*Gun: Double Peace,2015-08-06,2015,2010s,Shooter,77.24,68.33,-8.90,Users higher
11565,JoJo's Bizarre Adventure: Eyes of Heaven,2015-12-17,2015,2010s,Fighting,84.50,63.50,-21.00,Users higher
11567,Elex,2017-10-17,2017,2010s,Role-playing (RPG),68.15,59.67,-8.49,Users higher
11568,FutureGrind,2019-01-22,2019,2010s,Platform,70.00,80.00,10.00,Critics higher
11570,Halo Wars 2,2017-02-21,2017,2010s,Real Time Strategy (RTS),75.88,76.74,0.86,Within 5 points
11572,ManaCollect,2013-09-12,2013,2010s,Fighting,50.00,60.00,10.00,Critics higher
11573,Eiyu*Senki - The World Conquest,2012-03-30,2012,2010s,Role-playing (RPG),89.42,76.67,-12.76,Users higher
11577,Satellite Reign,2015-08-27,2015,2010s,Real Time Strategy (RTS),82.08,81.67,-0.41,Within 5 points
11581,Zoo Tycoon 2,2004-11-09,2004,2000s,Simulator,65.56,70.00,4.44,Within 5 points
11582,Stellaris,2016-05-09,2016,2010s,Real Time Strategy (RTS),78.86,78.55,-0.31,Within 5 points
11583,Five Nights at Freddy's 4,2015-07-23,2015,2010s,Point-and-click,64.20,55.00,-9.20,Users higher
11587,Absolute Drift,2015-07-29,2015,2010s,Racing,69.72,60.00,-9.72,Users higher
11588,Quiplash,2015-06-30,2015,2010s,Strategy,79.25,70.33,-8.92,Users higher
11589,Yomawari: Night Alone,2016-10-25,2016,2010s,Strategy,54.37,80.00,25.63,Critics higher
11590,The Surge,2017-05-15,2017,2010s,Role-playing (RPG),70.40,72.09,1.69,Within 5 points
11592,Lara Croft Go,2015-08-27,2015,2010s,Puzzle,78.75,85.80,7.05,Critics higher
11594,Disgaea 5: Alliance of Vengeance,2015-03-26,2015,2010s,Role-playing (RPG),89.97,78.89,-11.08,Users higher
11597,Poly Bridge,2016-07-12,2016,2010s,Puzzle,75.11,75.00,-0.11,Within 5 points
11598,Ittle Dew 2,2016-11-15,2016,2010s,Puzzle,80.00,83.00,3.00,Within 5 points
11602,Road Redemption,2017-10-04,2017,2010s,Racing,68.16,73.50,5.34,Critics higher
11607,Freshly-Picked Tingle's Rosy Rupeeland,2006-09-02,2006,2000s,Adventure,79.95,75.00,-4.95,Within 5 points
11610,Disgaea: Hour of Darkness,2003-01-30,2003,2000s,Role-playing (RPG),84.86,90.00,5.14,Critics higher
11613,BlazBlue: Central Fiction,2015-11-19,2015,2010s,Fighting,71.79,85.60,13.81,Critics higher
11619,Tiny Troopers,2012-06-06,2012,2010s,Shooter,60.82,60.00,-0.82,Within 5 points
11621,The Lost Crown,2008-07-18,2008,2000s,Point-and-click,89.70,50.00,-39.70,Users higher
11625,The Room,2012-09-19,2012,2010s,Point-and-click,80.72,85.00,4.28,Within 5 points
11629,Terminal Velocity,1995-12-31,1995,1990s,Shooter,78.05,69.00,-9.05,Users higher
11631,Hiveswap: Act 1,2017-09-14,2017,2010s,Point-and-click,98.29,75.00,-23.29,Users higher
11635,Drakengard,2003-09-11,2003,2000s,Role-playing (RPG),68.46,70.00,1.54,Within 5 points
11636,XBlaze Code: Embryo,2013-07-25,2013,2010s,Simulator,70.00,62.50,-7.50,Users higher
11637,XBlaze Lost: Memories,2015-04-09,2015,2010s,Adventure,59.95,60.00,0.05,Within 5 points
11639,Need for Speed: Carbon - Own the City,2006-10-31,2006,2000s,Racing,77.22,60.00,-17.22,Users higher
11640,Splice,2012-06-13,2012,2010s,Puzzle,69.97,65.00,-4.97,Within 5 points
11643,Shoot Many Robots,2012-03-13,2012,2010s,Shooter,75.33,75.40,0.07,Within 5 points
11646,Ziggurat,2014-10-23,2014,2010s,Shooter,67.80,79.50,11.70,Critics higher
11647,Woolfe: The Red Hood Diaries,2015-03-17,2015,2010s,Platform,50.06,60.25,10.19,Critics higher
11649,The Park,2015-10-27,2015,2010s,Adventure,66.06,65.50,-0.56,Within 5 points
11651,SlashDash,2015-07-17,2015,2010s,Indie,70.00,70.00,0.00,Within 5 points
11653,Tokyo Babel,2012-08-31,2012,2010s,Adventure,70.00,65.00,-5.00,Within 5 points
11657,Epistory: Typing Chronicles,2016-03-30,2016,2010s,Puzzle,71.61,82.50,10.89,Critics higher
11658,Yo-Kai Watch 2: Bony Spirits,2014-07-10,2014,2010s,Role-playing (RPG),82.91,66.88,-16.04,Users higher
11663,Drakengard 2,2005-06-16,2005,2000s,Role-playing (RPG),70.84,63.00,-7.84,Users higher
11666,Ashes of the Singularity,2016-03-31,2016,2010s,Real Time Strategy (RTS),69.88,70.33,0.45,Within 5 points
11667,Dragon Quest XI: Echoes of an Elusive Age,2017-07-29,2017,2010s,Role-playing (RPG),86.04,84.00,-2.04,Within 5 points
11668,Dollhouse,2019-05-24,2019,2010s,Puzzle,51.73,65.00,13.27,Critics higher
11669,Vane,2019-01-15,2019,2010s,Puzzle,54.90,48.43,-6.47,Users higher
11679,Lula: The Sexy Empire,1997-06-26,1997,1990s,Point-and-click,70.03,80.00,9.97,Critics higher
11683,Infinite Space,2009-06-11,2009,2000s,Real Time Strategy (RTS),70.30,80.00,9.70,Critics higher
11694,Disgaea 2: Cursed Memories,2006-02-23,2006,2000s,Role-playing (RPG),83.96,85.40,1.44,Within 5 points
11695,Disaster Report,2002-04-25,2002,2000s,Adventure,84.05,30.00,-54.05,Users higher
11696,Raw Danger!,2006-03-30,2006,2000s,Adventure,90.29,55.00,-35.29,Users higher
11701,Gravity Rush,2012-02-09,2012,2010s,Role-playing (RPG),79.99,82.14,2.15,Within 5 points
11703,The Incredible Adventures of Van Helsing III,2015-05-22,2015,2010s,Role-playing (RPG),62.69,70.75,8.06,Critics higher
11707,Hacknet,2015-08-12,2015,2010s,Puzzle,77.96,88.00,10.04,Critics higher
11708,Hero Siege,2014-01-29,2014,2010s,Role-playing (RPG),73.65,80.00,6.35,Critics higher
11709,60 Seconds!,2015-05-25,2015,2010s,Simulator,61.10,80.00,18.90,Critics higher
11719,Rebel Galaxy,2015-10-20,2015,2010s,Role-playing (RPG),73.08,72.14,-0.94,Within 5 points
11735,RymdResa,2015-08-20,2015,2010s,Role-playing (RPG),60.00,67.50,7.50,Critics higher
11737,Outer Wilds,2019-05-29,2019,2010s,Puzzle,90.34,84.71,-5.62,Users higher
11742,Fingered,2015-08-18,2015,2010s,Puzzle,59.93,50.00,-9.93,Users higher
11743,Ray Gigant,2015-07-30,2015,2010s,Role-playing (RPG),50.00,77.50,27.50,Critics higher
11744,The Escapists: The Walking Dead,2015-09-30,2015,2010s,Puzzle,69.87,64.00,-5.87,Users higher
11746,Criminal Girls: Invite Only,2013-11-28,2013,2010s,Role-playing (RPG),78.31,42.50,-35.81,Users higher
11753,Sheltered,2016-03-15,2016,2010s,Role-playing (RPG),65.50,60.00,-5.50,Users higher
11757,Onimusha 2: Samurai's Destiny,2002-03-07,2002,2000s,Hack and slash/Beat 'em up,82.10,75.00,-7.10,Users higher
11758,Onimusha 3: Demon Siege,2004-02-26,2004,2000s,Adventure,83.08,82.00,-1.08,Within 5 points
11759,Onimusha: Dawn of Dreams,2006-01-26,2006,2000s,Hack and slash/Beat 'em up,73.76,70.00,-3.76,Within 5 points
11762,Paperboy,1984-11-01,1984,1980s,Racing,52.81,76.67,23.86,Critics higher
11764,The Plan,2013-02-10,2013,2010s,Music,58.26,41.67,-16.59,Users higher
11768,Hatsune Miku: Project Diva F,2012-08-30,2012,2010s,Music,70.11,78.33,8.22,Critics higher
11772,Shadowrun: Hong Kong,2015-08-20,2015,2010s,Role-playing (RPG),85.78,78.33,-7.45,Users higher
11778,Muv-Luv,2003-02-28,2003,2000s,Visual Novel,79.23,78.50,-0.73,Within 5 points
11781,Muv-Luv Alternative,2006-02-24,2006,2000s,Visual Novel,89.22,92.00,2.78,Within 5 points
11782,Shantae: Risky's Revenge,2010-10-04,2010,2010s,Platform,82.04,91.50,9.46,Critics higher
11785,Garbage Day,2016-01-18,2016,2010s,Shooter,40.00,75.00,35.00,Critics higher
11786,The Devil Inside,2000-03-01,2000,2000s,Shooter,78.58,70.00,-8.58,Users higher
11789,Primal,2003-03-25,2003,2000s,Puzzle,79.95,50.00,-29.95,Users higher
11793,Valkyrie Profile 2: Silmeria,2006-06-22,2006,2000s,Role-playing (RPG),79.93,87.00,7.07,Critics higher
11797,LawBreakers,2017-08-08,2017,2010s,Shooter,61.69,78.79,17.09,Critics higher
11798,Evoland 2,2015-08-25,2015,2010s,Fighting,80.62,78.33,-2.28,Within 5 points
11800,Divinity: Original Sin II,2017-09-14,2017,2010s,Role-playing (RPG),87.12,91.31,4.18,Within 5 points
11802,Bounty Train,2015-08-25,2015,2010s,Simulator,54.13,86.00,31.87,Critics higher
11808,.Hack//Mutation,2002-09-09,2002,2000s,Role-playing (RPG),70.09,67.00,-3.09,Within 5 points
11812,Universe Sandbox Legacy,2011-04-29,2011,2010s,Simulator,63.27,84.00,20.73,Critics higher
11814,Grand Ages: Medieval,2015-09-25,2015,2010s,Real Time Strategy (RTS),64.77,65.00,0.23,Within 5 points
11817,7th Dragon,2009-03-05,2009,2000s,Role-playing (RPG),84.00,80.00,-4.00,Within 5 points
11821,Fran Bow,2015-08-27,2015,2010s,Point-and-click,72.22,75.00,2.78,Within 5 points
11822,Beach Life,2002-09-06,2002,2000s,Simulator,67.80,60.00,-7.80,Users higher
11828,7th Dragon III Code: VFD,2015-10-15,2015,2010s,Role-playing (RPG),91.00,79.00,-12.00,Users higher
11831,Black Rock Shooter: The Game,2011-08-25,2011,2010s,Shooter,64.75,65.00,0.25,Within 5 points
11836,Scratches,2006-03-08,2006,2000s,Point-and-click,70.22,80.00,9.78,Critics higher
11840,The King's Bird,2018-08-23,2018,2010s,Platform,70.00,68.00,-2.00,Within 5 points
11842,Sword Art Online: Lost Song,2015-03-26,2015,2010s,Role-playing (RPG),73.21,67.50,-5.71,Users higher
11896,The Amazing Spider-Man,1990-12-31,1990,1990s,Platform,49.91,67.50,17.59,Critics higher
11905,APB,1987-12-31,1987,1980s,Shooter,68.50,50.00,-18.50,Users higher
11984,California Games,1987-07-01,1987,1980s,Sport,60.15,90.00,29.85,Critics higher
11987,.Hack//G.U. Vol. 1: Rebirth,2006-05-18,2006,2000s,Role-playing (RPG),88.39,67.50,-20.89,Users higher
11988,.Hack//G.U. Vol. 2: Reminisce,2006-09-28,2006,2000s,Role-playing (RPG),79.69,55.00,-24.69,Users higher
12024,Cybernoid: The Fighting Machine,1988-12-31,1988,1980s,Shooter,53.65,80.00,26.35,Critics higher
12070,Party Hard,2015-08-25,2015,2010s,Fighting,68.65,68.90,0.25,Within 5 points
12072,Flywrench,2015-08-24,2015,2010s,Indie,80.00,79.00,-1.00,Within 5 points
12077,Phoenix Wright: Ace Attorney - Spirit of Justice,2016-06-09,2016,2010s,Point-and-click,80.63,81.44,0.82,Within 5 points
12078,Hatsune Miku: Project Diva X,2016-03-24,2016,2010s,Music,70.65,82.78,12.13,Critics higher
12080,Valhalla Hills,2015-12-02,2015,2010s,Real Time Strategy (RTS),50.00,78.33,28.33,Critics higher
12090,Fantasy World Dizzy,1989-12-31,1989,1980s,Platform,79.53,90.00,10.47,Critics higher
12138,Head Over Heels,1987-12-31,1987,1980s,Platform,63.50,90.00,26.50,Critics higher
12153,Ikari Warriors,1986-03-01,1986,1980s,Shooter,71.67,52.00,-19.67,Users higher
12170,Laser Squad,1988-12-31,1988,1980s,Role-playing (RPG),83.47,80.00,-3.47,Within 5 points
12211,Metal Gear Acid,2004-12-16,2004,2000s,Role-playing (RPG),75.87,72.50,-3.37,Within 5 points
12216,Rack N Ruin,2015-03-31,2015,2010s,Role-playing (RPG),70.00,69.80,-0.20,Within 5 points
12234,Wizball,1987-12-31,1987,1980s,Shooter,79.92,80.00,0.08,Within 5 points
12268,Winter Games,1985-12-31,1985,1980s,Sport,59.37,90.00,30.63,Critics higher
12279,Samurai Warriors 4-II,2015-02-11,2015,2010s,Hack and slash/Beat 'em up,68.80,74.60,5.80,Critics higher
12280,Samurai Warriors 4: Empires,2015-09-17,2015,2010s,Strategy,79.27,66.25,-13.02,Users higher
12307,Gorf,1981-12-31,1981,1980s,Shooter,58.74,80.00,21.26,Critics higher
12308,Gyruss,1983-03-01,1983,1980s,Shooter,64.47,70.00,5.53,Critics higher
12313,Missile Command,1980-07-01,1980,1980s,Shooter,71.67,76.67,5.00,Within 5 points
12314,Moon Patrol,1982-05-08,1982,1980s,Shooter,79.81,80.00,0.19,Within 5 points
12346,Xevious,1982-12-10,1982,1980s,Shooter,59.96,53.33,-6.62,Users higher
12359,Knight Lore,1984-12-01,1984,1980s,Platform,87.63,80.00,-7.63,Users higher
12382,Fate/Extra,2010-07-22,2010,2010s,Role-playing (RPG),80.67,75.00,-5.67,Users higher
12427,Fade to Black,1995-08-31,1995,1990s,Shooter,85.78,70.50,-15.28,Users higher
12434,Hi-Octane,1995-12-29,1995,1990s,Racing,74.16,60.00,-14.16,Users higher
12477,Shivers,1995-12-31,1995,1990s,Point-and-click,79.60,66.00,-13.60,Users higher
12481,Ultimate Ghosts 'n Goblins,2006-08-13,2006,2000s,Platform,79.86,70.00,-9.86,Users higher
12482,Layers of Fear,2016-02-15,2016,2010s,Puzzle,71.35,76.12,4.77,Within 5 points
12505,Infinity Blade III,2013-09-18,2013,2010s,Adventure,82.27,74.33,-7.94,Users higher
12510,Renowned Explorers: International Society,2015-09-02,2015,2010s,Role-playing (RPG),79.57,80.00,0.43,Within 5 points
12511,Battle Chasers: Nightwar,2017-10-03,2017,2010s,Role-playing (RPG),78.69,77.91,-0.78,Within 5 points
12512,Magical Eyes - Red is for Anguish,2014-06-20,2014,2010s,Quiz/Trivia,70.00,65.00,-5.00,Within 5 points
12513,Rampage Knights,2015-09-04,2015,2010s,Fighting,79.75,83.33,3.58,Within 5 points
12514,GoD Factory: Wingmen,2014-08-29,2014,2010s,Shooter,50.00,90.00,40.00,Critics higher
12515,Pokémon Go,2016-07-06,2016,2010s,Role-playing (RPG),66.37,62.73,-3.65,Within 5 points
12517,Undertale,2015-09-15,2015,2010s,Puzzle,86.23,96.38,10.16,Critics higher
12518,Fragments of Him,2016-05-03,2016,2010s,Simulator,60.00,59.33,-0.67,Within 5 points
12519,Tooth and Tail,2017-09-12,2017,2010s,Real Time Strategy (RTS),88.32,82.00,-6.32,Users higher
12520,Lovers in a Dangerous Spacetime,2015-09-09,2015,2010s,Shooter,72.70,83.36,10.66,Critics higher
12523,Faeria,2017-03-08,2017,2010s,Puzzle,78.13,82.50,4.37,Within 5 points
12524,Recettear: An Item Shop's Tale,2007-12-21,2007,2000s,Role-playing (RPG),69.73,76.00,6.27,Critics higher
12527,Yakuza 6: The Song of Life,2016-12-08,2016,2010s,Role-playing (RPG),84.33,82.44,-1.89,Within 5 points
12528,Gravity Rush 2,2017-01-18,2017,2010s,Platform,75.50,81.26,5.76,Critics higher
12561,Nova-111,2015-08-25,2015,2010s,Puzzle,70.34,74.00,3.66,Within 5 points
12571,Nioh,2017-02-07,2017,2010s,Role-playing (RPG),79.48,87.64,8.16,Critics higher
12579,Danganronpa V3: Killing Harmony,2017-01-12,2017,2010s,Point-and-click,89.02,87.62,-1.41,Within 5 points
12596,Job Simulator: The 2050 Archives,2016-04-05,2016,2010s,Simulator,77.50,77.33,-0.17,Within 5 points
12597,Owlboy,2016-11-01,2016,2010s,Platform,79.08,88.54,9.46,Critics higher
12598,The Aquatic Adventure of the Last Human,2016-01-19,2016,2010s,Shooter,60.00,85.00,25.00,Critics higher
12632,Sword Art Online: Hollow Realization,2016-10-27,2016,2010s,Role-playing (RPG),75.38,69.10,-6.28,Users higher
12633,Atelier Sophie: The Alchemist of the Mysterious Book,2015-11-19,2015,2010s,Role-playing (RPG),77.69,76.08,-1.61,Within 5 points
12634,Collar x Malice,2016-08-18,2016,2010s,Adventure,79.06,82.00,2.94,Within 5 points
12637,Skyshine's Bedlam,2015-09-16,2015,2010s,Strategy,69.74,62.00,-7.74,Users higher
12638,Train Valley,2015-09-16,2015,2010s,Puzzle,70.52,74.33,3.82,Within 5 points
12718,Platoon,1987-12-31,1987,1980s,Shooter,76.43,79.50,3.07,Within 5 points
12731,Fishing Planet,2015-08-11,2015,2010s,Simulator,21.89,70.00,48.11,Critics higher
12770,Space Hulk,1993-12-31,1993,1990s,Shooter,69.38,52.50,-16.88,Users higher
12775,Bard's Gold,2015-08-14,2015,2010s,Platform,70.00,60.00,-10.00,Users higher
12815,Stories: The Path of Destinies,2016-04-12,2016,2010s,Role-playing (RPG),69.35,70.75,1.40,Within 5 points
12831,World Games,1986-12-31,1986,1980s,Sport,65.69,90.00,24.31,Critics higher
12858,Star Wars,1983-05-01,1983,1980s,Shooter,76.03,90.00,13.97,Critics higher
12866,Time Soldiers,1987-10-01,1987,1980s,Shooter,69.63,58.00,-11.63,Users higher
12875,Superbeat: Xonic,2015-10-22,2015,2010s,Music,83.00,88.00,5.00,Within 5 points
12879,Beep,2011-05-06,2011,2010s,Platform,42.71,68.00,25.29,Critics higher
12880,Holy Potatoes! A Weapon Shop?!,2015-07-13,2015,2010s,Role-playing (RPG),69.87,80.00,10.13,Critics higher
12885,Laserlife,2015-09-22,2015,2010s,Music,60.00,58.33,-1.67,Within 5 points
12916,Battlezone,1980-11-01,1980,1980s,Shooter,71.33,80.00,8.67,Critics higher
12942,Boulder Dash,1984-02-01,1984,1980s,Platform,72.59,80.00,7.41,Critics higher
12979,Blacksea Odyssey,2016-06-01,2016,2010s,Shooter,80.00,79.00,-1.00,Within 5 points
13062,Labyrinth of Refrain: Coven of Dusk,2016-06-23,2016,2010s,Role-playing (RPG),89.69,79.50,-10.19,Users higher
13093,Choice of Robots,2014-12-18,2014,2010s,Role-playing (RPG),83.81,60.00,-23.81,Users higher
13100,Super Amazing Wagon Adventure,2012-07-06,2012,2010s,Shooter,86.79,80.00,-6.79,Users higher
13101,Shatter,2009-07-23,2009,2000s,Puzzle,76.09,85.60,9.51,Critics higher
13104,Snakebird,2015-05-04,2015,2010s,Puzzle,74.33,85.00,10.67,Critics higher
13106,Power Stone 2,2000-04-27,2000,2000s,Fighting,80.01,90.00,9.99,Critics higher
13138,The Sims: Life Stories,2007-02-06,2007,2000s,Simulator,67.23,66.67,-0.56,Within 5 points
13139,The Sims Pet Stories,2007-06-19,2007,2000s,Simulator,40.00,75.00,35.00,Critics higher
13140,The Sims Castaway Stories,2008-01-29,2008,2000s,Simulator,63.37,65.00,1.63,Within 5 points
13153,Knock-knock,2013-10-04,2013,2010s,Platform,50.26,46.67,-3.59,Within 5 points
13156,Evil Islands: Curse of the Lost Soul,2000-10-20,2000,2000s,Role-playing (RPG),78.94,80.00,1.06,Within 5 points
13161,Sketch Tales,2015-09-28,2015,2010s,Role-playing (RPG),50.00,67.00,17.00,Critics higher
13163,Syberia 3,2017-04-20,2017,2010s,Point-and-click,64.83,44.00,-20.83,Users higher
13164,The Dwarves,2016-01-01,2016,2010s,Role-playing (RPG),60.75,58.56,-2.20,Within 5 points
13167,JumpJet Rex,2015-04-21,2015,2010s,Platform,69.98,80.50,10.52,Critics higher
13171,2064: Read Only Memories,2014-07-13,2014,2010s,Point-and-click,79.69,82.57,2.88,Within 5 points
13172,Mad Games Tycoon,2016-09-13,2016,2010s,Simulator,69.78,90.00,20.22,Critics higher
13179,The Misadventures of P.B. Winterbottom,2010-02-17,2010,2010s,Platform,70.68,81.33,10.65,Critics higher
13182,Far Cry: Primal,2016-02-23,2016,2010s,Shooter,71.65,76.15,4.50,Within 5 points
13185,Mayan Death Robots,2015-11-20,2015,2010s,Strategy,70.00,73.33,3.33,Within 5 points
13187,"Guns, Gore & Cannoli",2015-04-30,2015,2010s,Shooter,81.52,63.33,-18.19,Users higher
13188,Critter Crunch,2007-12-31,2007,2000s,Puzzle,80.00,90.00,10.00,Critics higher
13190,Kaiju Panic,2015-04-23,2015,2010s,Strategy,50.00,70.00,20.00,Critics higher
13192,Paint the Town Red,2015-10-13,2015,2010s,Shooter,68.88,70.00,1.12,Within 5 points
13194,Outcry,2008-08-28,2008,2000s,Adventure,79.74,54.00,-25.74,Users higher
13197,Redout,2016-09-02,2016,2010s,Racing,67.40,73.75,6.35,Critics higher
13198,Koihime Enbu,2014-07-17,2014,2010s,Fighting,80.00,70.00,-10.00,Users higher
13200,Planetbase,2015-10-16,2015,2010s,Simulator,76.97,75.00,-1.97,Within 5 points
13205,Astroneer,2019-02-05,2019,2010s,Simulator,74.36,80.75,6.39,Critics higher
13206,Fuego!,2015-10-28,2015,2010s,Puzzle,60.00,78.33,18.33,Critics higher
13209,Coast Guard,2015-10-21,2015,2010s,Simulator,40.00,52.00,12.00,Critics higher
13210,How to Survive 2,2016-09-08,2016,2010s,Role-playing (RPG),54.53,78.50,23.97,Critics higher
13212,The Beginner's Guide,2015-10-01,2015,2010s,Adventure,80.14,74.83,-5.31,Users higher
13220,Blackhole,2015-02-27,2015,2010s,Platform,70.34,80.00,9.66,Critics higher
13221,Interloper,2015-05-21,2015,2010s,Real Time Strategy (RTS),80.00,80.00,0.00,Within 5 points
13222,Chaos Reborn,2015-10-26,2015,2010s,Role-playing (RPG),75.59,87.00,11.41,Critics higher
13223,Albert and Otto: The Adventure Begins,2015-10-28,2015,2010s,Platform,50.00,76.67,26.67,Critics higher
13225,Gruntz,1999-02-28,1999,1990s,Puzzle,73.56,74.00,0.44,Within 5 points
13226,Keep Talking and Nobody Explodes,2015-07-16,2015,2010s,Puzzle,85.78,84.33,-1.45,Within 5 points
13227,Runaway 2: The Dream of the Turtle,2006-11-17,2006,2000s,Point-and-click,73.88,60.75,-13.13,Users higher
13231,Drive!Drive!Drive!,2016-12-13,2016,2010s,Racing,60.00,58.33,-1.67,Within 5 points
13232,Technobabylon,2015-05-21,2015,2010s,Point-and-click,76.70,81.00,4.30,Within 5 points
13359,Pulse,2015-10-20,2015,2010s,Adventure,40.00,61.67,21.67,Critics higher
13361,Brigador,2016-06-02,2016,2010s,Shooter,81.18,73.60,-7.58,Users higher
13365,Cryptark,2017-06-20,2017,2010s,Shooter,79.66,80.00,0.34,Within 5 points
13366,Syndrome,2016-10-06,2016,2010s,Shooter,53.52,44.60,-8.92,Users higher
13384,Battle of the Bulge,2012-12-13,2012,2010s,Strategy,50.00,87.00,37.00,Critics higher
13391,Bedlam,2014-10-08,2014,2010s,Shooter,50.00,51.67,1.67,Within 5 points
13544,Sokobond,2013-08-27,2013,2010s,Puzzle,59.75,82.00,22.25,Critics higher
13545,Parallax,2015-03-10,2015,2010s,Platform,80.00,70.00,-10.00,Users higher
13547,Waves,2011-11-16,2011,2010s,Shooter,90.00,80.00,-10.00,Users higher
13548,Utawarerumono: Mask of Deception,2015-09-24,2015,2010s,Role-playing (RPG),80.12,66.00,-14.12,Users higher
13552,Nitroplus Blasterz: Heroines Infinite Duel,2015-04-30,2015,2010s,Fighting,80.00,71.67,-8.33,Users higher
13554,Styx: Shards of Darkness,2017-03-14,2017,2010s,Role-playing (RPG),78.07,70.71,-7.35,Users higher
13555,Indivisible,2019-10-08,2019,2010s,Platform,80.77,80.00,-0.77,Within 5 points
13557,The Legend of Heroes: Trails of Cold Steel,2013-09-26,2013,2010s,Role-playing (RPG),81.95,81.56,-0.39,Within 5 points
13558,The Legend of Heroes: Trails of Cold Steel II,2014-09-25,2014,2010s,Role-playing (RPG),84.06,80.82,-3.24,Within 5 points
13560,Super Rub 'a' Dub,2007-04-05,2007,2000s,Puzzle,63.20,55.00,-8.20,Users higher
13619,Press X to Not Die,2017-10-06,2017,2010s,Adventure,80.00,60.00,-20.00,Users higher
13620,Guilty Gear Xrd: Revelator,2015-08-25,2015,2010s,Fighting,87.50,85.57,-1.93,Within 5 points
13621,Manifold Garden,2019-10-18,2019,2010s,Puzzle,80.20,85.83,5.63,Critics higher
13624,Heroes of Loot,2013-09-04,2013,2010s,Shooter,50.00,80.67,30.67,Critics higher
13628,Echelon,2001-04-15,2001,2000s,Simulator,40.00,70.00,30.00,Critics higher
13660,StarDrive 2,2015-04-09,2015,2010s,Strategy,50.00,75.00,25.00,Critics higher
13662,Gateways,2012-09-13,2012,2010s,Platform,80.00,70.00,-10.00,Users higher
13664,Distraint,2015-10-21,2015,2010s,Puzzle,75.12,65.00,-10.12,Users higher
13675,Cannon Brawl,2014-09-19,2014,2010s,Real Time Strategy (RTS),80.00,85.00,5.00,Within 5 points
13677,Downwell,2015-10-14,2015,2010s,Shooter,76.40,77.50,1.10,Within 5 points
13686,Kingdom: Classic,2015-10-21,2015,2010s,Simulator,68.39,70.00,1.61,Within 5 points
13693,Atic Atac,1983-12-31,1983,1980s,Adventure,72.70,80.00,7.30,Critics higher
13775,The Seven Games of the Soul,1999-10-01,1999,1990s,Adventure,68.91,80.00,11.09,Critics higher
13777,The House of the Dead 2,1998-11-01,1998,1990s,Shooter,72.91,67.00,-5.91,Users higher
13779,Lemmings 3D,1995-09-29,1995,1990s,Puzzle,59.86,72.00,12.14,Critics higher
13893,Time Crisis II,1997-12-01,1997,1990s,Shooter,71.35,70.00,-1.35,Within 5 points
13894,Time Crisis 3,2002-12-31,2002,2000s,Shooter,67.44,80.00,12.56,Critics higher
13908,Lunar: Dragon Song,2005-10-27,2005,2000s,Role-playing (RPG),52.00,45.00,-7.00,Users higher
14146,Steredenn,2015-10-01,2015,2010s,Shooter,63.45,82.00,18.55,Critics higher
14147,Jotun: Valhalla Edition,2015-09-29,2015,2010s,Adventure,74.85,85.00,10.15,Critics higher
14148,Concrete Jungle,2015-09-23,2015,2010s,Puzzle,70.59,80.00,9.41,Critics higher
14172,Everspace,2017-05-25,2017,2010s,Fighting,72.15,82.50,10.35,Critics higher
14178,Stranded,2014-05-20,2014,2010s,Point-and-click,40.00,70.00,30.00,Critics higher
14224,Aurion: Legacy of the Kori-Odan,2016-04-14,2016,2010s,Fighting,70.00,40.00,-30.00,Users higher
14291,Poncho,2015-11-03,2015,2010s,Platform,60.00,65.00,5.00,Within 5 points
14298,Zombie Vikings,2015-09-01,2015,2010s,Hack and slash/Beat 'em up,62.92,60.60,-2.32,Within 5 points
14299,Dinocide,2016-01-21,2016,2010s,Platform,60.00,55.00,-5.00,Within 5 points
14314,TerraTech,2018-08-10,2018,2010s,Simulator,70.06,60.00,-10.06,Users higher
14326,Lovely Planet,2014-07-31,2014,2010s,Shooter,62.75,76.67,13.91,Critics higher
14327,Ultratron,2013-03-18,2013,2010s,Shooter,66.48,70.50,4.02,Within 5 points
14360,1979 Revolution: Black Friday,2016-04-04,2016,2010s,Adventure,78.68,70.75,-7.93,Users higher
14361,Art of Murder: Cards of Destiny,2009-02-23,2009,2000s,Point-and-click,70.24,65.00,-5.24,Users higher
14362,Detroit: Become Human,2018-05-25,2018,2010s,Puzzle,82.54,77.62,-4.93,Within 5 points
14363,Gran Turismo Sport,2017-10-17,2017,2010s,Racing,74.70,77.25,2.55,Within 5 points
14364,Matterfall,2017-08-15,2017,2010s,Shooter,73.60,67.85,-5.76,Users higher
14365,Boundless,2018-09-11,2018,2010s,Role-playing (RPG),60.00,80.00,20.00,Critics higher
14366,Until Dawn: Rush of Blood,2016-10-13,2016,2010s,Shooter,67.41,70.45,3.04,Within 5 points
14368,Battlezone,2016-10-13,2016,2010s,Shooter,60.00,60.71,0.71,Within 5 points
14378,Praey for the Gods,2021-12-14,2021,2020s,Platform,64.98,70.00,5.02,Critics higher
14380,Knight Squad,2015-11-16,2015,2010s,Hack and slash/Beat 'em up,74.04,75.00,0.96,Within 5 points
14381,Penarium,2015-09-22,2015,2010s,Platform,70.00,75.43,5.43,Critics higher
14387,Black & White Bushido,2015-10-02,2015,2010s,Fighting,50.00,62.50,12.50,Critics higher
14389,Friday the 13th: The Game,2017-05-25,2017,2010s,Indie,66.35,60.88,-5.47,Users higher
14390,Outlast II,2017-04-25,2017,2010s,Adventure,70.08,77.88,7.81,Critics higher
14391,Tree of Savior,2016-05-10,2016,2010s,Role-playing (RPG),46.53,58.00,11.47,Critics higher
14393,Bulb Boy,2015-10-29,2015,2010s,Point-and-click,70.22,82.50,12.28,Critics higher
14394,Battle Brothers,2017-03-24,2017,2010s,Role-playing (RPG),78.53,80.25,1.72,Within 5 points
14395,Else Heart.Break(),2015-09-24,2015,2010s,Point-and-click,79.44,86.00,6.56,Critics higher
14396,A Fistful of Gun,2016-09-23,2016,2010s,Indie,50.00,60.00,10.00,Critics higher
14397,Hatoful Boyfriend: Holiday Star,2015-12-15,2015,2010s,Role-playing (RPG),80.00,53.75,-26.25,Users higher
14404,Kona,2017-03-17,2017,2010s,Puzzle,72.45,76.67,4.21,Within 5 points
14406,Shadow of Rome,2005-02-04,2005,2000s,Fighting,76.50,74.50,-2.00,Within 5 points
14407,Genji: Dawn of the Samurai,2005-09-20,2005,2000s,Role-playing (RPG),76.05,66.00,-10.05,Users higher
14411,Forbidden Siren 2,2006-02-09,2006,2000s,Adventure,56.88,80.00,23.12,Critics higher
14414,Abyss Odyssey,2014-07-15,2014,2010s,Platform,63.04,69.86,6.81,Critics higher
14415,There Came an Echo,2015-02-24,2015,2010s,Real Time Strategy (RTS),60.00,67.50,7.50,Critics higher
14465,Clandestine,2015-11-05,2015,2010s,Tactical,60.00,80.00,20.00,Critics higher
14522,Siren,2003-11-06,2003,2000s,Strategy,70.10,70.00,-0.10,Within 5 points
14523,Helldivers,2015-03-03,2015,2010s,Shooter,74.42,84.17,9.75,Critics higher
14527,Datura,2012-05-08,2012,2010s,Adventure,61.14,65.00,3.86,Within 5 points
14533,Rayman Jungle Run,2012-09-20,2012,2010s,Platform,72.53,80.00,7.47,Critics higher
14545,Human Resource Machine,2015-10-15,2015,2010s,Puzzle,77.60,74.33,-3.27,Within 5 points
14546,Portal,1986-11-01,1986,1980s,Adventure,76.57,80.00,3.43,Within 5 points
14550,Action Henk,2015-05-11,2015,2010s,Platform,77.83,69.88,-7.96,Users higher
14551,Impossible Creatures,2002-12-29,2002,2000s,Real Time Strategy (RTS),76.62,73.33,-3.29,Within 5 points
14553,Sneaky Sneaky,2014-11-12,2014,2010s,Role-playing (RPG),80.00,75.00,-5.00,Within 5 points
14566,The Purring Quest,2015-11-12,2015,2010s,Platform,80.00,65.00,-15.00,Users higher
14567,BlazeRush,2014-10-28,2014,2010s,Racing,64.15,67.00,2.85,Within 5 points
14578,Forced Showdown,2016-03-29,2016,2010s,Role-playing (RPG),80.00,67.50,-12.50,Users higher
14580,Ink,2015-08-05,2015,2010s,Platform,80.00,76.00,-4.00,Within 5 points
14587,Oxenfree,2016-01-14,2016,2010s,Role-playing (RPG),76.36,78.56,2.20,Within 5 points
14593,Hollow Knight,2017-02-24,2017,2010s,Platform,92.10,91.25,-0.85,Within 5 points
14605,Haunting Ground,2005-04-21,2005,2000s,Adventure,77.33,70.00,-7.33,Users higher
14606,Pokémon Ranger,2006-03-23,2006,2000s,Role-playing (RPG),70.04,55.00,-15.04,Users higher
14607,Brave Story: New Traveler,2006-07-04,2006,2000s,Role-playing (RPG),64.66,82.50,17.84,Critics higher
14674,Valkyria Chronicles 2,2010-01-21,2010,2010s,Real Time Strategy (RTS),73.90,88.00,14.10,Critics higher
14677,Gocco of War,2015-11-18,2015,2010s,Shooter,80.00,78.00,-2.00,Within 5 points
14678,A Good Snowman is Hard to Build,2015-02-25,2015,2010s,Puzzle,69.81,76.50,6.69,Critics higher
14680,Star Gladiator Episode I: Final Crusade,1996-07-01,1996,1990s,Fighting,69.93,80.00,10.07,Critics higher
14681,Adventures of Pip,2015-06-04,2015,2010s,Platform,68.00,76.70,8.70,Critics higher
14685,Thea: The Awakening,2015-11-20,2015,2010s,Role-playing (RPG),84.49,76.75,-7.74,Users higher
14688,12 is Better than 6,2015-11-20,2015,2010s,Shooter,69.48,60.00,-9.48,Users higher
14691,Air Combat,1995-06-30,1995,1990s,Shooter,70.06,70.00,-0.06,Within 5 points
14693,Disaster Report 4: Summer Memories,2018-11-22,2018,2010s,Simulator,79.43,52.00,-27.43,Users higher
14694,Shakedown: Hawaii,2019-05-07,2019,2010s,Shooter,68.00,80.00,12.00,Critics higher
14699,Pokémon Ranger: Shadows of Almia,2008-03-20,2008,2000s,Role-playing (RPG),71.45,50.00,-21.45,Users higher
14701,Pac-Man 256,2015-08-19,2015,2010s,Puzzle,81.78,75.10,-6.68,Users higher
14702,Cibele,2015-11-02,2015,2010s,Role-playing (RPG),64.86,65.67,0.81,Within 5 points
14703,Sunset,2015-05-21,2015,2010s,Shooter,60.89,52.33,-8.56,Users higher
14711,Kalimba,2014-12-17,2014,2010s,Platform,70.02,85.50,15.48,Critics higher
14716,Etrian Odyssey,2007-01-18,2007,2000s,Role-playing (RPG),69.79,70.00,0.21,Within 5 points
14717,Etrian Odyssey II: Heroes of Lagaard,2008-02-21,2008,2000s,Role-playing (RPG),88.00,80.00,-8.00,Users higher
14718,Etrian Odyssey III: The Drowned City,2010-04-01,2010,2010s,Role-playing (RPG),90.00,80.00,-10.00,Users higher
14720,RWBY: Grimm Eclipse,2016-07-05,2016,2010s,Fighting,69.85,45.00,-24.85,Users higher
14729,Final Fantasy XIV Online,2010-09-30,2010,2010s,Role-playing (RPG),50.18,35.00,-15.18,Users higher
14730,Runes of Magic,2009-03-19,2009,2000s,Role-playing (RPG),60.03,49.00,-11.03,Users higher
14740,The Deadly Tower of Monsters,2016-01-19,2016,2010s,Shooter,74.91,75.40,0.49,Within 5 points
14741,Psychonauts 2,2021-08-24,2021,2020s,Platform,88.69,87.11,-1.57,Within 5 points
14742,Angry Video Game Nerd Adventures 2: ASSimilation,2016-03-29,2016,2010s,Shooter,75.45,72.50,-2.95,Within 5 points
14744,E.T. Armies,2016-03-03,2016,2010s,Shooter,50.00,60.00,10.00,Critics higher
14746,Batman: The Telltale Series,2016-08-02,2016,2010s,Point-and-click,71.95,75.14,3.20,Within 5 points
14747,Shadwen,2016-05-17,2016,2010s,Platform,65.98,55.00,-10.98,Users higher
14748,Ni no Kuni II: Revenant Kingdom,2018-03-23,2018,2010s,Role-playing (RPG),77.10,86.29,9.18,Critics higher
14753,Ace Combat 5: The Unsung War,2004-10-21,2004,2000s,Simulator,75.63,76.00,0.37,Within 5 points
14754,Ace Combat Zero: The Belkan War,2006-03-23,2006,2000s,Simulator,77.37,75.00,-2.37,Within 5 points
14755,Ace Combat X: Skies of Deception,2006-10-24,2006,2000s,Simulator,70.04,50.00,-20.04,Users higher
14757,Ace Combat: Joint Assault,2010-08-31,2010,2010s,Shooter,60.17,72.33,12.16,Critics higher
14758,Ace Combat 7: Skies Unknown,2019-01-18,2019,2010s,Shooter,81.40,81.33,-0.07,Within 5 points
14759,Brut@l,2016-08-09,2016,2010s,Fighting,50.00,72.43,22.43,Critics higher
14760,Death's Gambit,2018-08-13,2018,2010s,Role-playing (RPG),70.37,67.09,-3.28,Within 5 points
14761,Rain World,2017-03-28,2017,2010s,Platform,75.92,62.09,-13.83,Users higher
14763,Hob,2017-09-26,2017,2010s,Platform,80.30,72.12,-8.18,Users higher
14765,Eagle Flight,2016-10-18,2016,2010s,Shooter,50.00,79.29,29.29,Critics higher
14788,SiN Episodes: Emergence,2006-05-10,2006,2000s,Shooter,73.01,75.00,1.99,Within 5 points
14790,Bound,2016-08-16,2016,2010s,Platform,75.59,71.73,-3.86,Within 5 points
14802,ThreadSpace: Hyperbol,2007-06-04,2007,2000s,Simulator,70.00,80.00,10.00,Critics higher
14813,Peggle Nights,2008-09-03,2008,2000s,Puzzle,83.75,84.00,0.25,Within 5 points
14822,RoboBlitz,2006-11-07,2006,2000s,Puzzle,50.00,70.00,20.00,Critics higher
14824,Heroes of Annihilated Empires,2006-10-03,2006,2000s,Strategy,73.48,60.00,-13.48,Users higher
14828,Nexus: The Jupiter Incident,2004-11-05,2004,2000s,Role-playing (RPG),78.11,73.33,-4.78,Within 5 points
14840,Championship Manager 2008,2007-10-05,2007,2000s,Simulator,60.22,70.00,9.78,Critics higher
14845,Axel & Pixel,2009-10-14,2009,2000s,Point-and-click,60.00,80.00,20.00,Critics higher
14847,Blade Kitten,2010-09-20,2010,2010s,Platform,58.13,60.00,1.87,Within 5 points
14848,The UnderGarden,2010-10-03,2010,2010s,Music,50.00,66.67,16.67,Critics higher
14863,Hunting Unlimited 2008,2008-01-29,2008,2000s,Simulator,60.00,30.00,-30.00,Users higher
14876,Terra Cresta,1985-11-01,1985,1980s,Shooter,62.26,43.00,-19.26,Users higher
14878,Nights of Azure,2015-10-01,2015,2010s,Role-playing (RPG),69.22,66.33,-2.89,Within 5 points
14879,Attack on Titan,2016-02-18,2016,2010s,Hack and slash/Beat 'em up,69.28,73.31,4.03,Within 5 points
14885,Bookworm Adventures,2006-11-28,2006,2000s,Puzzle,60.72,90.00,29.28,Critics higher
14886,Fast Racing Neo,2015-12-10,2015,2010s,Racing,70.00,82.50,12.50,Critics higher
14902,Assassin's Creed Chronicles: India,2016-01-12,2016,2010s,Platform,68.75,60.22,-8.53,Users higher
14903,Assassin's Creed Chronicles: Russia,2016-02-09,2016,2010s,Platform,67.37,55.50,-11.87,Users higher
14905,The Wonderful End of the World,2008-01-25,2008,2000s,Puzzle,60.44,80.00,19.56,Critics higher
14909,Virtual Villagers: A New Home,2006-07-18,2006,2000s,Simulator,60.16,70.00,9.84,Critics higher
14911,Everyday Shooter,2006-03-29,2006,2000s,Shooter,80.00,83.33,3.33,Within 5 points
14914,Mosby's Confederacy,2008-10-03,2008,2000s,Strategy,60.00,60.00,0.00,Within 5 points
14917,Penny Arcade Adventures: On the Rain-Slick Precipice of Darkness - Episode Two,2008-10-29,2008,2000s,Role-playing (RPG),66.19,78.33,12.14,Critics higher
14929,Flock!,2009-03-02,2009,2000s,Puzzle,60.00,73.00,13.00,Critics higher
14941,Cricket Revolution,2009-09-03,2009,2000s,Shooter,50.00,70.00,20.00,Critics higher
14947,Gridrunner Revolution,2010-02-22,2010,2010s,Indie,70.00,70.00,0.00,Within 5 points
14949,Dead Horde,2011-06-03,2011,2010s,Shooter,40.00,64.00,24.00,Critics higher
14951,Osmos,2009-08-18,2009,2000s,Puzzle,75.95,80.00,4.05,Within 5 points
14957,Metal Drift,2009-09-04,2009,2000s,Racing,60.00,70.00,10.00,Critics higher
14979,Penny Arcade Adventures: On the Rain-Slick Precipice of Darkness - Episode One,2008-05-21,2008,2000s,Role-playing (RPG),65.00,80.00,15.00,Critics higher
14980,Penny Arcade's On the Rain-Slick Precipice of Darkness 3,2012-06-29,2012,2010s,Role-playing (RPG),69.78,80.00,10.22,Critics higher
14981,Penny Arcade's On the Rain-Slick Precipice of Darkness 4,2013-06-07,2013,2010s,Role-playing (RPG),80.00,80.00,0.00,Within 5 points
14988,Children of Mana,2006-03-02,2006,2000s,Role-playing (RPG),62.78,60.00,-2.78,Within 5 points
14990,Heroes of Mana,2007-03-08,2007,2000s,Role-playing (RPG),76.00,55.00,-21.00,Users higher
15002,Windosill,2009-05-26,2009,2000s,Point-and-click,70.08,90.00,19.92,Critics higher
15003,Cradle of Rome,2007-02-27,2007,2000s,Puzzle,80.00,70.00,-10.00,Users higher
15004,Hotel Giant 2,2008-11-07,2008,2000s,Simulator,50.00,60.00,10.00,Critics higher
15026,Making History II: The War of the World,2010-07-05,2010,2010s,Simulator,60.00,30.00,-30.00,Users higher
15037,Prime World,2014-03-28,2014,2010s,Role-playing (RPG),62.58,50.00,-12.58,Users higher
15043,Making History: The Calm & The Storm,2007-03-03,2007,2000s,Shooter,80.00,70.00,-10.00,Users higher
15058,A Game of Thrones: Genesis,2011-08-03,2011,2010s,Real Time Strategy (RTS),40.00,61.00,21.00,Critics higher
15062,Fractal: Make Blooms Not War,2011-06-06,2011,2010s,Puzzle,60.00,80.00,20.00,Critics higher
15070,Worms Crazy Golf,2011-09-03,2011,2010s,Puzzle,69.93,45.00,-24.93,Users higher
15071,Evochron Mercenary,2012-01-17,2012,2010s,Simulator,60.00,79.00,19.00,Critics higher
15078,Supreme Ruler: Cold War,2011-06-05,2011,2010s,Strategy,50.00,80.00,30.00,Critics higher
15079,Fate of the World,2011-02-28,2011,2010s,Simulator,80.00,61.00,-19.00,Users higher
15083,Cloning Clyde,2006-07-19,2006,2000s,Platform,70.00,80.00,10.00,Critics higher
15091,SingStar,2004-05-21,2004,2000s,Music,60.58,76.67,16.09,Critics higher
15094,Singstar: '80s,2005-11-04,2005,2000s,Music,79.81,75.00,-4.81,Within 5 points
15101,Lucidity,2009-10-07,2009,2000s,Platform,50.00,60.00,10.00,Critics higher
15120,The Tiny Bang Story,2011-04-22,2011,2010s,Point-and-click,72.84,70.00,-2.84,Within 5 points
15127,Dungeons and Dragons: Daggerdale,2011-05-25,2011,2010s,Role-playing (RPG),69.47,55.00,-14.47,Users higher
15128,NightSky,2011-02-02,2011,2010s,Shooter,80.28,86.00,5.72,Critics higher
15129,Puzzle Pirates,2003-12-08,2003,2000s,Puzzle,61.48,87.50,26.02,Critics higher
15134,Gatling Gears,2011-05-11,2011,2010s,Shooter,69.87,77.00,7.13,Critics higher
15140,Ms. Splosion Man,2011-07-13,2011,2010s,Platform,85.16,83.40,-1.76,Within 5 points
15143,Starpoint Gemini,2012-01-04,2012,2010s,Role-playing (RPG),40.00,65.00,25.00,Critics higher
15150,Fallen Earth,2009-09-22,2009,2000s,Shooter,57.20,58.00,0.80,Within 5 points
15158,Choplifter HD,2012-01-10,2012,2010s,Shooter,80.00,63.33,-16.67,Users higher
15167,SteamWorld Heist,2015-12-09,2015,2010s,Role-playing (RPG),81.08,87.58,6.51,Critics higher
15182,PewDiePie: Legend of the Brofist,2015-09-24,2015,2010s,Shooter,66.23,82.50,16.27,Critics higher
15183,The Mean Greens: Plastic Warfare,2015-12-08,2015,2010s,Shooter,72.29,40.00,-32.29,Users higher
15187,Toy Soldiers: War Chest,2015-08-11,2015,2010s,Shooter,80.00,58.75,-21.25,Users higher
15246,Leaderboard,1986-12-31,1986,1980s,Sport,69.46,70.00,0.54,Within 5 points
15262,Metal Masters,1991-12-31,1991,1990s,Fighting,27.00,73.00,46.00,Critics higher
15264,Keith Van Eron's Pro Soccer,1988-12-31,1988,1980s,Simulator,89.81,90.00,0.19,Within 5 points
15280,Bit.Trip Core,2009-07-06,2009,2000s,Shooter,50.00,70.00,20.00,Critics higher
15285,Crazy Machines Elements,2011-08-24,2011,2010s,Puzzle,70.00,65.00,-5.00,Within 5 points
15290,Sacred Citadel,2013-04-16,2013,2010s,Role-playing (RPG),57.08,66.17,9.09,Critics higher
15293,Hero Academy,2011-12-20,2011,2010s,Strategy,60.00,70.00,10.00,Critics higher
15383,Tempest,1981-10-01,1981,1980s,Shooter,78.63,45.00,-33.63,Users higher
15387,Bit.Trip Fate,2010-10-25,2010,2010s,Shooter,50.00,80.00,30.00,Critics higher
15389,Crashlands,2016-01-20,2016,2010s,Role-playing (RPG),72.42,79.50,7.08,Critics higher
15393,Jack Lumber,2012-08-16,2012,2010s,Puzzle,70.00,80.00,10.00,Critics higher
15398,Mushroom Men: Truffle Trouble,2015-02-02,2015,2010s,Platform,50.00,60.00,10.00,Critics higher
15427,The King of Fighters '95,1995-07-25,1995,1990s,Fighting,70.33,63.00,-7.33,Users higher
15429,The King of Fighters '98,1998-07-23,1998,1990s,Fighting,79.24,60.00,-19.24,Users higher
15431,The King of Fighters 2000,2000-07-26,2000,2000s,Fighting,77.78,75.00,-2.78,Within 5 points
15432,The King of Fighters 2001,2001-11-15,2001,2000s,Fighting,65.19,87.00,21.81,Critics higher
15433,The King of Fighters 2003,2003-12-12,2003,2000s,Fighting,51.50,50.00,-1.50,Within 5 points
15434,The King of Fighters XI,2005-10-26,2005,2000s,Fighting,80.71,76.50,-4.21,Within 5 points
15435,The King of Fighters 2006,2006-04-27,2006,2000s,Fighting,69.95,63.33,-6.62,Users higher
15444,Homeworld: Deserts of Kharak,2016-01-20,2016,2010s,Real Time Strategy (RTS),79.39,85.00,5.61,Critics higher
15454,Ys VI: The Ark of Napishtim,2003-09-27,2003,2000s,Role-playing (RPG),79.99,71.75,-8.24,Users higher
15457,Ys: Memories of Celceta,2012-09-27,2012,2010s,Role-playing (RPG),76.98,81.22,4.25,Within 5 points
15462,Spy Chameleon,2014-06-11,2014,2010s,Puzzle,68.47,66.20,-2.27,Within 5 points
15465,VA-11 Hall-A: Cyberpunk Bartender Action,2016-06-21,2016,2010s,Simulator,84.29,83.89,-0.40,Within 5 points
15467,Shin Megami Tensei: Strange Journey,2009-10-08,2009,2000s,Role-playing (RPG),90.42,86.50,-3.92,Within 5 points
15485,We Are the Dwarves,2016-02-25,2016,2010s,Strategy,50.00,75.50,25.50,Critics higher
15486,Death by Game Show,2016-01-22,2016,2010s,Strategy,70.00,60.00,-10.00,Users higher
15488,Klaus,2010-06-18,2010,2010s,Platform,70.00,72.40,2.40,Within 5 points
15490,Shiness: The Lightning Kingdom,2017-04-18,2017,2010s,Fighting,80.00,67.67,-12.33,Users higher
15494,Zero Reflex,2015-11-04,2015,2010s,Indie,60.00,60.00,0.00,Within 5 points
15537,Samorost 3,2016-03-14,2016,2010s,Point-and-click,75.25,79.00,3.75,Within 5 points
15544,MirrorMoon EP,2013-09-04,2013,2010s,Puzzle,50.00,90.00,40.00,Critics higher
15545,Vector,2012-08-28,2012,2010s,Platform,72.18,70.00,-2.18,Within 5 points
15548,Velocibox,2014-09-08,2014,2010s,Racing,57.17,67.50,10.33,Critics higher
15549,Mushroom 11,2015-10-15,2015,2010s,Platform,54.94,81.00,26.06,Critics higher
15556,Sonic Boom: Fire & Ice,2016-09-27,2016,2010s,Platform,49.60,72.90,23.30,Critics higher
15559,Just Dance 2015,2014-10-21,2014,2010s,Music,88.66,76.67,-12.00,Users higher
15572,Psychonauts in the Rhombus of Ruin,2017-02-21,2017,2010s,Puzzle,70.02,76.88,6.86,Critics higher
15614,Space Empires V,2006-09-01,2006,2000s,Simulator,50.00,65.00,15.00,Critics higher
15626,ARMA: Armed Assault,2006-11-10,2006,2000s,Shooter,60.55,75.00,14.45,Critics higher
15654,Boxboy!,2015-01-14,2015,2010s,Platform,77.13,83.25,6.12,Critics higher
15695,Hardware: Rivals,2016-01-05,2016,2010s,Shooter,59.80,53.20,-6.60,Users higher
15698,Metroid Dread,2021-10-07,2021,2020s,Shooter,84.80,83.55,-1.26,Within 5 points
15705,Digimon Story: Cyber Sleuth,2016-02-02,2016,2010s,Role-playing (RPG),79.07,79.22,0.15,Within 5 points
15710,Aviary Attorney,2015-12-22,2015,2010s,Adventure,75.10,79.33,4.23,Within 5 points
15712,Bejeweled Twist,2008-10-27,2008,2000s,Puzzle,73.66,83.75,10.09,Critics higher
15718,Silverfall,2007-02-02,2007,2000s,Role-playing (RPG),50.05,71.67,21.62,Critics higher
15734,Pony Island,2016-01-04,2016,2010s,Puzzle,74.88,92.00,17.12,Critics higher
15736,Edna & Harvey: The Breakout,2008-12-31,2008,2000s,Point-and-click,79.44,75.00,-4.44,Within 5 points
15762,Codename: Panzers - Cold War,2009-03-13,2009,2000s,Real Time Strategy (RTS),64.02,70.00,5.98,Critics higher
15766,Aces of the Galaxy,2008-06-04,2008,2000s,Shooter,50.00,58.50,8.50,Critics higher
15780,Larva Mortus,2009-03-19,2009,2000s,Adventure,60.00,70.00,10.00,Critics higher
15781,Chains,2009-06-03,2009,2000s,Puzzle,60.00,80.00,20.00,Critics higher
15785,Ankh 2: Heart of Osiris,2006-10-30,2006,2000s,Point-and-click,50.00,70.00,20.00,Critics higher
15819,Sid Meier's Civilization Revolution 2,2014-07-01,2014,2010s,Simulator,79.73,60.00,-19.73,Users higher
15821,Seasons after Fall,2016-09-02,2016,2010s,Platform,66.64,74.50,7.86,Critics higher
15823,Where the Water Tastes Like Wine,2018-02-28,2018,2010s,Puzzle,66.58,70.33,3.75,Within 5 points
15839,Magical Starsign,2006-06-22,2006,2000s,Role-playing (RPG),90.00,70.00,-20.00,Users higher
15842,Perfect Universe,2016-02-26,2016,2010s,Sport,70.00,71.33,1.33,Within 5 points
15852,Roundabout,2014-09-18,2014,2010s,Puzzle,63.69,78.33,14.64,Critics higher
15853,Armored Warfare,2015-10-08,2015,2010s,Shooter,60.04,65.00,4.96,Within 5 points
15854,Fract Osc,2014-04-22,2014,2010s,Music,71.34,75.00,3.66,Within 5 points
15857,Headlander,2016-07-25,2016,2010s,Shooter,78.29,76.67,-1.63,Within 5 points
15859,Joy Ride Turbo,2012-05-23,2012,2010s,Racing,57.98,70.00,12.02,Critics higher
15860,A Kingdom for Keflings,2008-11-19,2008,2000s,Simulator,59.91,71.67,11.76,Critics higher
15861,Massive Chalice,2015-06-01,2015,2010s,Simulator,60.28,70.00,9.72,Critics higher
15863,Crimson Skies,2000-09-17,2000,2000s,Shooter,75.29,80.00,4.71,Within 5 points
15894,Hearts of Iron IV,2016-06-06,2016,2010s,Real Time Strategy (RTS),80.63,83.83,3.20,Within 5 points
15903,Tharsis,2016-01-11,2016,2010s,Puzzle,72.50,63.43,-9.07,Users higher
15905,Chiptune Champion,2016-01-08,2016,2010s,Music,80.00,70.00,-10.00,Users higher
15909,The Bug Butcher,2016-01-19,2016,2010s,Shooter,65.21,83.00,17.79,Critics higher
15910,Story of Seasons: Trio of Towns,2016-06-23,2016,2010s,Role-playing (RPG),80.14,78.77,-1.37,Within 5 points
15911,The Journey Down: Chapter Three,2017-09-21,2017,2010s,Point-and-click,74.88,80.00,5.12,Critics higher
15912,Red Goddess: Inner World,2015-06-30,2015,2010s,Platform,40.00,64.33,24.33,Critics higher
15915,Biker Mice From Mars,1994-12-01,1994,1990s,Racing,61.73,40.00,-21.73,Users higher
15924,Divide By Sheep,2015-07-02,2015,2010s,Puzzle,80.00,80.00,0.00,Within 5 points
15925,"That Dragon, Cancer",2016-01-11,2016,2010s,Puzzle,75.13,77.50,2.37,Within 5 points
15928,Umihara Kawase,1994-12-23,1994,1990s,Platform,71.83,95.00,23.17,Critics higher
15931,Punch Club,2016-01-08,2016,2010s,Fighting,74.65,68.20,-6.45,Users higher
15932,Windlands,2016-03-28,2016,2010s,Role-playing (RPG),60.00,66.40,6.40,Critics higher
15934,Gargoyle's Quest,1990-05-02,1990,1990s,Platform,68.76,70.00,1.24,Within 5 points
15963,Gravitron 2,2008-08-02,2008,2000s,Shooter,70.00,70.00,0.00,Within 5 points
15989,Fatale,2009-10-03,2009,2000s,Sport,64.11,70.00,5.89,Critics higher
15990,Dangerous High School Girls in Trouble!,2009-01-01,2009,2000s,Role-playing (RPG),60.00,80.00,20.00,Critics higher
15991,Space Giraffe,2007-08-22,2007,2000s,Indie,60.00,59.50,-0.50,Within 5 points
15995,Puzzle Agent,2010-06-30,2010,2010s,Point-and-click,73.05,86.00,12.95,Critics higher
16000,Nancy Drew: Secret of the Old Clock,2005-07-12,2005,2000s,Point-and-click,79.76,80.00,0.24,Within 5 points
16001,Nancy Drew: The Creature of Kapu Cave,2006-10-01,2006,2000s,Adventure,60.57,80.00,19.43,Critics higher
16002,Nancy Drew: The Haunting of Castle Malloy,2009-06-05,2009,2000s,Adventure,67.93,70.00,2.07,Within 5 points
16041,Light of Altair,2009-05-04,2009,2000s,Real Time Strategy (RTS),70.00,70.00,0.00,Within 5 points
16043,Chronicles of Mystery: The Scorpio Ritual,2009-05-04,2009,2000s,Adventure,50.00,57.50,7.50,Critics higher
16049,Clutch,2009-06-02,2009,2000s,Racing,70.01,80.00,9.99,Critics higher
16111,Sacraboar,2009-10-05,2009,2000s,Real Time Strategy (RTS),40.00,60.00,20.00,Critics higher
16136,The Final Station,2016-08-30,2016,2010s,Shooter,74.09,72.09,-2.00,Within 5 points
16170,Greed Corp,2010-02-24,2010,2010s,Puzzle,71.01,77.50,6.49,Critics higher
16173,Magic: The Gathering - Duels of the Planeswalkers 2012,2011-05-03,2011,2010s,Puzzle,73.90,75.00,1.10,Within 5 points
16174,Burn Zombie Burn!,2009-03-26,2009,2000s,Shooter,50.04,78.80,28.76,Critics higher
16196,Chime,2010-02-03,2010,2010s,Music,79.74,80.00,0.26,Within 5 points
16212,The Polynomial,2009-05-28,2009,2000s,Shooter,59.41,40.00,-19.41,Users higher
16225,Guardians of Graxia,2010-10-03,2010,2010s,Strategy,50.00,60.00,10.00,Critics higher
16255,Super Monday Night Combat,2012-03-04,2012,2010s,Shooter,73.00,86.00,13.00,Critics higher
16259,Breath of Death VII,2010-04-22,2010,2010s,Role-playing (RPG),56.63,90.00,33.37,Critics higher
16265,Astro Tripper,2008-12-11,2008,2000s,Shooter,50.00,70.00,20.00,Critics higher
16266,Mutant Storm: Reloaded,2005-11-22,2005,2000s,Shooter,60.00,85.00,25.00,Critics higher
16267,Smash Cars,2003-08-13,2003,2000s,Racing,60.00,60.00,0.00,Within 5 points
16273,Sideway New York,2011-10-11,2011,2010s,Platform,50.00,66.67,16.67,Critics higher
16284,Scary Girl,2012-01-18,2012,2010s,Platform,50.00,66.25,16.25,Critics higher
16287,Slime Rancher,2017-08-01,2017,2010s,Shooter,75.08,77.67,2.58,Within 5 points
16298,Adam's Venture: Origins,2016-04-01,2016,2010s,Puzzle,68.53,54.00,-14.53,Users higher
16302,Emily Wants to Play,2015-12-10,2015,2010s,Puzzle,58.73,80.50,21.77,Critics higher
16305,My Singing Monsters,2012-09-03,2012,2010s,Music,79.60,77.00,-2.60,Within 5 points
16306,Pocket Mortys,2016-01-13,2016,2010s,Role-playing (RPG),69.78,61.67,-8.12,Users higher
16310,Infra,2016-01-15,2016,2010s,Puzzle,63.01,70.00,6.99,Critics higher
16311,Paint it Back,2013-10-01,2013,2010s,Puzzle,80.00,90.00,10.00,Critics higher
16312,Circa Infinity,2015-09-08,2015,2010s,Platform,80.00,83.33,3.33,Within 5 points
16313,Planet of the Eyes,2015-08-24,2015,2010s,Platform,55.46,66.67,11.21,Critics higher
16317,Starseed Pilgrim,2013-04-16,2013,2010s,Platform,70.45,90.00,19.55,Critics higher
16318,Snow Horse,2016-08-03,2016,2010s,Simulator,70.00,30.00,-40.00,Users higher
16328,Hidden in Plain Sight,2011-11-18,2011,2010s,Strategy,85.93,80.00,-5.93,Users higher
16330,Pineapple Smash Crew,2012-02-02,2012,2010s,Shooter,80.00,60.00,-20.00,Users higher
16341,Clan of Champions,2012-09-02,2012,2010s,Unknown,80.00,46.67,-33.33,Users higher
16347,Noitu Love 2: Devolution,2008-04-18,2008,2000s,Fighting,69.07,81.00,11.93,Critics higher
16356,Drunken Robot Pornography,2014-01-03,2014,2010s,Shooter,80.00,67.50,-12.50,Users higher
16365,Angry Birds Space,2012-03-22,2012,2010s,Puzzle,77.90,80.00,2.10,Within 5 points
16368,Unmechanical,2012-08-09,2012,2010s,Puzzle,63.80,50.00,-13.80,Users higher
16382,Rigonauts,2012-07-02,2012,2010s,Simulator,50.00,65.00,15.00,Critics higher
16383,aerofly FS,2012-02-20,2012,2010s,Racing,60.00,88.00,28.00,Critics higher
16392,Damage Inc. Pacific Squadron WWII,2012-07-02,2012,2010s,Simulator,40.00,65.00,25.00,Critics higher
16397,Secret Files 3,2012-09-13,2012,2010s,Point-and-click,62.96,80.00,17.04,Critics higher
16402,Age of Conan: Unchained,2008-05-20,2008,2000s,Role-playing (RPG),70.89,75.67,4.77,Within 5 points
16408,Planets Under Attack,2012-08-04,2012,2010s,Simulator,50.00,80.00,30.00,Critics higher
16431,Retro/Grade,2012-08-21,2012,2010s,Shooter,77.08,79.00,1.92,Within 5 points
16447,Full Mojo Rampage,2014-04-04,2014,2010s,Shooter,56.48,69.00,12.52,Critics higher
16464,ShootMania Storm,2013-04-10,2013,2010s,Shooter,79.99,80.60,0.61,Within 5 points
16470,Curses 'N Chaos,2015-08-18,2015,2010s,Hack and slash/Beat 'em up,50.00,70.00,20.00,Critics higher
16474,Final Fantasy II,1988-12-17,1988,1980s,Role-playing (RPG),70.10,40.00,-30.10,Users higher
16478,Shardlight,2016-03-08,2016,2010s,Point-and-click,80.45,75.60,-4.85,Within 5 points
16504,Dyscourse,2015-02-03,2015,2010s,Simulator,60.00,60.00,0.00,Within 5 points
16523,Expeditions: Conquistador,2013-04-04,2013,2010s,Role-playing (RPG),69.24,80.00,10.76,Critics higher
16526,Intake,2013-10-03,2013,2010s,Shooter,80.00,80.00,0.00,Within 5 points
16528,UFO: Afterlight,2006-12-01,2006,2000s,Real Time Strategy (RTS),66.13,75.00,8.87,Critics higher
16538,Samurai Gunn,2013-12-10,2013,2010s,Fighting,81.78,78.33,-3.45,Within 5 points
16542,Hate Plus,2013-07-01,2013,2010s,Adventure,80.00,80.00,0.00,Within 5 points
16572,Take on Mars,2013-07-04,2013,2010s,Simulator,50.00,69.00,19.00,Critics higher
16583,Transformers: Rise of the Dark Spark,2014-05-02,2014,2010s,Shooter,59.67,47.86,-11.82,Users higher
16587,Final Fantasy IV,1991-07-19,1991,1990s,Role-playing (RPG),84.49,80.00,-4.49,Within 5 points
16607,Overland,2019-09-19,2019,2010s,Strategy,60.25,77.33,17.09,Critics higher
16608,Feist,2015-07-23,2015,2010s,Platform,68.78,55.00,-13.78,Users higher
16612,Twelve Minutes,2021-08-19,2021,2020s,Point-and-click,67.26,78.75,11.49,Critics higher
16618,Ōkamiden,2010-09-30,2010,2010s,Adventure,68.37,83.50,15.13,Critics higher
16624,Wayward Manor,2014-07-15,2014,2010s,Puzzle,60.00,49.50,-10.50,Users higher
16633,Knytt Underground,2012-12-18,2012,2010s,Platform,76.21,85.00,8.79,Critics higher
16640,Doorways: Prelude,2013-08-05,2013,2010s,Adventure,50.00,70.00,20.00,Critics higher
16648,Unholy Heights,2013-09-05,2013,2010s,Puzzle,77.70,80.00,2.30,Within 5 points
16651,The Castle Doctrine,2014-01-29,2014,2010s,Puzzle,50.00,67.50,17.50,Critics higher
16652,Forge Quest,2015-04-05,2015,2010s,Role-playing (RPG),80.00,50.00,-30.00,Users higher
16657,UnderRail,2013-09-24,2013,2010s,Role-playing (RPG),76.61,75.00,-1.61,Within 5 points
16665,The Legend of Heroes: Trails in the Sky SC,2006-03-09,2006,2000s,Role-playing (RPG),89.96,80.00,-9.96,Users higher
16669,Gravity Ghost,2015-01-26,2015,2010s,Puzzle,68.34,74.80,6.46,Critics higher
16670,Constant C,2013-04-16,2013,2010s,Platform,70.00,70.00,0.00,Within 5 points
16678,Grimm,2008-12-31,2008,2000s,Adventure,69.71,60.00,-9.71,Users higher
16680,Elegy for a Dead World,2014-11-03,2014,2010s,Simulator,60.00,70.00,10.00,Critics higher
16689,McDroid,2014-08-05,2014,2010s,Strategy,60.00,50.00,-10.00,Users higher
16691,Kingdom Wars 2: Battles,2015-02-01,2015,2010s,Real Time Strategy (RTS),60.00,60.00,0.00,Within 5 points
16693,Tiny Barbarian DX,2013-11-02,2013,2010s,Platform,73.00,69.00,-4.00,Within 5 points
16697,Sparkle 2 Evo,2011-11-29,2011,2010s,Simulator,51.23,70.00,18.77,Critics higher
16707,Duskers,2016-05-18,2016,2010s,Simulator,63.42,84.00,20.58,Critics higher
16735,Riptide GP2,2013-07-25,2013,2010s,Racing,79.17,67.50,-11.67,Users higher
16738,Oozi: Earth Adventure,2013-11-04,2013,2010s,Platform,80.00,70.00,-10.00,Users higher
16741,Blade & Soul,2012-06-30,2012,2010s,Role-playing (RPG),65.50,65.50,-0.00,Within 5 points
16742,Boom Boom Rocket,2007-04-11,2007,2000s,Music,52.82,70.00,17.18,Critics higher
16745,101 Ways to Die,2016-03-17,2016,2010s,Platform,60.00,70.00,10.00,Critics higher
16749,Pure Chess,2012-04-11,2012,2010s,Simulator,50.00,60.00,10.00,Critics higher
16754,Starward Rogue,2016-01-22,2016,2010s,Shooter,80.00,80.00,0.00,Within 5 points
16765,Type: Rider,2013-10-10,2013,2010s,Platform,66.64,81.00,14.36,Critics higher
16776,Void Destroyer,2015-01-20,2015,2010s,Real Time Strategy (RTS),50.00,60.00,10.00,Critics higher
16779,Nightmares from the Deep: The Cursed Heart,2012-04-19,2012,2010s,Puzzle,71.38,75.00,3.62,Within 5 points
16780,Nimble Quest,2013-03-28,2013,2010s,Puzzle,80.00,80.00,0.00,Within 5 points
16806,Distant Worlds: Universe,2014-04-05,2014,2010s,Real Time Strategy (RTS),89.37,70.00,-19.37,Users higher
16809,Humans Must Answer,2013-07-11,2013,2010s,Shooter,50.00,65.00,15.00,Critics higher
16815,Zombeer,2014-01-22,2014,2010s,Shooter,60.00,32.50,-27.50,Users higher
16820,Cloudbuilt,2014-03-20,2014,2010s,Platform,70.03,74.25,4.22,Within 5 points
16823,Rollers of the Realm,2014-11-18,2014,2010s,Puzzle,80.00,81.25,1.25,Within 5 points
16841,Girls Like Robots,2012-10-11,2012,2010s,Puzzle,70.00,50.00,-20.00,Users higher
16848,Son of Nor,2015-03-01,2015,2010s,Puzzle,50.00,57.50,7.50,Critics higher
16862,Platformines,2014-02-05,2014,2010s,Platform,60.00,55.00,-5.00,Within 5 points
16872,The Sandbox,2012-05-15,2012,2010s,Puzzle,50.00,76.00,26.00,Critics higher
16873,Monochroma,2014-05-28,2014,2010s,Platform,60.66,45.50,-15.16,Users higher
16880,Tower of Guns,2014-02-02,2014,2010s,Shooter,59.94,68.00,8.06,Critics higher
16883,Last Dream,2014-02-04,2014,2010s,Role-playing (RPG),80.00,90.00,10.00,Critics higher
16912,Love,2014-02-07,2014,2010s,Platform,71.76,70.00,-1.76,Within 5 points
16916,Reaper: Tale of a Pale Swordsman,2013-09-09,2013,2010s,Fighting,50.00,82.00,32.00,Critics higher
16925,Dex,2015-05-07,2015,2010s,Platform,78.65,69.38,-9.27,Users higher
16926,Tumblestone,2016-07-12,2016,2010s,Fighting,50.00,85.00,35.00,Critics higher
16927,The Golf Club,2014-08-19,2014,2010s,Simulator,70.00,67.50,-2.50,Within 5 points
16932,Quest of Dungeons,2014-02-02,2014,2010s,Role-playing (RPG),76.00,72.00,-4.00,Within 5 points
16942,Haunt the House: Terrortown,2010-10-26,2010,2010s,Puzzle,77.74,60.00,-17.74,Users higher
16947,Industry Giant II,2002-09-30,2002,2000s,Simulator,60.00,50.33,-9.67,Users higher
16953,Shadow Blade: Reload,2015-07-01,2015,2010s,Platform,80.00,69.33,-10.67,Users higher
16982,Livelock,2016-08-30,2016,2010s,Shooter,64.30,74.75,10.45,Critics higher
16985,Between Me and the Night,2016-01-22,2016,2010s,Adventure,69.55,85.00,15.45,Critics higher
16989,Teenage Mutant Ninja Turtles: Mutants in Manhattan,2016-05-24,2016,2010s,Fighting,50.92,45.77,-5.15,Users higher
16991,Detached,2017-05-18,2017,2010s,Simulator,80.00,73.00,-7.00,Users higher
16992,Human: Fall Flat,2016-07-22,2016,2010s,Platform,68.70,72.77,4.07,Within 5 points
16994,Road to Ballhalla,2016-08-05,2016,2010s,Platform,70.00,77.14,7.14,Critics higher
16997,Rhapsody: A Musical Adventure,1998-12-17,1998,1990s,Role-playing (RPG),60.78,65.00,4.22,Within 5 points
16998,Song of the Deep,2016-07-12,2016,2010s,Puzzle,75.64,68.94,-6.70,Users higher
16999,Conan Exiles,2018-05-08,2018,2010s,Fighting,69.86,70.50,0.64,Within 5 points
17000,Stardew Valley,2016-02-26,2016,2010s,Role-playing (RPG),86.69,90.54,3.85,Within 5 points
17001,Ashen,2018-12-07,2018,2010s,Role-playing (RPG),78.70,82.86,4.15,Within 5 points
17003,Romance of the Three Kingdoms XIII,2016-01-27,2016,2010s,Simulator,69.96,72.14,2.18,Within 5 points
17004,Plantera,2016-01-28,2016,2010s,Simulator,53.87,38.67,-15.20,Users higher
17005,The Order of the Thorne: The King's Challenge,2016-01-26,2016,2010s,Point-and-click,70.00,45.00,-25.00,Users higher
17008,Urban Pirate,2016-04-01,2016,2010s,Role-playing (RPG),50.00,70.00,20.00,Critics higher
17010,Gunscape,2016-03-01,2016,2010s,Shooter,70.00,55.00,-15.00,Users higher
17011,Subterrain,2016-01-21,2016,2010s,Shooter,69.90,67.00,-2.90,Within 5 points
17012,Move or Die,2016-01-21,2016,2010s,Platform,76.94,80.00,3.06,Within 5 points
17013,Slybots: Frantic Zone,2016-01-18,2016,2010s,Shooter,50.00,60.00,10.00,Critics higher
17026,Furi,2016-07-05,2016,2010s,Shooter,78.23,79.00,0.77,Within 5 points
17027,Crush Your Enemies,2016-07-13,2016,2010s,Real Time Strategy (RTS),80.00,65.62,-14.38,Users higher
17028,Assassin's Creed Identity,2016-02-25,2016,2010s,Role-playing (RPG),59.75,60.00,0.25,Within 5 points
17029,Time of Dragons,2016-02-01,2016,2010s,Role-playing (RPG),50.00,60.00,10.00,Critics higher
17030,LEGO Star Wars: The Force Awakens,2016-06-27,2016,2010s,Platform,67.15,75.91,8.76,Critics higher
17032,Darkwood,2017-08-17,2017,2010s,Role-playing (RPG),82.92,79.75,-3.17,Within 5 points
17034,868-Hack,2013-08-12,2013,2010s,Strategy,70.00,80.00,10.00,Critics higher
17052,Return to Mysterious Island,2004-11-19,2004,2000s,Point-and-click,70.28,87.00,16.72,Critics higher
17069,Rive,2016-09-13,2016,2010s,Shooter,86.99,75.09,-11.90,Users higher
17073,Spider: Rite of the Shrouded Moon,2015-08-06,2015,2010s,Platform,70.00,85.00,15.00,Critics higher
17098,Bridge Constructor: Playground,2012-12-20,2012,2010s,Puzzle,60.00,50.00,-10.00,Users higher
17112,Creativerse,2017-05-08,2017,2010s,Role-playing (RPG),74.43,80.00,5.57,Critics higher
17120,Ubersoldier II,2007-12-07,2007,2000s,Shooter,60.02,55.00,-5.02,Users higher
17123,Munin,2014-06-10,2014,2010s,Platform,60.01,70.00,9.99,Critics higher
17140,Nightmares from the Deep 3: Davy Jones,2014-03-27,2014,2010s,Point-and-click,66.52,65.00,-1.52,Within 5 points
17141,Clockwork Tales: Of Glass and Ink,2014-03-04,2014,2010s,Point-and-click,70.19,70.00,-0.19,Within 5 points
17146,Solarix,2015-03-04,2015,2010s,Shooter,50.00,55.00,5.00,Within 5 points
17161,Eidolon,2014-08-01,2014,2010s,Adventure,60.00,80.00,20.00,Critics higher
17165,Strata,2013-09-12,2013,2010s,Puzzle,80.00,90.00,10.00,Critics higher
17179,Toybox Turbos,2014-10-02,2014,2010s,Racing,65.50,76.75,11.25,Critics higher
17186,Nostradamus: The Last Prophecy,2014-03-04,2014,2010s,Adventure,50.00,70.00,20.00,Critics higher
17207,Pit People,2018-03-02,2018,2010s,Role-playing (RPG),54.40,76.83,22.43,Critics higher
17230,Cosmochoria,2015-03-01,2015,2010s,Shooter,80.00,70.00,-10.00,Users higher
17231,Card Hunter,2013-09-12,2013,2010s,Role-playing (RPG),77.82,85.25,7.43,Critics higher
17233,Heldric: The Legend of the Shoemaker,2014-03-04,2014,2010s,Strategy,50.00,79.00,29.00,Critics higher
17235,Amazing World,2014-07-04,2014,2010s,Role-playing (RPG),50.00,60.00,10.00,Critics higher
17243,Keepsake,2006-03-17,2006,2000s,Point-and-click,62.02,55.00,-7.02,Users higher
17245,Daytona USA,1993-08-01,1993,1990s,Racing,71.47,80.00,8.53,Critics higher
17251,Warlords,1980-12-31,1980,1980s,Shooter,51.29,55.50,4.21,Within 5 points
17253,Overfall,2016-05-17,2016,2010s,Role-playing (RPG),80.00,83.33,3.33,Within 5 points
17266,From the Abyss,2008-01-17,2008,2000s,Role-playing (RPG),53.00,40.00,-13.00,Users higher
17295,Fenix Rage,2014-08-03,2014,2010s,Adventure,70.00,72.40,2.40,Within 5 points
17297,Wars and Warriors: Joan of Arc,2004-02-07,2004,2000s,Strategy,30.29,52.50,22.21,Critics higher
17298,Marine Park Empire,2015-09-03,2015,2010s,Simulator,70.00,100.00,30.00,Critics higher
17301,Hero Generations,2015-03-05,2015,2010s,Role-playing (RPG),50.00,70.00,20.00,Critics higher
17310,The Dungeoning,2014-04-05,2014,2010s,Platform,50.00,85.00,35.00,Critics higher
17318,The Promised Land,2014-03-05,2014,2010s,Strategy,80.00,40.00,-40.00,Users higher
17323,Niko: Through the Dream,2015-06-05,2015,2010s,Adventure,50.00,90.00,40.00,Critics higher
17330,Al Emmo and the Lost Dutchman's Mine,2014-04-05,2014,2010s,Adventure,60.00,60.00,0.00,Within 5 points
17331,8BitBoy,2014-04-01,2014,2010s,Platform,50.56,65.00,14.44,Critics higher
17343,Warrior Kings,2002-04-13,2002,2000s,Real Time Strategy (RTS),60.00,75.00,15.00,Critics higher
17347,Qvadriga,2014-03-04,2014,2010s,Racing,60.00,60.00,0.00,Within 5 points
17349,Rhiannon: Curse of the Four Branches,2014-04-04,2014,2010s,Point-and-click,70.00,60.00,-10.00,Users higher
17354,Only If,2014-07-25,2014,2010s,Puzzle,69.53,80.00,10.47,Critics higher
17360,Captain Forever Remix,2016-06-03,2016,2010s,Shooter,80.00,72.50,-7.50,Users higher
17374,Rogue Stormers,2015-07-17,2015,2010s,Shooter,70.00,57.50,-12.50,Users higher
17386,Lemma,2015-04-02,2015,2010s,Adventure,80.00,75.00,-5.00,Within 5 points
17391,Epsilon,2015-09-04,2015,2010s,Shooter,60.00,40.00,-20.00,Users higher
17393,Juju,2014-12-09,2014,2010s,Platform,70.00,74.50,4.50,Within 5 points
17396,Eastside Hockey Manager,2015-02-04,2015,2010s,Simulator,80.00,80.00,0.00,Within 5 points
17414,The Egyptian Prophecy: The Fate of Ramses,2004-03-29,2004,2000s,Point-and-click,50.00,75.00,25.00,Critics higher
17447,Titanfall 2,2016-10-28,2016,2010s,Shooter,83.28,88.91,5.64,Critics higher
17454,Blood Alloy: Reborn,2016-03-02,2016,2010s,Shooter,70.00,47.50,-22.50,Users higher
17456,Bomberman Live,2007-07-18,2007,2000s,Puzzle,66.77,80.00,13.23,Critics higher
17457,Blitz Breaker,2016-02-02,2016,2010s,Platform,70.00,75.00,5.00,Within 5 points
17460,Dragon Quest Monsters: Joker,2006-12-28,2006,2000s,Role-playing (RPG),68.84,73.75,4.91,Within 5 points
17463,Final Fantasy: The 4 Heroes of Light,2009-10-29,2009,2000s,Role-playing (RPG),78.00,75.00,-3.00,Within 5 points
17467,IS Defense,2016-04-19,2016,2010s,Shooter,90.00,20.00,-70.00,Users higher
17470,Agatha Christie: The ABC Murders,2016-02-04,2016,2010s,Point-and-click,71.03,63.33,-7.69,Users higher
17472,Full House Poker,2011-03-16,2011,2010s,Simulator,73.01,80.00,6.99,Critics higher
17478,Kinect Sports,2010-11-04,2010,2010s,Sport,66.24,75.00,8.76,Critics higher
17479,The Wild Eight,2018-02-08,2018,2010s,Role-playing (RPG),70.07,70.00,-0.07,Within 5 points
17480,Eastshade,2019-02-13,2019,2010s,Adventure,78.45,76.50,-1.95,Within 5 points
17491,Wildlife Park 2,2006-05-12,2006,2000s,Simulator,50.00,82.00,32.00,Critics higher
17501,Fist of Awesome,2013-10-15,2013,2010s,Hack and slash/Beat 'em up,60.00,56.67,-3.33,Within 5 points
17510,Shattered Planet,2014-03-27,2014,2010s,Role-playing (RPG),50.00,64.00,14.00,Critics higher
17555,Black the Fall,2017-07-11,2017,2010s,Platform,70.42,71.25,0.83,Within 5 points
17566,Natural Selection 2: Combat,2014-09-05,2014,2010s,Shooter,50.00,64.50,14.50,Critics higher
17569,Crookz: The Big Heist,2015-08-25,2015,2010s,Simulator,70.00,80.00,10.00,Critics higher
17571,Neon Struct: Die Augen der Welt,2015-04-03,2015,2010s,Indie,80.00,72.00,-8.00,Users higher
17583,SpellForce 3,2017-12-07,2017,2010s,Real Time Strategy (RTS),68.06,74.00,5.94,Critics higher
17591,Wildlife Park,2003-12-03,2003,2000s,Simulator,50.00,55.00,5.00,Within 5 points
17609,"Warhammer 40,000: Armageddon",2014-10-03,2014,2010s,Strategy,80.00,60.00,-20.00,Users higher
17614,Legions of Steel,2015-06-04,2015,2010s,Strategy,50.00,55.00,5.00,Within 5 points
17623,Rugby League Live 3,2015-08-02,2015,2010s,Simulator,75.00,60.00,-15.00,Users higher
17628,The Abbey,2006-05-26,2006,2000s,Point-and-click,50.00,58.00,8.00,Critics higher
17640,Sakura Spirit,2014-06-03,2014,2010s,Adventure,60.05,50.00,-10.05,Users higher
17645,Pool Nation FX,2015-04-01,2015,2010s,Simulator,60.00,20.00,-40.00,Users higher
17646,Boid,2016-07-08,2016,2010s,Real Time Strategy (RTS),80.00,70.00,-10.00,Users higher
17659,Chess 2: The Sequel,2014-01-21,2014,2010s,Sport,50.00,70.00,20.00,Critics higher
17668,Paper Monsters Recut,2014-09-04,2014,2010s,Platform,71.00,55.00,-16.00,Users higher
17678,CO-OP : Decrypted,2015-07-01,2015,2010s,Adventure,50.00,70.00,20.00,Critics higher
17680,Space Hack,2005-11-15,2005,2000s,Role-playing (RPG),50.00,65.00,15.00,Critics higher
17683,Polarity,2014-10-05,2014,2010s,Puzzle,64.45,70.00,5.55,Critics higher
17693,Celestian Tales: Old North,2015-08-10,2015,2010s,Puzzle,49.93,55.00,5.07,Critics higher
17696,Magic Duels,2015-07-08,2015,2010s,Strategy,80.41,70.00,-10.41,Users higher
17702,A City Sleeps,2014-09-04,2014,2010s,Indie,50.00,60.00,10.00,Critics higher
17713,Calvino Noir,2015-07-04,2015,2010s,Strategy,60.00,70.00,10.00,Critics higher
17719,République,2014-10-22,2014,2010s,Puzzle,78.95,75.56,-3.39,Within 5 points
17722,Defenders of Time,2014-11-04,2014,2010s,Strategy,50.00,52.33,2.33,Within 5 points
17726,Quantum Rush Champions,2014-11-04,2014,2010s,Racing,50.00,53.33,3.33,Within 5 points
17732,Space Hulk: Ascension,2014-10-03,2014,2010s,Role-playing (RPG),50.92,70.00,19.08,Critics higher
17734,Dokuro,2012-07-05,2012,2010s,Puzzle,60.00,70.00,10.00,Critics higher
17744,Choice of the Deathless,2014-07-05,2014,2010s,Role-playing (RPG),80.00,75.00,-5.00,Within 5 points
17763,Yatagarasu: Attack on Cataclysm,2015-02-12,2015,2010s,Fighting,60.00,77.50,17.50,Critics higher
17784,Oscura: Lost Light,2015-02-24,2015,2010s,Platform,50.00,60.00,10.00,Critics higher
17804,Primal Carnage: Extinction,2015-03-05,2015,2010s,Shooter,60.00,48.75,-11.25,Users higher
17811,The Sun and Moon,2014-05-20,2014,2010s,Platform,70.00,74.25,4.25,Within 5 points
17815,Battle of Europe,2006-03-23,2006,2000s,Shooter,70.00,59.00,-11.00,Users higher
17818,Disney Infinity 2.0: Marvel Super Heroes,2014-09-18,2014,2010s,Adventure,69.04,74.00,4.96,Within 5 points
17819,Silence of the Sleep,2014-09-03,2014,2010s,Puzzle,60.00,70.00,10.00,Critics higher
17828,20XX,2017-08-16,2017,2010s,Shooter,70.19,75.33,5.14,Critics higher
17835,Drifting Lands,2017-01-24,2017,2010s,Shooter,60.00,70.00,10.00,Critics higher
17840,Pure Hold'em,2015-07-04,2015,2010s,Simulator,60.00,72.50,12.50,Critics higher
17847,The Magic Circle,2015-06-04,2015,2010s,Simulator,73.87,84.43,10.56,Critics higher
17849,Alphadia Genesis,2013-10-15,2013,2010s,Role-playing (RPG),70.00,77.50,7.50,Critics higher
17870,To Be or Not to Be,2015-02-04,2015,2010s,Role-playing (RPG),80.00,80.00,0.00,Within 5 points
17875,Toxikk,2016-09-09,2016,2010s,Shooter,80.00,80.00,0.00,Within 5 points
17876,Deep Dungeons of Doom,2014-09-02,2014,2010s,Role-playing (RPG),77.91,70.50,-7.41,Users higher
17902,Windward,2015-04-02,2015,2010s,Role-playing (RPG),41.95,67.50,25.55,Critics higher
17907,Chime Sharp,2015-10-04,2015,2010s,Music,70.00,86.33,16.33,Critics higher
17911,Heart&Slash,2016-06-24,2016,2010s,Fighting,80.00,75.00,-5.00,Within 5 points
17916,Deadstone,2014-10-03,2014,2010s,Role-playing (RPG),60.00,65.00,5.00,Within 5 points
17924,Zenzizenzic,2015-06-04,2015,2010s,Shooter,70.00,88.33,18.33,Critics higher
17925,Wasted,2016-06-07,2016,2010s,Shooter,42.65,76.67,34.02,Critics higher
17926,Traverser,2015-07-09,2015,2010s,Puzzle,60.00,62.00,2.00,Within 5 points
17942,Letter Quest: Grimm's Journey,2014-01-30,2014,2010s,Indie,80.00,57.50,-22.50,Users higher
17952,The Deer God,2015-01-05,2015,2010s,Platform,50.00,52.00,2.00,Within 5 points
17959,Stealth Inc 2: A Game of Clones,2014-10-30,2014,2010s,Platform,78.55,70.00,-8.55,Users higher
17966,Catlateral Damage,2015-05-27,2015,2010s,Shooter,62.56,63.67,1.10,Within 5 points
17972,Wild Frontera,2015-03-02,2015,2010s,Indie,50.00,70.00,20.00,Critics higher
17990,Semispheres,2017-02-14,2017,2010s,Puzzle,70.00,78.00,8.00,Critics higher
17992,Heaven's Hope,2016-02-25,2016,2010s,Adventure,60.00,73.00,13.00,Critics higher
17998,Perils of Man,2014-04-08,2014,2010s,Point-and-click,60.00,64.00,4.00,Within 5 points
18000,World of Subways: Volume 3 - London Underground Circle Line,2014-05-12,2014,2010s,Simulator,60.00,40.00,-20.00,Users higher
18006,The Swindle,2015-07-28,2015,2010s,Platform,60.04,73.38,13.34,Critics higher
18009,Fortified,2016-02-03,2016,2010s,Shooter,67.50,69.00,1.50,Within 5 points
18010,Spellweaver,2016-02-01,2016,2010s,Strategy,40.00,77.50,37.50,Critics higher
18012,Tinertia,2015-09-03,2015,2010s,Platform,70.00,64.00,-6.00,Users higher
18013,Dungeon Souls,2016-12-02,2016,2010s,Role-playing (RPG),63.20,69.75,6.55,Critics higher
18020,Visage,2020-10-29,2020,2020s,Puzzle,79.67,87.00,7.33,Critics higher
18026,Kinect Sports: Season Two,2011-10-25,2011,2010s,Sport,60.20,73.33,13.13,Critics higher
18027,Mario and Donkey Kong: Minis on the Move,2013-05-08,2013,2010s,Platform,69.00,75.67,6.67,Critics higher
18042,Doritos Crash Course 2,2013-05-08,2013,2010s,Platform,78.40,70.00,-8.40,Users higher
18050,Echochrome,2008-03-19,2008,2000s,Puzzle,79.58,85.00,5.42,Critics higher
18051,Texas Hold 'Em Poker,2004-11-01,2004,2000s,Simulator,79.73,65.00,-14.73,Users higher
18054,Bloody Roar: Primal Fury,2002-03-19,2002,2000s,Fighting,73.22,68.50,-4.72,Within 5 points
18055,Breath of Fire III,1997-09-11,1997,1990s,Role-playing (RPG),78.05,60.00,-18.05,Users higher
18063,Atlas Reactor,2016-10-04,2016,2010s,Fighting,73.37,81.67,8.29,Critics higher
18068,Dirge of Cerberus: Final Fantasy VII,2006-01-26,2006,2000s,Shooter,65.44,61.00,-4.44,Within 5 points
18071,Grandia III,2005-08-04,2005,2000s,Role-playing (RPG),80.05,71.67,-8.38,Users higher
18078,Dead Effect 2,2015-10-28,2015,2010s,Shooter,49.92,65.00,15.08,Critics higher
18081,Devil Daggers,2016-02-18,2016,2010s,Shooter,75.97,78.33,2.36,Within 5 points
18082,Obliteracers,2016-02-23,2016,2010s,Racing,60.00,60.25,0.25,Within 5 points
18088,Insurgency: Sandstorm,2018-12-12,2018,2010s,Shooter,73.65,77.33,3.68,Within 5 points
18093,Just Survive,2015-01-15,2015,2010s,Shooter,56.03,50.00,-6.03,Users higher
18094,Z1: Battle Royale,2018-02-28,2018,2010s,Shooter,73.12,66.25,-6.87,Users higher
18099,Pokémon Moon,2016-11-18,2016,2010s,Role-playing (RPG),76.94,85.00,8.06,Critics higher
18100,Pokémon Sun,2016-11-18,2016,2010s,Role-playing (RPG),75.25,86.00,10.75,Critics higher
18103,Grand Prix,1982-12-31,1982,1980s,Racing,56.65,64.00,7.35,Critics higher
18108,Kingdom Under Fire: Circle of Doom,2007-12-05,2007,2000s,Role-playing (RPG),75.00,50.00,-25.00,Users higher
18111,Stairs,2015-09-28,2015,2010s,Adventure,50.00,85.00,35.00,Critics higher
18113,The Church in the Darkness,2019-08-02,2019,2010s,Strategy,50.00,53.11,3.11,Within 5 points
18123,"Flower, Sun, and Rain",2001-05-02,2001,2000s,Puzzle,60.83,100.00,39.17,Critics higher
18132,Onigiri,2013-02-06,2013,2010s,Role-playing (RPG),80.00,60.00,-20.00,Users higher
18133,Space Invaders,1999-09-30,1999,1990s,Shooter,70.23,90.00,19.77,Critics higher
18138,Pokkén Tournament,2015-07-16,2015,2010s,Fighting,61.77,76.29,14.52,Critics higher
18147,Mirage: Arcane Warfare,2017-05-23,2017,2010s,Hack and slash/Beat 'em up,50.00,72.00,22.00,Critics higher
18148,Wolcen: Lords of Mayhem,2020-02-13,2020,2020s,Role-playing (RPG),51.97,58.00,6.03,Critics higher
18156,HarmoKnight,2012-08-05,2012,2010s,Music,62.46,76.00,13.54,Critics higher
18157,The Town of Light,2016-02-26,2016,2010s,Adventure,70.19,58.25,-11.94,Users higher
18158,Ultimate Chicken Horse,2016-03-04,2016,2010s,Shooter,78.20,79.40,1.20,Within 5 points
18166,Rising Storm 2: Vietnam,2017-05-30,2017,2010s,Shooter,70.18,72.50,2.32,Within 5 points
18168,Raid over Moscow,1984-03-13,1984,1980s,Shooter,79.00,50.00,-29.00,Users higher
18169,Paper Mario: Color Splash,2016-10-06,2016,2010s,Role-playing (RPG),69.16,75.00,5.84,Critics higher
18170,Yie Ar Kung-Fu,1984-10-25,1984,1980s,Fighting,66.59,20.00,-46.59,Users higher
18171,The Moment of Silence,2004-11-05,2004,2000s,Point-and-click,60.89,10.00,-50.89,Users higher
18181,Monster Hunter Generations,2015-11-28,2015,2010s,Role-playing (RPG),79.69,86.79,7.10,Critics higher
18182,Momodora: Reverie Under the Moonlight,2016-03-04,2016,2010s,Platform,86.72,82.83,-3.89,Within 5 points
18185,Wartile,2018-02-08,2018,2010s,Role-playing (RPG),80.00,60.00,-20.00,Users higher
18194,Induction,2017-02-07,2017,2010s,Puzzle,70.00,75.00,5.00,Within 5 points
18195,Mini Mario & Friends: Amiibo Challenge,2016-01-28,2016,2010s,Platform,71.00,60.00,-11.00,Users higher
18196,Pocket Card Jockey,2013-07-31,2013,2010s,Racing,78.00,85.00,7.00,Critics higher
18197,Azure Striker Gunvolt 2,2016-08-25,2016,2010s,Shooter,89.50,80.12,-9.38,Users higher
18198,Disney Art Academy,2016-05-13,2016,2010s,Unknown,84.00,70.00,-14.00,Users higher
18207,Binaries,2016-04-05,2016,2010s,Platform,70.00,65.00,-5.00,Within 5 points
18211,Labyrinth,2016-03-07,2016,2010s,Role-playing (RPG),89.09,73.00,-16.09,Users higher
18218,Magic: The Gathering - Duels of the Planeswalkers 2015,2014-07-09,2014,2010s,Strategy,78.45,56.67,-21.78,Users higher
18219,Die Hard: Nakatomi Plaza,2002-04-22,2002,2000s,Shooter,59.82,30.00,-29.82,Users higher
18220,Rhythm Heaven Megamix,2015-06-11,2015,2010s,Music,80.43,81.14,0.72,Within 5 points
18221,Kirby: Planet Robobot,2016-04-28,2016,2010s,Platform,85.72,82.27,-3.46,Within 5 points
18224,Etrian Odyssey V: Beyond the Myth,2016-08-04,2016,2010s,Role-playing (RPG),90.00,81.80,-8.20,Users higher
18225,The Sinking City,2019-06-27,2019,2010s,Shooter,70.50,70.00,-0.50,Within 5 points
18227,Shin Megami Tensei: Digital Devil Saga,2004-07-15,2004,2000s,Role-playing (RPG),86.67,76.67,-10.00,Users higher
18229,Shin Megami Tensei: Digital Devil Saga 2,2005-01-27,2005,2000s,Role-playing (RPG),84.94,90.00,5.06,Critics higher
18237,Sports Champions,2010-09-16,2010,2010s,Sport,70.25,80.00,9.75,Critics higher
18238,Sports Champions 2,2012-10-30,2012,2010s,Sport,72.16,72.50,0.34,Within 5 points
18239,Plug & Play,2015-02-02,2015,2010s,Puzzle,78.88,60.00,-18.88,Users higher
18263,Moon Hunters,2016-03-10,2016,2010s,Role-playing (RPG),54.91,67.57,12.66,Critics higher
18264,Lock's Quest,2008-09-08,2008,2000s,Real Time Strategy (RTS),50.00,86.67,36.67,Critics higher
18266,MX vs. ATV: Alive,2011-05-10,2011,2010s,Racing,56.06,66.25,10.19,Critics higher
18275,Pac-Pix,2005-03-10,2005,2000s,Puzzle,60.96,71.67,10.71,Critics higher
18279,BattleTech,2018-04-24,2018,2010s,Strategy,80.13,82.25,2.12,Within 5 points
18280,Them's Fightin' Herds,2018-02-22,2018,2010s,Fighting,69.81,75.00,5.19,Critics higher
18293,EverQuest II,2004-11-08,2004,2000s,Role-playing (RPG),70.82,80.67,9.85,Critics higher
18294,The Punisher,2004-04-12,2004,2000s,Shooter,79.87,78.67,-1.20,Within 5 points
18303,Arizona Sunshine,2016-12-06,2016,2010s,Shooter,61.60,63.60,2.00,Within 5 points
18305,Clock Tower 3,2002-12-12,2002,2000s,Adventure,42.31,60.00,17.69,Critics higher
18311,The Turing Test,2016-08-30,2016,2010s,Puzzle,70.74,76.38,5.64,Critics higher
18312,Tastee Lethal Tactics,2016-05-10,2016,2010s,Strategy,67.35,71.67,4.32,Within 5 points
18313,Worms: Open Warfare,2006-03-17,2006,2000s,Strategy,54.29,60.75,6.46,Critics higher
18314,Worms: Open Warfare 2,2007-08-30,2007,2000s,Strategy,69.35,86.00,16.65,Critics higher
18320,Battlefield 1,2016-10-21,2016,2010s,Shooter,77.64,89.10,11.46,Critics higher
18323,WWE SmackDown! vs. Raw 2006,2005-11-11,2005,2000s,Fighting,66.56,80.00,13.44,Critics higher
18328,Pac 'n Roll,2005-07-28,2005,2000s,Platform,64.96,73.00,8.04,Critics higher
18329,Yoshi Touch & Go,2005-01-27,2005,2000s,Platform,69.05,70.00,0.95,Within 5 points
18330,Mr. Driller: Drill Spirits,2004-11-30,2004,2000s,Puzzle,83.00,75.00,-8.00,Users higher
18331,Feel the Magic: XY/XX,2004-11-21,2004,2000s,Puzzle,70.40,75.00,4.60,Within 5 points
18336,Ninja Pizza Girl,2015-09-30,2015,2010s,Platform,60.00,60.00,0.00,Within 5 points
18337,Dofus,2004-09-01,2004,2000s,Role-playing (RPG),88.87,70.00,-18.87,Users higher
18338,Shoppe Keep,2016-05-20,2016,2010s,Role-playing (RPG),60.00,52.50,-7.50,Users higher
18339,Block'hood,2017-05-10,2017,2010s,Puzzle,60.00,75.00,15.00,Critics higher
18340,Electroplankton,2005-04-07,2005,2000s,Music,66.47,60.00,-6.47,Users higher
18351,Californium,2016-02-17,2016,2010s,Puzzle,60.00,60.00,0.00,Within 5 points
18357,Oddworld: Soulstorm,2021-04-06,2021,2020s,Platform,62.66,74.83,12.18,Critics higher
18358,De Mambo,2017-07-13,2017,2010s,Fighting,73.00,75.00,2.00,Within 5 points
18361,Transformers,2004-05-05,2004,2000s,Shooter,70.00,78.50,8.50,Critics higher
18363,Gunjack,2016-03-28,2016,2010s,Shooter,60.00,68.75,8.75,Critics higher
18366,Sniper Elite 4,2017-02-13,2017,2010s,Shooter,73.47,76.21,2.74,Within 5 points
18371,Escape Plan,2012-02-14,2012,2010s,Point-and-click,65.72,65.00,-0.72,Within 5 points
18373,Patapon 3,2011-03-12,2011,2010s,Music,70.19,70.00,-0.19,Within 5 points
18386,Naruto: Ultimate Ninja,2003-10-23,2003,2000s,Fighting,67.67,70.00,2.33,Within 5 points
18387,Genital Jousting,2018-01-18,2018,2010s,Indie,62.77,62.50,-0.27,Within 5 points
18389,Deadbolt,2016-03-14,2016,2010s,Shooter,79.90,75.00,-4.90,Within 5 points
18394,"Gremlins, Inc.",2016-03-11,2016,2010s,Strategy,79.14,80.00,0.86,Within 5 points
18397,Event[0],2016-09-14,2016,2010s,Puzzle,68.16,75.12,6.97,Critics higher
18398,Tyranny,2016-11-10,2016,2010s,Real Time Strategy (RTS),81.80,81.20,-0.60,Within 5 points
18399,Werewolves Within,2016-12-06,2016,2010s,Simulator,60.00,66.67,6.67,Critics higher
18406,Shadows Peak,2017-03-13,2017,2010s,Adventure,50.00,70.00,20.00,Critics higher
18425,Urban Empire,2017-01-20,2017,2010s,Simulator,59.43,67.00,7.57,Critics higher
18433,Overcooked!,2016-08-03,2016,2010s,Simulator,82.07,81.54,-0.54,Within 5 points
18434,Near Death,2016-08-02,2016,2010s,Adventure,83.02,65.00,-18.02,Users higher
18435,Frozen Synapse 2,2018-09-13,2018,2010s,Real Time Strategy (RTS),60.00,83.00,23.00,Critics higher
18440,Dead In Bermuda,2015-08-27,2015,2010s,Role-playing (RPG),50.41,75.00,24.59,Critics higher
18443,One Piece: Burning Blood,2016-04-21,2016,2010s,Fighting,67.55,64.70,-2.85,Within 5 points
18452,Grip,2018-11-06,2018,2010s,Shooter,62.51,67.80,5.29,Critics higher
18454,Goetia,2016-04-14,2016,2010s,Point-and-click,70.79,90.00,19.21,Critics higher
18472,Vanguard,1981-07-01,1981,1980s,Shooter,60.65,62.00,1.35,Within 5 points
18473,Phoenix,1980-12-01,1980,1980s,Shooter,78.72,90.00,11.28,Critics higher
18474,Expand,2015-09-30,2015,2010s,Puzzle,80.00,75.00,-5.00,Within 5 points
18484,Clustertruck,2016-09-27,2016,2010s,Platform,68.50,74.10,5.60,Critics higher
18489,Blair Witch Volume 1: Rustin Parr,2000-10-03,2000,2000s,Adventure,76.53,90.00,13.47,Critics higher
18492,In Between,2015-08-21,2015,2010s,Platform,70.00,77.25,7.25,Critics higher
18509,Slain: Back From Hell,2016-03-24,2016,2010s,Fighting,60.02,49.92,-10.11,Users higher
18514,Soft Body,2016-05-17,2016,2010s,Puzzle,70.00,72.80,2.80,Within 5 points
18528,Doodle God,2010-06-23,2010,2010s,Puzzle,67.85,56.50,-11.35,Users higher
18538,Zoo Tycoon,2013-11-22,2013,2010s,Real Time Strategy (RTS),66.11,62.50,-3.61,Within 5 points
18549,Big Bang Mini,2009-01-20,2009,2000s,Shooter,83.00,70.00,-13.00,Users higher
18569,Sora,2010-08-15,2010,2010s,Shooter,80.00,80.00,0.00,Within 5 points
18593,Gurgamoth,2016-02-16,2016,2010s,Fighting,70.00,50.00,-20.00,Users higher
18594,Pokémon Dash,2004-12-02,2004,2000s,Racing,33.30,60.00,26.70,Critics higher
18595,Trace Memory,2005-02-24,2005,2000s,Point-and-click,64.79,70.00,5.21,Critics higher
18597,Clubhouse Games,2005-11-03,2005,2000s,Puzzle,71.97,75.00,3.03,Within 5 points
18599,Tetris DS,2006-03-20,2006,2000s,Puzzle,79.26,80.00,0.74,Within 5 points
18600,LifeSigns: Surgical Unit,2005-10-20,2005,2000s,Adventure,53.00,70.00,17.00,Critics higher
18614,Stikbold! A Dodgeball Adventure,2016-04-01,2016,2010s,Sport,75.80,70.60,-5.20,Users higher
18615,Miitomo,2016-03-17,2016,2010s,Simulator,58.30,73.00,14.70,Critics higher
18620,Rally-X,1980-11-01,1980,1980s,Racing,89.61,80.00,-9.61,Users higher
18621,New Rally-X,1981-02-01,1981,1980s,Racing,86.57,40.00,-46.57,Users higher
18630,Nemesis,1990-02-23,1990,1990s,Shooter,68.46,80.00,11.54,Critics higher
18637,Aaero,2017-04-11,2017,2010s,Shooter,69.79,69.67,-0.12,Within 5 points
18638,Darkspore,2011-04-26,2011,2010s,Role-playing (RPG),59.41,60.00,0.59,Within 5 points
18645,Hand of Fate 2,2017-11-07,2017,2010s,Role-playing (RPG),70.05,76.09,6.04,Critics higher
18671,The Legend of Bum-bo,2019-11-12,2019,2010s,Puzzle,59.76,72.00,12.24,Critics higher
18682,Loaded,1995-12-12,1995,1990s,Shooter,72.67,75.00,2.33,Within 5 points
18685,The Collider 2,2016-04-19,2016,2010s,Racing,50.00,72.00,22.00,Critics higher
18686,10 Second Ninja X,2016-07-19,2016,2010s,Fighting,65.32,77.33,12.01,Critics higher
18688,Manual Samuel,2016-10-11,2016,2010s,Simulator,72.23,61.00,-11.23,Users higher
18690,Shadowhand,2017-12-07,2017,2010s,Role-playing (RPG),69.74,65.00,-4.74,Within 5 points
18696,Ridge Racer,1993-10-01,1993,1990s,Racing,73.60,82.00,8.40,Critics higher
18698,Rage Racer,1996-12-03,1996,1990s,Racing,83.10,70.00,-13.10,Users higher
18715,Buzz! The Music Quiz,2005-10-21,2005,2000s,Puzzle,72.04,80.00,7.96,Critics higher
18716,Buzz! The Big Quiz,2006-03-17,2006,2000s,Quiz/Trivia,61.94,60.00,-1.94,Within 5 points
18717,Seraph,2016-04-20,2016,2010s,Shooter,80.00,77.33,-2.67,Within 5 points
18719,Nelly Cootalot: The Fowl Fleet,2016-03-22,2016,2010s,Point-and-click,70.00,76.67,6.67,Critics higher
18721,Good Robot,2016-04-05,2016,2010s,Shooter,80.00,65.00,-15.00,Users higher
18724,EyeToy: Play,2003-04-04,2003,2000s,Simulator,73.49,80.00,6.51,Critics higher
18727,Transport Fever,2016-11-08,2016,2010s,Real Time Strategy (RTS),89.44,87.50,-1.94,Within 5 points
18728,TrackMania,2003-11-21,2003,2000s,Racing,83.20,81.00,-2.20,Within 5 points
18752,Klang,2016-09-22,2016,2010s,Music,60.00,62.50,2.50,Within 5 points
18762,Moon Cresta,1980-02-15,1980,1980s,Shooter,71.07,90.00,18.93,Critics higher
18790,Blue Toad Murder Files: The Mysteries of Little Riddle,2009-12-17,2009,2000s,Puzzle,70.00,70.00,0.00,Within 5 points
18792,Zenge,2016-04-12,2016,2010s,Puzzle,60.01,50.00,-10.01,Users higher
18797,Rise of Nations: Rise of Legends,2006-05-09,2006,2000s,Real Time Strategy (RTS),79.51,80.33,0.83,Within 5 points
18811,Shock Tactics,2017-04-11,2017,2010s,Role-playing (RPG),50.00,65.00,15.00,Critics higher
18812,Tales of Berseria,2016-08-18,2016,2010s,Role-playing (RPG),79.16,82.14,2.98,Within 5 points
18814,The King of Fighters XIV,2016-08-23,2016,2010s,Fighting,81.32,79.76,-1.56,Within 5 points
18819,NBA 2K17,2016-09-16,2016,2010s,Sport,80.88,85.00,4.12,Within 5 points
18822,Pyre,2017-07-25,2017,2010s,Role-playing (RPG),81.55,86.06,4.50,Within 5 points
18829,Planet Coaster,2016-11-17,2016,2010s,Simulator,82.72,82.83,0.11,Within 5 points
18830,Rymdkapsel,2013-05-08,2013,2010s,Puzzle,81.79,83.33,1.54,Within 5 points
18841,Gibbous: A Cthulhu Adventure,2019-08-07,2019,2010s,Point-and-click,74.75,70.00,-4.75,Within 5 points
18849,Ghost Song,2022-11-03,2022,2020s,Platform,75.72,72.60,-3.12,Within 5 points
18853,Aragami,2016-10-04,2016,2010s,Adventure,71.51,69.56,-1.95,Within 5 points
18854,Let It Die,2016-12-03,2016,2010s,Hack and slash/Beat 'em up,74.33,76.75,2.42,Within 5 points
18855,Armies of Exigo,2004-11-30,2004,2000s,Real Time Strategy (RTS),83.58,69.00,-14.58,Users higher
18857,Ruiner,2017-09-26,2017,2010s,Shooter,77.52,76.17,-1.35,Within 5 points
18858,Halcyon 6: Starbase Commander,2016-09-08,2016,2010s,Role-playing (RPG),72.26,66.00,-6.26,Users higher
18859,Valley,2016-08-23,2016,2010s,Platform,69.79,68.44,-1.34,Within 5 points
18860,Beat Cop,2017-03-30,2017,2010s,Point-and-click,65.08,70.00,4.92,Within 5 points
18861,I Am Setsuna,2016-02-18,2016,2010s,Role-playing (RPG),70.03,75.56,5.53,Critics higher
18864,Blood Will Tell: Tezuka Osamu's Dororo,2004-09-09,2004,2000s,Adventure,70.07,70.00,-0.07,Within 5 points
18865,Assassin's Creed II: Discovery,2009-11-17,2009,2000s,Adventure,59.20,60.00,0.80,Within 5 points
18866,Dead by Daylight,2016-06-14,2016,2010s,Strategy,70.15,67.11,-3.04,Within 5 points
18869,Mages of Mystralia,2017-05-18,2017,2010s,Adventure,78.98,84.00,5.02,Critics higher
18870,Championship Manager 4,2003-03-28,2003,2000s,Simulator,89.92,100.00,10.08,Critics higher
18871,Parkitect,2018-11-29,2018,2010s,Simulator,79.57,83.50,3.93,Within 5 points
18903,Hover Junkers,2016-04-05,2016,2010s,Shooter,50.00,81.00,31.00,Critics higher
18905,Stranger of Sword City,2014-06-05,2014,2010s,Role-playing (RPG),63.66,74.50,10.84,Critics higher
18908,Seven: The Days Long Gone,2017-12-01,2017,2010s,Role-playing (RPG),64.51,63.33,-1.18,Within 5 points
18918,Northgard,2018-03-07,2018,2010s,Real Time Strategy (RTS),71.71,81.00,9.29,Critics higher
18924,Overpower,2016-04-20,2016,2010s,Role-playing (RPG),80.34,60.00,-20.34,Users higher
18927,Hue,2016-08-30,2016,2010s,Platform,70.48,77.88,7.39,Critics higher
18929,Mosaic,2019-09-13,2019,2010s,Puzzle,72.41,78.75,6.34,Critics higher
18930,Tokyo 42,2017-05-31,2017,2010s,Shooter,60.11,68.50,8.39,Critics higher
18940,Combat Arms,2007-11-01,2007,2000s,Shooter,79.86,70.00,-9.86,Users higher
18953,Dance Central,2010-11-04,2010,2010s,Music,79.33,78.75,-0.58,Within 5 points
18954,Neon Chrome,2016-04-28,2016,2010s,Shooter,68.32,67.00,-1.32,Within 5 points
18968,Call of Duty: Infinite Warfare,2016-11-04,2016,2010s,Shooter,70.79,77.24,6.45,Critics higher
18969,Wailing Heights,2016-04-27,2016,2010s,Point-and-click,60.00,85.00,25.00,Critics higher
18978,Table Top Racing: World Tour,2016-05-03,2016,2010s,Racing,60.68,40.00,-20.68,Users higher
18980,"Warhammer 40,000: Dawn of War III",2017-04-27,2017,2010s,Real Time Strategy (RTS),64.44,76.73,12.29,Critics higher
18981,Audioshield,2016-04-05,2016,2010s,Music,80.00,95.00,15.00,Critics higher
18985,Dangerous Golf,2016-06-03,2016,2010s,Sport,69.93,54.47,-15.46,Users higher
18993,The Peanuts Movie: Snoopy's Grand Adventure,2015-11-03,2015,2010s,Platform,78.00,56.50,-21.50,Users higher
18997,Kathy Rain,2016-05-05,2016,2010s,Point-and-click,78.79,81.00,2.21,Within 5 points
19000,The Walking Dead: A New Frontier,2016-12-20,2016,2010s,Point-and-click,69.65,74.86,5.21,Critics higher
19001,Unbox,2016-09-05,2016,2010s,Platform,79.67,60.00,-19.67,Users higher
19002,Gonner,2016-10-12,2016,2010s,Shooter,69.67,82.75,13.08,Critics higher
19007,Skies of Arcadia,2000-10-05,2000,2000s,Role-playing (RPG),86.67,90.00,3.33,Within 5 points
19008,Ecotone,2016-10-21,2016,2010s,Platform,70.00,75.00,5.00,Within 5 points
19010,Battle: Los Angeles,2011-03-11,2011,2010s,Shooter,39.87,60.00,20.13,Critics higher
19011,Raiders of the Broken Planet,2017-09-22,2017,2010s,Shooter,50.00,70.00,20.00,Critics higher
19012,Riders of Icarus,2016-07-06,2016,2010s,Role-playing (RPG),69.48,70.00,0.52,Within 5 points
19013,Fated: The Silent Oath,2016-04-28,2016,2010s,Adventure,60.00,53.67,-6.33,Users higher
19018,Rooms: The Unsolvable Puzzle,2015-05-01,2015,2010s,Puzzle,70.00,82.50,12.50,Critics higher
19019,Albino Lullaby: Episode 1,2015-09-14,2015,2010s,Adventure,60.00,67.50,7.50,Critics higher
19028,Marble Mountain,2016-04-04,2016,2010s,Adventure,50.00,70.00,20.00,Critics higher
19029,Kumoon: Ballistic Physics Puzzle,2015-11-10,2015,2010s,Shooter,40.00,70.00,30.00,Critics higher
19040,Valiant,2016-05-02,2016,2010s,Unknown,60.00,70.00,10.00,Critics higher
19042,Kismet,2016-05-02,2016,2010s,Simulator,80.00,50.00,-30.00,Users higher
19048,Time Machine VR,2015-08-28,2015,2010s,Simulator,50.00,65.00,15.00,Critics higher
19053,Adventure Time: Magic Man's Head Games,2015-09-18,2015,2010s,Platform,60.00,70.00,10.00,Critics higher
19073,Fullmetal Alchemist: Dual Sympathy,2005-07-21,2005,2000s,Adventure,62.00,56.50,-5.50,Users higher
19077,Ancient Wars: Sparta,2007-04-20,2007,2000s,Real Time Strategy (RTS),67.95,47.67,-20.28,Users higher
19081,The Jackbox Party Pack 2,2015-10-12,2015,2010s,Music,61.66,78.25,16.59,Critics higher
19082,The Jackbox Party Pack 3,2016-10-18,2016,2010s,Puzzle,81.61,77.50,-4.11,Within 5 points
19083,Drawful 2,2016-06-21,2016,2010s,Strategy,79.84,77.50,-2.34,Within 5 points
19084,Super Arcade Football,2016-04-04,2016,2010s,Sport,60.00,75.00,15.00,Critics higher
19085,Shadow Tactics: Blades of the Shogun,2016-12-06,2016,2010s,Real Time Strategy (RTS),82.28,86.73,4.45,Within 5 points
19089,Knee Deep,2015-07-06,2015,2010s,Adventure,80.00,72.50,-7.50,Users higher
19099,Lost Dimension,2014-08-07,2014,2010s,Role-playing (RPG),70.00,79.88,9.88,Critics higher
19101,Prinny: Can I Really Be the Hero?,2008-11-20,2008,2000s,Platform,61.60,82.00,20.40,Critics higher
19103,Bleach: The 3rd Phantom,2008-06-26,2008,2000s,Role-playing (RPG),82.00,50.00,-32.00,Users higher
19114,Spider-Man,2002-04-15,2002,2000s,Platform,67.31,74.50,7.19,Critics higher
19130,Sid Meier's Civilization VI,2016-10-20,2016,2010s,Simulator,80.17,87.40,7.23,Critics higher
19133,Elsword,2010-03-17,2010,2010s,Role-playing (RPG),65.35,60.00,-5.35,Users higher
19136,CastleStorm,2013-05-29,2013,2010s,Shooter,69.36,73.00,3.64,Within 5 points
19150,Vagante,2018-02-21,2018,2010s,Platform,82.17,70.67,-11.50,Users higher
19158,Space Run Galaxy,2016-06-17,2016,2010s,Strategy,60.00,68.00,8.00,Critics higher
19159,Tales of the World: Radiant Mythology,2006-12-21,2006,2000s,Role-playing (RPG),60.07,68.00,7.93,Critics higher
19160,Radiata Stories,2005-01-27,2005,2000s,Role-playing (RPG),79.97,70.00,-9.97,Users higher
19163,Grand Kingdom,2015-11-19,2015,2010s,Role-playing (RPG),69.02,78.55,9.53,Critics higher
19164,Borderlands 3,2019-09-13,2019,2010s,Shooter,76.49,81.00,4.51,Within 5 points
19167,Asemblance,2016-06-21,2016,2010s,Puzzle,68.96,55.56,-13.40,Users higher
19168,Narcosis,2017-03-28,2017,2010s,Adventure,70.78,85.00,14.22,Critics higher
19169,Raw Data,2016-07-14,2016,2010s,Shooter,69.84,67.50,-2.34,Within 5 points
19174,StarBreak,2016-05-10,2016,2010s,Platform,50.00,65.00,15.00,Critics higher
19194,MechCommander 2,2001-07-17,2001,2000s,Real Time Strategy (RTS),73.89,70.00,-3.89,Within 5 points
19195,MechAssault: Phantom War,2006-09-12,2006,2000s,Shooter,50.00,65.00,15.00,Critics higher
19203,Mekazoo,2016-11-14,2016,2010s,Platform,80.00,68.33,-11.67,Users higher
19220,Snake Pass,2017-03-28,2017,2010s,Platform,73.47,72.17,-1.30,Within 5 points
19241,Unravel Two,2018-06-09,2018,2010s,Platform,77.84,80.91,3.07,Within 5 points
19244,Forward to the Sky,2015-01-29,2015,2010s,Puzzle,60.00,70.00,10.00,Critics higher
19248,Disney's Treasure Planet,2002-11-12,2002,2000s,Platform,58.97,50.00,-8.97,Users higher
19250,Lastfight,2016-05-19,2016,2010s,Fighting,80.00,64.00,-16.00,Users higher
19258,Sonic Rush,2005-11-15,2005,2000s,Platform,76.17,75.00,-1.17,Within 5 points
19260,Sonic Rivals,2006-11-24,2006,2000s,Platform,59.93,67.50,7.57,Critics higher
19261,Sonic Rush Adventure,2007-09-14,2007,2000s,Platform,70.77,79.33,8.56,Critics higher
19262,Sonic Rivals 2,2007-11-13,2007,2000s,Fighting,40.27,70.00,29.73,Critics higher
19266,Tenchu: Fatal Shadows,2004-07-22,2004,2000s,Adventure,79.92,40.00,-39.92,Users higher
19267,Dynasty Warriors Next,2011-12-17,2011,2010s,Hack and slash/Beat 'em up,53.01,74.60,21.59,Critics higher
19271,Angry Birds Rio,2011-03-21,2011,2010s,Puzzle,64.72,60.00,-4.72,Within 5 points
19272,Angry Birds Star Wars II,2013-09-18,2013,2010s,Puzzle,75.29,100.00,24.71,Critics higher
19273,Angry Birds 2,2015-07-30,2015,2010s,Puzzle,70.47,65.00,-5.47,Users higher
19278,Poi,2015-11-06,2015,2010s,Platform,78.58,80.00,1.42,Within 5 points
19282,Lifeline,2015-04-20,2015,2010s,Role-playing (RPG),72.18,80.00,7.82,Critics higher
19289,Candle,2016-11-11,2016,2010s,Platform,70.09,70.50,0.41,Within 5 points
19291,Crazy Machines 3,2016-10-18,2016,2010s,Puzzle,70.21,65.00,-5.21,Users higher
19292,Shooting Stars!,2015-07-09,2015,2010s,Shooter,80.00,51.67,-28.33,Users higher
19293,Motorsport Manager,2014-08-15,2014,2010s,Racing,84.83,90.00,5.17,Critics higher
19297,Ken Follett's The Pillars of the Earth,2017-08-15,2017,2010s,Point-and-click,82.02,78.00,-4.02,Within 5 points
19301,The Long Journey Home,2017-05-30,2017,2010s,Role-playing (RPG),56.87,70.00,13.13,Critics higher
19308,Dragon Ball: Origins,2008-09-18,2008,2000s,Adventure,69.66,75.00,5.34,Critics higher
19309,Dragon Ball: Revenge of King Piccolo,2009-07-23,2009,2000s,Fighting,59.95,61.67,1.72,Within 5 points
19310,Dragon Ball: Raging Blast,2009-11-09,2009,2000s,Fighting,70.39,59.00,-11.39,Users higher
19311,Dragon Ball: Raging Blast 2,2010-11-02,2010,2010s,Fighting,73.84,54.67,-19.17,Users higher
19314,Dragon Ball Fusions,2016-09-08,2016,2010s,Role-playing (RPG),61.02,70.00,8.98,Critics higher
19319,Curious Expedition,2016-09-02,2016,2010s,Real Time Strategy (RTS),77.33,75.75,-1.58,Within 5 points
19320,Five Nights at Freddy's: Sister Location,2016-10-07,2016,2010s,Point-and-click,71.19,75.00,3.81,Within 5 points
19329,Shin Megami Tensei IV: Apocalypse,2016-02-10,2016,2010s,Role-playing (RPG),73.41,84.93,11.52,Critics higher
19333,Absolver,2017-08-29,2017,2010s,Fighting,61.93,74.73,12.80,Critics higher
19334,Final Fantasy: Brave Exvius,2015-10-22,2015,2010s,Role-playing (RPG),87.87,70.00,-17.87,Users higher
19345,Moto Racer 4,2016-10-13,2016,2010s,Racing,50.00,67.50,17.50,Critics higher
19349,Rag Doll Kung Fu,2005-10-12,2005,2000s,Fighting,61.71,70.00,8.29,Critics higher
19354,Joint Task Force,2007-03-27,2007,2000s,Real Time Strategy (RTS),70.00,65.00,-5.00,Within 5 points
19358,Loki,2007-06-04,2007,2000s,Role-playing (RPG),67.89,59.67,-8.22,Users higher
19379,Stargunner,1996-11-19,1996,1990s,Shooter,42.41,80.00,37.59,Critics higher
19385,The Charnel House Trilogy,2015-04-16,2015,2010s,Point-and-click,65.14,74.33,9.19,Critics higher
19388,Fable Fortune,2018-02-22,2018,2010s,Strategy,60.00,55.00,-5.00,Within 5 points
19391,Chronicles of Teddy: Harmony of Exidus,2015-04-02,2015,2010s,Platform,50.00,74.00,24.00,Critics higher
19393,Harvest Moon: Skytree Village,2016-11-08,2016,2010s,Role-playing (RPG),63.00,50.00,-13.00,Users higher
19394,Blackwood Crossing,2017-04-04,2017,2010s,Adventure,88.77,78.00,-10.77,Users higher
19397,Dead Island Retro Revenge,2016-06-01,2016,2010s,Fighting,63.03,60.00,-3.03,Within 5 points
19405,F1 2016,2016-08-19,2016,2010s,Racing,77.10,83.00,5.90,Critics higher
19406,Ara Fell,2016-06-02,2016,2010s,Role-playing (RPG),77.70,75.00,-2.70,Within 5 points
19407,Rock of Ages 2: Bigger & Boulder,2017-08-28,2017,2010s,Racing,57.83,74.75,16.92,Critics higher
19409,Farming Simulator 17,2016-10-25,2016,2010s,Simulator,76.19,63.86,-12.33,Users higher
19414,Armored Core 3,2002-04-04,2002,2000s,Shooter,76.35,60.00,-16.35,Users higher
19419,Star Wars: Racer Revenge,2002-02-12,2002,2000s,Racing,70.72,75.50,4.78,Within 5 points
19424,Armored Core: Master of Arena,1999-02-04,1999,1990s,Shooter,76.23,63.00,-13.23,Users higher
19440,Agents of Mayhem,2017-08-15,2017,2010s,Shooter,66.17,72.79,6.62,Critics higher
19441,Watch Dogs 2,2016-11-15,2016,2010s,Shooter,76.79,81.33,4.54,Within 5 points
19445,Trillion: God of Destruction,2015-07-27,2015,2010s,Role-playing (RPG),60.00,56.00,-4.00,Within 5 points
19448,Echo,2017-09-19,2017,2010s,Shooter,60.59,76.67,16.08,Critics higher
19449,Dragon Ball: Xenoverse 2,2016-10-25,2016,2010s,Fighting,73.79,73.50,-0.29,Within 5 points
19450,Serial Cleaner,2017-07-11,2017,2010s,Puzzle,69.29,73.33,4.05,Within 5 points
19459,FIFA 17,2016-09-27,2016,2010s,Sport,75.73,86.53,10.79,Critics higher
19462,WRC 6 FIA World Rally Championship,2016-10-07,2016,2010s,Racing,75.92,68.50,-7.42,Users higher
19463,Madden NFL 17,2016-08-23,2016,2010s,Sport,70.03,80.24,10.21,Critics higher
19464,NHL 17,2016-09-13,2016,2010s,Sport,79.21,79.72,0.51,Within 5 points
19470,Injustice 2,2017-05-16,2017,2010s,Fighting,80.86,86.39,5.53,Critics higher
19474,Gwent: The Witcher Card Game,2018-10-23,2018,2010s,Role-playing (RPG),77.77,85.00,7.23,Critics higher
19475,Code: Realize - Guardian of Rebirth,2014-11-27,2014,2010s,Adventure,56.04,84.67,28.62,Critics higher
19479,On Rusty Trails,2016-06-13,2016,2010s,Platform,70.00,90.00,20.00,Critics higher
19480,The Way,2016-05-19,2016,2010s,Platform,69.91,65.00,-4.91,Within 5 points
19489,Leo's Fortune,2014-04-23,2014,2010s,Platform,70.35,74.00,3.65,Within 5 points
19497,Tennis in the Face,2013-01-03,2013,2010s,Puzzle,80.00,64.33,-15.67,Users higher
19506,Sonic Dash,2013-03-07,2013,2010s,Platform,69.80,60.00,-9.80,Users higher
19516,WWE 2K17,2016-10-11,2016,2010s,Fighting,68.70,60.83,-7.86,Users higher
19518,Maize,2016-12-01,2016,2010s,Puzzle,60.98,71.11,10.13,Critics higher
19519,Star Trek: Bridge Crew,2017-05-30,2017,2010s,Role-playing (RPG),80.00,71.83,-8.17,Users higher
19520,Far: Lone Sails,2018-05-17,2018,2010s,Platform,76.02,77.50,1.48,Within 5 points
19521,Dead Rising 4,2016-12-06,2016,2010s,Shooter,69.61,76.84,7.24,Critics higher
19525,Fe,2018-02-15,2018,2010s,Platform,69.98,71.09,1.11,Within 5 points
19531,Prey,2017-05-04,2017,2010s,Shooter,80.31,75.81,-4.50,Within 5 points
19539,Forza Horizon 3,2016-09-27,2016,2010s,Racing,83.61,88.96,5.35,Critics higher
19541,State of Decay 2,2018-05-22,2018,2010s,Role-playing (RPG),74.23,66.50,-7.73,Users higher
19543,Serious Sam VR: The Last Hope,2016-10-17,2016,2010s,Shooter,80.00,82.00,2.00,Within 5 points
19544,Killing Floor: Incursion,2017-11-14,2017,2010s,Shooter,50.00,70.00,20.00,Critics higher
19545,Observer,2017-08-15,2017,2010s,Adventure,76.03,74.00,-2.03,Within 5 points
19546,DropZone,2017-03-31,2017,2010s,Real Time Strategy (RTS),60.00,90.00,30.00,Critics higher
19548,Dual Universe,2020-08-27,2020,2020s,Role-playing (RPG),87.01,60.00,-27.01,Users higher
19549,Day of Infamy,2017-03-23,2017,2010s,Shooter,70.97,79.67,8.69,Critics higher
19550,Just Dance 2017,2016-10-25,2016,2010s,Music,76.72,70.71,-6.01,Users higher
19552,Grow Up,2016-08-16,2016,2010s,Platform,66.74,68.54,1.80,Within 5 points
19553,Trials of the Blood Dragon,2016-06-13,2016,2010s,Shooter,67.54,52.88,-14.66,Users higher
19554,Steep,2016-12-01,2016,2010s,Simulator,77.00,72.89,-4.10,Within 5 points
19560,God of War,2018-04-20,2018,2010s,Role-playing (RPG),92.38,96.23,3.85,Within 5 points
19561,Days Gone,2019-04-26,2019,2010s,Shooter,79.70,74.69,-5.01,Users higher
19562,Resident Evil 7: Biohazard,2017-01-24,2017,2010s,Shooter,84.06,88.46,4.40,Within 5 points
19563,Batman: Arkham VR,2016-10-13,2016,2010s,Puzzle,72.96,73.29,0.33,Within 5 points
19564,Death Stranding,2019-11-08,2019,2010s,Shooter,86.41,84.41,-2.00,Within 5 points
19565,Marvel's Spider-Man,2018-09-07,2018,2010s,Hack and slash/Beat 'em up,87.16,89.69,2.53,Within 5 points
19572,Here They Lie,2016-10-13,2016,2010s,Adventure,66.79,59.75,-7.04,Users higher
19575,Farpoint,2017-05-16,2017,2010s,Shooter,70.32,69.40,-0.92,Within 5 points
19576,Skylanders: Imaginators,2016-10-13,2016,2010s,Platform,62.98,78.31,15.33,Critics higher
19577,Star Wars: Galaxy of Heroes,2015-09-01,2015,2010s,Role-playing (RPG),67.22,70.00,2.78,Within 5 points
19583,Uncharted: Fight for Fortune,2012-12-04,2012,2010s,Turn-based strategy (TBS),43.03,60.00,16.97,Critics higher
19590,Filthy Lucre,2016-09-07,2016,2010s,Shooter,50.00,58.33,8.33,Critics higher
19591,Dino Dini's Kick Off Revival,2016-06-17,2016,2010s,Simulator,70.00,22.50,-47.50,Users higher
19596,Ever Oasis,2017-06-13,2017,2010s,Puzzle,57.80,80.50,22.70,Critics higher
19598,BoxBoxBoy!,2016-06-29,2016,2010s,Platform,86.00,76.60,-9.40,Users higher
19599,Mario Party: Star Rush,2016-10-07,2016,2010s,Puzzle,50.71,66.10,15.39,Critics higher
19600,A King's Tale: Final Fantasy XV,2016-09-30,2016,2010s,Role-playing (RPG),68.54,59.50,-9.04,Users higher
19601,Deus Ex GO,2016-08-18,2016,2010s,Puzzle,66.28,83.00,16.72,Critics higher
19604,Fictorum,2017-08-09,2017,2010s,Role-playing (RPG),50.00,62.00,12.00,Critics higher
19606,TurnOn,2016-06-01,2016,2010s,Platform,70.00,74.14,4.14,Within 5 points
19607,VideoBall,2016-07-12,2016,2010s,Real Time Strategy (RTS),40.43,80.88,40.45,Critics higher
19608,Inversus,2016-08-16,2016,2010s,Shooter,70.00,78.38,8.38,Critics higher
19615,Epic Dumpster Bear,2016-04-07,2016,2010s,Platform,80.00,65.00,-15.00,Users higher
19619,Steambot Chronicles,2005-06-30,2005,2000s,Role-playing (RPG),94.41,70.00,-24.41,Users higher
19621,Naruto: Ultimate Ninja 2,2004-09-30,2004,2000s,Fighting,69.95,77.67,7.72,Critics higher
19622,Naruto: Clash of Ninja Revolution,2007-10-23,2007,2000s,Fighting,59.36,70.00,10.64,Critics higher
19623,Naruto Shippuden: Ultimate Ninja 4,2007-04-05,2007,2000s,Fighting,66.99,63.50,-3.49,Within 5 points
19626,Naruto: Ultimate Ninja 3,2005-12-22,2005,2000s,Fighting,72.67,70.33,-2.34,Within 5 points
19634,Atelier Iris: Eternal Mana,2004-05-27,2004,2000s,Role-playing (RPG),72.39,82.50,10.11,Critics higher
19635,Naruto: Ultimate Ninja Storm,2008-11-04,2008,2000s,Fighting,72.42,75.80,3.38,Within 5 points
19645,Guilty Gear Xrd: Sign,2014-12-04,2014,2010s,Fighting,75.83,78.33,2.50,Within 5 points
19649,Naruto Shippuden: Ultimate Ninja Impact,2011-10-19,2011,2010s,Hack and slash/Beat 'em up,52.30,70.00,17.70,Critics higher
19650,Section 8: Prejudice,2011-04-20,2011,2010s,Shooter,58.29,83.33,25.05,Critics higher
19656,Naruto Shippuden: Clash of Ninja Revolution 3,2009-11-17,2009,2000s,Fighting,68.32,70.00,1.68,Within 5 points
19657,Agatha Christie: The ABC Murders,2009-11-09,2009,2000s,Puzzle,60.00,66.00,6.00,Critics higher
19658,Naruto Shippuden: Legends - Akatsuki Rising,2009-10-06,2009,2000s,Fighting,38.41,72.00,33.59,Critics higher
19660,Naruto: Ultimate Ninja Heroes 2 - The Phantom Fortress,2006-03-30,2006,2000s,Fighting,59.94,66.00,6.06,Critics higher
19673,NCAA Football 14,2013-07-09,2013,2010s,Simulator,81.85,74.88,-6.97,Users higher
19675,Buzz Lightyear of Star Command,2000-09-26,2000,2000s,Platform,61.00,30.00,-31.00,Users higher
19687,Star Fox Guard,2016-04-21,2016,2010s,Shooter,70.00,71.14,1.14,Within 5 points
19696,Worms W.M.D,2016-08-23,2016,2010s,Strategy,71.76,79.14,7.38,Critics higher
19698,Albion Online,2017-07-17,2017,2010s,Role-playing (RPG),76.51,87.50,10.99,Critics higher
19726,Rayman Fiesta Run,2013-11-07,2013,2010s,Platform,75.00,83.33,8.34,Critics higher
19728,Huntdown,2020-05-12,2020,2020s,Shooter,84.71,82.00,-2.71,Within 5 points
19729,Mr. Shifty,2017-04-13,2017,2010s,Fighting,89.29,63.88,-25.41,Users higher
19747,Teenage Mutant Ninja Turtles,2003-10-21,2003,2000s,Hack and slash/Beat 'em up,60.89,42.00,-18.89,Users higher
19765,Berserk and the Band of the Hawk,2016-10-27,2016,2010s,Hack and slash/Beat 'em up,78.07,66.57,-11.50,Users higher
19766,LEGO Ninjago: Nindroids,2014-07-29,2014,2010s,Fighting,63.21,65.00,1.79,Within 5 points
19767,LEGO Battles: Ninjago,2011-04-12,2011,2010s,Real Time Strategy (RTS),53.00,62.50,9.50,Critics higher
19768,The Punisher,1993-04-01,1993,1990s,Fighting,79.24,50.00,-29.24,Users higher
19771,WWF Raw,1994-12-31,1994,1990s,Fighting,89.70,65.00,-24.70,Users higher
19776,Urban Reign,2005-09-13,2005,2000s,Hack and slash/Beat 'em up,61.26,44.50,-16.76,Users higher
19786,Mushroom Wars 2,2016-10-13,2016,2010s,Real Time Strategy (RTS),80.00,62.50,-17.50,Users higher
19788,The Great Whale Road,2017-03-30,2017,2010s,Role-playing (RPG),50.00,70.00,20.00,Critics higher
19795,Knight Online,2002-07-15,2002,2000s,Role-playing (RPG),50.46,20.00,-30.46,Users higher
19798,Root Letter,2016-06-16,2016,2010s,Role-playing (RPG),62.40,67.50,5.10,Critics higher
19799,Fate/Extella: The Umbral Star,2016-11-10,2016,2010s,Fighting,76.22,69.24,-6.99,Users higher
19803,Ride 2,2016-10-07,2016,2010s,Racing,85.10,62.14,-22.96,Users higher
19806,NASCAR Heat Evolution,2016-09-12,2016,2010s,Racing,60.00,51.00,-9.00,Users higher
19811,Karakara,2016-06-27,2016,2010s,Indie,58.70,60.00,1.30,Within 5 points
19817,Scorn,2022-10-14,2022,2020s,Puzzle,73.48,63.33,-10.14,Users higher
19820,Fat Princess,2009-07-30,2009,2000s,Real Time Strategy (RTS),70.06,75.00,4.94,Within 5 points
19834,Dragon Ball Z: The Legacy of Goku II,2003-06-17,2003,2000s,Role-playing (RPG),72.88,76.00,3.12,Within 5 points
19842,EyeToy: Play 2,2005-09-16,2005,2000s,Simulator,61.05,80.00,18.95,Critics higher
19843,EyeToy: Play 3,2005-11-04,2005,2000s,Sport,67.73,50.00,-17.73,Users higher
19847,HunieCam Studio,2016-04-04,2016,2010s,Simulator,76.23,75.00,-1.23,Within 5 points
19848,Raiden V,2016-05-11,2016,2010s,Shooter,80.00,79.00,-1.00,Within 5 points
19850,Lumo,2016-05-23,2016,2010s,Platform,59.92,77.00,17.08,Critics higher
19851,Anima: Gate of Memories,2016-06-03,2016,2010s,Role-playing (RPG),46.23,66.62,20.40,Critics higher
19853,Duelyst,2016-08-23,2016,2010s,Strategy,73.95,82.14,8.19,Critics higher
19862,Ellipsis,2017-01-25,2017,2010s,Puzzle,70.00,50.00,-20.00,Users higher
19863,Push Me Pull You,2016-05-03,2016,2010s,Sport,70.00,75.40,5.40,Critics higher
19864,Mary Skelter: Nightmares,2016-10-13,2016,2010s,Role-playing (RPG),70.00,83.40,13.40,Critics higher
19867,Eon Altar,2016-06-22,2016,2010s,Role-playing (RPG),80.00,95.00,15.00,Critics higher
19871,Omnibus,2016-05-26,2016,2010s,Racing,60.00,63.50,3.50,Within 5 points
19875,Football Manager 2016,2015-11-13,2015,2010s,Simulator,83.19,83.80,0.61,Within 5 points
19877,Squids Odyssey,2014-05-22,2014,2010s,Puzzle,77.00,70.00,-7.00,Users higher
19880,The Metronomicon: Slay the Dance Floor,2016-09-29,2016,2010s,Music,79.91,81.71,1.80,Within 5 points
19885,Professional Farmer 2017,2016-03-23,2016,2010s,Simulator,60.00,34.00,-26.00,Users higher
19897,Lucy: The Eternity She Wished For,2016-02-28,2016,2010s,Simulator,80.39,72.00,-8.39,Users higher
19899,AirMech: Command,2016-03-28,2016,2010s,Real Time Strategy (RTS),60.00,80.00,20.00,Critics higher
19901,Dance Central Spotlight,2014-09-02,2014,2010s,Music,80.00,76.67,-3.33,Within 5 points
19902,Bad Piggies,2012-09-27,2012,2010s,Puzzle,68.32,75.00,6.68,Critics higher
19907,Resistance: Burning Skies,2012-05-29,2012,2010s,Shooter,53.61,64.83,11.22,Critics higher
19910,Dance Central 3,2012-10-16,2012,2010s,Music,60.09,87.00,26.91,Critics higher
19912,Soul Sacrifice,2013-03-07,2013,2010s,Role-playing (RPG),79.87,76.22,-3.65,Within 5 points
19914,Charlie Murder,2013-08-14,2013,2010s,Role-playing (RPG),69.39,74.00,4.61,Within 5 points
19915,Sorcery Saga: Curse of the Great Curry God,2013-03-28,2013,2010s,Role-playing (RPG),60.00,50.00,-10.00,Users higher
19917,Fru,2016-07-13,2016,2010s,Platform,80.00,90.00,10.00,Critics higher
19918,EA Sports UFC 2,2016-03-15,2016,2010s,Fighting,70.41,74.08,3.67,Within 5 points
19923,Attack of the Friday Monsters! A Tokyo Tale,2013-07-17,2013,2010s,Simulator,62.35,77.50,15.15,Critics higher
19925,Pushmo World,2014-06-19,2014,2010s,Platform,76.00,84.17,8.17,Critics higher
19932,Gemini: Heroes Reborn,2016-01-18,2016,2010s,Shooter,80.00,65.00,-15.00,Users higher
19934,Riot: Civil Unrest,2019-02-06,2019,2010s,Simulator,46.83,55.00,8.17,Critics higher
19935,Wizard of Legend,2018-05-15,2018,2010s,Role-playing (RPG),70.68,74.40,3.72,Within 5 points
19939,Blue Dragon Plus,2008-09-04,2008,2000s,Real Time Strategy (RTS),71.00,66.33,-4.67,Within 5 points
19940,Pac-Man and the Ghostly Adventures,2013-10-25,2013,2010s,Platform,69.98,58.07,-11.91,Users higher
19942,Stephen's Sausage Roll,2016-04-18,2016,2010s,Puzzle,63.09,100.00,36.91,Critics higher
19944,A Bastard's Tale,2016-05-26,2016,2010s,Adventure,80.00,56.67,-23.33,Users higher
19945,Michael Phelps: Push the Limit,2011-10-11,2011,2010s,Sport,65.00,50.00,-15.00,Users higher
19947,Color Guardians,2015-05-12,2015,2010s,Platform,88.75,67.25,-21.50,Users higher
19949,Gryphon Knight Epic,2015-08-20,2015,2010s,Shooter,70.00,59.20,-10.80,Users higher
19955,You Must Build A Boat,2015-06-04,2015,2010s,Puzzle,70.16,70.00,-0.16,Within 5 points
19960,Spectra,2015-05-08,2015,2010s,Music,60.00,54.00,-6.00,Users higher
19964,Samurai Warriors Chronicles 3,2014-12-04,2014,2010s,Strategy,77.00,57.50,-19.50,Users higher
19966,Nutjitsu,2013-09-10,2013,2010s,Unknown,60.00,45.50,-14.50,Users higher
19969,The Consuming Shadow,2015-11-20,2015,2010s,Adventure,80.00,55.00,-25.00,Users higher
19975,Swords & Soldiers II,2015-05-21,2015,2010s,Puzzle,75.00,70.00,-5.00,Within 5 points
19976,Tachyon Project,2015-07-15,2015,2010s,Shooter,50.00,65.00,15.00,Critics higher
19977,Dub Dash,2015-11-25,2015,2010s,Music,50.00,70.00,20.00,Critics higher
19978,Tron Run/r,2016-02-16,2016,2010s,Platform,80.00,62.50,-17.50,Users higher
19980,Sadame,2016-02-25,2016,2010s,Role-playing (RPG),75.00,56.50,-18.50,Users higher
19981,Super Star Path,2015-06-22,2015,2010s,Shooter,80.00,90.00,10.00,Critics higher
19984,Stretchmo,2015-05-13,2015,2010s,Platform,86.00,81.25,-4.75,Within 5 points
19986,Samurai Shodown II,1994-10-28,1994,1990s,Fighting,78.40,80.00,1.60,Within 5 points
19987,Samurai Shodown III,1995-11-15,1995,1990s,Fighting,70.33,65.00,-5.33,Users higher
20001,The City of Lost Children,1997-05-15,1997,1990s,Puzzle,76.51,50.00,-26.51,Users higher
20002,Ice Age: Continental Drift - Arctic Games,2012-07-10,2012,2010s,Sport,70.00,25.00,-45.00,Users higher
20009,Darkstalkers: The Night Warriors,1994-07-01,1994,1990s,Fighting,80.05,65.00,-15.05,Users higher
20015,Legends of War: Patton,2012-11-20,2012,2010s,Turn-based strategy (TBS),70.00,70.00,0.00,Within 5 points
20017,Shred It!,2014-09-25,2014,2010s,Sport,70.00,35.00,-35.00,Users higher
20018,Darknet,2014-12-08,2014,2010s,Puzzle,70.00,82.75,12.75,Critics higher
20019,Supercharged Robot Vulkaiser,2015-06-04,2015,2010s,Indie,80.00,62.50,-17.50,Users higher
20020,Lord of Magna: Maiden Heaven,2014-10-02,2014,2010s,Role-playing (RPG),77.00,72.50,-4.50,Within 5 points
20021,Operation Abyss: New Tokyo Legacy,2015-04-14,2015,2010s,Role-playing (RPG),60.00,70.00,10.00,Critics higher
20026,Extreme Exorcism,2015-09-23,2015,2010s,Platform,59.96,75.00,15.04,Critics higher
20028,Aerannis,2015-07-15,2015,2010s,Indie,50.00,75.00,25.00,Critics higher
20031,Super Star Wars,1992-11-01,1992,1990s,Adventure,68.91,75.00,6.09,Critics higher
20032,Rayman Adventures,2015-10-20,2015,2010s,Platform,64.76,60.00,-4.76,Within 5 points
20033,Dragon Ball Z: Extreme Butouden,2015-06-11,2015,2010s,Fighting,60.03,54.00,-6.03,Users higher
20035,Koi,2016-04-19,2016,2010s,Puzzle,70.00,50.00,-20.00,Users higher
20037,Soda Drinker Pro,2013-11-03,2013,2010s,Simulator,80.00,35.00,-45.00,Users higher
20039,Pokémon Picross,2015-12-02,2015,2010s,Puzzle,67.56,71.67,4.10,Within 5 points
20040,Attack on Titan: Humanity in Chains,2013-12-05,2013,2010s,Hack and slash/Beat 'em up,59.00,60.00,1.00,Within 5 points
20043,Yu-Gi-Oh! Legacy of the Duelist,2015-07-30,2015,2010s,Puzzle,81.52,80.00,-1.52,Within 5 points
20047,Ride,2015-03-27,2015,2010s,Racing,68.03,61.57,-6.45,Users higher
20051,Sentinels of the Multiverse: The Video Game,2014-10-15,2014,2010s,Strategy,80.00,85.00,5.00,Within 5 points
20053,SimCity BuildIt,2014-12-16,2014,2010s,Simulator,69.89,80.00,10.11,Critics higher
20054,Ultimate NES Remix,2014-11-07,2014,2010s,Platform,69.92,75.00,5.08,Critics higher
20055,htoL#NiQ: The Firefly Diary,2014-06-19,2014,2010s,Platform,50.00,62.40,12.40,Critics higher
20056,Sixty Second Shooter Prime,2014-06-18,2014,2010s,Shooter,70.00,70.00,0.00,Within 5 points
20060,Terra Battle,2014-10-09,2014,2010s,Role-playing (RPG),70.76,90.00,19.24,Critics higher
20064,Motte Island,2014-04-07,2014,2010s,Adventure,70.00,50.00,-20.00,Users higher
20069,Sparkle 2,2014-05-20,2014,2010s,Puzzle,74.38,71.50,-2.88,Within 5 points
20070,Aegis of Earth: Protonovus Assault,2015-07-02,2015,2010s,Puzzle,60.00,59.50,-0.50,Within 5 points
20074,Rocketbirds 2: Evolution,2016-04-26,2016,2010s,Shooter,64.13,63.00,-1.13,Within 5 points
20077,Assassin's Creed: Pirates,2013-12-05,2013,2010s,Point-and-click,53.11,65.00,11.89,Critics higher
20078,Super Motherload,2013-11-15,2013,2010s,Puzzle,60.00,72.50,12.50,Critics higher
20079,King Oddball,2012-08-14,2012,2010s,Puzzle,76.89,71.00,-5.89,Users higher
20081,Mighty Switch Force! 2,2013-06-13,2013,2010s,Shooter,72.00,76.50,4.50,Within 5 points
20085,After Burner Climax,2006-12-01,2006,2000s,Simulator,80.39,73.33,-7.06,Users higher
20089,Kung Fu Panda: Showdown of Legendary Legends,2015-11-26,2015,2010s,Fighting,43.09,60.00,16.91,Critics higher
20091,Dance Central 2,2011-10-21,2011,2010s,Music,68.04,88.33,20.29,Critics higher
20094,Monster Monpiece,2013-01-24,2013,2010s,Role-playing (RPG),62.20,60.00,-2.20,Within 5 points
20097,Spoiler Alert,2014-06-30,2014,2010s,Platform,59.62,67.50,7.88,Critics higher
20100,Mutant Mudds Super Challenge,2016-03-17,2016,2010s,Platform,79.00,68.33,-10.67,Users higher
20101,Dynetzzle Extended,2016-03-15,2016,2010s,Indie,70.00,60.00,-10.00,Users higher
20102,Pharaoh Rebirth+,2016-03-17,2016,2010s,Platform,80.00,80.00,0.00,Within 5 points
20103,Sweet Fuse: At Your Side,2012-06-14,2012,2010s,Adventure,66.67,70.00,3.33,Within 5 points
20104,Four Sided Fantasy,2016-08-30,2016,2010s,Platform,60.00,60.67,0.67,Within 5 points
20112,Lovely Planet Arcade,2016-07-22,2016,2010s,Shooter,60.00,84.00,24.00,Critics higher
20118,Sonic Free Riders,2010-11-04,2010,2010s,Racing,30.52,55.20,24.68,Critics higher
20121,DanceMasters,2010-11-04,2010,2010s,Music,65.00,65.00,0.00,Within 5 points
20123,State of Mind,2018-08-15,2018,2010s,Puzzle,69.63,69.00,-0.63,Within 5 points
20125,Replica,2016-07-11,2016,2010s,Point-and-click,68.11,75.00,6.89,Critics higher
20134,NBA Live 97,1996-10-31,1996,1990s,Sport,79.83,80.00,0.17,Within 5 points
20143,Dark Fear,2016-06-22,2016,2010s,Role-playing (RPG),70.00,69.00,-1.00,Within 5 points
20149,Hot Lava,2019-09-19,2019,2010s,Platform,70.22,70.00,-0.22,Within 5 points
20150,Katana Zero,2019-04-18,2019,2010s,Platform,80.11,84.75,4.64,Within 5 points
20155,Winter Stars,2009-11-09,2009,2000s,Sport,70.00,70.00,0.00,Within 5 points
20156,Kung Fu High Impact,2011-12-21,2011,2010s,Fighting,80.00,48.33,-31.67,Users higher
20159,Rise of Nightmares,2011-09-06,2011,2010s,Unknown,70.00,62.80,-7.20,Users higher
20162,Minute to Win It,2010-12-31,2010,2010s,Arcade,70.00,30.00,-40.00,Users higher
20163,Hulk Hogan's Main Event,2011-09-02,2011,2010s,Sport,75.00,30.00,-45.00,Users higher
20165,Fantastic Pets,2011-05-12,2011,2010s,Simulator,75.00,55.00,-20.00,Users higher
20168,The Biggest Loser: Ultimate Workout,2010-12-10,2010,2010s,Sport,75.00,67.33,-7.67,Users higher
20169,Dance Paradise,2011-03-15,2011,2010s,Music,70.00,40.00,-30.00,Users higher
20170,Adrenalin Misfits,2010-12-04,2010,2010s,Racing,70.00,55.00,-15.00,Users higher
20171,Tokyo Crash Mobs,2012-08-08,2012,2010s,Puzzle,68.00,65.00,-3.00,Within 5 points
20203,Codename: Panzers - Phase Two,2005-07-21,2005,2000s,Real Time Strategy (RTS),84.84,80.00,-4.84,Within 5 points
20205,Five: Guardians of David,2015-11-24,2015,2010s,Role-playing (RPG),60.00,82.00,22.00,Critics higher
20206,Ice Lakes,2016-04-19,2016,2010s,Simulator,80.00,80.00,0.00,Within 5 points
20207,Gunnheim,2015-10-16,2015,2010s,Shooter,40.00,70.00,30.00,Critics higher
20208,Neo Contra,2004-11-19,2004,2000s,Shooter,79.87,78.00,-1.87,Within 5 points
20215,MotionSports: Adrenaline,2011-11-01,2011,2010s,Sport,75.00,40.00,-35.00,Users higher
20216,Twister Mania,2011-11-01,2011,2010s,Sport,75.00,70.00,-5.00,Within 5 points
20218,Grease Dance,2011-10-25,2011,2010s,Music,70.00,60.00,-10.00,Users higher
20220,Family Game Night 4: The Game Show,2011-11-01,2011,2010s,Quiz/Trivia,75.00,20.00,-55.00,Users higher
20221,Raving Rabbids: Alive and Kicking,2011-11-03,2011,2010s,Arcade,75.00,45.00,-30.00,Users higher
20222,Jillian Michaels' Fitness Adventure,2011-12-10,2011,2010s,Unknown,65.00,50.00,-15.00,Users higher
20223,Big League Sports,2011-12-08,2011,2010s,Sport,70.00,40.00,-30.00,Users higher
20224,Motion Explosion!,2011-12-01,2011,2010s,Arcade,70.00,60.00,-10.00,Users higher
20233,Summer Stars 2012,2012-07-12,2012,2010s,Sport,70.00,30.00,-40.00,Users higher
20240,Nickelodeon Dance,2011-11-08,2011,2010s,Music,70.00,60.00,-10.00,Users higher
20241,Let's Cheer!,2011-11-07,2011,2010s,Unknown,70.00,40.00,-30.00,Users higher
20243,Wipeout 2,2011-10-11,2011,2010s,Platform,75.00,10.00,-65.00,Users higher
20244,Deepak Chopra's Leela,2011-11-08,2011,2010s,Sport,70.00,60.00,-10.00,Users higher
20276,Mystery Case Files: MillionHeir,2008-09-08,2008,2000s,Puzzle,57.00,73.33,16.33,Critics higher
20279,Free Realms,2009-04-28,2009,2000s,Puzzle,81.07,80.00,-1.07,Within 5 points
20280,The Legendary Starfy,2008-07-10,2008,2000s,Platform,80.33,65.00,-15.33,Users higher
20298,Revolution X,1994-12-31,1994,1990s,Shooter,62.99,10.00,-52.99,Users higher
20300,Jumping Flash! 2,1996-04-26,1996,1990s,Shooter,70.02,80.00,9.98,Critics higher
20302,Adidas Power Soccer,1996-10-01,1996,1990s,Sport,48.99,70.00,21.01,Critics higher
20305,Boom Ball for Kinect,2014-11-28,2014,2010s,Puzzle,70.00,60.00,-10.00,Users higher
20308,Rabbids Invasion: The Interactive TV Show,2014-11-18,2014,2010s,Adventure,75.00,60.00,-15.00,Users higher
20313,Monopoly Plus,2014-11-25,2014,2010s,Simulator,62.39,60.00,-2.39,Within 5 points
20323,Neo Turf Masters,1996-01-01,1996,1990s,Sport,80.21,90.00,9.79,Critics higher
20324,Bears Can't Drift!?,2016-08-08,2016,2010s,Racing,50.00,59.00,9.00,Critics higher
20326,Deliver Us the Moon,2019-10-10,2019,2010s,Puzzle,79.34,78.00,-1.34,Within 5 points
20329,Figment,2017-09-22,2017,2010s,Music,83.27,88.67,5.40,Critics higher
20330,Flinthook,2017-04-18,2017,2010s,Shooter,79.76,80.80,1.04,Within 5 points
20331,For the King,2018-04-19,2018,2010s,Role-playing (RPG),69.23,76.00,6.77,Critics higher
20332,SuperHyperCube,2016-10-13,2016,2010s,Puzzle,70.00,77.14,7.14,Critics higher
20338,Lands of Lore III,1999-03-03,1999,1990s,Role-playing (RPG),51.47,43.00,-8.47,Users higher
20340,Scrap Garden,2016-05-06,2016,2010s,Platform,50.00,70.00,20.00,Critics higher
20342,Toby: The Secret Mine,2015-10-20,2015,2010s,Platform,50.10,59.14,9.04,Critics higher
20345,Painters Guild,2015-09-01,2015,2010s,Simulator,50.00,66.67,16.67,Critics higher
20347,Kick Ass Commandos,2016-11-17,2016,2010s,Shooter,80.00,85.00,5.00,Within 5 points
20348,Polyball,2015-06-04,2015,2010s,Platform,80.00,90.00,10.00,Critics higher
20349,Legends of Callasia,2015-12-14,2015,2010s,Strategy,70.00,65.00,-5.00,Within 5 points
20350,Obey,2015-05-21,2015,2010s,Strategy,80.00,90.00,10.00,Critics higher
20351,Moonshot,2015-12-21,2015,2010s,Indie,60.00,80.00,20.00,Critics higher
20352,Awe,2014-08-26,2014,2010s,Puzzle,60.00,70.00,10.00,Critics higher
20353,Mimpi,2015-01-20,2015,2010s,Platform,70.00,79.50,9.50,Critics higher
20356,Sniper Fury,2017-06-13,2017,2010s,Shooter,56.18,50.00,-6.18,Users higher
20358,Rogue State,2015-10-16,2015,2010s,Simulator,50.00,70.00,20.00,Critics higher
20361,Steamroll,2015-09-30,2015,2010s,Platform,70.00,80.00,10.00,Critics higher
20362,Eventide: Slavic Fable,2016-01-25,2016,2010s,Point-and-click,69.99,70.00,0.01,Within 5 points
20363,The Emerald Maiden: Symphony of Dreams,2016-02-18,2016,2010s,Adventure,70.00,85.00,15.00,Critics higher
20365,Holodrive,2016-03-24,2016,2010s,Shooter,70.00,88.00,18.00,Critics higher
20367,Asteroid Bounty Hunter,2016-02-24,2016,2010s,Role-playing (RPG),50.00,80.00,30.00,Critics higher
20391,MXGP2: The Official Motocross Videogame,2016-06-21,2016,2010s,Racing,80.00,40.00,-40.00,Users higher
20392,Portal Knights,2017-05-18,2017,2010s,Role-playing (RPG),67.95,73.75,5.80,Critics higher
20393,North,2016-02-26,2016,2010s,Puzzle,14.78,60.00,45.22,Critics higher
20394,Air Missions: Hind,2016-03-21,2016,2010s,Shooter,80.00,78.00,-2.00,Within 5 points
20395,Dungeon Rushers,2016-09-06,2016,2010s,Fighting,50.00,60.00,10.00,Critics higher
20397,Heavy Weapon,2005-02-24,2005,2000s,Shooter,66.75,75.00,8.25,Critics higher
20402,Demon's Crystals,2016-04-21,2016,2010s,Fighting,80.00,70.50,-9.50,Users higher
20403,Niffelheim,2018-09-26,2018,2010s,Platform,69.32,74.33,5.02,Critics higher
20404,Gibz,2017-04-07,2017,2010s,Shooter,60.00,75.00,15.00,Critics higher
20405,Frank Thomas Big Hurt Baseball,1995-02-01,1995,1990s,Sport,50.00,60.00,10.00,Critics higher
20406,International Track & Field,1996-06-15,1996,1990s,Sport,60.02,66.67,6.64,Critics higher
20407,Start the Party!,2010-09-15,2010,2010s,Unknown,60.67,50.00,-10.67,Users higher
20409,Dead Rising 2: Case Zero,2010-08-31,2010,2010s,Shooter,60.35,87.00,26.65,Critics higher
20412,Dragon Ball: Origins 2,2010-02-11,2010,2010s,Unknown,70.06,63.50,-6.56,Users higher
20413,Super Mutant Alien Assault,2016-07-11,2016,2010s,Shooter,70.00,72.00,2.00,Within 5 points
20426,Gran Turismo,2009-10-01,2009,2000s,Racing,70.02,71.67,1.65,Within 5 points
20435,Bejeweled Blitz,2010-04-05,2010,2010s,Puzzle,73.23,50.00,-23.23,Users higher
20446,PixelJunk Shooter 2,2011-03-01,2011,2010s,Shooter,80.00,80.00,0.00,Within 5 points
20450,Dead Space: Ignition,2010-10-12,2010,2010s,Puzzle,55.05,40.00,-15.05,Users higher
20453,Meridian: Squad 22,2016-08-11,2016,2010s,Real Time Strategy (RTS),50.00,65.00,15.00,Critics higher
20454,Pinstripe,2017-04-24,2017,2010s,Platform,72.46,81.67,9.21,Critics higher
20459,Rick and Morty: Virtual Rick-ality,2017-04-20,2017,2010s,Puzzle,60.01,71.83,11.82,Critics higher
20460,Zombasite,2015-10-13,2015,2010s,Role-playing (RPG),80.00,80.00,0.00,Within 5 points
20464,Avalon Lords: Dawn Rises,2016-04-28,2016,2010s,Real Time Strategy (RTS),50.00,60.00,10.00,Critics higher
20465,Blue Dragon: Awakened Shadow,2009-10-08,2009,2000s,Role-playing (RPG),77.00,70.00,-7.00,Users higher
20471,Anarcute,2016-07-12,2016,2010s,Fighting,62.16,77.25,15.09,Critics higher
20480,Worms 2: Armageddon,2009-07-01,2009,2000s,Strategy,79.42,92.50,13.08,Critics higher
20484,Space Bust-A-Move,2009-08-28,2009,2000s,Puzzle,68.00,100.00,32.00,Critics higher
20485,Battles of Prince of Persia,2005-12-06,2005,2000s,Strategy,40.04,65.00,24.96,Critics higher
20487,WWII Online,2001-06-06,2001,2000s,Shooter,70.00,75.00,5.00,Within 5 points
20488,The Rub Rabbits!,2005-10-20,2005,2000s,Puzzle,73.00,73.33,0.33,Within 5 points
20489,Super Monkey Ball Touch & Roll,2006-02-17,2006,2000s,Platform,64.29,73.33,9.05,Critics higher
20491,Tamagotchi Connection: Corner Shop,2005-09-15,2005,2000s,Simulator,64.00,50.00,-14.00,Users higher
20493,True Swing Golf,2006-02-23,2006,2000s,Sport,68.00,70.00,2.00,Within 5 points
20497,Super Princess Peach,2005-10-20,2005,2000s,Platform,69.55,65.00,-4.55,Within 5 points
20500,Jewel Quest,2006-03-03,2006,2000s,Puzzle,60.00,70.00,10.00,Critics higher
20503,Marble Blast Ultra,2006-02-23,2006,2000s,Platform,79.94,80.00,0.06,Within 5 points
20504,Smash T.V.,1990-05-01,1990,1990s,Shooter,76.24,80.00,3.76,Within 5 points
20509,Zuma Deluxe,2003-12-08,2003,2000s,Puzzle,78.05,75.00,-3.05,Within 5 points
20510,Atelier Iris 2: The Azoth of Destiny,2005-05-26,2005,2000s,Role-playing (RPG),72.39,66.67,-5.72,Users higher
20524,Uno,2006-05-09,2006,2000s,Strategy,73.74,72.00,-1.74,Within 5 points
20526,Magnetica,2006-03-02,2006,2000s,Puzzle,67.00,65.00,-2.00,Within 5 points
20527,Paradise,2006-04-21,2006,2000s,Point-and-click,69.77,64.50,-5.27,Users higher
20530,Bleach: The Blade of Fate,2006-01-26,2006,2000s,Fighting,65.00,82.67,17.66,Critics higher
20531,Rise and Fall: Civilizations at War,2006-06-12,2006,2000s,Shooter,77.53,58.33,-19.20,Users higher
20532,Point Blank DS,2006-06-15,2006,2000s,Shooter,73.00,71.00,-2.00,Within 5 points
20542,Pirates of the Caribbean: Dead Man's Chest,2006-06-27,2006,2000s,Fighting,52.57,35.00,-17.57,Users higher
20552,Deep Labyrinth,2006-08-08,2006,2000s,Role-playing (RPG),72.00,70.00,-2.00,Within 5 points
20556,Star Fox Command,2006-08-03,2006,2000s,Shooter,69.92,70.00,0.08,Within 5 points
20559,World Racing 2,2005-09-29,2005,2000s,Racing,60.03,47.50,-12.53,Users higher
20566,Carnivores: Ice Age,2001-01-15,2001,2000s,Shooter,90.00,40.00,-50.00,Users higher
20578,Touch Detective,2006-10-24,2006,2000s,Point-and-click,78.67,50.00,-28.67,Users higher
20581,Contact,2006-03-30,2006,2000s,Puzzle,79.97,65.00,-14.97,Users higher
20582,The Dishwasher: Vampire Smile,2011-04-06,2011,2010s,Indie,89.08,88.00,-1.08,Within 5 points
20587,ESPN Extreme Games,1995-09-09,1995,1990s,Fighting,58.27,59.00,0.73,Within 5 points
20601,Yoshi's Island DS,2006-11-13,2006,2000s,Platform,77.81,80.00,2.19,Within 5 points
20602,Naruto: Uzumaki Chronicles,2005-09-18,2005,2000s,Puzzle,66.99,63.33,-3.66,Within 5 points
20606,Aliens: Infestation,2011-09-30,2011,2010s,Adventure,71.12,62.50,-8.62,Users higher
20607,Tamagotchi Connection: Corner Shop 2,2006-07-27,2006,2000s,Simulator,73.00,50.00,-23.00,Users higher
20609,Digimon World DS,2006-06-15,2006,2000s,Role-playing (RPG),79.53,60.00,-19.53,Users higher
20610,Star Trek: Tactical Assault,2006-10-26,2006,2000s,Strategy,59.00,62.50,3.50,Within 5 points
20612,Bomberman Land Touch!,2006-10-31,2006,2000s,Puzzle,77.88,80.00,2.12,Within 5 points
20615,Zoop,1995-02-01,1995,1990s,Puzzle,49.89,60.00,10.11,Critics higher
20636,Agatha Christie: Murder on the Orient Express,2006-11-14,2006,2000s,Point-and-click,69.98,56.67,-13.31,Users higher
20640,Shin Megami Tensei Devil Summoner: Raidou Kuzunoha vs. The Soulless Army,2006-03-02,2006,2000s,Platform,79.97,60.00,-19.97,Users higher
20642,VR Soccer,1995-10-30,1995,1990s,Simulator,59.96,77.00,17.04,Critics higher
20644,Infinity Blade II,2011-12-01,2011,2010s,Role-playing (RPG),81.01,88.33,7.32,Critics higher
20653,Inuyasha: Secret of the Divine Jewel,2007-02-23,2007,2000s,Unknown,78.00,47.50,-30.50,Users higher
20654,Disruptor,1996-11-30,1996,1990s,Shooter,79.96,80.00,0.04,Within 5 points
20657,Chulip,2002-10-03,2002,2000s,Puzzle,70.63,50.00,-20.63,Users higher
20665,Dementium II,2010-04-20,2010,2010s,Puzzle,79.00,80.00,1.00,Within 5 points
20668,Zombie Driver,2009-12-04,2009,2000s,Shooter,65.05,67.50,2.45,Within 5 points
20670,Yu-Gi-Oh! GX Spirit Caller,2006-11-30,2006,2000s,Strategy,66.63,67.50,0.87,Within 5 points
20671,Izuna: Legend of the Unemployed Ninja,2006-06-08,2006,2000s,Role-playing (RPG),77.00,66.00,-11.00,Users higher
20672,Bubble Bobble Double Shot,2007-04-13,2007,2000s,Platform,58.00,40.00,-18.00,Users higher
20674,War Rock,2009-03-07,2009,2000s,Shooter,75.78,53.33,-22.45,Users higher
20677,QuickSpot,2007-04-13,2007,2000s,Puzzle,47.00,70.00,23.00,Critics higher
20678,FIFA Manager 08,2007-11-02,2007,2000s,Simulator,68.53,65.00,-3.53,Within 5 points
20680,FIFA Manager 10,2009-10-30,2009,2000s,Simulator,74.49,80.00,5.51,Critics higher
20684,FIFA Manager 12,2011-10-21,2011,2010s,Simulator,73.81,70.00,-3.81,Within 5 points
20685,Honeycomb Beat,2006-08-10,2006,2000s,Music,47.00,56.50,9.50,Critics higher
20688,Highway Blossoms,2016-06-17,2016,2010s,Adventure,68.73,80.00,11.27,Critics higher
20690,Knights in the Nightmare,2008-09-25,2008,2000s,Role-playing (RPG),80.00,80.00,0.00,Within 5 points
20691,Steel Horizon,2007-02-27,2007,2000s,Strategy,47.00,60.00,13.00,Critics higher
20702,Touch the Dead,2007-05-15,2007,2000s,Unknown,66.00,63.00,-3.00,Within 5 points
20704,Naruto: Ninja Council 3,2006-04-27,2006,2000s,Turn-based strategy (TBS),62.07,62.00,-0.07,Within 5 points
20705,Rag Doll Kung Fu: Fists of Plastic,2009-04-09,2009,2000s,Fighting,60.41,70.00,9.59,Critics higher
20712,Tetris Plus,1995-02-01,1995,1990s,Puzzle,74.05,60.00,-14.05,Users higher
20717,Jet Moto,1996-11-13,1996,1990s,Racing,73.28,80.00,6.72,Critics higher
20730,Zen Pinball,2009-05-14,2009,2000s,Pinball,60.04,85.00,24.96,Critics higher
20736,Little Deviants,2011-12-17,2011,2010s,Shooter,60.09,70.00,9.91,Critics higher
20743,Harry Potter for Kinect,2012-11-09,2012,2010s,Unknown,75.00,30.00,-45.00,Users higher
20753,Tahira: Echoes of the Astral Empire,2016-08-31,2016,2010s,Role-playing (RPG),60.00,58.00,-2.00,Within 5 points
20756,Adam's Venture Chronicles,2014-02-04,2014,2010s,Puzzle,50.00,65.00,15.00,Critics higher
20757,Evolve Stage 2,2016-07-07,2016,2010s,Shooter,70.69,85.00,14.31,Critics higher
20759,My Little Kitties,2016-06-21,2016,2010s,Adventure,70.00,30.00,-40.00,Users higher
20763,Race Driver: Create & Race,2008-08-05,2008,2000s,Racing,68.00,75.00,7.00,Critics higher
20764,Syphon Filter: Dark Mirror,2006-03-14,2006,2000s,Shooter,70.98,74.00,3.02,Within 5 points
20765,Prism: Light the Way,2007-09-02,2007,2000s,Puzzle,43.00,77.00,34.00,Critics higher
20767,Rune Factory: A Fantasy Harvest Moon,2006-08-24,2006,2000s,Role-playing (RPG),72.83,80.00,7.17,Critics higher
20768,Rune Factory 2: A Fantasy Harvest Moon,2008-01-03,2008,2000s,Role-playing (RPG),59.97,75.00,15.03,Critics higher
20770,Master of Illusion,2006-11-16,2006,2000s,Simulator,58.00,70.00,12.00,Critics higher
20773,Zoo Tycoon 2 DS,2008-02-05,2008,2000s,Simulator,40.00,68.00,28.00,Critics higher
20774,Bomberman Land Touch! 2,2007-07-19,2007,2000s,Puzzle,79.59,80.00,0.41,Within 5 points
20776,Imperium Romanum,2008-02-22,2008,2000s,Real Time Strategy (RTS),69.97,60.00,-9.97,Users higher
20778,Naruto: Ninja Destiny,2006-12-14,2006,2000s,Fighting,43.00,55.00,12.00,Critics higher
20779,Hard to be a God,2007-10-18,2007,2000s,Role-playing (RPG),70.00,50.00,-20.00,Users higher
20787,The Assembly,2016-07-19,2016,2010s,Puzzle,69.55,56.20,-13.35,Users higher
20789,The Eyes of Ara,2016-07-19,2016,2010s,Point-and-click,70.47,85.00,14.53,Critics higher
20803,Super Puzzle Fighter II Turbo,1996-05-31,1996,1990s,Puzzle,73.93,85.00,11.07,Critics higher
20811,Sakura Samurai: Art of the Sword,2011-11-16,2011,2010s,Hack and slash/Beat 'em up,74.00,68.67,-5.33,Users higher
20830,Iron Front: Liberation 1944,2012-05-25,2012,2010s,Shooter,50.00,57.00,7.00,Critics higher
20832,A New Beginning: Final Cut,2012-12-11,2012,2010s,Point-and-click,69.99,75.00,5.01,Critics higher
20846,Naruto: Powerful Shippuden,2012-11-29,2012,2010s,Adventure,77.00,70.00,-7.00,Users higher
20848,MUD: FIM Motocross World Championship,2012-04-25,2012,2010s,Racing,75.00,65.00,-10.00,Users higher
20853,The Starship Damrey,2013-05-16,2013,2010s,Puzzle,70.00,55.00,-15.00,Users higher
20857,One Piece: Pirate Warriors 2,2013-03-30,2013,2010s,Strategy,69.28,70.00,0.72,Within 5 points
20861,Rugby World Cup 2015,2015-09-04,2015,2010s,Sport,75.00,25.00,-50.00,Users higher
20865,Broken Age: The Complete Adventure,2014-06-12,2014,2010s,Puzzle,90.00,90.00,0.00,Within 5 points
20871,Zombie Army Trilogy,2015-03-03,2015,2010s,Shooter,65.18,71.00,5.82,Critics higher
20874,Hive Jump,2016-10-12,2016,2010s,Shooter,80.00,74.67,-5.33,Users higher
20875,Project Highrise,2016-09-08,2016,2010s,Simulator,66.36,81.00,14.64,Critics higher
20879,Giana Sisters: Dream Runners,2015-08-18,2015,2010s,Platform,60.00,63.33,3.33,Within 5 points
20882,Chasing Aurora,2012-11-18,2012,2010s,Racing,75.00,54.33,-20.67,Users higher
20883,RaiderZ,2012-12-20,2012,2010s,Role-playing (RPG),66.80,50.00,-16.80,Users higher
20884,Brain Age: Concentration Training,2012-07-28,2012,2010s,Unknown,77.00,80.00,3.00,Within 5 points
20886,Sébastien Loeb Rally Evo,2016-01-29,2016,2010s,Racing,60.00,63.33,3.33,Within 5 points
20888,Magnetic: Cage Closed,2015-05-26,2015,2010s,Shooter,60.00,51.00,-9.00,Users higher
20894,We Are Doomed,2015-04-14,2015,2010s,Shooter,51.54,50.00,-1.54,Within 5 points
20908,Jalopy,2018-03-28,2018,2010s,Racing,61.19,45.00,-16.19,Users higher
20910,World War Z,2019-04-16,2019,2010s,Shooter,69.87,73.67,3.79,Within 5 points
20911,Into the Dead,2012-12-06,2012,2010s,Shooter,69.91,65.00,-4.91,Within 5 points
20912,Layton Brothers: Mystery Room,2012-09-21,2012,2010s,Puzzle,79.70,70.00,-9.70,Users higher
20918,Desync,2017-02-28,2017,2010s,Shooter,80.38,66.60,-13.78,Users higher
20920,Blockstorm,2015-05-21,2015,2010s,Shooter,25.29,70.00,44.71,Critics higher
20923,Hyperspace Invaders II: Pixel Edition,2015-09-04,2015,2010s,Indie,80.00,70.00,-10.00,Users higher
20927,911 Operator,2017-02-24,2017,2010s,Simulator,70.14,76.00,5.86,Critics higher
20932,Shadow Blade,2014-01-16,2014,2010s,Platform,90.00,90.00,0.00,Within 5 points
20947,Fruit Ninja Kinect 2,2015-03-18,2015,2010s,Unknown,80.00,65.33,-14.67,Users higher
20951,Slice Zombies for Kinect,2015-05-08,2015,2010s,Racing,60.00,50.00,-10.00,Users higher
20953,Sparkle Unleashed,2015-06-02,2015,2010s,Puzzle,70.00,62.50,-7.50,Users higher
20954,Squid Hero for Kinect,2015-07-29,2015,2010s,Puzzle,60.00,50.00,-10.00,Users higher
20955,Pumped BMX+,2015-09-18,2015,2010s,Racing,50.16,58.33,8.17,Critics higher
20956,Polychromatic,2015-10-02,2015,2010s,Indie,60.00,50.00,-10.00,Users higher
20962,Orbit,2015-09-30,2015,2010s,Shooter,50.00,60.00,10.00,Critics higher
20963,Toto Temple Deluxe,2014-07-24,2014,2010s,Platform,60.00,70.67,10.67,Critics higher
20966,Hyper Void,2015-02-10,2015,2010s,Shooter,60.47,78.50,18.03,Critics higher
20968,Amazing Princess Sarah,2014-07-09,2014,2010s,Platform,50.00,60.00,10.00,Critics higher
20969,Casey Powell Lacrosse 16,2016-03-08,2016,2010s,Simulator,60.00,60.00,0.00,Within 5 points
20974,Sumotori Dreams,2007-12-31,2007,2000s,Sport,52.19,80.00,27.81,Critics higher
20976,Global Agenda,2010-02-01,2010,2010s,Shooter,72.15,70.00,-2.15,Within 5 points
20978,Fossil Fighters,2008-04-18,2008,2000s,Role-playing (RPG),78.00,60.00,-18.00,Users higher
20979,Fossil Fighters: Champions,2010-11-18,2010,2010s,Role-playing (RPG),86.00,61.50,-24.50,Users higher
20981,Paranautical Activity,2014-10-20,2014,2010s,Shooter,53.00,65.00,12.00,Critics higher
20992,Nanostray 2,2008-03-11,2008,2000s,Shooter,68.00,80.00,12.00,Critics higher
20994,Cast of the Seven Godsends: Redux,2015-07-20,2015,2010s,Shooter,60.00,40.00,-20.00,Users higher
20996,Mana Khemia: Alchemists of Al-Revis,2007-06-21,2007,2000s,Role-playing (RPG),76.64,75.00,-1.64,Within 5 points
21007,Liberation Maiden,2012-10-25,2012,2010s,Shooter,63.63,68.67,5.04,Critics higher
21008,Ragnarok Odyssey,2012-02-02,2012,2010s,Role-playing (RPG),59.71,73.33,13.62,Critics higher
21014,Zero Gunner 2,2001-05-01,2001,2000s,Shooter,74.24,75.00,0.76,Within 5 points
21017,Aero Porter,2012-11-29,2012,2010s,Puzzle,71.00,71.67,0.67,Within 5 points
21033,Elminage Original,2012-11-20,2012,2010s,Fighting,70.00,60.00,-10.00,Users higher
21039,Mutant Mudds,2012-01-26,2012,2010s,Platform,69.72,72.50,2.78,Within 5 points
21045,Lux-Pain,2008-03-27,2008,2000s,Adventure,68.00,42.00,-26.00,Users higher
21046,Excitebike: World Rally,2009-11-09,2009,2000s,Racing,80.00,76.67,-3.33,Within 5 points
21052,Super Dodgeball Brawlers,2008-03-19,2008,2000s,Sport,48.00,60.00,12.00,Critics higher
21054,Final Fantasy: Crystal Chronicles - My Life as a King,2008-03-25,2008,2000s,Strategy,69.90,80.00,10.10,Critics higher
21055,Time Hollow,2008-03-19,2008,2000s,Adventure,72.31,50.00,-22.31,Users higher
21061,Ozmafia!!,2013-06-28,2013,2010s,Adventure,76.43,78.50,2.07,Within 5 points
21062,Sonic Mania,2017-08-15,2017,2010s,Platform,83.99,85.44,1.45,Within 5 points
21063,Sonic Forces,2017-11-07,2017,2010s,Platform,56.25,56.73,0.48,Within 5 points
21074,Shin Megami Tensei,1992-10-30,1992,1990s,Role-playing (RPG),70.51,70.00,-0.51,Within 5 points
21075,Nano Assault,2011-12-05,2011,2010s,Shooter,78.00,60.00,-18.00,Users higher
21077,A World of Keflings,2010-12-22,2010,2010s,Simulator,50.13,68.00,17.87,Critics higher
21078,Monster Tale,2011-03-15,2011,2010s,Platform,82.00,88.67,6.67,Critics higher
21083,Wizardry: Labyrinth of Lost Souls,2009-12-09,2009,2000s,Role-playing (RPG),50.00,65.00,15.00,Critics higher
21088,Planet 51: The Game,2009-11-06,2009,2000s,Platform,75.00,50.00,-25.00,Users higher
21089,Winter Sports 2010: The Great Tournament,2010-02-15,2010,2010s,Sport,70.00,40.00,-30.00,Users higher
21091,Phantasy Star 0,2008-12-25,2008,2000s,Role-playing (RPG),70.00,70.00,0.00,Within 5 points
21093,Mario vs. Donkey Kong: Mini-Land Mayhem!,2010-11-14,2010,2010s,Platform,60.76,76.25,15.49,Critics higher
21094,Comic Jumper: The Adventures of Captain Smiley,2010-11-06,2010,2010s,Shooter,50.20,60.00,9.80,Critics higher
21100,Jam with the Band,2008-06-26,2008,2000s,Music,73.00,80.00,7.00,Critics higher
21104,MotorStorm: Arctic Edge,2009-09-17,2009,2000s,Racing,74.29,75.00,0.71,Within 5 points
21109,Alien Breed Evolution,2009-11-03,2009,2000s,Shooter,57.59,65.00,7.41,Critics higher
21115,Nation Red,2009-09-03,2009,2000s,Shooter,62.31,70.00,7.69,Critics higher
21116,The Wizard of Oz: Beyond the Yellow Brick Road,2008-12-25,2008,2000s,Role-playing (RPG),76.00,73.67,-2.33,Within 5 points
21121,Dokapon Journey,2008-07-31,2008,2000s,Unknown,95.00,65.00,-30.00,Users higher
21122,Naruto Shippuden: Ninja Council 4,2007-07-19,2007,2000s,Platform,59.84,40.00,-19.84,Users higher
21123,One Piece: Unlimited Cruise 1 - The Treasure Beneath the Waves,2008-09-11,2008,2000s,Fighting,69.65,40.00,-29.65,Users higher
21124,Black Sigil: Blade of the Exiled,2009-06-09,2009,2000s,Role-playing (RPG),80.00,70.00,-10.00,Users higher
21135,Art Style: Cubello,2008-11-13,2008,2000s,Puzzle,80.00,76.50,-3.50,Within 5 points
21141,Dream Trigger 3D,2011-05-10,2011,2010s,Shooter,48.00,60.00,12.00,Critics higher
21144,May's Mystery: Forbidden Memories,2011-08-05,2011,2010s,Unknown,40.00,67.50,27.50,Critics higher
21154,Bust-A-Move Universe,2011-03-27,2011,2010s,Puzzle,63.00,57.50,-5.50,Users higher
21158,Tomena Sanner,2009-08-04,2009,2000s,Music,73.00,80.00,7.00,Critics higher
21169,Fluidity,2010-12-06,2010,2010s,Puzzle,86.00,70.00,-16.00,Users higher
21174,Hard Corps: Uprising,2011-02-16,2011,2010s,Shooter,79.78,75.00,-4.78,Within 5 points
21178,The Dishwasher: Dead Samurai,2009-05-01,2009,2000s,Unknown,79.95,80.00,0.05,Within 5 points
21183,Magician's Quest: Mysterious Times,2009-05-05,2009,2000s,Adventure,70.00,60.00,-10.00,Users higher
21185,The Dark Spire,2009-05-14,2009,2000s,Role-playing (RPG),86.00,60.00,-26.00,Users higher
21189,Desktop Tower Defense,2007-03-03,2007,2000s,Real Time Strategy (RTS),60.00,50.00,-10.00,Users higher
21192,Shin Megami Tensei: Devil Summoner 2 - Raidou Kuzunoha vs King Abaddon,2008-10-23,2008,2000s,Role-playing (RPG),76.96,80.00,3.04,Within 5 points
21196,Dragon Ball Z: Attack of the Saiyans,2009-04-29,2009,2000s,Role-playing (RPG),70.43,72.50,2.07,Within 5 points
21206,Avalon Code,2008-11-01,2008,2000s,Role-playing (RPG),90.00,65.00,-25.00,Users higher
21212,Water Warfare,2009-06-23,2009,2000s,Shooter,87.00,60.00,-27.00,Users higher
21221,Age of Empires: Mythologies,2008-11-24,2008,2000s,Strategy,82.49,60.00,-22.49,Users higher
21228,The Chosen: Well of Souls,2006-09-05,2006,2000s,Role-playing (RPG),84.00,57.50,-26.50,Users higher
21230,Glory Days 2,2007-07-31,2007,2000s,Shooter,60.00,70.00,10.00,Critics higher
21231,Naruto: Uzumaki Chronicles 2,2006-11-16,2006,2000s,Fighting,53.71,46.50,-7.21,Users higher
21233,God of War: Betrayal,2007-06-20,2007,2000s,Hack and slash/Beat 'em up,60.61,80.00,19.39,Critics higher
21237,Touch Detective 2 1/2,2007-10-09,2007,2000s,Point-and-click,69.00,50.00,-19.00,Users higher
21238,Dementium: The Ward,2007-10-31,2007,2000s,Shooter,60.55,71.67,11.11,Critics higher
21245,LostWinds: Winter of the Melodias,2009-10-09,2009,2000s,Platform,70.00,90.00,20.00,Critics higher
21251,Retro Game Challenge,2007-11-15,2007,2000s,Shooter,79.64,76.67,-2.97,Within 5 points
21254,XG Blast!,2009-02-06,2009,2000s,Shooter,40.00,80.00,40.00,Critics higher
21260,Naruto: Clash of Ninja Revolution 2,2008-10-21,2008,2000s,Fighting,54.14,72.50,18.36,Critics higher
21267,Prince of Persia: The Fallen King,2008-12-02,2008,2000s,Platform,51.00,50.00,-1.00,Within 5 points
21272,Commando: Steel Disaster,2008-06-30,2008,2000s,Shooter,50.00,55.50,5.50,Critics higher
21273,Multiwinia: Survival of the Flattest,2008-09-19,2008,2000s,Real Time Strategy (RTS),80.00,80.00,0.00,Within 5 points
21278,Bangai-O Spirits,2008-03-19,2008,2000s,Shooter,83.00,80.00,-3.00,Within 5 points
21279,Jewel Quest: Expeditions,2011-09-11,2011,2010s,Puzzle,63.00,80.00,17.00,Critics higher
21297,Galagan's Island: Reprymian Rising,2015-06-16,2015,2010s,Indie,60.00,70.00,10.00,Critics higher
21298,Little Red Riding Hood's Zombie BBQ,2008-10-21,2008,2000s,Shooter,65.00,60.50,-4.50,Within 5 points
21300,Theresia,2008-09-11,2008,2000s,Adventure,79.00,40.00,-39.00,Users higher
21301,Teenage Zombies: Invasion of the Alien Brain Thingys!,2008-04-04,2008,2000s,Adventure,43.00,72.00,29.00,Critics higher
21304,TrackMania DS,2008-11-14,2008,2000s,Racing,69.90,79.75,9.85,Critics higher
21307,Chibi-Robo!: Park Patrol,2007-07-05,2007,2000s,Adventure,88.16,68.67,-19.50,Users higher
21315,Super Party Sports: Football,2014-06-12,2014,2010s,Puzzle,60.00,60.00,0.00,Within 5 points
21316,The Living Dungeon,2015-11-02,2015,2010s,Simulator,60.00,62.50,2.50,Within 5 points
21319,Bike Mayhem 2,2016-02-05,2016,2010s,Unknown,70.00,30.00,-40.00,Users higher
21320,Tiny Troopers: Joint Ops,2014-10-29,2014,2010s,Fighting,63.90,63.00,-0.90,Within 5 points
21324,Star Realms,2014-08-13,2014,2010s,Strategy,97.50,90.00,-7.50,Users higher
21326,Fragmented,2016-04-26,2016,2010s,Shooter,40.00,70.00,30.00,Critics higher
21329,Tecmo Bowl: Kickoff,2008-11-18,2008,2000s,Sport,64.00,50.00,-14.00,Users higher
21330,Luminous Arc 2,2008-05-15,2008,2000s,Role-playing (RPG),52.22,80.00,27.78,Critics higher
21331,Bleach: Dark Souls,2007-02-15,2007,2000s,Fighting,76.20,78.33,2.13,Within 5 points
21332,Away: Shuffle Dungeon,2008-12-06,2008,2000s,Role-playing (RPG),60.00,70.00,10.00,Critics higher
21335,Star Wars: The Clone Wars - Jedi Alliance,2008-12-11,2008,2000s,Adventure,49.29,60.00,10.71,Critics higher
21336,The Legend of Kage 2,2008-11-07,2008,2000s,Unknown,70.00,80.00,10.00,Critics higher
21337,Prey the Stars,2008-09-25,2008,2000s,Unknown,47.00,67.00,20.00,Critics higher
21344,Jenny LeClue: Detectivu,2019-09-19,2019,2010s,Platform,84.26,80.00,-4.26,Within 5 points
21345,Izuna 2: The Unemployed Ninja Returns,2007-11-29,2007,2000s,Role-playing (RPG),78.00,67.00,-11.00,Users higher
21348,The Last Guy,2008-07-31,2008,2000s,Unknown,79.93,75.50,-4.43,Within 5 points
21349,Assassin's Creed: Altair's Chronicles,2008-02-05,2008,2000s,Platform,59.48,60.00,0.52,Within 5 points
21350,Karaoke Revolution Presents: American Idol Encore,2008-02-05,2008,2000s,Music,50.00,70.00,20.00,Critics higher
21357,Viva Piñata: Pocket Paradise,2008-09-05,2008,2000s,Simulator,80.00,85.00,5.00,Within 5 points
21359,Defend Your Castle,2008-06-12,2008,2000s,Strategy,69.92,57.50,-12.42,Users higher
21361,Lost in Blue 3,2007-12-20,2007,2000s,Adventure,70.00,62.00,-8.00,Users higher
21370,Soul Bubbles,2008-06-13,2008,2000s,Platform,77.00,85.00,8.00,Critics higher
21385,Nano Assault Neo,2012-11-18,2012,2010s,Shooter,77.00,67.00,-10.00,Users higher
21387,SNK vs Capcom Card Fighters DS,2006-12-14,2006,2000s,Puzzle,53.00,41.25,-11.75,Users higher
21392,NCAA March Madness 07,2007-01-17,2007,2000s,Sport,70.00,67.00,-3.00,Within 5 points
21396,Lost in Blue 2,2007-03-15,2007,2000s,Adventure,70.00,66.67,-3.33,Within 5 points
21406,Atelier Iris 3: Grand Phantasm,2006-06-29,2006,2000s,Role-playing (RPG),70.00,50.00,-20.00,Users higher
21414,8-Bit Hordes,2016-08-12,2016,2010s,Real Time Strategy (RTS),60.00,73.00,13.00,Critics higher
21418,Diner Dash: Sizzle & Serve,2007-06-22,2007,2000s,Strategy,43.00,60.00,17.00,Critics higher
21422,Brothers in Arms DS,2007-06-07,2007,2000s,Shooter,61.00,66.33,5.33,Critics higher
21426,Dragon Ball Z: Harukanaru Densetsu,2007-03-21,2007,2000s,Role-playing (RPG),66.92,55.00,-11.92,Users higher
21429,Vikings: Wolves of Midgard,2017-03-24,2017,2010s,Role-playing (RPG),67.89,67.50,-0.39,Within 5 points
21436,Nanostray,2005-07-09,2005,2000s,Unknown,68.14,66.33,-1.80,Within 5 points
21442,TouchMaster DS,2007-06-29,2007,2000s,Unknown,72.00,55.00,-17.00,Users higher
21444,Yu-Gi-Oh! World Championship 2007,2007-03-15,2007,2000s,Strategy,60.05,71.33,11.28,Critics higher
21447,Luminous Arc,2007-02-08,2007,2000s,Role-playing (RPG),54.42,70.00,15.58,Critics higher
21454,Robocalypse,2008-11-17,2008,2000s,Real Time Strategy (RTS),53.00,70.00,17.00,Critics higher
21464,The Sims 2: Apartment Pets,2008-08-26,2008,2000s,Simulator,53.00,30.00,-23.00,Users higher
21466,Ninja Gaiden: Dragon Sword,2008-03-20,2008,2000s,Hack and slash/Beat 'em up,80.22,80.00,-0.22,Within 5 points
21468,Soma Bringer,2008-02-28,2008,2000s,Role-playing (RPG),69.82,70.00,0.18,Within 5 points
21472,Zubo,2008-10-02,2008,2000s,Music,50.00,70.00,20.00,Critics higher
21473,Boing! Docomodake DS,2007-12-06,2007,2000s,Puzzle,74.00,68.67,-5.33,Users higher
21477,Summon Night: Twin Age,2007-08-30,2007,2000s,Role-playing (RPG),68.00,62.50,-5.50,Users higher
21481,Rondo of Swords,2007-08-09,2007,2000s,Role-playing (RPG),74.00,58.50,-15.50,Users higher
21485,Overclocked: A History of Violence,2007-10-12,2007,2000s,Point-and-click,63.89,72.50,8.61,Critics higher
21486,LostWinds,2008-05-12,2008,2000s,Puzzle,71.06,85.00,13.94,Critics higher
21487,Drone Tactics,2007-08-02,2007,2000s,Strategy,43.00,74.00,31.00,Critics higher
21492,Mabinogi,2004-06-22,2004,2000s,Role-playing (RPG),69.59,70.00,0.41,Within 5 points
21494,Sudden Strike 3: Arms for Victory,2007-12-07,2007,2000s,Real Time Strategy (RTS),50.00,70.00,20.00,Critics higher
21495,Arkanoid DS,2008-07-04,2008,2000s,Puzzle,66.00,36.67,-29.33,Users higher
21509,Ontamarama,2007-11-06,2007,2000s,Music,50.00,70.00,20.00,Critics higher
21521,Digimon World Dawn,2007-03-29,2007,2000s,Role-playing (RPG),77.49,70.00,-7.49,Users higher
21523,Neves,2007-12-06,2007,2000s,Shooter,60.00,81.00,21.00,Critics higher
21524,Buzz! Junior: Jungle Party,2006-10-20,2006,2000s,Unknown,50.38,60.00,9.62,Critics higher
21527,Orcs & Elves,2006-05-01,2006,2000s,Role-playing (RPG),70.27,73.67,3.40,Within 5 points
21535,Rugby 08,2007-07-17,2007,2000s,Simulator,68.48,80.00,11.52,Critics higher
21538,Ar tonelico: Melody of Elemia,2006-01-26,2006,2000s,Role-playing (RPG),70.04,70.00,-0.04,Within 5 points
21542,Draglade,2007-12-04,2007,2000s,Unknown,66.00,60.00,-6.00,Users higher
21545,Time Ace,2007-06-12,2007,2000s,Simulator,50.00,53.33,3.33,Within 5 points
21546,Devilish,1991-03-29,1991,1990s,Arcade,56.15,20.00,-36.15,Users higher
21550,Paparazzi,2015-02-17,2015,2010s,Simulator,50.00,52.00,2.00,Within 5 points
21558,Arc the Lad: Twilight of the Spirits,2003-03-20,2003,2000s,Role-playing (RPG),76.02,80.00,3.98,Within 5 points
21561,Dreadhalls,2016-03-09,2016,2010s,Puzzle,80.00,62.00,-18.00,Users higher
21564,Into the Stars,2015-07-09,2015,2010s,Simulator,50.00,65.33,15.33,Critics higher
21565,Radiohammer,2014-01-16,2014,2010s,Music,78.00,60.00,-18.00,Users higher
21574,Monopoly Streets,2010-10-26,2010,2010s,Strategy,80.12,68.50,-11.62,Users higher
21591,Saint Seiya: Soldiers' Soul,2015-09-25,2015,2010s,Fighting,67.59,57.25,-10.34,Users higher
21593,Lords of the Fallen,2023-10-13,2023,2020s,Role-playing (RPG),69.23,72.00,2.77,Within 5 points
21597,Lost Orbit,2015-05-12,2015,2010s,Adventure,70.00,76.33,6.33,Critics higher
21599,Virginia,2016-09-22,2016,2010s,Adventure,67.65,68.18,0.52,Within 5 points
21601,Shattered Skies,2016-07-22,2016,2010s,Shooter,40.00,52.50,12.50,Critics higher
21602,VR Ping Pong,2016-09-13,2016,2010s,Simulator,80.00,85.00,5.00,Within 5 points
21606,Riptide GP: Renegade,2016-07-26,2016,2010s,Racing,68.54,80.75,12.21,Critics higher
21613,Bomberman Land,2007-03-08,2007,2000s,Puzzle,70.00,56.00,-14.00,Users higher
21623,Tricky Towers,2016-08-02,2016,2010s,Puzzle,75.35,67.57,-7.78,Users higher
21631,Kelvin and the Infamous Machine,2016-07-21,2016,2010s,Point-and-click,77.83,85.00,7.17,Critics higher
21634,Death Road to Canada,2016-07-21,2016,2010s,Role-playing (RPG),64.62,76.57,11.95,Critics higher
21667,Siesta Fiesta,2014-07-24,2014,2010s,Puzzle,69.00,68.00,-1.00,Within 5 points
21672,Art Style: Pictobits,2009-01-28,2009,2000s,Unknown,78.00,85.00,7.00,Critics higher
21676,Chasing Dead,2016-03-03,2016,2010s,Shooter,57.00,30.00,-27.00,Users higher
21682,Pipe Mania,2008-09-26,2008,2000s,Puzzle,48.00,71.00,23.00,Critics higher
21698,Funky Barn,2012-11-18,2012,2010s,Puzzle,60.00,60.00,0.00,Within 5 points
21700,Pokédex 3D Pro,2012-11-08,2012,2010s,Quiz/Trivia,63.00,46.00,-17.00,Users higher
21708,Sportsball,2014-11-06,2014,2010s,Sport,74.00,76.00,2.00,Within 5 points
21721,The House of the Dead 4,2005-07-02,2005,2000s,Shooter,59.83,79.00,19.17,Critics higher
21726,NCIS,2011-10-28,2011,2010s,Point-and-click,75.00,56.50,-18.50,Users higher
21727,Dragon Quest Monsters: Joker 2,2010-04-28,2010,2010s,Role-playing (RPG),77.48,77.67,0.19,Within 5 points
21735,Dream Chronicles,2007-06-12,2007,2000s,Puzzle,80.27,30.00,-50.27,Users higher
21766,Glory of Heracles,2008-05-22,2008,2000s,Role-playing (RPG),67.00,66.00,-1.00,Within 5 points
21767,The Count Lucanor,2016-03-03,2016,2010s,Role-playing (RPG),78.07,83.33,5.26,Critics higher
21793,Home Sweet Home,2017-09-26,2017,2010s,Puzzle,69.95,50.00,-19.95,Users higher
21825,TV Show King,2008-06-12,2008,2000s,Puzzle,73.00,60.00,-13.00,Users higher
21838,Guardian Heroes,1996-01-26,1996,1990s,Fighting,80.22,85.00,4.78,Within 5 points
21839,Art Academy: Home Studio,2015-06-25,2015,2010s,Unknown,80.00,75.00,-5.00,Within 5 points
21840,Mr. Driller,1999-10-01,1999,1990s,Puzzle,87.29,80.00,-7.29,Users higher
21855,Castle of Magic,2009-06-15,2009,2000s,Platform,82.00,82.00,0.00,Within 5 points
21863,Fire Emblem Fates: Conquest,2015-06-25,2015,2010s,Role-playing (RPG),81.10,90.00,8.90,Critics higher
21874,Tears To Tiara II: Heir Of The Overlord,2013-10-31,2013,2010s,Fighting,91.16,65.00,-26.16,Users higher
21898,Moon,2009-02-13,2009,2000s,Shooter,73.00,77.00,4.00,Within 5 points
21904,Nostalgia,2009-10-27,2009,2000s,Role-playing (RPG),82.00,75.00,-7.00,Users higher
21907,Hieroglyphika,2016-02-03,2016,2010s,Role-playing (RPG),50.00,70.00,20.00,Critics higher
21910,Dr. Mario Online Rx,2008-03-25,2008,2000s,Puzzle,78.00,85.00,7.00,Critics higher
21911,LittleBigPlanet,2009-11-17,2009,2000s,Platform,74.05,81.00,6.95,Critics higher
21912,Flash Focus: Vision Training in Minutes a Day,2007-10-15,2007,2000s,Unknown,56.00,40.00,-16.00,Users higher
21933,Chambara,2016-07-26,2016,2010s,Fighting,70.00,76.25,6.25,Critics higher
21935,Nintendogs + Cats: Golden Retriever & New Friends,2011-03-25,2011,2010s,Simulator,65.88,70.00,4.12,Within 5 points
21943,Half-Minute Hero,2009-05-28,2009,2000s,Puzzle,83.58,85.25,1.67,Within 5 points
21945,Yu-Gi-Oh! GX Tag Force 2,2007-09-18,2007,2000s,Card & Board Game,83.22,60.00,-23.22,Users higher
21955,Marvel Trading Card Game,2007-03-07,2007,2000s,Strategy,74.00,61.00,-13.00,Users higher
21960,Dead Star,2016-04-05,2016,2010s,Shooter,59.84,70.00,10.16,Critics higher
21961,Fox n Forests,2018-05-17,2018,2010s,Platform,73.00,69.17,-3.83,Within 5 points
21968,Phantasy Star Online,2000-12-21,2000,2000s,Role-playing (RPG),78.18,90.00,11.82,Critics higher
21969,Sonic Shuffle,2000-12-14,2000,2000s,Puzzle,88.03,40.00,-48.03,Users higher
21970,Neon Space 2,2016-07-26,2016,2010s,Strategy,86.41,20.00,-66.41,Users higher
21991,Acorn Assault: Rodent Revolution,2016-03-02,2016,2010s,Puzzle,80.00,73.00,-7.00,Users higher
21993,Seum: Speedrunners from Hell,2016-07-28,2016,2010s,Shooter,61.10,65.00,3.90,Within 5 points
21994,Super Daryl Deluxe,2018-04-10,2018,2010s,Platform,70.00,67.50,-2.50,Within 5 points
22017,Metrico+,2016-08-23,2016,2010s,Music,50.00,70.20,20.20,Critics higher
22039,The Signal From Tölva,2017-04-10,2017,2010s,Shooter,60.00,72.50,12.50,Critics higher
22054,Maximo: Ghosts to Glory,2001-12-27,2001,2000s,Adventure,76.03,79.50,3.47,Within 5 points
22059,F1 2002,2002-04-04,2002,2000s,Racing,73.41,70.00,-3.41,Within 5 points
22060,Grand Prix 4,2002-06-21,2002,2000s,Racing,72.37,100.00,27.63,Critics higher
22065,Dino Stalker,2002-06-27,2002,2000s,Shooter,58.93,60.00,1.07,Within 5 points
22072,Gungrave,2002-07-18,2002,2000s,Shooter,50.09,40.00,-10.09,Users higher
22092,WRC 5 FIA World Rally Championship,2015-10-08,2015,2010s,Racing,63.41,67.00,3.59,Within 5 points
22113,Rage of the Gladiator,2010-03-15,2010,2010s,Fighting,72.00,73.00,1.00,Within 5 points
22117,Oceanhorn,2013-11-14,2013,2010s,Puzzle,73.89,100.00,26.11,Critics higher
22144,Icycle: On Thin Ice,2013-11-27,2013,2010s,Puzzle,90.00,80.00,-10.00,Users higher
22158,Impossible Road,2013-04-09,2013,2010s,Racing,80.00,70.00,-10.00,Users higher
22163,Sprinkle Islands,2013-07-11,2013,2010s,Puzzle,80.00,80.00,0.00,Within 5 points
22164,Kokuga,2013-06-27,2013,2010s,Shooter,83.00,73.00,-10.00,Users higher
22179,Real Racing 3,2013-02-28,2013,2010s,Racing,77.43,30.00,-47.43,Users higher
22182,Momonga Pinball Adventures,2015-10-15,2015,2010s,Pinball,60.00,64.33,4.33,Within 5 points
22191,Wonderbook: Book of Spells,2012-11-13,2012,2010s,Simulator,59.94,70.00,10.06,Critics higher
22226,Contra: Shattered Soldier,2002-11-22,2002,2000s,Shooter,79.95,40.00,-39.95,Users higher
22238,SOCOM: US Navy SEALs,2002-08-27,2002,2000s,Shooter,98.12,60.00,-38.12,Users higher
22248,Space Colony,2003-08-29,2003,2000s,Simulator,64.77,77.00,12.23,Critics higher
22251,Dog's Life,2003-10-31,2003,2000s,Adventure,40.43,60.00,19.57,Critics higher
22252,Gregory Horror Show,2003-08-07,2003,2000s,Puzzle,74.00,70.00,-4.00,Within 5 points
22258,Heroes of Dragon Age,2013-12-05,2013,2010s,Role-playing (RPG),55.56,50.00,-5.56,Users higher
22259,Scram Kitty and His Buddy on Rails,2014-05-15,2014,2010s,Shooter,72.00,80.00,8.00,Critics higher
22262,Desert Golfing,2014-08-06,2014,2010s,Sport,70.00,90.00,20.00,Critics higher
22277,Picross e,2011-07-27,2011,2010s,Puzzle,75.00,80.00,5.00,Within 5 points
22281,Jet Li: Rise to Honor,2004-04-08,2004,2000s,Fighting,54.10,72.00,17.90,Critics higher
22287,Bomberman,2005-05-19,2005,2000s,Arcade,80.06,73.50,-6.56,Users higher
22290,Space Invaders Revolution,2005-10-20,2005,2000s,Unknown,67.00,20.00,-47.00,Users higher
22293,Archer Maclean's Mercury,2005-04-06,2005,2000s,Puzzle,82.71,80.00,-2.71,Within 5 points
22294,TrackMania Sunrise,2005-04-08,2005,2000s,Racing,81.07,90.00,8.93,Critics higher
22303,UEFA Champions League 2004-2005,2005-02-03,2005,2000s,Simulator,50.17,60.00,9.83,Critics higher
22356,Fishing: Barents Sea,2018-02-07,2018,2010s,Simulator,50.00,76.00,26.00,Critics higher
22359,The Adventure Pals,2018-04-03,2018,2010s,Platform,69.82,75.40,5.58,Critics higher
22373,Case: Animatronics,2016-08-03,2016,2010s,Puzzle,57.48,30.00,-27.48,Users higher
22375,Strikers Edge,2018-01-30,2018,2010s,Fighting,70.00,64.00,-6.00,Users higher
22376,A Wizard's Lizard: Soul Thief,2016-04-05,2016,2010s,Role-playing (RPG),70.00,60.00,-10.00,Users higher
22377,Ahnayro: The Dream World,2016-12-01,2016,2010s,Puzzle,80.00,77.50,-2.50,Within 5 points
22386,Fly and Destroy,2016-07-27,2016,2010s,Strategy,60.00,70.00,10.00,Critics higher
22387,Legrand Legacy,2018-01-24,2018,2010s,Role-playing (RPG),71.06,65.00,-6.06,Users higher
22397,Bear With Me,2016-08-08,2016,2010s,Point-and-click,80.37,71.78,-8.60,Users higher
22398,New Retro Arcade: Neon,2019-11-19,2019,2010s,Racing,80.00,69.00,-11.00,Users higher
22399,Sudden Strike 4,2017-08-11,2017,2010s,Real Time Strategy (RTS),60.00,66.25,6.25,Critics higher
22401,Starship Troopers,2005-10-02,2005,2000s,Shooter,40.14,56.67,16.52,Critics higher
22430,Blade Ballet,2016-08-09,2016,2010s,Fighting,70.00,66.33,-3.67,Within 5 points
22436,Reigns,2016-08-10,2016,2010s,Role-playing (RPG),70.08,75.00,4.92,Within 5 points
22442,Infinium Strike,2016-07-14,2016,2010s,Real Time Strategy (RTS),50.00,70.00,20.00,Critics higher
22443,Copy Kitty,2016-08-11,2016,2010s,Shooter,70.00,60.00,-10.00,Users higher
22444,Tadpole Treble,2016-05-06,2016,2010s,Music,80.00,80.00,0.00,Within 5 points
22445,Battleship,2016-08-02,2016,2010s,Simulator,80.00,56.67,-23.33,Users higher
22458,The Lord of the Rings: Tactics,2005-12-08,2005,2000s,Strategy,69.53,70.00,0.47,Within 5 points
22461,Gotta Protectors,2016-07-28,2016,2010s,Role-playing (RPG),90.00,90.00,0.00,Within 5 points
22499,Moons of Madness,2020-03-21,2020,2020s,Puzzle,75.03,69.00,-6.03,Users higher
22506,Reflections,2015-06-26,2015,2010s,Adventure,70.00,85.00,15.00,Critics higher
22508,Untold Legends: Brotherhood of the Blade,2005-04-24,2005,2000s,Hack and slash/Beat 'em up,69.94,63.33,-6.60,Users higher
22509,Need for Speed: Underground Rivals,2005-03-18,2005,2000s,Racing,74.15,71.00,-3.15,Within 5 points
22513,Lost in Blue,2005-08-25,2005,2000s,Adventure,60.48,70.00,9.52,Critics higher
22516,Crashday,2006-02-24,2006,2000s,Racing,57.38,60.00,2.62,Within 5 points
22518,Paradroid,1985-11-01,1985,1980s,Shooter,79.89,90.00,10.11,Critics higher
22532,Boulder Dash: Rocks!,2007-11-23,2007,2000s,Puzzle,62.00,70.00,8.00,Critics higher
22538,Brain Age Express: Math,2008-12-24,2008,2000s,Unknown,70.00,40.00,-30.00,Users higher
22572,Bust-a-Move DS,2006-01-13,2006,2000s,Puzzle,66.00,60.00,-6.00,Users higher
22590,Lost Cities,2008-04-23,2008,2000s,Strategy,50.00,60.00,10.00,Critics higher
22612,Star Rangers,2016-07-06,2016,2010s,Racing,50.00,52.00,2.00,Within 5 points
22624,The Dame Was Loaded,1996-12-31,1996,1990s,Puzzle,70.00,63.00,-7.00,Users higher
22632,Tom Clancy's Splinter Cell: Essentials,2006-04-06,2006,2000s,Strategy,69.81,50.00,-19.81,Users higher
22637,Panzer Corps,2013-12-18,2013,2010s,Strategy,80.39,81.00,0.61,Within 5 points
22645,Unity of Command,2012-10-17,2012,2010s,Strategy,80.00,86.00,6.00,Critics higher
22670,Out of the Park Baseball 17,2016-03-22,2016,2010s,Simulator,80.00,87.25,7.25,Critics higher
22672,Lethis: Path of Progress,2015-06-25,2015,2010s,Simulator,59.99,60.00,0.01,Within 5 points
22677,Wurm Online,2012-12-12,2012,2010s,Role-playing (RPG),87.50,68.00,-19.50,Users higher
22688,Inazuma Eleven,2008-08-22,2008,2000s,Role-playing (RPG),74.82,93.00,18.18,Critics higher
22703,Metal Gear Survive,2018-02-20,2018,2010s,Shooter,31.63,59.79,28.16,Critics higher
22704,Orwell: Keeping an Eye on You,2016-10-27,2016,2010s,Simulator,69.44,85.83,16.40,Critics higher
22727,Underground Keeper,2016-08-15,2016,2010s,Puzzle,60.00,65.00,5.00,Within 5 points
22739,Uno,2016-08-16,2016,2010s,Strategy,69.69,52.50,-17.19,Users higher
22747,Book of Demons,2018-12-13,2018,2010s,Role-playing (RPG),70.90,90.00,19.10,Critics higher
22751,Bot Vice,2016-07-11,2016,2010s,Shooter,50.42,50.00,-0.42,Within 5 points
22753,Pro Evolution Soccer 2017,2016-09-13,2016,2010s,Simulator,72.50,80.11,7.62,Critics higher
22778,Outward,2019-03-26,2019,2010s,Role-playing (RPG),78.53,56.50,-22.03,Users higher
22783,The Sexy Brutale,2017-04-11,2017,2010s,Puzzle,75.42,80.00,4.58,Within 5 points
22788,Granblue Fantasy: Relink,2024-02-01,2024,2020s,Role-playing (RPG),82.88,83.20,0.32,Within 5 points
22794,SpiritSphere,2016-07-27,2016,2010s,Sport,70.00,80.00,10.00,Critics higher
22796,Style Savvy: Fashion Forward,2015-04-16,2015,2010s,Simulator,78.89,65.00,-13.89,Users higher
22799,Pawarumi,2018-01-30,2018,2010s,Shooter,70.00,80.00,10.00,Critics higher
22800,Oceanhorn 2: Knights of the Lost Realm,2019-09-19,2019,2010s,Role-playing (RPG),78.21,80.00,1.79,Within 5 points
22806,Zombie City Defense 2,2016-08-19,2016,2010s,Simulator,50.00,60.00,10.00,Critics higher
22807,Tempest,2016-08-22,2016,2010s,Role-playing (RPG),50.00,52.50,2.50,Within 5 points
22813,The Huntsman: Winter's Curse,2016-04-22,2016,2010s,Role-playing (RPG),70.00,52.00,-18.00,Users higher
22824,Motorhead,1998-04-01,1998,1990s,Racing,40.00,79.00,39.00,Critics higher
22830,Army Men II,1999-02-28,1999,1990s,Shooter,58.26,69.00,10.74,Critics higher
22835,Guardian's Crusade,1998-09-23,1998,1990s,Role-playing (RPG),67.83,71.00,3.17,Within 5 points
22839,Street Sk8er,1998-10-22,1998,1990s,Racing,69.72,40.00,-29.72,Users higher
22844,The Last Blade,1997-12-05,1997,1990s,Fighting,71.74,70.00,-1.74,Within 5 points
22851,Champions of Anteria,2016-08-30,2016,2010s,Real Time Strategy (RTS),50.00,66.25,16.25,Critics higher
22863,MotoHeroz,2011-09-15,2011,2010s,Racing,70.00,80.00,10.00,Critics higher
22866,Frobisher Says,2012-05-02,2012,2010s,Unknown,59.87,60.00,0.13,Within 5 points
22885,Resistance: Retribution,2009-03-12,2009,2000s,Shooter,60.42,90.00,29.58,Critics higher
22917,Gris,2018-12-13,2018,2010s,Platform,80.46,81.25,0.79,Within 5 points
22919,Mighty Switch Force!,2011-12-22,2011,2010s,Shooter,72.24,80.00,7.76,Critics higher
22921,Pushmo,2011-10-05,2011,2010s,Platform,84.43,87.00,2.57,Within 5 points
22939,Kinect Fun Labs,2011-06-06,2011,2010s,Unknown,70.00,46.67,-23.33,Users higher
22959,Art Academy,2010-06-19,2010,2010s,Simulator,51.24,60.00,8.76,Critics higher
23003,Hard Truck: Apocalypse,2005-12-08,2005,2000s,Shooter,77.75,40.00,-37.75,Users higher
23012,MotoGP,2000-10-12,2000,2000s,Racing,70.01,65.50,-4.51,Within 5 points
23016,Final Fantasy: Crystal Chronicles - Echoes of Time,2009-01-29,2009,2000s,Role-playing (RPG),70.90,63.50,-7.40,Users higher
23025,101-in-1 Explosive Megamix,2008-11-28,2008,2000s,Arcade,52.00,51.67,-0.33,Within 5 points
23030,New International Track & Field,2008-06-20,2008,2000s,Sport,47.00,65.00,18.00,Critics higher
23048,Tapper,1983-09-02,1983,1980s,Arcade,85.12,90.00,4.88,Within 5 points
23057,Sabre Wulf,1984-05-01,1984,1980s,Puzzle,65.46,80.00,14.54,Critics higher
23063,Star Wars: Battlefront - Renegade Squadron,2007-11-09,2007,2000s,Shooter,63.58,60.00,-3.58,Within 5 points
23072,Super Puzzle Fighter II Turbo HD Remix,2007-08-30,2007,2000s,Fighting,71.51,90.00,18.49,Critics higher
23077,Anno 1701: Dawn of Discovery,2007-06-08,2007,2000s,Real Time Strategy (RTS),52.00,81.67,29.67,Critics higher
23086,300: March to Glory,2007-03-27,2007,2000s,Adventure,60.74,45.00,-15.74,Users higher
23088,Shin Megami Tensei: Devil Summoner,1995-12-25,1995,1990s,Role-playing (RPG),74.90,75.00,0.10,Within 5 points
23093,Planet Puzzle League,2007-04-26,2007,2000s,Puzzle,73.00,80.00,7.00,Critics higher
23095,Moero! Nekketsu Rhythm Damashii Osu! Tatakae! Ouendan 2,2007-05-17,2007,2000s,Music,86.98,80.00,-6.98,Users higher
23113,Saint Seiya: The Hades,2006-09-29,2006,2000s,Fighting,60.12,30.00,-30.12,Users higher
23116,Star Wars: Lethal Alliance,2006-12-07,2006,2000s,Fighting,60.00,50.00,-10.00,Users higher
23120,Wings Over Europe: Cold War Gone Hot,2006-12-31,2006,2000s,Simulator,50.00,60.00,10.00,Critics higher
23127,Ridge Racer 2,2006-09-14,2006,2000s,Racing,71.52,70.00,-1.52,Within 5 points
23137,Armadillo Run,2006-04-22,2006,2000s,Puzzle,75.43,90.00,14.57,Critics higher
23138,Pirates of the Caribbean: The Legend of Jack Sparrow,2006-06-28,2006,2000s,Adventure,52.81,30.00,-22.81,Users higher
23140,PoPoLoCrois,2005-02-10,2005,2000s,Role-playing (RPG),82.24,68.33,-13.90,Users higher
23144,Take Command: 2nd Manassas,2016-10-28,2016,2010s,Simulator,70.00,75.00,5.00,Within 5 points
23168,100ft Robot Golf,2016-10-10,2016,2010s,Fighting,60.00,58.00,-2.00,Within 5 points
23179,Rogue Wizards,2016-09-27,2016,2010s,Role-playing (RPG),60.00,77.00,17.00,Critics higher
23186,Cat President: A More Purrfect Union,2016-08-23,2016,2010s,Role-playing (RPG),70.00,60.00,-10.00,Users higher
23187,Alice VR,2016-10-27,2016,2010s,Adventure,50.00,70.00,20.00,Critics higher
23188,Immortal Redneck,2017-04-25,2017,2010s,Shooter,55.04,80.33,25.29,Critics higher
23193,Battlerite,2017-11-08,2017,2010s,Fighting,78.41,80.00,1.59,Within 5 points
23212,Aven Colony,2017-07-25,2017,2010s,Simulator,63.26,72.71,9.46,Critics higher
23214,Prominence Poker,2016-08-16,2016,2010s,Simulator,69.42,65.00,-4.42,Within 5 points
23228,Murasaki Baby,2014-09-16,2014,2010s,Platform,60.18,60.00,-0.18,Within 5 points
23229,Pac-Man and the Ghostly Adventures 2,2014-10-03,2014,2010s,Platform,70.00,56.25,-13.75,Users higher
23236,"Cook, Serve, Delicious! 2!!",2017-09-13,2017,2010s,Simulator,79.40,82.50,3.10,Within 5 points
23240,Pac-Man Championship Edition 2,2016-09-13,2016,2010s,Puzzle,77.46,77.43,-0.03,Within 5 points
23245,ChromaGun,2016-02-16,2016,2010s,Shooter,70.00,74.00,4.00,Within 5 points
23248,Frostpunk,2018-04-24,2018,2010s,Simulator,84.75,86.22,1.47,Within 5 points
23255,Nintendo Presents: Crossword Collection,2009-12-18,2009,2000s,Unknown,58.00,60.00,2.00,Within 5 points
23275,Streets of Rogue,2019-07-11,2019,2010s,Shooter,64.89,84.00,19.11,Critics higher
23278,Space Rogue,2016-09-15,2016,2010s,Real Time Strategy (RTS),50.00,70.00,20.00,Critics higher
23304,Asphalt 6: Adrenaline,2010-12-21,2010,2010s,Racing,74.60,85.00,10.40,Critics higher
23319,Shutshimi,2014-05-07,2014,2010s,Shooter,65.99,65.00,-0.99,Within 5 points
23330,Nine Parchments,2017-12-05,2017,2010s,Role-playing (RPG),73.93,65.57,-8.36,Users higher
23332,Drift Into Eternity,2016-11-30,2016,2010s,Adventure,70.00,75.00,5.00,Within 5 points
23349,Too Angry to Space,2016-08-08,2016,2010s,Shooter,50.00,62.50,12.50,Critics higher
23352,Pan-Pan,2016-08-25,2016,2010s,Puzzle,69.03,80.00,10.97,Critics higher
23369,APB: All Points Bulletin,2010-06-29,2010,2010s,Shooter,68.60,80.00,11.40,Critics higher
23372,Pang Adventures,2016-04-18,2016,2010s,Shooter,73.49,73.33,-0.15,Within 5 points
23379,R.B.I. Baseball 16,2016-03-29,2016,2010s,Simulator,60.00,60.00,0.00,Within 5 points
23409,Modern Combat 5: Blackout,2014-07-01,2014,2010s,Shooter,70.03,96.00,25.97,Critics higher
23421,The Legend of Kusakari,2016-08-25,2016,2010s,Puzzle,86.00,60.00,-26.00,Users higher
23423,Moshi Monsters: Katsuma Unleashed,2013-10-11,2013,2010s,Platform,53.00,82.00,29.00,Critics higher
23425,Demetrios: The Big Cynical Adventure,2016-05-31,2016,2010s,Point-and-click,69.72,56.00,-13.72,Users higher
23427,Angry Birds Transformers,2014-10-15,2014,2010s,Racing,78.59,80.00,1.41,Within 5 points
23440,Serpent in the Staglands,2015-05-28,2015,2010s,Role-playing (RPG),50.00,80.00,30.00,Critics higher
23443,NFL Blitz 20-02,2002-02-06,2002,2000s,Simulator,53.00,83.33,30.33,Critics higher
23463,"Monsters, Inc.",2002-03-19,2002,2000s,Platform,67.70,55.00,-12.70,Users higher
23472,Goosebumps: The Game,2015-10-13,2015,2010s,Point-and-click,50.02,20.00,-30.02,Users higher
23479,Baseball Riot,2015-12-09,2015,2010s,Puzzle,50.00,68.50,18.50,Critics higher
23480,FreezeME,2015-12-10,2015,2010s,Platform,60.00,67.00,7.00,Critics higher
23499,Earth's Dawn,2015-09-18,2015,2010s,Role-playing (RPG),90.00,65.25,-24.75,Users higher
23501,88 Heroes,2017-03-24,2017,2010s,Platform,90.00,76.50,-13.50,Users higher
23517,Tappingo,2014-02-27,2014,2010s,Puzzle,68.00,73.00,5.00,Within 5 points
23522,ATV Wild Ride 3D,2013-03-07,2013,2010s,Racing,58.00,86.00,28.00,Critics higher
23523,Super Little Acorns 3D Turbo,2013-04-17,2013,2010s,Platform,72.00,60.00,-12.00,Users higher
23579,Space Hulk,2013-08-15,2013,2010s,Strategy,69.88,70.00,0.12,Within 5 points
23581,NeuroVoider,2016-08-31,2016,2010s,Shooter,79.00,79.83,0.83,Within 5 points
23582,Lost Castle,2016-08-31,2016,2010s,Fighting,57.23,70.00,12.77,Critics higher
23584,Kung Fu Rabbit,2013-04-18,2013,2010s,Platform,68.41,40.00,-28.41,Users higher
23636,TheHunter Classic,2014-06-03,2014,2010s,Shooter,60.66,66.67,6.01,Critics higher
23667,Go Vacation,2011-10-11,2011,2010s,Music,40.85,55.00,14.15,Critics higher
23672,Marvel Pinball 3D,2012-06-28,2012,2010s,Simulator,57.00,80.00,23.00,Critics higher
23674,SpeedX 3D,2010-02-09,2010,2010s,Racing,60.00,86.00,26.00,Critics higher
23676,Transformers Prime: The Game,2012-10-30,2012,2010s,Hack and slash/Beat 'em up,71.34,51.67,-19.68,Users higher
23677,Jewel Master: Cradle of Egypt 2,2012-10-12,2012,2010s,Puzzle,53.00,60.00,7.00,Critics higher
23689,Battle Chef Brigade,2017-11-20,2017,2010s,Platform,74.81,80.71,5.91,Critics higher
23701,A Tale in the Desert,2003-02-15,2003,2000s,Point-and-click,88.29,80.00,-8.29,Users higher
23717,Will Rock,2003-06-09,2003,2000s,Shooter,82.05,67.00,-15.05,Users higher
23725,Intensive Exposure,2016-09-06,2016,2010s,Simulator,80.00,62.00,-18.00,Users higher
23733,Tunic,2022-03-16,2022,2020s,Puzzle,84.78,89.20,4.42,Within 5 points
23734,Garfield: A Tail of Two Kitties,2006-08-25,2006,2000s,Platform,40.60,70.00,29.40,Critics higher
23796,Super Mario Run,2016-12-15,2016,2010s,Platform,65.32,70.33,5.01,Critics higher
23797,Rad Rodgers: World One,2016-12-01,2016,2010s,Platform,70.00,59.40,-10.60,Users higher
23819,MLB SlugFest 2004,2003-03-17,2003,2000s,Sport,36.00,80.00,44.00,Critics higher
23821,Touchmaster 2,2008-11-21,2008,2000s,Unknown,67.00,50.00,-17.00,Users higher
23834,O.R.B.: Off-World Resource Base,2014-03-13,2014,2010s,Strategy,50.00,60.00,10.00,Critics higher
23839,Dogos,2016-09-06,2016,2010s,Shooter,60.00,66.00,6.00,Critics higher
23849,Psycho-Pass: Mandatory Happiness,2015-05-28,2015,2010s,Adventure,48.14,78.36,30.22,Critics higher
23851,Wandersong,2018-09-27,2018,2010s,Music,86.66,88.60,1.94,Within 5 points
23865,Mystery Chronicle: One Way Heroics,2015-07-30,2015,2010s,Role-playing (RPG),50.00,85.00,35.00,Critics higher
23870,Kittypocalypse,2016-08-15,2016,2010s,Strategy,80.00,75.00,-5.00,Within 5 points
23873,Ikenfell,2020-10-08,2020,2020s,Role-playing (RPG),77.39,90.00,12.61,Critics higher
23881,Diaries of a Spaceport Janitor,2016-09-16,2016,2010s,Role-playing (RPG),69.99,80.33,10.34,Critics higher
23882,Dungelot: Shattered Lands,2016-02-18,2016,2010s,Puzzle,50.00,80.00,30.00,Critics higher
23891,Daymare: 1998,2019-09-17,2019,2010s,Adventure,71.64,55.00,-16.64,Users higher
23892,Wrath of Loki: VR Adventure,2016-08-30,2016,2010s,Puzzle,50.00,60.00,10.00,Critics higher
23905,Starpoint Gemini Warlords,2017-05-23,2017,2010s,Real Time Strategy (RTS),62.57,46.00,-16.57,Users higher
23914,Araya,2016-11-23,2016,2010s,Adventure,60.00,93.75,33.75,Critics higher
23941,Ember,2016-09-09,2016,2010s,Fighting,60.00,66.25,6.25,Critics higher
23956,Shiny,2016-08-31,2016,2010s,Platform,60.00,52.50,-7.50,Users higher
23957,Stardust Galaxy Warriors: Stellar Climax,2015-11-10,2015,2010s,Shooter,90.00,76.25,-13.75,Users higher
23958,The Spatials: Galactology,2016-07-07,2016,2010s,Role-playing (RPG),60.00,80.00,20.00,Critics higher
23975,Bleach: Brave Souls,2015-07-22,2015,2010s,Role-playing (RPG),70.84,80.00,9.16,Critics higher
23982,Duke Grabowski: Mighty Swashbuckler,2016-10-06,2016,2010s,Point-and-click,60.00,50.00,-10.00,Users higher
23985,Toy Odyssey: The Lost and Found,2016-09-20,2016,2010s,Platform,60.00,65.00,5.00,Within 5 points
23990,Out of Ammo,2016-09-14,2016,2010s,Shooter,80.00,70.00,-10.00,Users higher
23993,Marooners,2016-09-15,2016,2010s,Fighting,41.71,69.50,27.79,Critics higher
24017,The Bunker,2016-09-20,2016,2010s,Simulator,59.21,70.36,11.15,Critics higher
24022,Hunter's Legacy,2016-07-19,2016,2010s,Platform,70.00,67.00,-3.00,Within 5 points
24024,Sorcery! Part 3,2015-04-22,2015,2010s,Role-playing (RPG),71.50,80.00,8.50,Critics higher
24025,Agricola: All Creatures Big and Small,2016-08-09,2016,2010s,Strategy,50.00,80.00,30.00,Critics higher
24028,Xenoraid,2016-09-30,2016,2010s,Shooter,70.00,68.33,-1.67,Within 5 points
24031,Almightree: The Last Dreamer,2015-02-17,2015,2010s,Platform,70.00,60.00,-10.00,Users higher
24032,Default Dan,2015-03-18,2015,2010s,Indie,70.00,60.00,-10.00,Users higher
24033,Hexoscope,2016-08-10,2016,2010s,Puzzle,70.00,70.00,0.00,Within 5 points
24034,Iggy's Egg Adventure,2015-08-27,2015,2010s,Platform,80.00,70.00,-10.00,Users higher
24035,Rise: Battle Lines,2015-10-19,2015,2010s,Strategy,60.00,60.00,0.00,Within 5 points
24036,Root,2015-11-16,2015,2010s,Indie,70.00,50.00,-20.00,Users higher
24039,Unfair Jousting Fair,2015-09-03,2015,2010s,Sport,50.00,60.00,10.00,Critics higher
24041,Gravity Error,2015-08-12,2015,2010s,Platform,70.00,66.67,-3.33,Within 5 points
24044,The Minims,2016-04-01,2016,2010s,Point-and-click,50.00,60.00,10.00,Critics higher
24045,Caveman Craig 2: The Tribes of Boggdrop,2012-03-01,2012,2010s,Strategy,60.00,60.00,0.00,Within 5 points
24046,Spacejacked,2016-02-26,2016,2010s,Platform,70.00,80.25,10.25,Critics higher
24050,Raining Blobs,2016-01-15,2016,2010s,Puzzle,80.00,72.50,-7.50,Users higher
24053,Echoes of the Fey: The Fox's Trail,2016-07-12,2016,2010s,Adventure,70.00,81.00,11.00,Critics higher
24054,Caves of Qud,2024-12-05,2024,2020s,Role-playing (RPG),82.16,94.00,11.84,Critics higher
24065,Naruto: Ninja Council 2,2004-04-29,2004,2000s,Platform,59.95,45.00,-14.95,Users higher
24066,Naruto: Ninja Council,2003-05-01,2003,2000s,Strategy,64.67,63.00,-1.67,Within 5 points
24069,Dragon Quest Builders,2016-01-28,2016,2010s,Role-playing (RPG),79.50,81.91,2.41,Within 5 points
24087,Line of Sight: Vietnam,2003-03-04,2003,2000s,Shooter,50.00,84.00,34.00,Critics higher
24104,Bloody Roar 4,2003-11-11,2003,2000s,Fighting,78.89,86.00,7.11,Critics higher
24105,Aporia: Beyond the Valley,2017-07-19,2017,2010s,Puzzle,77.49,76.50,-0.99,Within 5 points
24120,Martian Gothic: Unification,2000-05-04,2000,2000s,Puzzle,69.92,80.00,10.08,Critics higher
24128,Metal Fatigue,2000-07-31,2000,2000s,Real Time Strategy (RTS),70.00,70.00,0.00,Within 5 points
24145,Karaoke Revolution Party,2005-12-08,2005,2000s,Music,30.00,77.50,47.50,Critics higher
24148,SOCOM: U.S. Navy SEALs Fireteam Bravo,2005-12-08,2005,2000s,Shooter,69.83,35.00,-34.83,Users higher
24150,MX vs. ATV: Unleashed,2005-03-16,2005,2000s,Racing,79.95,65.67,-14.28,Users higher
24153,Suzuki Alstare Extreme Racing,1998-08-10,1998,1990s,Racing,59.97,50.00,-9.97,Users higher
24165,Orphen: Scion of Sorcery,2000-08-03,2000,2000s,Role-playing (RPG),70.00,50.00,-20.00,Users higher
24176,Ultimate Fighting Championship,2000-08-30,2000,2000s,Fighting,94.64,90.00,-4.64,Within 5 points
24179,Warrior Kings: Battles,2003-09-30,2003,2000s,Real Time Strategy (RTS),80.00,67.00,-13.00,Users higher
24197,Sally's Law,2016-08-24,2016,2010s,Platform,70.00,69.00,-1.00,Within 5 points
24205,Windscape,2019-03-27,2019,2010s,Fighting,70.00,62.33,-7.67,Users higher
24206,Sorcery! Part 4,2016-09-21,2016,2010s,Role-playing (RPG),70.00,84.50,14.50,Critics higher
24208,Guards,2016-08-19,2016,2010s,Puzzle,70.00,65.00,-5.00,Within 5 points
24220,Fire Emblem Fates: Birthright,2015-06-25,2015,2010s,Role-playing (RPG),81.24,90.00,8.76,Critics higher
24250,SuperPower 2,2004-10-11,2004,2000s,Real Time Strategy (RTS),77.22,100.00,22.78,Critics higher
24252,Ghost in the Shell: Stand Alone Complex,2004-03-04,2004,2000s,Shooter,70.68,65.67,-5.01,Users higher
24262,Atelier Annie: Alchemists of Sera Island,2009-03-12,2009,2000s,Role-playing (RPG),62.66,65.00,2.34,Within 5 points
24263,Nibiru: Age of Secrets,2005-08-31,2005,2000s,Puzzle,60.34,50.00,-10.34,Users higher
24264,A Witch's Tale,2009-10-13,2009,2000s,Role-playing (RPG),46.00,55.00,9.00,Critics higher
24269,Dragon Ball GT: Transformation,2005-08-09,2005,2000s,Fighting,53.28,58.00,4.72,Within 5 points
24280,Tokaido,2017-03-20,2017,2010s,Strategy,70.00,80.00,10.00,Critics higher
24288,Dissidia 012 Final Fantasy,2011-03-03,2011,2010s,Fighting,79.94,75.00,-4.94,Within 5 points
24289,Naruto: Clash of Ninja 2,2003-12-04,2003,2000s,Fighting,63.91,62.00,-1.91,Within 5 points
24306,MX vs. ATV: Supercross,2014-10-28,2014,2010s,Racing,80.00,60.00,-20.00,Users higher
24317,Greg Hastings Paintball 2,2010-09-28,2010,2010s,Shooter,80.00,65.00,-15.00,Users higher
24331,Sands of Destruction,2008-09-25,2008,2000s,Role-playing (RPG),83.00,67.00,-16.00,Users higher
24334,AR-K: The Great Escape,2015-07-14,2015,2010s,Adventure,70.00,75.00,5.00,Within 5 points
24335,TouchMaster 3,2009-11-27,2009,2000s,Unknown,65.00,73.00,8.00,Critics higher
24361,UnderDread,2016-03-01,2016,2010s,Adventure,60.00,35.00,-25.00,Users higher
24396,Big Pharma,2015-08-27,2015,2010s,Puzzle,43.93,87.50,43.57,Critics higher
24416,Harmonia,2016-09-22,2016,2010s,Adventure,80.00,60.00,-20.00,Users higher
24417,Eastward,2021-09-16,2021,2020s,Role-playing (RPG),89.09,81.00,-8.09,Users higher
24426,Forgotton Anne,2018-05-15,2018,2010s,Platform,73.98,80.00,6.02,Critics higher
24427,Sunless Skies,2019-01-31,2019,2010s,Role-playing (RPG),84.80,83.50,-1.30,Within 5 points
24428,Sundered,2017-07-28,2017,2010s,Platform,79.54,79.09,-0.45,Within 5 points
24433,River City: Tokyo Rumble,2013-08-08,2013,2010s,Fighting,77.00,73.33,-3.67,Within 5 points
24439,Zenith,2016-09-20,2016,2010s,Role-playing (RPG),60.00,55.00,-5.00,Within 5 points
24440,Pankapu,2016-09-21,2016,2010s,Platform,69.37,80.75,11.38,Critics higher
24445,Conga Master,2016-09-14,2016,2010s,Music,70.00,66.67,-3.33,Within 5 points
24446,Lichtspeer,2016-09-27,2016,2010s,Sport,60.00,64.57,4.57,Within 5 points
24458,Small Radios Big Televisions,2016-11-08,2016,2010s,Puzzle,70.00,61.88,-8.12,Users higher
24462,Touhou: Scarlet Curiosity,2014-08-16,2014,2010s,Platform,70.00,58.88,-11.12,Users higher
24463,Wheels of Aurelia,2016-09-20,2016,2010s,Puzzle,46.16,60.00,13.84,Critics higher
24464,Solitairica,2016-05-31,2016,2010s,Role-playing (RPG),62.00,80.00,18.00,Critics higher
24474,Masquerada: Songs and Shadows,2016-09-30,2016,2010s,Role-playing (RPG),80.31,71.50,-8.81,Users higher
24481,Football Manager 2017,2016-11-04,2016,2010s,Simulator,85.12,82.00,-3.12,Within 5 points
24482,Nidhogg 2,2017-08-15,2017,2010s,Fighting,69.78,76.88,7.10,Critics higher
24501,Burly Men at Sea,2016-09-29,2016,2010s,Puzzle,67.44,75.00,7.56,Critics higher
24520,Oil Enterprise,2016-04-20,2016,2010s,Simulator,40.00,68.00,28.00,Critics higher
24522,Corinne Cross's Dead & Breakfast,2016-08-18,2016,2010s,Adventure,80.00,70.00,-10.00,Users higher
24527,Tick Tock Isle,2015-11-19,2015,2010s,Platform,80.00,60.00,-20.00,Users higher
24529,Tick's Tales,2016-06-09,2016,2010s,Adventure,70.00,45.00,-25.00,Users higher
24531,Farnham Fables,2016-06-20,2016,2010s,Point-and-click,60.00,15.00,-45.00,Users higher
24533,Wanda: A Beautiful Apocalypse,2016-06-03,2016,2010s,Role-playing (RPG),60.00,80.00,20.00,Critics higher
24534,Kick & Fennick,2015-02-04,2015,2010s,Platform,70.00,68.00,-2.00,Within 5 points
24537,The Last Door: Season 2,2016-03-29,2016,2010s,Adventure,71.54,65.00,-6.54,Users higher
24539,The Descendant,2016-03-24,2016,2010s,Adventure,70.04,76.25,6.21,Critics higher
24557,Bit Dungeon II,2014-12-14,2014,2010s,Role-playing (RPG),60.00,65.00,5.00,Within 5 points
24559,Insanity's Blade,2014-12-04,2014,2010s,Platform,60.00,75.00,15.00,Critics higher
24563,Dwarf Tower,2014-12-23,2014,2010s,Strategy,60.00,60.00,0.00,Within 5 points
24564,Ninja Battle Heroes,2014-10-09,2014,2010s,Fighting,66.00,80.00,14.00,Critics higher
24566,Hyphen,2014-05-27,2014,2010s,Puzzle,70.00,85.00,15.00,Critics higher
24568,The Legend of Dark Witch,2014-10-16,2014,2010s,Shooter,60.00,72.33,12.33,Critics higher
24569,Devious Dungeon,2014-03-06,2014,2010s,Platform,70.00,70.00,0.00,Within 5 points
24576,Eron,2015-03-17,2015,2010s,Indie,50.00,75.00,25.00,Critics higher
24583,Master Spy,2015-09-08,2015,2010s,Platform,60.00,90.00,30.00,Critics higher
24584,Lethal RPG: War,2015-07-17,2015,2010s,Role-playing (RPG),80.00,40.00,-40.00,Users higher
24585,Hidden: On the Trail of the Ancients,2015-08-05,2015,2010s,Adventure,50.00,80.00,30.00,Critics higher
24593,Vortex Attack,2015-05-27,2015,2010s,Indie,70.00,85.00,15.00,Critics higher
24595,Luckslinger,2015-07-16,2015,2010s,Platform,60.00,90.00,30.00,Critics higher
24598,Marvel Future Fight,2015-03-04,2015,2010s,Fighting,69.77,65.00,-4.77,Within 5 points
24601,SickBrick,2015-01-30,2015,2010s,Shooter,60.00,45.00,-15.00,Users higher
24605,Conquest of Elysium 4,2015-11-16,2015,2010s,Strategy,80.00,85.00,5.00,Within 5 points
24610,The Old Tree,2012-02-24,2012,2010s,Point-and-click,78.00,60.00,-18.00,Users higher
24611,Life Is Feudal: MMO,2017-08-20,2017,2010s,Role-playing (RPG),50.00,65.00,15.00,Critics higher
24613,Wooden Floor,2015-02-13,2015,2010s,Adventure,50.00,75.00,25.00,Critics higher
24615,Pixel Galaxy,2015-10-02,2015,2010s,Shooter,70.00,90.00,20.00,Critics higher
24620,Polaris Sector,2016-03-22,2016,2010s,Simulator,50.00,75.00,25.00,Critics higher
24622,Flamebreak,2015-10-16,2015,2010s,Hack and slash/Beat 'em up,80.00,55.00,-25.00,Users higher
24624,RPG Maker MV,2015-10-23,2015,2010s,Role-playing (RPG),86.05,65.00,-21.05,Users higher
24626,ClusterPuck 99,2015-01-23,2015,2010s,Sport,60.00,55.00,-5.00,Within 5 points
24627,Gary Grigsby's War in the East,2015-07-09,2015,2010s,Simulator,80.00,70.00,-10.00,Users higher
24629,Plush,2015-02-13,2015,2010s,Simulator,70.00,60.00,-10.00,Users higher
24646,Slayer Shock,2016-09-29,2016,2010s,Shooter,50.00,55.00,5.00,Within 5 points
24654,New World: Aeternum,2021-09-28,2021,2020s,Role-playing (RPG),66.19,76.00,9.81,Critics higher
24681,Valentino Rossi: The Game,2016-06-16,2016,2010s,Racing,80.00,60.00,-20.00,Users higher
24682,Demon Truck,2016-09-26,2016,2010s,Racing,70.00,65.00,-5.00,Within 5 points
24765,Dead Age,2016-11-04,2016,2010s,Role-playing (RPG),56.94,55.00,-1.94,Within 5 points
24781,PlayStation VR Worlds,2016-10-13,2016,2010s,Adventure,69.75,59.50,-10.25,Users higher
24816,Thoth,2016-10-07,2016,2010s,Shooter,70.58,60.00,-10.58,Users higher
24837,Viking Squad,2016-10-04,2016,2010s,Fighting,80.00,78.33,-1.67,Within 5 points
24838,Shu,2016-10-04,2016,2010s,Platform,70.00,73.70,3.70,Within 5 points
24839,Butcher,2016-10-05,2016,2010s,Shooter,78.80,71.60,-7.20,Users higher
24840,Beglitched,2016-10-06,2016,2010s,Puzzle,80.00,65.00,-15.00,Users higher
24856,Conarium,2017-06-06,2017,2010s,Puzzle,65.59,72.00,6.41,Critics higher
24863,Wasteland 3,2020-08-27,2020,2020s,Role-playing (RPG),81.65,87.11,5.46,Critics higher
24867,Megatagmension Blanc + Neptune VS Zombies,2015-10-15,2015,2010s,Hack and slash/Beat 'em up,69.85,70.67,0.81,Within 5 points
24881,Kingdom: New Lands,2016-08-09,2016,2010s,Simulator,75.87,75.00,-0.87,Within 5 points
24905,Beholder,2016-11-09,2016,2010s,Role-playing (RPG),74.21,80.00,5.79,Critics higher
24917,Lone Echo,2017-07-20,2017,2010s,Adventure,90.32,89.00,-1.32,Within 5 points
24918,Mantis Burn Racing,2016-07-05,2016,2010s,Racing,70.17,66.25,-3.92,Within 5 points
24919,Dustoff Heli Rescue,2015-03-06,2015,2010s,Indie,80.00,70.00,-10.00,Users higher
24922,Sorcerer King: Rivals,2016-09-22,2016,2010s,Role-playing (RPG),50.00,85.00,35.00,Critics higher
24932,Dexed,2016-09-26,2016,2010s,Shooter,70.00,56.67,-13.33,Users higher
24941,Demolish & Build 2017,2016-10-18,2016,2010s,Simulator,80.00,44.50,-35.50,Users higher
24952,Disney Magical World 2,2016-10-14,2016,2010s,Simulator,90.00,78.33,-11.67,Users higher
24963,Pavilion,2016-09-23,2016,2010s,Puzzle,70.00,77.00,7.00,Critics higher
24965,Farabel,2016-10-14,2016,2010s,Role-playing (RPG),70.00,67.00,-3.00,Within 5 points
24969,Exile's End,2015-08-31,2015,2010s,Platform,50.00,60.40,10.40,Critics higher
24974,Tiny Metal,2017-12-21,2017,2010s,Simulator,80.00,62.67,-17.33,Users higher
24975,Headmaster,2016-10-13,2016,2010s,Puzzle,70.00,79.00,9.00,Critics higher
24985,Golf With Your Friends,2016-01-29,2016,2010s,Simulator,74.65,72.25,-2.40,Within 5 points
24989,HellSign,2021-02-24,2021,2020s,Puzzle,51.68,65.00,13.32,Critics higher
25039,Chase: Cold Case Investigations - Distant Memories,2016-05-11,2016,2010s,Puzzle,60.00,62.25,2.25,Within 5 points
25058,Man O' War: Corsair - Warhammer Naval Battles,2017-04-19,2017,2010s,Role-playing (RPG),60.00,61.00,1.00,Within 5 points
25076,Red Dead Redemption 2,2018-10-26,2018,2010s,Shooter,93.27,94.06,0.79,Within 5 points
25086,Pirate Pop Plus,2016-10-20,2016,2010s,Shooter,70.00,58.00,-12.00,Users higher
25104,Zavix Tower,2016-07-21,2016,2010s,Role-playing (RPG),60.00,50.00,-10.00,Users higher
25105,Farm Expert 2017,2016-09-01,2016,2010s,Simulator,50.00,55.00,5.00,Within 5 points
25113,Ginger: Beyond the Crystal,2016-10-25,2016,2010s,Platform,50.00,67.17,17.17,Critics higher
25185,Sports Bar VR,2016-06-01,2016,2010s,Simulator,80.00,60.00,-20.00,Users higher
25189,Body and Brain Connection,2010-11-20,2010,2010s,Puzzle,75.00,60.00,-15.00,Users higher
25195,Clockwork,2016-10-10,2016,2010s,Platform,60.00,60.00,0.00,Within 5 points
25206,Mark McMorris Infinite Air,2016-10-24,2016,2010s,Simulator,70.34,48.33,-22.01,Users higher
25210,Disc Jam,2017-03-07,2017,2010s,Sport,73.42,69.75,-3.67,Within 5 points
25211,Emily Is Away Too,2017-05-26,2017,2010s,Role-playing (RPG),76.83,80.50,3.67,Within 5 points
25213,Songbringer,2017-09-01,2017,2010s,Role-playing (RPG),77.50,72.17,-5.33,Users higher
25225,Kim,2016-10-24,2016,2010s,Role-playing (RPG),60.00,65.00,5.00,Within 5 points
25230,Plants vs. Zombies: Heroes,2016-10-18,2016,2010s,Strategy,69.91,85.00,15.09,Critics higher
25239,Slayaway Camp,2016-08-29,2016,2010s,Puzzle,60.03,78.33,18.30,Critics higher
25240,HoPiKo,2015-09-24,2015,2010s,Platform,70.00,70.00,0.00,Within 5 points
25252,Crush Crush,2016-10-04,2016,2010s,Indie,65.81,60.00,-5.81,Users higher
25254,Killing Room,2016-10-20,2016,2010s,Shooter,50.00,65.00,15.00,Critics higher
25260,Dusk,2018-12-10,2018,2010s,Shooter,83.09,89.50,6.41,Critics higher
25261,The Brookhaven Experiment,2016-07-05,2016,2010s,Shooter,52.35,50.00,-2.35,Within 5 points
25264,The Infectious Madness of Doctor Dekker,2017-05-19,2017,2010s,Point-and-click,64.84,80.00,15.16,Critics higher
25278,BalanCity,2016-09-21,2016,2010s,Puzzle,50.00,70.00,20.00,Critics higher
25298,Dark Train,2016-10-25,2016,2010s,Puzzle,70.00,80.00,10.00,Critics higher
25300,Sky Break,2016-10-21,2016,2010s,Role-playing (RPG),50.28,65.00,14.72,Critics higher
25308,Kyurinaga's Revenge,2016-10-25,2016,2010s,Platform,80.00,25.00,-55.00,Users higher
25310,MLB The Show 17,2017-03-28,2017,2010s,Sport,79.99,87.00,7.01,Critics higher
25311,Star Control: Origins,2018-09-20,2018,2010s,Role-playing (RPG),67.86,69.75,1.89,Within 5 points
25314,Unworthy,2018-05-29,2018,2010s,Platform,66.47,75.00,8.53,Critics higher
25316,Towards the Pantheon,2017-10-25,2017,2010s,Role-playing (RPG),70.00,55.00,-15.00,Users higher
25336,Tethered,2016-10-25,2016,2010s,Puzzle,80.00,75.00,-5.00,Within 5 points
25339,Carnival Games VR,2016-10-27,2016,2010s,Simulator,80.00,46.67,-33.33,Users higher
25341,Hide and Shriek,2016-10-25,2016,2010s,Adventure,60.00,79.00,19.00,Critics higher
25352,Outbuddies DX,2019-10-15,2019,2010s,Platform,70.00,70.00,0.00,Within 5 points
25361,Halloween Forever,2016-10-25,2016,2010s,Platform,80.00,82.50,2.50,Within 5 points
25393,TrackMania 2: Valley,2013-07-04,2013,2010s,Racing,69.60,85.00,15.40,Critics higher
25567,Creepy Castle,2016-10-31,2016,2010s,Role-playing (RPG),80.00,85.00,5.00,Within 5 points
25568,Waddle Home,2016-07-07,2016,2010s,Puzzle,70.00,40.00,-30.00,Users higher
25570,Stellar Overload,2016-10-11,2016,2010s,Role-playing (RPG),50.00,70.00,20.00,Critics higher
25572,Ladykiller in a Bind,2016-10-10,2016,2010s,Indie,76.53,75.00,-1.53,Within 5 points
25577,Oh...Sir!! The Insult Simulator,2016-10-25,2016,2010s,Simulator,67.11,62.25,-4.86,Within 5 points
25580,Forager,2019-04-18,2019,2010s,Puzzle,74.89,70.50,-4.39,Within 5 points
25581,Iron Harvest,2020-09-01,2020,2020s,Real Time Strategy (RTS),71.39,80.67,9.28,Critics higher
25584,Knights and Bikes,2019-08-27,2019,2010s,Puzzle,70.66,78.12,7.47,Critics higher
25599,Monster Boy and the Cursed Kingdom,2018-12-04,2018,2010s,Platform,86.77,79.00,-7.77,Users higher
25625,Archaica: The Path Of Light,2017-09-08,2017,2010s,Puzzle,70.00,82.00,12.00,Critics higher
25632,SuperHot VR,2016-12-06,2016,2010s,Shooter,82.65,81.67,-0.98,Within 5 points
25633,Morphies Law,2018-08-20,2018,2010s,Shooter,80.00,40.00,-40.00,Users higher
25636,Nights of Azure 2: Bride of the New Moon,2017-08-31,2017,2010s,Role-playing (RPG),86.86,60.00,-26.86,Users higher
25638,Meadow,2016-10-26,2016,2010s,Role-playing (RPG),70.10,80.00,9.90,Critics higher
25640,Octogeddon,2018-02-08,2018,2010s,Strategy,70.00,80.00,10.00,Critics higher
25653,The Escapists 2,2017-08-22,2017,2010s,Puzzle,67.94,75.44,7.50,Critics higher
25655,Franchise Hockey Manager 3,2016-10-31,2016,2010s,Simulator,50.00,85.00,35.00,Critics higher
25656,Senran Kagura: Peach Beach Splash,2017-03-16,2017,2010s,Shooter,60.09,76.00,15.91,Critics higher
25657,Destiny 2,2017-09-06,2017,2010s,Shooter,74.56,82.44,7.88,Critics higher
25658,Runner3,2018-05-22,2018,2010s,Music,52.55,75.14,22.59,Critics higher
25676,Bohemian Killing,2016-07-21,2016,2010s,Puzzle,43.38,75.00,31.62,Critics higher
25680,The Little Acre,2016-12-13,2016,2010s,Point-and-click,70.02,72.86,2.84,Within 5 points
25695,Super Rad Raygun,2016-11-08,2016,2010s,Platform,70.00,75.00,5.00,Within 5 points
25708,Blue Reflection,2017-03-30,2017,2010s,Role-playing (RPG),79.79,68.25,-11.54,Users higher
25742,Blue Rider,2016-03-03,2016,2010s,Shooter,70.00,66.33,-3.67,Within 5 points
25743,Lethal VR,2016-11-08,2016,2010s,Shooter,80.00,68.33,-11.67,Users higher
25746,Dark Rose Valkyrie,2016-07-21,2016,2010s,Role-playing (RPG),50.00,58.50,8.50,Critics higher
25789,Don't open the doors!,2016-11-11,2016,2010s,Role-playing (RPG),60.00,60.00,0.00,Within 5 points
25803,Future Unfolding,2017-03-15,2017,2010s,Puzzle,70.00,80.00,10.00,Critics higher
25807,Asteroids Minesweeper,2016-07-08,2016,2010s,Indie,70.00,70.00,0.00,Within 5 points
25808,Industry Manager: Future Technologies,2016-10-06,2016,2010s,Simulator,50.00,75.00,25.00,Critics higher
25809,Crimson Room: Decade,2016-06-09,2016,2010s,Adventure,60.00,55.00,-5.00,Within 5 points
25810,96 Mill,2017-01-26,2017,2010s,Adventure,70.00,70.00,0.00,Within 5 points
25811,Shadowverse,2016-06-17,2016,2010s,Role-playing (RPG),74.61,80.00,5.39,Critics higher
25812,Lost Ember,2019-11-22,2019,2010s,Adventure,79.04,80.00,0.96,Within 5 points
25822,Ships 2017,2016-10-19,2016,2010s,Simulator,40.00,65.00,25.00,Critics higher
25823,Grimm: Dark Legacy,2016-11-02,2016,2010s,Adventure,50.00,70.00,20.00,Critics higher
25825,Jupiter Hell,2021-08-05,2021,2020s,Shooter,79.51,90.00,10.49,Critics higher
25837,The Pedestrian,2020-01-29,2020,2020s,Platform,76.96,72.50,-4.46,Within 5 points
25843,Wick,2015-12-17,2015,2010s,Adventure,69.98,76.00,6.02,Critics higher
25866,The American Dream,2018-03-14,2018,2010s,Shooter,70.00,59.00,-11.00,Users higher
25871,Glass Masquerade,2016-11-18,2016,2010s,Puzzle,71.56,70.00,-1.56,Within 5 points
25876,Lithium: Inmate 39,2016-10-25,2016,2010s,Puzzle,60.00,60.00,0.00,Within 5 points
25901,My Friend Pedro,2019-06-20,2019,2010s,Shooter,75.00,73.44,-1.55,Within 5 points
25921,Atelier Firis: The Alchemist and the Mysterious Journey,2016-11-02,2016,2010s,Role-playing (RPG),75.71,76.67,0.96,Within 5 points
25931,Super Treasure Arena,2016-09-15,2016,2010s,Hack and slash/Beat 'em up,60.00,65.00,5.00,Within 5 points
25932,Donuts 'N' Justice,2016-11-22,2016,2010s,Shooter,70.00,50.00,-20.00,Users higher
25935,The Artful Escape,2021-09-09,2021,2020s,Music,82.51,83.33,0.83,Within 5 points
25948,I Expect You to Die,2016-11-30,2016,2010s,Puzzle,72.74,80.00,7.26,Critics higher
25951,Ultimate General: Civil War,2017-07-14,2017,2010s,Real Time Strategy (RTS),80.00,78.00,-2.00,Within 5 points
25952,Lantern,2016-11-15,2016,2010s,Indie,40.00,60.00,20.00,Critics higher
25954,Redie,2016-12-01,2016,2010s,Shooter,70.00,75.00,5.00,Within 5 points
25963,Way of the Red,2016-11-16,2016,2010s,Platform,70.00,85.00,15.00,Critics higher
25964,Icey,2016-11-17,2016,2010s,Fighting,75.20,76.86,1.65,Within 5 points
25968,Survival Kids,1999-06-17,1999,1990s,Role-playing (RPG),79.12,81.00,1.88,Within 5 points
26009,Penny-Punching Princess,2016-11-24,2016,2010s,Role-playing (RPG),77.00,67.67,-9.33,Users higher
26102,Gnog,2017-05-02,2017,2010s,Point-and-click,75.07,75.00,-0.07,Within 5 points
26128,Lost Ark,2018-12-04,2018,2010s,Role-playing (RPG),72.95,81.25,8.30,Critics higher
26145,Impact Winter,2017-05-23,2017,2010s,Role-playing (RPG),67.41,65.00,-2.41,Within 5 points
26165,Marvel's Guardians of the Galaxy: The Telltale Series,2017-04-18,2017,2010s,Point-and-click,71.14,69.03,-2.11,Within 5 points
26166,Dauntless,2019-09-26,2019,2010s,Role-playing (RPG),62.43,76.00,13.57,Critics higher
26175,Wuppo,2016-09-29,2016,2010s,Platform,73.41,77.20,3.79,Within 5 points
26176,Picross 3D: Round 2,2015-10-01,2015,2010s,Puzzle,86.45,80.00,-6.45,Users higher
26180,Warriors All-Stars,2017-03-30,2017,2010s,Hack and slash/Beat 'em up,80.00,72.33,-7.67,Users higher
26188,Behold the Kickmen,2017-07-20,2017,2010s,Sport,80.00,26.00,-54.00,Users higher
26192,The Last of Us Part II,2020-06-19,2020,2020s,Shooter,90.89,95.18,4.29,Within 5 points
26194,Knack II,2017-09-05,2017,2010s,Platform,64.76,71.69,6.93,Critics higher
26197,Marvel vs. Capcom: Infinite,2017-09-19,2017,2010s,Fighting,70.44,69.10,-1.34,Within 5 points
26202,Nex Machina,2017-06-20,2017,2010s,Shooter,80.13,90.69,10.56,Critics higher
26224,Aqua Moto Racing Utopia,2016-11-29,2016,2010s,Racing,70.00,80.00,10.00,Critics higher
26226,Celeste,2018-01-25,2018,2010s,Platform,87.17,91.30,4.13,Within 5 points
26227,MechWarrior 5: Mercenaries,2019-12-10,2019,2010s,Fighting,80.26,73.29,-6.98,Users higher
26239,The Franz Kafka Videogame,2017-04-06,2017,2010s,Point-and-click,57.55,65.00,7.45,Critics higher
26240,Balthazar's Dream,2017-05-30,2017,2010s,Platform,50.00,73.00,23.00,Critics higher
26241,The Exiled,2017-02-23,2017,2010s,Real Time Strategy (RTS),50.00,60.00,10.00,Critics higher
26268,Fae Tactics,2020-07-31,2020,2020s,Role-playing (RPG),73.66,77.00,3.34,Within 5 points
26291,The Voice,2014-10-21,2014,2010s,Music,65.00,40.00,-25.00,Users higher
26298,Sea of Solitude,2019-07-05,2019,2010s,Adventure,64.94,70.33,5.39,Critics higher
26341,Dragon Quest Heroes II,2016-05-27,2016,2010s,Role-playing (RPG),70.25,81.87,11.62,Critics higher
26350,Bye-Bye Boxboy!,2017-03-23,2017,2010s,Platform,82.00,78.33,-3.67,Within 5 points
26363,Splasher,2017-02-07,2017,2010s,Shooter,62.93,84.00,21.07,Critics higher
26369,#Killallzombies,2014-10-28,2014,2010s,Shooter,70.00,65.00,-5.00,Within 5 points
26381,TheHunter: Call of the Wild,2017-02-16,2017,2010s,Shooter,68.92,73.60,4.68,Within 5 points
26399,Memoranda,2017-01-25,2017,2010s,Point-and-click,76.60,54.50,-22.10,Users higher
26401,Star Wars Battlefront II,2017-11-17,2017,2010s,Shooter,70.02,71.82,1.81,Within 5 points
26402,Cyberdimension Neptunia: 4 Goddesses Online,2017-02-09,2017,2010s,Role-playing (RPG),80.00,72.60,-7.40,Users higher
26407,3Souls,2016-07-28,2016,2010s,Platform,78.00,74.00,-4.00,Within 5 points
26422,Airheart: Tales of Broken Wings,2018-07-23,2018,2010s,Shooter,70.00,73.50,3.50,Within 5 points
26451,Robo Recall,2017-03-01,2017,2010s,Shooter,89.24,89.50,0.26,Within 5 points
26472,Disco Elysium,2019-10-15,2019,2010s,Role-playing (RPG),93.51,89.12,-4.39,Within 5 points
26496,Krinkle Krusher,2015-04-07,2015,2010s,Puzzle,70.00,30.00,-40.00,Users higher
26500,Toukiden 2,2016-06-30,2016,2010s,Role-playing (RPG),79.97,74.62,-5.35,Users higher
26503,Troll and I,2017-03-21,2017,2010s,Role-playing (RPG),60.00,30.67,-29.33,Users higher
26512,Splatter: Zombiecalypse Now,2014-06-04,2014,2010s,Fighting,80.00,70.00,-10.00,Users higher
26523,Surf World Series,2017-08-29,2017,2010s,Sport,60.00,65.00,5.00,Within 5 points
26546,Dynasty Warriors 9,2018-02-08,2018,2010s,Role-playing (RPG),50.57,65.12,14.56,Critics higher
26548,Her Majesty's Spiffing,2016-12-07,2016,2010s,Point-and-click,80.00,72.67,-7.33,Users higher
26550,Smashbox Arena,2016-12-07,2016,2010s,Shooter,80.00,55.00,-25.00,Users higher
26564,The Legend of Heroes: Trails of Cold Steel III,2017-09-28,2017,2010s,Role-playing (RPG),85.85,83.50,-2.35,Within 5 points
26565,Yuppie Psycho,2019-04-25,2019,2010s,Adventure,71.22,85.00,13.78,Critics higher
26577,The Butterfly Sign,2016-12-13,2016,2010s,Adventure,50.00,53.00,3.00,Within 5 points
26579,Super Dungeon Tactics,2016-12-14,2016,2010s,Role-playing (RPG),60.00,55.00,-5.00,Within 5 points
26589,RollerCoaster Tycoon Classic,2016-12-20,2016,2010s,Simulator,87.73,86.00,-1.73,Within 5 points
26590,Castle Torgeath: Descent into Darkness,2016-12-15,2016,2010s,Role-playing (RPG),60.00,46.00,-14.00,Users higher
26593,8-Bit Invaders!,2016-12-16,2016,2010s,Real Time Strategy (RTS),60.00,60.00,0.00,Within 5 points
26597,Pathway,2019-04-11,2019,2010s,Role-playing (RPG),79.08,73.50,-5.58,Users higher
26602,Metaphor: ReFantazio,2024-10-11,2024,2020s,Role-playing (RPG),87.88,94.29,6.41,Critics higher
26611,Birthdays the Beginning,2017-01-19,2017,2010s,Simulator,50.00,70.60,20.60,Critics higher
26612,Super Mega Baseball 2,2018-05-01,2018,2010s,Simulator,74.47,81.33,6.86,Critics higher
26628,Glittermitten Grove,2016-12-13,2016,2010s,Simulator,80.00,63.75,-16.25,Users higher
26651,Kingdoms and Castles,2017-07-20,2017,2010s,Simulator,69.92,67.00,-2.92,Within 5 points
26664,Bridge Constructor: Stunts,2015-10-08,2015,2010s,Puzzle,50.00,67.50,17.50,Critics higher
26671,Montaro,2016-07-25,2016,2010s,Indie,69.22,60.00,-9.22,Users higher
26673,Omori,2020-12-25,2020,2020s,Role-playing (RPG),90.28,82.50,-7.78,Users higher
26674,The Lion's Song,2016-07-07,2016,2010s,Point-and-click,79.84,80.50,0.66,Within 5 points
26678,99Vidas,2016-12-25,2016,2010s,Fighting,51.89,59.00,7.11,Critics higher
26683,Statik,2017-04-24,2017,2010s,Puzzle,75.40,90.00,14.60,Critics higher
26692,Guardians of Ember,2016-10-20,2016,2010s,Role-playing (RPG),50.00,68.00,18.00,Critics higher
26709,Project CARS 2,2017-09-22,2017,2010s,Racing,77.17,83.88,6.71,Critics higher
26715,Standby,2016-11-09,2016,2010s,Platform,50.00,69.00,19.00,Critics higher
26725,Bleed 2,2017-02-08,2017,2010s,Fighting,70.07,71.33,1.26,Within 5 points
26732,Milkmaid of the Milky Way,2017-01-04,2017,2010s,Point-and-click,69.68,75.00,5.32,Critics higher
26743,Diluvion,2017-02-02,2017,2010s,Role-playing (RPG),60.00,66.40,6.40,Critics higher
26748,Don Bradman Cricket 17,2016-12-15,2016,2010s,Simulator,50.00,70.00,20.00,Critics higher
26752,Spheroids,2017-01-05,2017,2010s,Platform,70.00,43.67,-26.33,Users higher
26756,Pictopix,2017-01-05,2017,2010s,Puzzle,80.00,85.00,5.00,Within 5 points
26758,Super Mario Odyssey,2017-10-27,2017,2010s,Platform,89.21,96.71,7.49,Critics higher
26759,Arms,2017-06-16,2017,2010s,Fighting,69.82,77.67,7.84,Critics higher
26760,Super Bomberman R,2017-03-03,2017,2010s,Puzzle,61.88,63.67,1.79,Within 5 points
26761,Splatoon 2,2017-07-21,2017,2010s,Shooter,81.95,82.47,0.52,Within 5 points
26762,1-2-Switch,2017-03-03,2017,2010s,Arcade,49.68,53.67,3.98,Within 5 points
26763,Has-Been Heroes,2017-03-27,2017,2010s,Role-playing (RPG),80.00,68.00,-12.00,Users higher
26765,Octopath Traveler,2018-07-13,2018,2010s,Role-playing (RPG),79.96,85.44,5.49,Critics higher
26766,Xenoblade Chronicles 2,2017-12-01,2017,2010s,Role-playing (RPG),90.04,85.14,-4.90,Within 5 points
26769,Fire Emblem Warriors,2017-09-28,2017,2010s,Role-playing (RPG),63.67,78.36,14.70,Critics higher
26772,NBA 2K18,2017-09-15,2017,2010s,Simulator,65.48,73.80,8.32,Critics higher
26774,"Snipperclips: Cut It Out, Together!",2017-03-03,2017,2010s,Platform,71.89,79.87,7.98,Critics higher
26775,Shin Megami Tensei V,2021-11-12,2021,2020s,Role-playing (RPG),86.44,82.38,-4.07,Within 5 points
26776,Detention,2017-01-12,2017,2010s,Point-and-click,75.40,76.00,0.60,Within 5 points
26779,Sylvio,2015-06-05,2015,2010s,Adventure,80.00,33.00,-47.00,Users higher
26785,Herolike,2016-02-19,2016,2010s,Role-playing (RPG),50.00,65.00,15.00,Critics higher
26807,BattleCrew: Space Pirates,2017-01-31,2017,2010s,Indie,60.00,10.00,-50.00,Users higher
26809,Hidden Folks,2017-02-15,2017,2010s,Point-and-click,74.27,80.00,5.73,Critics higher
26810,Siegecraft Commander,2017-01-16,2017,2010s,Real Time Strategy (RTS),60.00,63.00,3.00,Within 5 points
26811,Mysterium,2017-01-12,2017,2010s,Simulator,48.73,75.00,26.27,Critics higher
26820,Blasphemous,2019-09-10,2019,2010s,Platform,80.52,78.25,-2.27,Within 5 points
26834,Utawarerumono: Mask of Truth,2016-09-21,2016,2010s,Role-playing (RPG),90.07,76.88,-13.20,Users higher
26835,Aliens Go Home Run!,2017-04-02,2017,2010s,Indie,70.00,85.00,15.00,Critics higher
26836,Project: Gorgon,2018-03-13,2018,2010s,Role-playing (RPG),78.88,75.00,-3.88,Within 5 points
26841,Fire Emblem Heroes,2017-02-02,2017,2010s,Role-playing (RPG),62.33,74.88,12.54,Critics higher
26845,Fire Emblem: Three Houses,2019-07-26,2019,2010s,Role-playing (RPG),85.81,92.78,6.97,Critics higher
26847,2Dark,2017-03-10,2017,2010s,Adventure,40.10,59.00,18.90,Critics higher
26853,Micro Machines World Series,2017-06-20,2017,2010s,Racing,63.87,53.83,-10.04,Users higher
26855,Dead Cells,2018-08-06,2018,2010s,Platform,83.05,90.08,7.04,Critics higher
26856,Antihero,2017-07-10,2017,2010s,Strategy,59.36,79.00,19.64,Critics higher
26857,Graceful Explosion Machine,2017-04-06,2017,2010s,Shooter,80.00,74.00,-6.00,Users higher
26859,The Skies,2016-04-16,2016,2010s,Role-playing (RPG),30.00,70.00,40.00,Critics higher
26860,Adam Wolfe,2016-10-07,2016,2010s,Puzzle,60.11,49.00,-11.11,Users higher
26861,FourChords Guitar Karaoke,2016-09-29,2016,2010s,Simulator,60.00,70.00,10.00,Critics higher
26864,Nefarious,2017-01-23,2017,2010s,Platform,59.20,66.67,7.46,Critics higher
26869,World of Horror,2023-10-19,2023,2020s,Point-and-click,62.73,87.50,24.77,Critics higher
26870,Necrobarista,2020-07-17,2020,2020s,Point-and-click,69.84,82.50,12.66,Critics higher
26878,Cultist Simulator,2018-05-31,2018,2010s,Role-playing (RPG),69.24,85.00,15.76,Critics higher
26879,Werewolf: The Apocalypse - Earthblood,2021-02-04,2021,2020s,Fighting,47.10,52.33,5.23,Critics higher
26922,Sublevel Zero: Redux,2015-10-08,2015,2010s,Shooter,80.00,70.50,-9.50,Users higher
26926,Miitopia,2016-12-08,2016,2010s,Role-playing (RPG),74.49,63.18,-11.31,Users higher
26927,Out of the Park Baseball 18,2017-03-24,2017,2010s,Simulator,50.00,85.00,35.00,Critics higher
26939,Mario Sports Superstars,2017-03-10,2017,2010s,Sport,60.00,57.83,-2.17,Within 5 points
26940,The Banner Saga 3,2018-07-26,2018,2010s,Role-playing (RPG),88.85,87.00,-1.85,Within 5 points
26945,Guts and Glory,2018-07-19,2018,2010s,Puzzle,60.00,76.50,16.50,Critics higher
26947,Ghost Blade HD,2017-02-28,2017,2010s,Shooter,70.00,71.60,1.60,Within 5 points
26948,Dirt 4,2017-06-06,2017,2010s,Racing,72.08,82.92,10.83,Critics higher
26950,Marvel's Avengers,2020-09-04,2020,2020s,Role-playing (RPG),60.08,72.77,12.69,Critics higher
26951,Pillars of Eternity II: Deadfire,2018-05-08,2018,2010s,Role-playing (RPG),82.16,85.14,2.99,Within 5 points
26952,Hellenica,2017-01-23,2017,2010s,Role-playing (RPG),50.00,80.00,30.00,Critics higher
26970,Minit,2018-04-03,2018,2010s,Puzzle,72.30,77.86,5.56,Critics higher
26972,Death Squared,2017-03-13,2017,2010s,Platform,79.85,70.43,-9.42,Users higher
26986,The Bard's Tale IV,2018-09-18,2018,2010s,Role-playing (RPG),59.55,54.83,-4.72,Within 5 points
27005,Star Story: The Horizon Escape,2017-09-05,2017,2010s,Point-and-click,70.00,76.00,6.00,Critics higher
27011,Serious Sam 4,2020-09-25,2020,2020s,Shooter,63.68,72.44,8.76,Critics higher
27024,A Normal Lost Phone,2017-01-26,2017,2010s,Puzzle,70.43,88.00,17.57,Critics higher
27031,Arelite Core,2017-02-08,2017,2010s,Role-playing (RPG),70.00,70.00,0.00,Within 5 points
27034,Linelight,2017-01-30,2017,2010s,Platform,95.87,90.40,-5.47,Users higher
27035,Candleman,2017-02-01,2017,2010s,Platform,90.00,76.67,-13.33,Users higher
27038,River City Ransom: Underground,2017-02-27,2017,2010s,Role-playing (RPG),60.00,85.00,25.00,Critics higher
27042,Wonder Wickets,2018-03-30,2018,2010s,Puzzle,70.00,60.00,-10.00,Users higher
27043,FlatOut 4: Total Insanity,2017-03-17,2017,2010s,Racing,50.52,66.00,15.48,Critics higher
27051,TumbleSeed,2017-05-02,2017,2010s,Adventure,80.00,84.00,4.00,Within 5 points
27052,Pokémon Duel,2016-04-12,2016,2010s,Simulator,60.38,69.50,9.12,Critics higher
27059,Think of the Children,2017-10-19,2017,2010s,Simulator,70.00,80.00,10.00,Critics higher
27060,Mutant Football League,2017-10-31,2017,2010s,Sport,79.66,65.00,-14.66,Users higher
27068,Angels with Scaly Wings,2017-01-31,2017,2010s,Role-playing (RPG),80.00,62.33,-17.67,Users higher
27069,The Hong Kong Massacre,2019-01-21,2019,2010s,Fighting,74.83,55.00,-19.83,Users higher
27081,FIFA 18,2017-09-29,2017,2010s,Sport,71.29,80.40,9.11,Critics higher
27082,Raft,2022-06-20,2022,2020s,Simulator,75.10,80.00,4.90,Within 5 points
27084,Gunman Taco Truck,2017-01-28,2017,2010s,Shooter,70.00,75.00,5.00,Within 5 points
27088,Party Hard 2,2018-10-25,2018,2010s,Simulator,62.45,80.00,17.55,Critics higher
27089,Stars in Shadow,2017-01-19,2017,2010s,Strategy,60.00,70.00,10.00,Critics higher
27092,GreedFall,2019-09-09,2019,2010s,Role-playing (RPG),73.68,70.64,-3.04,Within 5 points
27094,Stories Untold,2017-02-27,2017,2010s,Puzzle,78.75,78.33,-0.42,Within 5 points
27096,John Wick Chronicles,2017-02-09,2017,2010s,Shooter,50.00,75.00,25.00,Critics higher
27102,SeaBed,2016-01-25,2016,2010s,Visual Novel,70.00,60.00,-10.00,Users higher
27103,RiftStar Raiders,2018-02-28,2018,2010s,Shooter,80.00,68.50,-11.50,Users higher
27113,Zombie Party,2016-06-10,2016,2010s,Role-playing (RPG),60.00,70.50,10.50,Critics higher
27116,Phoning Home,2017-02-07,2017,2010s,Adventure,50.00,75.00,25.00,Critics higher
27117,Into the Breach,2018-02-27,2018,2010s,Puzzle,81.96,90.00,8.04,Critics higher
27134,Deep Rock Galactic,2020-05-13,2020,2020s,Shooter,80.71,81.83,1.13,Within 5 points
27139,Leaving Lyndow,2017-02-08,2017,2010s,Adventure,78.13,47.50,-30.63,Users higher
27145,Dad Quest,2017-02-23,2017,2010s,Role-playing (RPG),70.00,68.00,-2.00,Within 5 points
27147,Pacer,2020-09-17,2020,2020s,Racing,60.06,75.00,14.94,Critics higher
27175,Code 7,2017-08-11,2017,2010s,Puzzle,70.00,95.00,25.00,Critics higher
27180,Tales of Cosmos,2016-10-20,2016,2010s,Adventure,60.00,67.00,7.00,Critics higher
27183,Quarantine,2017-02-09,2017,2010s,Shooter,60.00,60.00,0.00,Within 5 points
27186,Earthfall,2018-07-12,2018,2010s,Shooter,66.20,57.00,-9.20,Users higher
27190,Cooking Mama: Sweet Shop,2017-05-18,2017,2010s,Simulator,60.00,62.00,2.00,Within 5 points
27191,Vidar,2017-06-14,2017,2010s,Puzzle,60.00,76.00,16.00,Critics higher
27192,My Memory of Us,2018-10-09,2018,2010s,Platform,73.27,70.25,-3.02,Within 5 points
27208,Mothergunship,2018-07-17,2018,2010s,Shooter,66.61,75.00,8.39,Critics higher
27210,A Pixel Story,2015-03-30,2015,2010s,Platform,70.00,69.00,-1.00,Within 5 points
27216,Theseus,2017-07-26,2017,2010s,Adventure,70.00,63.50,-6.50,Users higher
27217,Redeemer,2017-08-01,2017,2010s,Hack and slash/Beat 'em up,62.94,61.25,-1.69,Within 5 points
27258,Culdcept Revolt,2016-07-07,2016,2010s,Strategy,90.00,76.75,-13.25,Users higher
27270,Payday 3,2023-09-21,2023,2020s,Shooter,64.63,64.40,-0.23,Within 5 points
27272,Samurai Warriors: Spirit of Sanada,2016-11-23,2016,2010s,Hack and slash/Beat 'em up,80.00,69.00,-11.00,Users higher
27274,"Slice, Dice & Rice",2017-04-27,2017,2010s,Fighting,59.81,84.00,24.19,Critics higher
27277,Forma.8,2017-02-23,2017,2010s,Adventure,75.45,78.33,2.88,Within 5 points
27278,Whispers of a Machine,2019-04-17,2019,2010s,Point-and-click,81.60,65.00,-16.60,Users higher
27281,Gun Gun Pixies,2017-04-27,2017,2010s,Shooter,83.00,60.00,-23.00,Users higher
27282,Immortal Planet,2017-07-27,2017,2010s,Fighting,70.00,70.00,0.00,Within 5 points
27283,Earth Defense Force 5,2017-12-07,2017,2010s,Shooter,71.29,67.11,-4.18,Within 5 points
27290,Realpolitiks,2017-02-16,2017,2010s,Simulator,50.00,78.00,28.00,Critics higher
27291,RPG Maker Fes,2016-11-24,2016,2010s,Role-playing (RPG),47.00,69.33,22.33,Critics higher
27299,Save the Ninja Clan,2017-01-20,2017,2010s,Platform,70.00,74.00,4.00,Within 5 points
27304,Ys VIII: Lacrimosa of Dana,2016-07-21,2016,2010s,Role-playing (RPG),89.54,85.13,-4.41,Within 5 points
27316,A Plague Tale: Innocence,2019-05-14,2019,2010s,Role-playing (RPG),80.74,80.87,0.12,Within 5 points
27318,Neo Atlas 1469,2016-10-27,2016,2010s,Simulator,50.00,75.00,25.00,Critics higher
27324,The Gardens Between,2018-09-20,2018,2010s,Puzzle,75.67,81.00,5.33,Critics higher
27327,Dimension Drive,2017-12-07,2017,2010s,Shooter,70.00,72.00,2.00,Within 5 points
27328,Cosmic Express,2017-03-16,2017,2010s,Puzzle,67.37,85.00,17.63,Critics higher
27331,Cladun Returns: This is Sengoku!,2016-05-26,2016,2010s,Role-playing (RPG),60.00,67.33,7.33,Critics higher
27337,Boor,2017-02-14,2017,2010s,Platform,70.00,69.00,-1.00,Within 5 points
27339,Holy Potatoes! We're in Space?!,2017-02-14,2017,2010s,Puzzle,80.00,78.00,-2.00,Within 5 points
27343,Full Metal Furies,2018-01-17,2018,2010s,Puzzle,79.05,85.67,6.62,Critics higher
27353,Dungeons 3,2017-10-13,2017,2010s,Real Time Strategy (RTS),76.84,74.00,-2.84,Within 5 points
27359,Tower of Time,2018-04-12,2018,2010s,Real Time Strategy (RTS),53.36,78.33,24.97,Critics higher
27366,Ooblets,2022-09-01,2022,2020s,Role-playing (RPG),80.16,85.00,4.84,Within 5 points
27367,Yoku's Island Express,2018-05-29,2018,2010s,Platform,84.39,84.50,0.11,Within 5 points
27371,8Days,2016-07-22,2016,2010s,Shooter,70.00,55.33,-14.67,Users higher
27376,Battle Princess Madelyn,2018-12-05,2018,2010s,Platform,65.12,66.43,1.31,Within 5 points
27378,Rise: Race the Future,2018-11-01,2018,2010s,Racing,70.00,65.00,-5.00,Within 5 points
27381,Solstice Chronicles: MIA,2017-07-26,2017,2010s,Shooter,50.00,70.00,20.00,Critics higher
27384,Graveyard Keeper,2018-08-15,2018,2010s,Strategy,77.25,75.00,-2.25,Within 5 points
27385,Mervils: A VR Adventure,2016-10-25,2016,2010s,Platform,70.00,65.00,-5.00,Within 5 points
27386,Lifespeed,2017-02-02,2017,2010s,Shooter,74.00,60.00,-14.00,Users higher
27387,Dystoria,2017-02-20,2017,2010s,Shooter,70.00,70.00,0.00,Within 5 points
27388,Tank Troopers,2017-02-16,2017,2010s,Shooter,67.00,60.00,-7.00,Users higher
27396,Super Cloudbuilt,2017-07-25,2017,2010s,Platform,78.74,75.00,-3.74,Within 5 points
27397,Voez,2016-05-26,2016,2010s,Music,82.99,87.50,4.51,Within 5 points
27398,Genesis Alpha One,2019-01-29,2019,2010s,Shooter,50.00,59.20,9.20,Critics higher
27403,Lightfield,2017-09-25,2017,2010s,Racing,70.00,67.00,-3.00,Within 5 points
27407,Bush Hockey League,2017-03-27,2017,2010s,Fighting,60.00,66.67,6.67,Critics higher
27409,Narita Boy,2021-03-29,2021,2020s,Platform,75.90,76.75,0.85,Within 5 points
27411,Herald: An Interactive Period Drama - Book I & II,2017-02-22,2017,2010s,Point-and-click,70.00,80.00,10.00,Critics higher
27413,Genesis Noir,2021-03-11,2021,2020s,Point-and-click,68.85,76.83,7.99,Critics higher
27419,Brawlout,2017-12-19,2017,2010s,Fighting,56.11,60.00,3.89,Within 5 points
27421,Middle-earth: Shadow of War,2017-10-10,2017,2010s,Role-playing (RPG),80.59,83.89,3.31,Within 5 points
27430,Sparc,2017-08-29,2017,2010s,Sport,80.00,76.00,-4.00,Within 5 points
27433,SteamWorld Dig 2,2017-09-21,2017,2010s,Platform,82.60,89.09,6.49,Critics higher
27434,Flipping Death,2018-08-07,2018,2010s,Platform,79.74,74.50,-5.24,Users higher
27435,Dandara,2018-02-06,2018,2010s,Platform,59.84,69.20,9.36,Critics higher
27438,Blaster Master Zero,2017-03-03,2017,2010s,Shooter,72.58,82.50,9.92,Critics higher
27441,Wargroove,2019-01-02,2019,2010s,Strategy,74.45,84.67,10.22,Critics higher
27443,Away: Journey to the Unexpected,2019-02-05,2019,2010s,Shooter,50.00,55.00,5.00,Within 5 points
27445,Shadows of Adam,2017-02-23,2017,2010s,Role-playing (RPG),80.00,77.50,-2.50,Within 5 points
27448,SuperHot: Mind Control Delete,2020-07-16,2020,2020s,Shooter,77.32,83.90,6.58,Critics higher
27475,Steel Division: Normandy 44,2017-05-23,2017,2010s,Real Time Strategy (RTS),42.08,85.00,42.92,Critics higher
27487,Dark Quest 2,2018-03-06,2018,2010s,Role-playing (RPG),70.00,60.00,-10.00,Users higher
27505,Flip Wars,2017-05-18,2017,2010s,Puzzle,54.00,32.50,-21.50,Users higher
27506,Sprint Vector,2018-02-08,2018,2010s,Platform,70.00,77.33,7.33,Critics higher
27509,Heaven's Vault,2019-04-16,2019,2010s,Point-and-click,69.97,81.86,11.89,Critics higher
27510,Bad Rats Show,2016-07-20,2016,2010s,Puzzle,80.00,20.00,-60.00,Users higher
27511,Loot Rascals,2017-03-07,2017,2010s,Role-playing (RPG),69.49,65.67,-3.83,Within 5 points
27513,We. The Revolution,2019-03-21,2019,2010s,Point-and-click,72.13,73.67,1.53,Within 5 points
27514,Gravel,2018-02-27,2018,2010s,Racing,74.17,71.00,-3.17,Within 5 points
27518,World to the West,2017-05-05,2017,2010s,Puzzle,70.00,77.75,7.75,Critics higher
27530,Children of Zodiarcs,2017-07-18,2017,2010s,Role-playing (RPG),79.95,78.80,-1.15,Within 5 points
27531,Tokyo Dark,2017-09-07,2017,2010s,Point-and-click,79.30,77.50,-1.80,Within 5 points
27534,Pocket Rumble,2016-02-01,2016,2010s,Fighting,60.00,65.00,5.00,Within 5 points
27544,Reflection of Mine,2017-02-24,2017,2010s,Puzzle,70.00,40.00,-30.00,Users higher
27547,Fire Pro Wrestling World,2017-12-18,2017,2010s,Fighting,77.23,77.50,0.27,Within 5 points
27568,Mainlining,2017-01-26,2017,2010s,Simulator,80.00,60.50,-19.50,Users higher
27569,Dying: Reborn,2017-02-27,2017,2010s,Puzzle,60.00,33.00,-27.00,Users higher
27574,Dark Legion,2017-03-07,2017,2010s,Shooter,60.00,20.00,-40.00,Users higher
27586,Runt of the Litter,2017-02-23,2017,2010s,Role-playing (RPG),60.00,75.00,15.00,Critics higher
27660,Beach Head 2002,2002-06-15,2002,2000s,Shooter,70.01,41.00,-29.01,Users higher
27663,X-Morph: Defense,2017-08-30,2017,2010s,Shooter,64.48,81.75,17.27,Critics higher
27667,Cosmic Star Heroine,2017-04-11,2017,2010s,Role-playing (RPG),83.65,77.33,-6.32,Users higher
27677,Bullet Soul,2011-04-07,2011,2010s,Shooter,85.00,78.00,-7.00,Users higher
27681,Total Extreme Wrestling 2016,2016-05-02,2016,2010s,Simulator,80.57,80.00,-0.57,Within 5 points
27682,Homebound,2017-02-16,2017,2010s,Adventure,50.00,55.00,5.00,Within 5 points
27697,Hunting Simulator,2017-06-09,2017,2010s,Shooter,40.00,60.00,20.00,Critics higher
27707,The Black Watchmen,2015-08-27,2015,2010s,Role-playing (RPG),80.00,90.00,10.00,Critics higher
27714,Phantom Trigger,2017-08-10,2017,2010s,Role-playing (RPG),71.00,64.50,-6.50,Users higher
27716,Panzer Corps 2,2020-03-19,2020,2020s,Strategy,60.00,75.00,15.00,Critics higher
27717,Late Shift,2017-04-18,2017,2010s,Adventure,65.57,52.00,-13.57,Users higher
27719,Ape Out,2019-02-28,2019,2010s,Fighting,76.65,81.83,5.18,Critics higher
27723,Steven Universe: Save the Light,2017-10-31,2017,2010s,Platform,80.00,52.50,-27.50,Users higher
27725,The Room 4: Old Sins,2018-01-25,2018,2010s,Point-and-click,78.91,80.00,1.09,Within 5 points
27729,Mordhau,2019-04-29,2019,2010s,Fighting,74.89,82.25,7.36,Critics higher
27732,Yonder: The Cloud Catcher Chronicles,2017-07-17,2017,2010s,Puzzle,78.45,68.30,-10.15,Users higher
27740,Exodemon,2019-08-02,2019,2010s,Shooter,70.00,40.00,-30.00,Users higher
27744,House Flipper,2018-05-17,2018,2010s,Simulator,69.20,61.50,-7.70,Users higher
27745,Pylon: Rogue,2016-08-15,2016,2010s,Role-playing (RPG),70.00,54.00,-16.00,Users higher
27759,Echoes of Aetheria,2016-01-15,2016,2010s,Role-playing (RPG),80.00,77.00,-3.00,Within 5 points
27762,Paradigm,2017-04-05,2017,2010s,Point-and-click,87.28,87.33,0.06,Within 5 points
27771,Moonlighter,2018-05-29,2018,2010s,Role-playing (RPG),70.68,81.93,11.25,Critics higher
27779,Inmates,2017-07-01,2017,2010s,Puzzle,50.00,65.00,15.00,Critics higher
27785,Time Recoil,2017-08-10,2017,2010s,Shooter,70.00,78.00,8.00,Critics higher
27789,PUBG: Battlegrounds,2017-12-20,2017,2010s,Shooter,71.88,75.06,3.18,Within 5 points
27792,PC Building Simulator,2019-01-29,2019,2010s,Simulator,73.67,65.00,-8.67,Users higher
27793,All Walls Must Fall,2018-02-23,2018,2010s,Real Time Strategy (RTS),70.00,72.00,2.00,Within 5 points
27804,Phoenix Point,2019-12-03,2019,2010s,Role-playing (RPG),60.22,82.00,21.78,Critics higher
27854,Watchmen: The End is Nigh Part 2,2009-07-29,2009,2000s,Sport,53.41,30.00,-23.41,Users higher
27867,Unavowed,2018-08-08,2018,2010s,Point-and-click,87.86,79.00,-8.86,Users higher
27874,Bad Dream: Coma,2017-03-09,2017,2010s,Point-and-click,67.87,80.00,12.13,Critics higher
27880,Bomb Chicken,2018-07-12,2018,2010s,Platform,83.00,72.50,-10.50,Users higher
27885,It's Spring Again,2016-02-02,2016,2010s,Puzzle,80.00,80.00,0.00,Within 5 points
27910,Everything,2017-03-21,2017,2010s,Role-playing (RPG),71.54,72.00,0.46,Within 5 points
27919,The Inner Darkness,2017-02-24,2017,2010s,Platform,70.00,70.00,0.00,Within 5 points
27920,Digimon Story: Cyber Sleuth - Hacker's Memory,2017-12-14,2017,2010s,Role-playing (RPG),69.90,73.25,3.35,Within 5 points
27922,Fallout 4 VR,2017-12-12,2017,2010s,Role-playing (RPG),60.00,85.33,25.33,Critics higher
27931,The Occupation,2019-03-05,2019,2010s,Adventure,70.31,69.60,-0.71,Within 5 points
27940,Train Mechanic Simulator 2017,2017-03-23,2017,2010s,Simulator,50.00,70.00,20.00,Critics higher
27946,Sengoku,2011-09-15,2011,2010s,Real Time Strategy (RTS),50.00,71.00,21.00,Critics higher
27954,Forged of Blood,2019-08-01,2019,2010s,Role-playing (RPG),70.00,57.50,-12.50,Users higher
27994,Blossom Tales: The Sleeping King,2017-03-28,2017,2010s,Platform,79.93,79.75,-0.18,Within 5 points
28006,Ash of Gods: Redemption,2018-03-23,2018,2010s,Role-playing (RPG),65.77,70.00,4.23,Within 5 points
28010,God Eater 3,2018-12-13,2018,2010s,Role-playing (RPG),60.07,72.75,12.68,Critics higher
28015,Kamiko,2017-04-13,2017,2010s,Puzzle,69.90,80.00,10.10,Critics higher
28028,Total War: Warhammer II,2017-09-28,2017,2010s,Real Time Strategy (RTS),83.96,87.88,3.91,Within 5 points
28044,The Invisible Hours,2017-10-10,2017,2010s,Puzzle,80.06,72.50,-7.56,Users higher
28049,The Low Road,2017-06-28,2017,2010s,Point-and-click,45.42,65.00,19.58,Critics higher
28066,Skylar & Plux: Adventure on Clover Island,2017-05-19,2017,2010s,Platform,58.83,50.33,-8.49,Users higher
28067,The Fall Part 2: Unbound,2018-02-13,2018,2010s,Puzzle,70.17,70.00,-0.17,Within 5 points
28069,Slime-san,2017-04-07,2017,2010s,Platform,65.62,84.00,18.38,Critics higher
28070,Planet Alpha,2018-09-04,2018,2010s,Platform,69.22,57.67,-11.55,Users higher
28072,Megaquarium,2018-09-13,2018,2010s,Simulator,60.00,82.00,22.00,Critics higher
28073,A Mortician's Tale,2017-10-18,2017,2010s,Role-playing (RPG),70.77,81.00,10.23,Critics higher
28075,Cars 3: Driven to Win,2017-06-13,2017,2010s,Racing,75.00,70.00,-5.00,Within 5 points
28076,HackyZack,2017-03-28,2017,2010s,Platform,70.00,75.00,5.00,Within 5 points
28081,NBA Playgrounds,2017-05-08,2017,2010s,Sport,75.46,67.00,-8.46,Users higher
28086,Railway Empire,2018-01-26,2018,2010s,Simulator,78.38,85.00,6.62,Critics higher
28092,Brawl,2015-04-24,2015,2010s,Fighting,60.00,60.67,0.67,Within 5 points
28101,The Legend of Heroes: Trails in the Sky the 3rd,2007-06-28,2007,2000s,Role-playing (RPG),88.44,85.00,-3.44,Within 5 points
28113,Use Your Words,2017-04-03,2017,2010s,Puzzle,60.36,30.00,-30.36,Users higher
28124,Hey! Pikmin,2017-07-13,2017,2010s,Platform,67.85,66.58,-1.26,Within 5 points
28125,Layton's Mystery Journey: Katrielle and the Millionaire's Conspiracy,2017-07-20,2017,2010s,Puzzle,66.83,68.20,1.37,Within 5 points
28126,Team Kirby Clash Deluxe,2017-04-12,2017,2010s,Platform,69.91,47.00,-22.91,Users higher
28127,Kirby's Blowout Blast,2017-07-04,2017,2010s,Platform,76.00,58.67,-17.33,Users higher
28133,MotoGP '17,2017-06-15,2017,2010s,Racing,64.29,80.00,15.71,Critics higher
28168,Code Vein,2019-09-26,2019,2010s,Role-playing (RPG),71.67,72.91,1.24,Within 5 points
28171,Ultimate Epic Battle Simulator,2017-04-12,2017,2010s,Simulator,60.29,45.00,-15.29,Users higher
28174,Monopoly for Nintendo Switch,2017-10-31,2017,2010s,Strategy,60.00,52.50,-7.50,Users higher
28175,Naruto to Boruto: Shinobi Striker,2018-08-30,2018,2010s,Fighting,52.22,64.50,12.28,Critics higher
28187,Everybody's Golf,2017-08-29,2017,2010s,Simulator,70.01,79.20,9.19,Critics higher
28188,Super Rude Bear Resurrection,2017-05-02,2017,2010s,Platform,70.00,79.25,9.25,Critics higher
28192,DJMax Respect,2017-07-28,2017,2010s,Music,89.43,90.00,0.57,Within 5 points
28204,Call of Duty: WWII,2017-11-02,2017,2010s,Shooter,74.35,75.28,0.93,Within 5 points
28213,The Jackbox Party Pack 4,2017-10-17,2017,2010s,Puzzle,78.31,76.00,-2.31,Within 5 points
28224,Scanner Sombre,2017-04-26,2017,2010s,Puzzle,59.10,72.50,13.40,Critics higher
28225,Police Stories,2019-09-19,2019,2010s,Shooter,55.84,70.00,14.16,Critics higher
28226,Infinite Minigolf,2016-10-06,2016,2010s,Simulator,60.00,65.33,5.33,Critics higher
28236,Under Leaves,2017-04-26,2017,2010s,Puzzle,61.31,70.00,8.69,Critics higher
28239,Interkosmos,2017-04-25,2017,2010s,Puzzle,80.00,90.00,10.00,Critics higher
28241,Hacktag,2017-06-01,2017,2010s,Adventure,50.00,80.00,30.00,Critics higher
28242,Danger Zone,2017-05-30,2017,2010s,Racing,60.00,63.56,3.56,Within 5 points
28244,Nobunaga's Ambition: Taishi,2017-11-29,2017,2010s,Simulator,60.00,80.00,20.00,Critics higher
28245,Zanki Zero: Last Beginning,2018-07-05,2018,2010s,Role-playing (RPG),69.63,69.75,0.12,Within 5 points
28247,The Golf Club 2,2017-06-27,2017,2010s,Simulator,50.00,73.00,23.00,Critics higher
28256,Post Human W.A.R,2017-03-31,2017,2010s,Strategy,70.00,80.00,10.00,Critics higher
28282,A Case of Distrust,2018-02-08,2018,2010s,Point-and-click,68.79,79.33,10.54,Critics higher
28286,Masters of Anima,2018-04-10,2018,2010s,Real Time Strategy (RTS),74.01,76.71,2.71,Within 5 points
28289,Yomawari: Midnight Shadows,2017-10-24,2017,2010s,Puzzle,70.04,83.00,12.96,Critics higher
28300,Grisaia Phantom Trigger Vol.1,2017-04-28,2017,2010s,Adventure,70.00,65.00,-5.00,Within 5 points
28302,Tower 57,2017-11-16,2017,2010s,Shooter,60.00,74.00,14.00,Critics higher
28309,Tanzia,2018-07-19,2018,2010s,Role-playing (RPG),70.00,65.50,-4.50,Within 5 points
28311,Bendy and the Ink Machine,2017-02-10,2017,2010s,Puzzle,70.28,86.50,16.22,Critics higher
28312,Agatha Knife,2017-04-27,2017,2010s,Point-and-click,70.00,70.00,0.00,Within 5 points
28315,Solo,2018-04-26,2018,2010s,Platform,70.00,71.67,1.67,Within 5 points
28337,13 Sentinels: Aegis Rim,2019-11-28,2019,2010s,Simulator,92.42,83.89,-8.53,Users higher
28357,Die With Glory,2017-02-17,2017,2010s,Puzzle,50.00,70.00,20.00,Critics higher
28380,Darksiders III,2018-11-27,2018,2010s,Role-playing (RPG),71.71,64.94,-6.77,Users higher
28414,Mario + Rabbids Kingdom Battle,2017-08-29,2017,2010s,Puzzle,76.96,83.37,6.41,Critics higher
28488,Neko-Nin ExHeart,2017-02-24,2017,2010s,Simulator,80.00,75.00,-5.00,Within 5 points
28489,Ready or Not,2023-12-13,2023,2020s,Shooter,78.20,80.00,1.80,Within 5 points
28512,Risk of Rain 2,2020-08-11,2020,2020s,Shooter,84.68,87.33,2.65,Within 5 points
28519,Castle of Shikigami,2001-12-31,2001,2000s,Shooter,70.00,65.00,-5.00,Within 5 points
28528,Röki,2020-07-23,2020,2020s,Point-and-click,71.57,87.29,15.71,Critics higher
28540,Assassin's Creed Origins,2017-10-26,2017,2010s,Role-playing (RPG),81.64,85.93,4.29,Within 5 points
28544,Rakuen,2017-05-10,2017,2010s,Role-playing (RPG),79.91,78.50,-1.41,Within 5 points
28545,Rabi-Ribi,2016-01-28,2016,2010s,Platform,79.89,85.25,5.36,Critics higher
28547,Stable Orbit,2017-09-27,2017,2010s,Simulator,50.00,58.00,8.00,Critics higher
28548,Remothered: Tormented Fathers,2018-01-30,2018,2010s,Adventure,71.04,80.00,8.96,Critics higher
28552,Far Cry 5,2018-03-26,2018,2010s,Shooter,75.79,84.33,8.54,Critics higher
28554,Atomine,2017-05-04,2017,2010s,Shooter,60.00,66.00,6.00,Critics higher
28574,Surviving Mars,2018-03-15,2018,2010s,Simulator,70.57,73.57,3.00,Within 5 points
28592,Tesla vs. Lovecraft,2018-01-26,2018,2010s,Shooter,79.93,70.00,-9.93,Users higher
28692,Mulaka,2018-02-27,2018,2010s,Platform,66.64,73.71,7.08,Critics higher
28706,Madden NFL 18,2017-08-25,2017,2010s,Sport,77.87,79.40,1.53,Within 5 points
28730,Claybook,2018-08-31,2018,2010s,Platform,50.00,66.50,16.50,Critics higher
28749,SphereFace,2017-05-19,2017,2010s,Shooter,70.00,75.00,5.00,Within 5 points
28753,Terroir,2017-05-17,2017,2010s,Simulator,50.00,70.00,20.00,Critics higher
28774,Eagle Island,2019-07-10,2019,2010s,Platform,60.00,69.00,9.00,Critics higher
28794,Ancestors Legacy,2018-05-22,2018,2010s,Real Time Strategy (RTS),70.93,77.80,6.87,Critics higher
28815,LEGO Marvel Super Heroes 2,2017-11-14,2017,2010s,Puzzle,70.07,73.77,3.70,Within 5 points
28818,Wattam,2019-12-17,2019,2010s,Adventure,79.00,76.50,-2.50,Within 5 points
28842,Battlestar Galactica Deadlock,2017-08-31,2017,2010s,Simulator,65.38,78.00,12.62,Critics higher
28856,The Crew 2,2018-06-29,2018,2010s,Racing,74.41,62.30,-12.11,Users higher
28861,Stay! Stay! Democratic People's Republic of Korea,2017-05-11,2017,2010s,Role-playing (RPG),80.00,62.50,-17.50,Users higher
28862,Pro Evolution Soccer 2018,2017-09-12,2017,2010s,Simulator,70.31,84.00,13.69,Critics higher
28863,WRC 7,2017-09-15,2017,2010s,Racing,69.82,74.75,4.93,Within 5 points
28876,Spartan Fist,2018-05-15,2018,2010s,Fighting,70.00,35.00,-35.00,Users higher
28889,Gorescript,2017-06-15,2017,2010s,Shooter,70.00,75.00,5.00,Within 5 points
28951,F1 2017,2017-08-25,2017,2010s,Racing,78.55,83.27,4.72,Within 5 points
28952,Timespinner,2018-09-25,2018,2010s,Platform,77.45,80.00,2.55,Within 5 points
29004,Life is Strange: Before the Storm,2017-08-31,2017,2010s,Adventure,74.71,77.05,2.34,Within 5 points
29032,Pepper Grinder,2024-03-28,2024,2020s,Platform,70.06,82.29,12.22,Critics higher
29047,Fort Triumph,2020-04-16,2020,2020s,Role-playing (RPG),70.20,75.00,4.80,Within 5 points
29065,The Inner World: The Last Wind Monk,2017-07-13,2017,2010s,Point-and-click,72.11,80.00,7.89,Critics higher
29137,Senko no Ronde 2,2017-09-06,2017,2010s,Fighting,70.00,70.00,0.00,Within 5 points
29141,Embers of Mirrim,2017-05-23,2017,2010s,Platform,80.00,60.00,-20.00,Users higher
29143,Mighty Gunvolt Burst,2017-06-15,2017,2010s,Shooter,77.00,76.25,-0.75,Within 5 points
29144,Lonely Mountains: Downhill,2019-10-23,2019,2010s,Racing,69.31,88.00,18.69,Critics higher
29147,Tartarus,2017-11-21,2017,2010s,Puzzle,50.00,57.00,7.00,Critics higher
29250,Caveman Warriors,2017-09-21,2017,2010s,Platform,60.00,50.33,-9.67,Users higher
29271,Nekopara Vol. 3,2017-05-25,2017,2010s,Role-playing (RPG),66.82,85.00,18.18,Critics higher
29410,Hyper Knights,2017-05-19,2017,2010s,Adventure,80.00,60.00,-20.00,Users higher
29482,Neko Navy,2017-01-09,2017,2010s,Shooter,70.00,70.00,0.00,Within 5 points
29511,Double Kick Heroes,2020-08-13,2020,2020s,Fighting,67.06,75.00,7.94,Critics higher
29578,The Wizards,2017-07-28,2017,2010s,Shooter,71.45,86.00,14.55,Critics higher
29586,Wulverblade,2017-10-12,2017,2010s,Fighting,88.00,68.00,-20.00,Users higher
29593,Snow Moto Racing Freedom,2017-04-11,2017,2010s,Racing,70.00,57.00,-13.00,Users higher
29801,The Videokid,2017-01-31,2017,2010s,Platform,70.00,60.00,-10.00,Users higher
29812,Puzzle Puppers,2017-01-20,2017,2010s,Puzzle,70.00,60.00,-10.00,Users higher
29889,State of Anarchy: Master of Mayhem,2017-03-31,2017,2010s,Shooter,70.00,55.00,-15.00,Users higher
29916,Elisa: the Innkeeper,2017-03-28,2017,2010s,Adventure,50.00,90.00,40.00,Critics higher
29934,Peregrin,2017-08-08,2017,2010s,Puzzle,60.00,64.00,4.00,Within 5 points
29940,Monumental Failure,2017-01-17,2017,2010s,Indie,60.00,70.00,10.00,Critics higher
29943,Tyler: Model 005,2017-02-03,2017,2010s,Role-playing (RPG),60.00,50.00,-10.00,Users higher
29954,Sausage Sports Club,2018-07-19,2018,2010s,Platform,70.00,70.00,0.00,Within 5 points
29994,Oh...Sir! The Hollywood Roast,2017-05-31,2017,2010s,Fighting,77.87,36.00,-41.87,Users higher
30058,Light Apprentice,2017-11-10,2017,2010s,Role-playing (RPG),60.00,50.00,-10.00,Users higher
30150,Alien Rage: Unlimited,2013-09-24,2013,2010s,Shooter,55.07,45.25,-9.82,Users higher
30152,Transcripted,2012-09-11,2012,2010s,Shooter,70.00,70.00,0.00,Within 5 points
30205,Regalia: Of Men and Monarchs,2017-05-18,2017,2010s,Role-playing (RPG),60.00,69.75,9.75,Critics higher
30206,YIIK: A Postmodern RPG,2019-01-17,2019,2010s,Role-playing (RPG),28.76,63.00,34.24,Critics higher
30208,Dragon Age: The Veilguard,2024-10-31,2024,2020s,Role-playing (RPG),66.05,90.57,24.52,Critics higher
30225,Kenshi,2018-12-06,2018,2010s,Real Time Strategy (RTS),83.46,84.00,0.54,Within 5 points
30264,The Station,2018-02-19,2018,2010s,Puzzle,49.51,70.67,21.16,Critics higher
30288,Stern Pinball Arcade,2016-12-21,2016,2010s,Simulator,40.00,80.00,40.00,Critics higher
30360,MidBoss,2017-05-25,2017,2010s,Role-playing (RPG),80.00,50.00,-30.00,Users higher
30365,VR Invaders,2016-12-15,2016,2010s,Shooter,70.00,50.00,-20.00,Users higher
30514,Detective Gallo,2018-05-30,2018,2010s,Point-and-click,70.00,75.00,5.00,Within 5 points
30522,Sairento VR,2018-02-06,2018,2010s,Shooter,80.00,84.00,4.00,Within 5 points
30535,Hopalong: The Badlands,2017-04-03,2017,2010s,Shooter,70.00,80.00,10.00,Critics higher
30647,Abandon Ship,2019-10-22,2019,2010s,Role-playing (RPG),59.98,88.00,28.02,Critics higher
30706,One of the Last,2016-11-03,2016,2010s,Strategy,60.00,90.00,30.00,Critics higher
30768,Cold Iron: Quick Draw Western Duels,2018-01-30,2018,2010s,Shooter,70.00,53.50,-16.50,Users higher
30812,Break Arts II,2018-02-09,2018,2010s,Racing,60.00,60.00,0.00,Within 5 points
30847,Fear Effect Sedna,2018-03-06,2018,2010s,Shooter,60.00,41.67,-18.33,Users higher
30872,Xenus 2: White Gold,2008-10-08,2008,2000s,Shooter,50.00,59.00,9.00,Critics higher
30879,Grab the Bottle,2017-05-22,2017,2010s,Puzzle,70.00,75.00,5.00,Within 5 points
30928,Super Blackjack Battle 2 Turbo Edition - The Card Warriors,2017-03-03,2017,2010s,Sport,60.00,42.00,-18.00,Users higher
30988,Symmetry,2018-02-20,2018,2010s,Simulator,50.00,66.00,16.00,Critics higher
31009,Party Golf,2016-10-18,2016,2010s,Sport,70.00,80.00,10.00,Critics higher
31160,Super Blood Hockey,2017-08-17,2017,2010s,Fighting,79.65,80.00,0.35,Within 5 points
31194,Just Shapes & Beats,2018-05-31,2018,2010s,Music,80.11,85.00,4.89,Within 5 points
31430,Oh My Godheads,2017-12-05,2017,2010s,Fighting,50.00,71.33,21.33,Critics higher
31551,Final Fantasy XVI,2023-06-22,2023,2020s,Role-playing (RPG),86.04,91.89,5.85,Critics higher
31557,A Hole New World,2017-05-19,2017,2010s,Platform,70.00,74.00,4.00,Within 5 points
31558,WWE 2K18,2017-10-17,2017,2010s,Fighting,63.21,67.54,4.33,Within 5 points
31561,Chess Ultra,2017-06-20,2017,2010s,Puzzle,69.91,83.00,13.09,Critics higher
31655,Stifled,2017-10-31,2017,2010s,Adventure,70.00,64.00,-6.00,Users higher
31819,The Hex,2018-10-16,2018,2010s,Indie,81.03,70.00,-11.03,Users higher
31820,Long Gone Days,2023-10-10,2023,2020s,Role-playing (RPG),70.00,74.00,4.00,Within 5 points
31962,Let Them Come,2017-10-03,2017,2010s,Shooter,52.97,82.50,29.53,Critics higher
31970,Dragon Bros,2016-09-16,2016,2010s,Indie,70.00,77.00,7.00,Critics higher
32021,Dungeon Punks,2016-07-26,2016,2010s,Role-playing (RPG),61.41,41.00,-20.41,Users higher
32125,39 Days to Mars,2018-04-25,2018,2010s,Platform,50.00,70.00,20.00,Critics higher
32318,The Amazing Shinsengumi: Heroes in Love,2014-11-18,2014,2010s,Adventure,40.00,60.00,20.00,Critics higher
32328,Card Quest,2017-01-20,2017,2010s,Role-playing (RPG),80.00,80.00,0.00,Within 5 points
32349,Haimrik,2018-06-06,2018,2010s,Platform,70.00,61.00,-9.00,Users higher
32365,Hell Let Loose,2019-06-06,2019,2010s,Shooter,76.03,75.00,-1.03,Within 5 points
32428,Townsmen,2012-12-31,2012,2010s,Simulator,69.88,44.00,-25.88,Users higher
32469,Talent Not Included,2016-08-30,2016,2010s,Indie,90.00,76.00,-14.00,Users higher
32511,Nurse Love Addiction,2015-04-30,2015,2010s,Simulator,80.00,85.00,5.00,Within 5 points
32572,Bombslinger,2018-04-11,2018,2010s,Fighting,70.00,75.00,5.00,Within 5 points
32612,Project Remedium,2017-08-29,2017,2010s,Shooter,50.00,58.50,8.50,Critics higher
32642,Quantum Replica,2018-05-31,2018,2010s,Strategy,70.00,79.00,9.00,Critics higher
32718,She Wants Me Dead,2016-05-13,2016,2010s,Music,60.00,58.00,-2.00,Within 5 points
32845,Blasters of the Universe,2017-08-31,2017,2010s,Shooter,80.00,60.00,-20.00,Users higher
32856,League of Evil,2010-08-16,2010,2010s,Platform,63.00,63.00,0.00,Within 5 points
32859,Knockout League,2017-01-24,2017,2010s,Fighting,60.00,92.00,32.00,Critics higher
32866,Putty Pals,2017-02-15,2017,2010s,Platform,70.00,76.00,6.00,Critics higher
32901,Left-Hand Path,2016-06-20,2016,2010s,Role-playing (RPG),80.00,78.00,-2.00,Within 5 points
32969,Ghost 1.0,2016-06-06,2016,2010s,Platform,88.21,78.00,-10.21,Users higher
32983,Boiling Bolt,2017-12-05,2017,2010s,Shooter,30.00,76.00,46.00,Critics higher
33061,Circles,2017-02-17,2017,2010s,Puzzle,70.00,70.00,0.00,Within 5 points
33090,Battlesloths 2025: The Great Pizza Wars,2017-06-06,2017,2010s,Shooter,70.00,85.00,15.00,Critics higher
33119,Auto Age: Standoff,2017-09-21,2017,2010s,Shooter,70.00,57.50,-12.50,Users higher
33153,Judgment: Apocalypse Survival Simulation,2018-05-03,2018,2010s,Role-playing (RPG),80.00,50.00,-30.00,Users higher
33269,Caveblazers,2017-05-24,2017,2010s,Platform,63.72,84.00,20.28,Critics higher
33290,Danmaku Unlimited 3,2017-03-09,2017,2010s,Shooter,70.00,83.33,13.33,Critics higher
33333,A Little Lily Princess,2016-05-19,2016,2010s,Simulator,80.00,70.00,-10.00,Users higher
33363,Overload,2018-05-31,2018,2010s,Shooter,70.51,75.00,4.49,Within 5 points
33378,Last Dream: World Unknown,2017-06-01,2017,2010s,Role-playing (RPG),70.00,75.00,5.00,Within 5 points
33569,True Fear: Forsaken Souls Part 1,2016-10-19,2016,2010s,Point-and-click,79.84,90.00,10.16,Critics higher
33572,Niche: A Genetics Survival Game,2017-09-15,2017,2010s,Simulator,80.00,82.50,2.50,Within 5 points
33595,Clouds & Sheep 2,2015-08-26,2015,2010s,Simulator,80.00,62.00,-18.00,Users higher
33673,Heroes of the Seven Seas,2016-10-14,2016,2010s,Racing,70.00,20.00,-50.00,Users higher
33687,Pierhead Arcade,2016-09-21,2016,2010s,Simulator,80.00,69.00,-11.00,Users higher
33752,Orange Moon,2016-07-06,2016,2010s,Role-playing (RPG),70.00,50.00,-20.00,Users higher
33764,Heliborne,2017-10-12,2017,2010s,Simulator,80.00,70.00,-10.00,Users higher
33813,Wildfire,2020-05-25,2020,2020s,Platform,74.36,80.00,5.64,Critics higher
33844,Level 22: Gary's Misadventures,2016-01-28,2016,2010s,Strategy,78.00,70.00,-8.00,Users higher
34039,The TakeOver,2019-11-10,2019,2010s,Fighting,80.00,80.00,0.00,Within 5 points
34041,Space Pirate Trainer,2016-04-05,2016,2010s,Shooter,74.64,80.00,5.36,Critics higher
34340,Sakura Dungeon,2016-06-03,2016,2010s,Role-playing (RPG),80.00,80.00,0.00,Within 5 points
34511,I and Me,2016-05-04,2016,2010s,Platform,70.00,60.00,-10.00,Users higher
34521,Okhlos: Omega,2016-08-18,2016,2010s,Strategy,60.00,70.00,10.00,Critics higher
34665,Rise of Insanity,2018-03-01,2018,2010s,Simulator,80.00,30.00,-50.00,Users higher
34667,Distrust,2017-08-23,2017,2010s,Strategy,64.65,80.00,15.35,Critics higher
34700,Tsioque,2018-11-07,2018,2010s,Point-and-click,70.03,65.00,-5.03,Users higher
34705,Iconoclasts,2018-01-23,2018,2010s,Platform,75.67,85.12,9.46,Critics higher
34753,Circuit Breakers,2015-11-17,2015,2010s,Shooter,70.00,54.00,-16.00,Users higher
34774,Izbot,2015-09-01,2015,2010s,Platform,70.00,60.00,-10.00,Users higher
34892,After The End: The Harvest,2017-06-02,2017,2010s,Role-playing (RPG),70.00,83.00,13.00,Critics higher
34894,Crossout,2017-05-30,2017,2010s,Shooter,59.94,65.00,5.06,Critics higher
34919,Nimbatus: The Space Drone Constructor,2018-10-03,2018,2010s,Simulator,60.00,80.00,20.00,Critics higher
34921,Castles,2015-10-09,2015,2010s,Puzzle,40.00,61.00,21.00,Critics higher
35021,Eschatos,2011-04-07,2011,2010s,Shooter,70.00,80.00,10.00,Critics higher
35091,"Football, Tactics & Glory",2018-06-01,2018,2010s,Simulator,70.05,50.00,-20.05,Users higher
35152,March of Industry,2015-10-07,2015,2010s,Simulator,40.00,70.00,30.00,Critics higher
35210,Aegis Defenders,2018-02-08,2018,2010s,Platform,66.58,79.86,13.28,Critics higher
35238,No70: Eye of Basir,2017-06-28,2017,2010s,Adventure,50.00,75.00,25.00,Critics higher
35251,Dark Future: Blood Red States,2018-05-16,2018,2010s,Role-playing (RPG),60.00,80.00,20.00,Critics higher
35252,Cosmophony,2014-09-25,2014,2010s,Shooter,70.00,54.00,-16.00,Users higher
35268,The Story Goes On,2018-03-02,2018,2010s,Adventure,70.00,70.00,0.00,Within 5 points
35282,CrossCode,2018-09-20,2018,2010s,Shooter,89.04,81.12,-7.91,Users higher
35283,The Darkside Detective,2017-07-27,2017,2010s,Point-and-click,74.35,55.00,-19.35,Users higher
35414,Reagan Gorbachev,2016-02-24,2016,2010s,Shooter,70.00,75.00,5.00,Within 5 points
35526,Oriental Empires,2016-09-20,2016,2010s,Simulator,50.00,56.75,6.75,Critics higher
35535,Inside My Radio,2015-05-11,2015,2010s,Music,80.00,70.00,-10.00,Users higher
35536,VR Karts,2015-04-17,2015,2010s,Racing,50.00,65.00,15.00,Critics higher
35591,Cuban Missile Crisis,2005-05-06,2005,2000s,Real Time Strategy (RTS),50.00,62.00,12.00,Critics higher
35626,Golf Story,2017-09-28,2017,2010s,Role-playing (RPG),79.76,83.29,3.52,Within 5 points
35650,Aces of the Luftwaffe,2013-02-14,2013,2010s,Shooter,50.00,55.00,5.00,Within 5 points
35805,Rats - Time is running out!,2015-08-19,2015,2010s,Indie,70.00,80.00,10.00,Critics higher
35844,InnerSpace,2018-01-16,2018,2010s,Simulator,50.81,61.25,10.44,Critics higher
35861,I Can't Escape: Darkness,2015-09-17,2015,2010s,Adventure,70.00,30.00,-40.00,Users higher
35866,David,2014-04-07,2014,2010s,Platform,60.00,80.00,20.00,Critics higher
35930,"It came from space, and ate our brains",2015-03-19,2015,2010s,Shooter,80.00,70.00,-10.00,Users higher
35934,Airships: Conquer the Skies,2018-08-16,2018,2010s,Simulator,90.00,87.00,-3.00,Within 5 points
36023,Rescue 2,2015-06-03,2015,2010s,Simulator,50.00,58.00,8.00,Critics higher
36044,Finding Paradise,2017-12-14,2017,2010s,Point-and-click,80.05,93.00,12.95,Critics higher
36144,Mystik Belle,2015-05-15,2015,2010s,Platform,80.00,67.67,-12.33,Users higher
36162,Tales of Aravorn: Seasons of the Wolf,2015-01-15,2015,2010s,Role-playing (RPG),70.00,70.00,0.00,Within 5 points
36198,Children of Morta,2019-09-03,2019,2010s,Role-playing (RPG),71.75,83.00,11.25,Critics higher
36278,The House in Fata Morgana,2012-12-31,2012,2010s,Adventure,84.48,80.00,-4.48,Within 5 points
36287,Radiation Island,2015-01-29,2015,2010s,Shooter,60.00,33.00,-27.00,Users higher
36312,Brave,2012-03-20,2012,2010s,Adventure,68.83,33.33,-35.50,Users higher
36341,Aggression: Europe Under Fire,2014-04-09,2014,2010s,Strategy,50.00,60.00,10.00,Critics higher
36390,Serious Sam's Bogus Detour,2017-06-20,2017,2010s,Shooter,80.00,75.00,-5.00,Within 5 points
36422,Unit 4,2017-05-23,2017,2010s,Platform,80.00,71.00,-9.00,Users higher
36462,Spellspire,2017-05-23,2017,2010s,Puzzle,80.00,65.33,-14.67,Users higher
36468,Lydia,2017-06-02,2017,2010s,Adventure,67.92,77.50,9.58,Critics higher
36476,Hellpoint,2020-07-30,2020,2020s,Role-playing (RPG),71.34,70.00,-1.34,Within 5 points
36485,Chuusotsu! 1st Graduation: Time After Time,2018-04-24,2018,2010s,Adventure,70.00,70.00,0.00,Within 5 points
36504,Fall of Light,2017-09-28,2017,2010s,Role-playing (RPG),50.00,71.00,21.00,Critics higher
36506,Little Witch Academia: Chamber of Time,2017-11-30,2017,2010s,Role-playing (RPG),79.73,46.25,-33.48,Users higher
36515,Sword Art Online: Fatal Bullet,2018-02-08,2018,2010s,Shooter,69.24,60.50,-8.74,Users higher
36534,Lost Sphear,2017-10-12,2017,2010s,Role-playing (RPG),60.09,66.82,6.73,Critics higher
36535,The Lost Child,2017-08-24,2017,2010s,Role-playing (RPG),83.00,81.00,-2.00,Within 5 points
36543,Last Day of June,2017-08-31,2017,2010s,Puzzle,76.04,76.33,0.29,Within 5 points
36544,Tennis World Tour,2018-05-22,2018,2010s,Simulator,70.04,31.67,-38.37,Users higher
36550,Yakuza: Like a Dragon,2020-01-16,2020,2020s,Role-playing (RPG),85.20,86.06,0.86,Within 5 points
36595,Sakuna: Of Rice and Ruin,2020-11-10,2020,2020s,Platform,89.83,77.43,-12.40,Users higher
36597,Cat Quest,2017-08-08,2017,2010s,Role-playing (RPG),72.27,82.62,10.36,Critics higher
36616,They Are Billions,2019-06-18,2019,2010s,Real Time Strategy (RTS),74.00,75.71,1.71,Within 5 points
36620,Light Fall,2018-04-26,2018,2010s,Platform,93.00,67.00,-26.00,Users higher
36626,Necrosphere,2017-07-02,2017,2010s,Platform,80.00,73.33,-6.67,Users higher
36627,Bio Inc. Redemption,2017-05-18,2017,2010s,Puzzle,80.00,60.00,-20.00,Users higher
36646,GTFO,2021-12-09,2021,2020s,Shooter,72.96,80.00,7.04,Critics higher
36649,Tropico 6,2019-03-29,2019,2010s,Real Time Strategy (RTS),73.98,76.50,2.52,Within 5 points
36651,Extinction,2018-04-09,2018,2010s,Hack and slash/Beat 'em up,50.00,51.70,1.70,Within 5 points
36662,Need for Speed: Payback,2017-11-10,2017,2010s,Racing,62.36,54.12,-8.24,Users higher
36701,Zwei: The Ilvard Insurrection,2009-12-24,2009,2000s,Role-playing (RPG),70.00,81.25,11.25,Critics higher
36707,The Fidelio Incident,2017-05-23,2017,2010s,Adventure,70.30,70.60,0.30,Within 5 points
36714,Stunt Kite Masters VR,2017-06-01,2017,2010s,Simulator,70.00,59.00,-11.00,Users higher
36749,Monument Valley 2,2017-05-30,2017,2010s,Puzzle,86.41,80.00,-6.41,Users higher
36766,Q.U.B.E. 2,2018-03-13,2018,2010s,Platform,74.45,72.83,-1.62,Within 5 points
36780,Way of the Passive Fist,2018-03-06,2018,2010s,Fighting,70.00,70.00,0.00,Within 5 points
36787,Archangel: Hellfire,2017-07-18,2017,2010s,Shooter,60.00,58.33,-1.67,Within 5 points
36798,The Swords of Ditto,2018-04-24,2018,2010s,Role-playing (RPG),68.34,72.56,4.22,Within 5 points
36813,The Evil Within 2,2017-10-12,2017,2010s,Shooter,81.94,81.20,-0.74,Within 5 points
36814,Atelier Lydie & Suelle: The Alchemists and the Mysterious Paintings,2017-12-21,2017,2010s,Role-playing (RPG),77.94,73.67,-4.28,Within 5 points
36815,Lust for Darkness,2018-06-12,2018,2010s,Puzzle,59.15,60.00,0.85,Within 5 points
36826,Operation Warcade VR,2017-06-02,2017,2010s,Shooter,80.00,65.00,-15.00,Users higher
36831,Dissidia Final Fantasy NT,2018-01-11,2018,2010s,Fighting,55.17,63.17,7.99,Critics higher
36832,Strange Brigade,2018-08-27,2018,2010s,Shooter,69.92,72.92,3.00,Within 5 points
36846,The End Is Nigh,2017-07-12,2017,2010s,Platform,84.57,74.33,-10.24,Users higher
36847,NHL 18,2017-09-15,2017,2010s,Sport,69.96,76.12,6.17,Critics higher
36856,The Mummy: Demastered,2017-10-24,2017,2010s,Shooter,73.02,74.00,0.98,Within 5 points
36869,Moero Chronicle,2014-05-15,2014,2010s,Role-playing (RPG),50.00,63.33,13.33,Critics higher
36872,Forza Motorsport 7,2017-10-03,2017,2010s,Racing,75.97,86.14,10.17,Critics higher
36893,The Mage's Tale,2017-06-20,2017,2010s,Puzzle,60.00,68.60,8.60,Critics higher
36897,A Way Out,2018-03-23,2018,2010s,Adventure,77.19,75.38,-1.81,Within 5 points
36911,Dragon Ball FighterZ,2018-01-26,2018,2010s,Fighting,84.38,87.06,2.68,Within 5 points
36912,Laser League,2018-05-10,2018,2010s,Sport,60.29,79.25,18.96,Critics higher
36926,Monster Hunter: World,2018-01-26,2018,2010s,Role-playing (RPG),84.52,93.25,8.73,Critics higher
36929,Pathfinder: Kingmaker,2018-09-25,2018,2010s,Role-playing (RPG),86.88,65.67,-21.21,Users higher
36950,Anthem,2019-02-22,2019,2010s,Shooter,63.53,60.13,-3.40,Within 5 points
36952,Wolfenstein II: The New Colossus,2017-10-26,2017,2010s,Shooter,81.77,86.55,4.77,Within 5 points
36972,Attack of the Earthlings,2018-02-08,2018,2010s,Strategy,70.00,75.00,5.00,Within 5 points
36978,Will Glow the Wisp,2017-09-15,2017,2010s,Indie,54.29,40.00,-14.29,Users higher
37001,Ori and the Will of the Wisps,2020-03-10,2020,2020s,Platform,87.04,90.75,3.71,Within 5 points
37006,Scarlett Mysteries: Cursed Child,2017-06-08,2017,2010s,Point-and-click,70.00,50.00,-20.00,Users higher
37008,Lode Runner Legacy,2017-07-13,2017,2010s,Platform,70.00,82.50,12.50,Critics higher
37016,Metro Exodus,2019-02-15,2019,2010s,Shooter,83.48,83.25,-0.23,Within 5 points
37024,Super Lucky's Tale,2017-11-07,2017,2010s,Platform,70.19,70.50,0.31,Within 5 points
37026,Unruly Heroes,2019-01-23,2019,2010s,Fighting,65.69,71.67,5.97,Critics higher
37031,Doom VFR,2017-11-30,2017,2010s,Shooter,78.95,75.00,-3.95,Within 5 points
37032,Blade Strangers,2018-08-27,2018,2010s,Fighting,60.00,71.50,11.50,Critics higher
37037,War Tech Fighters,2018-07-25,2018,2010s,Fighting,70.00,70.00,0.00,Within 5 points
37041,Block Survival: Legend of the Lost Islands,2017-06-01,2017,2010s,Adventure,70.00,70.00,0.00,Within 5 points
37050,New Frontier Days: Founding Pioneers,2017-03-03,2017,2010s,Simulator,65.00,55.00,-10.00,Users higher
37057,Griftlands,2020-06-15,2020,2020s,Role-playing (RPG),76.29,83.50,7.21,Critics higher
37062,Skull and Bones,2024-02-16,2024,2020s,Role-playing (RPG),50.00,55.80,5.80,Critics higher
37063,South Park: Phone Destroyer,2017-11-09,2017,2010s,Real Time Strategy (RTS),68.51,55.00,-13.51,Users higher
37064,Transference,2018-09-18,2018,2010s,Puzzle,66.34,70.00,3.66,Within 5 points
37066,Starlink: Battle for Atlas,2018-10-16,2018,2010s,Shooter,77.02,76.40,-0.62,Within 5 points
37067,Just Dance 2018,2017-10-24,2017,2010s,Music,70.05,71.67,1.62,Within 5 points
37089,The Inpatient,2018-01-23,2018,2010s,Adventure,69.93,57.33,-12.59,Users higher
37092,Hidden Agenda,2017-10-24,2017,2010s,Adventure,70.53,66.25,-4.28,Within 5 points
37095,Moss,2018-02-27,2018,2010s,Platform,79.18,83.57,4.39,Within 5 points
37135,Yoshi's Crafted World,2019-03-29,2019,2010s,Platform,77.22,79.25,2.03,Within 5 points
37137,Kirby Star Allies,2018-03-16,2018,2010s,Platform,70.90,74.08,3.19,Within 5 points
37141,That's You!,2017-07-04,2017,2010s,Quiz/Trivia,72.29,69.25,-3.04,Within 5 points
37145,Valfaris,2019-10-09,2019,2010s,Shooter,79.81,85.00,5.19,Critics higher
37146,Unto the End,2020-12-09,2020,2020s,Platform,69.52,75.00,5.48,Critics higher
37179,Sushi Striker: The Way of Sushido,2018-06-07,2018,2010s,Puzzle,73.00,73.80,0.80,Within 5 points
37280,Money Puzzle Exchanger,1997-01-15,1997,1990s,Puzzle,89.90,81.00,-8.90,Users higher
37282,The Persistence,2018-06-24,2018,2010s,Adventure,79.72,76.67,-3.06,Within 5 points
37294,Staxel,2018-01-23,2018,2010s,Role-playing (RPG),53.14,56.00,2.86,Within 5 points
37382,Pokémon Sword,2019-11-15,2019,2010s,Role-playing (RPG),72.31,82.36,10.05,Critics higher
37401,Baobabs Mausoleum Ep. 1: Ovnifagos Don't Eat Flamingos,2017-07-06,2017,2010s,Role-playing (RPG),50.00,60.00,10.00,Critics higher
37777,Shadow of the Tomb Raider,2018-09-14,2018,2010s,Shooter,77.62,80.00,2.38,Within 5 points
37852,Milanoir,2018-05-31,2018,2010s,Shooter,60.00,41.25,-18.75,Users higher
38045,Dream Daddy: A Dad Dating Simulator,2017-07-20,2017,2010s,Simulator,66.00,71.25,5.25,Critics higher
38494,Flood of Light,2017-06-15,2017,2010s,Platform,70.00,70.00,0.00,Within 5 points
38661,Reaching for Petals,2017-09-04,2017,2010s,Adventure,50.00,78.50,28.50,Critics higher
38793,Strikey Sisters,2017-06-01,2017,2010s,Adventure,80.00,80.00,0.00,Within 5 points
39244,Shadow Fight 2,2014-05-01,2014,2010s,Fighting,80.55,61.50,-19.05,Users higher
39299,Strikers 1945 II,1997-12-31,1997,1990s,Shooter,68.46,74.00,5.54,Critics higher
39300,Strikers 1945,1995-10-04,1995,1990s,Shooter,50.98,71.00,20.02,Critics higher
39593,Capcom vs. SNK: Millennium Fight 2000,2000-08-13,2000,2000s,Fighting,89.76,90.00,0.24,Within 5 points
39659,Dragon Blaze,2000-02-01,2000,2000s,Shooter,77.73,76.00,-1.73,Within 5 points
39749,The House of Da Vinci,2017-06-22,2017,2010s,Puzzle,73.17,88.00,14.83,Critics higher
39752,Omega Strike,2017-10-04,2017,2010s,Shooter,70.00,69.00,-1.00,Within 5 points
39755,Gold Mining Simulator,2017-10-13,2017,2010s,Simulator,50.17,65.00,14.83,Critics higher
39758,Hypercharge: Unboxed,2020-01-30,2020,2020s,Shooter,57.13,85.00,27.87,Critics higher
39861,Gunbarich,2001-02-01,2001,2000s,Shooter,84.00,64.00,-20.00,Users higher
40150,Gunbird 2,1998-02-01,1998,1990s,Shooter,70.00,76.00,6.00,Critics higher
40470,Car Mechanic Simulator 2018,2017-07-28,2017,2010s,Racing,73.61,67.00,-6.61,Users higher
40477,Slay the Spire,2019-01-23,2019,2010s,Role-playing (RPG),85.19,92.67,7.47,Critics higher
40546,Community Inc,2017-08-03,2017,2010s,Simulator,50.00,55.00,5.00,Within 5 points
40556,Greedy Guns,2017-09-01,2017,2010s,Adventure,70.00,70.00,0.00,Within 5 points
40557,Fighting Fantasy Legends,2017-07-27,2017,2010s,Role-playing (RPG),60.00,67.50,7.50,Critics higher
40868,Die for Valhalla!,2018-05-29,2018,2010s,Fighting,70.00,70.00,0.00,Within 5 points
41025,Somerville,2022-11-15,2022,2020s,Puzzle,70.87,67.50,-3.37,Within 5 points
41047,Gorn,2018-07-18,2018,2010s,Fighting,79.63,73.40,-6.23,Users higher
41051,Pinball FX3,2017-09-26,2017,2010s,Simulator,78.92,84.17,5.25,Critics higher
41061,Death End Re;Quest,2018-03-01,2018,2010s,Role-playing (RPG),50.00,74.67,24.67,Critics higher
41496,Kingdom Rush Origins,2014-11-07,2014,2010s,Real Time Strategy (RTS),73.00,70.00,-3.00,Within 5 points
41621,Football Manager 2019,2018-11-02,2018,2010s,Simulator,90.89,87.50,-3.39,Within 5 points
41714,Zombie Incident,2012-01-31,2012,2010s,Platform,70.00,59.00,-11.00,Users higher
41812,The Long Reach,2018-03-14,2018,2010s,Puzzle,69.94,70.00,0.06,Within 5 points
41820,Creeping Terror,2017-01-19,2017,2010s,Adventure,50.00,58.67,8.67,Critics higher
41827,School Girl/Zombie Hunter,2017-01-12,2017,2010s,Shooter,60.00,44.50,-15.50,Users higher
41828,Fighting EX Layer,2018-06-28,2018,2010s,Fighting,59.83,70.00,10.17,Critics higher
41830,Final Fantasy Fables: Chocobo Tales,2006-12-14,2006,2000s,Adventure,65.40,70.00,4.60,Within 5 points
41893,Shephy,2016-07-10,2016,2010s,Puzzle,57.00,30.00,-27.00,Users higher
41952,Still Not Dead,2017-07-10,2017,2010s,Shooter,70.00,80.00,10.00,Critics higher
41959,Age of Gladiators II,2017-08-03,2017,2010s,Role-playing (RPG),60.00,65.00,5.00,Within 5 points
42855,Naruto Shippuden: Ultimate Ninja Heroes 3,2009-12-10,2009,2000s,Fighting,60.02,65.00,4.98,Within 5 points
43165,My Time at Portia,2019-01-15,2019,2010s,Role-playing (RPG),82.10,70.20,-11.90,Users higher
43335,FIFA Soccer 2003,2002-12-14,2002,2000s,Sport,76.25,30.00,-46.25,Users higher
43367,Rico,2019-03-12,2019,2010s,Shooter,49.19,58.00,8.81,Critics higher
43475,Corvette Evolution GT,2006-05-12,2006,2000s,Racing,53.00,26.00,-27.00,Users higher
43501,Jydge,2017-10-03,2017,2010s,Shooter,80.00,78.75,-1.25,Within 5 points
43658,Ar tonelico II: Melody of Metafalica,2007-10-25,2007,2000s,Role-playing (RPG),80.83,65.00,-15.83,Users higher
44074,Evil Genius 2: World Domination,2021-03-30,2021,2020s,Real Time Strategy (RTS),67.83,77.14,9.31,Critics higher
44078,The Longest Five Minutes,2016-07-28,2016,2010s,Role-playing (RPG),87.00,66.60,-20.40,Users higher
44102,Total War Saga: Thrones of Britannia,2018-05-02,2018,2010s,Real Time Strategy (RTS),69.85,76.43,6.58,Critics higher
44112,Galaxy of Pen and Paper,2017-07-26,2017,2010s,Role-playing (RPG),50.00,78.00,28.00,Critics higher
44122,City of Brass,2018-05-04,2018,2010s,Shooter,40.87,68.12,27.26,Critics higher
44129,Super Meat Boy Forever,2020-12-23,2020,2020s,Platform,76.50,70.14,-6.36,Users higher
44141,Vostok Inc.,2017-07-26,2017,2010s,Shooter,50.00,74.00,24.00,Critics higher
44158,Minecraft: Story Mode - Season Two,2017-07-11,2017,2010s,Point-and-click,65.93,74.10,8.17,Critics higher
44162,The Last Birdling,2017-09-01,2017,2010s,Indie,70.00,95.00,25.00,Critics higher
44166,Warbanners,2017-10-18,2017,2010s,Role-playing (RPG),80.00,40.00,-40.00,Users higher
44177,Skeleton Boomerang,2017-08-01,2017,2010s,Platform,70.00,70.00,0.00,Within 5 points
44181,The Initiate,2017-08-01,2017,2010s,Adventure,70.00,85.00,15.00,Critics higher
44246,Shadow Bug,2017-07-22,2017,2010s,Platform,70.00,60.00,-10.00,Users higher
44280,Little Red Lie,2017-07-07,2017,2010s,Adventure,70.00,85.00,15.00,Critics higher
44285,Slash It Ultimate,2017-07-14,2017,2010s,Indie,60.00,43.00,-17.00,Users higher
44289,Vicious Attack Llama Apocalypse,2018-02-26,2018,2010s,Indie,70.00,56.00,-14.00,Users higher
44516,West of Loathing,2017-08-10,2017,2010s,Role-playing (RPG),80.27,82.00,1.73,Within 5 points
44528,Race for the Galaxy,2017-05-03,2017,2010s,Strategy,60.00,90.00,30.00,Critics higher
44740,BAFL: Brakes Are For Losers,2017-10-18,2017,2010s,Racing,63.00,69.00,6.00,Critics higher
45026,Next Up Hero,2018-06-28,2018,2010s,Role-playing (RPG),50.00,74.00,24.00,Critics higher
45095,Hidden Dragon: Legend,2017-09-19,2017,2010s,Fighting,70.00,42.50,-27.50,Users higher
45111,Fantasy Strike,2017-09-14,2017,2010s,Fighting,46.94,65.00,18.06,Critics higher
45581,FIFA Soccer 96,1995-09-30,1995,1990s,Sport,69.98,84.00,14.02,Critics higher
45843,Tennis 2K2,2001-11-24,2001,2000s,Sport,85.02,90.00,4.98,Within 5 points
46800,Maneater,2020-05-22,2020,2020s,Role-playing (RPG),73.16,72.86,-0.30,Within 5 points
47157,Harold Halibut,2024-04-16,2024,2020s,Simulator,75.80,66.67,-9.13,Users higher
47354,World Soccer: Winning Eleven 8 International,2004-08-05,2004,2000s,Simulator,75.00,90.00,15.00,Critics higher
47367,Sega Superstars Tennis,2008-03-17,2008,2000s,Sport,70.71,69.40,-1.31,Within 5 points
47603,Rhythm Thief & the Emperor's Treasure,2012-01-19,2012,2010s,Music,82.00,80.00,-2.00,Within 5 points
47642,Cooking Mama 5: Bon Appetit,2013-11-21,2013,2010s,Simulator,63.00,60.00,-3.00,Within 5 points
47644,Cubit: The Hardcore Platformer Robot,2013-12-26,2013,2010s,Music,63.00,43.00,-20.00,Users higher
47823,Citadel: Forged With Fire,2019-11-01,2019,2010s,Shooter,59.56,50.00,-9.56,Users higher
47981,Iron Crypticle,2017-07-11,2017,2010s,Shooter,70.00,77.00,7.00,Critics higher
49212,Yoshi Topsy-Turvy,2004-04-22,2004,2000s,Platform,60.08,60.00,-0.08,Within 5 points
49260,Mr. Driller 2,2000-07-01,2000,2000s,Puzzle,75.00,72.00,-3.00,Within 5 points
49514,Mineko's Night Market,2023-09-26,2023,2020s,Role-playing (RPG),60.02,69.00,8.98,Critics higher
50227,Leap of Fate,2016-03-30,2016,2010s,Hack and slash/Beat 'em up,80.00,73.00,-7.00,Users higher
50506,This Strange Realm of Mine,2017-07-19,2017,2010s,Shooter,67.11,80.00,12.89,Critics higher
50867,Marvel Heroes,2013-06-04,2013,2010s,Role-playing (RPG),69.75,65.83,-3.92,Within 5 points
50891,Tragedy of Prince Rupert,2017-07-26,2017,2010s,Indie,70.00,65.00,-5.00,Within 5 points
51149,Fatal Frame: Maiden of Black Water,2014-09-27,2014,2010s,Puzzle,81.00,60.78,-20.22,Users higher
51408,Old School Musical,2018-09-13,2018,2010s,Fighting,70.00,75.33,5.33,Critics higher
51422,Ghosts of Miami,2017-08-01,2017,2010s,Adventure,70.00,70.00,0.00,Within 5 points
51448,BlazBlue: Cross Tag Battle,2018-05-31,2018,2010s,Fighting,83.00,76.86,-6.14,Users higher
51467,Suicide Guy,2017-07-14,2017,2010s,Puzzle,63.61,70.00,6.39,Critics higher
51524,The Walking Dead: The Final Season,2018-08-13,2018,2010s,Point-and-click,78.72,71.25,-7.47,Users higher
51525,Batman: The Enemy Within,2017-08-08,2017,2010s,Point-and-click,76.99,76.32,-0.67,Within 5 points
51528,Telling Lies,2019-08-23,2019,2010s,Point-and-click,64.66,85.29,20.62,Critics higher
51577,Rise of Industry,2019-05-02,2019,2010s,Simulator,56.47,72.00,15.53,Critics higher
51611,Steel Rain X,2016-11-05,2016,2010s,Shooter,80.00,79.00,-1.00,Within 5 points
51634,The Fancy Pants Adventures,2011-03-03,2011,2010s,Platform,71.81,70.00,-1.81,Within 5 points
51679,Shaq Fu: A Legend Reborn,2018-06-05,2018,2010s,Fighting,62.22,25.00,-37.22,Users higher
51718,I fell from Grace,2017-12-20,2017,2010s,Adventure,60.00,60.00,0.00,Within 5 points
51730,36 Fragments of Midnight,2017-08-07,2017,2010s,Platform,62.60,24.00,-38.60,Users higher
51736,Nowhere Prophet,2019-07-19,2019,2010s,Puzzle,77.52,92.50,14.98,Critics higher
51944,A Robot Named Fight,2017-09-07,2017,2010s,Shooter,81.80,61.50,-20.30,Users higher
52006,Noita,2020-10-15,2020,2020s,Shooter,80.01,80.50,0.49,Within 5 points
52014,Do Not Feed the Monkeys,2018-10-23,2018,2010s,Puzzle,70.26,75.00,4.74,Within 5 points
52067,Eselmir and the five magical gifts,2018-01-11,2018,2010s,Adventure,60.00,83.00,23.00,Critics higher
52095,ICY: Frostbite Edition,2017-08-11,2017,2010s,Role-playing (RPG),70.00,55.00,-15.00,Users higher
52178,"Don't Die, Mr. Robot!",2014-10-29,2014,2010s,Adventure,81.04,79.00,-2.04,Within 5 points
52186,Monkey King: Hero Is Back,2019-10-17,2019,2010s,Role-playing (RPG),60.00,60.50,0.50,Within 5 points
52190,The LEGO Ninjago Movie Video Game,2017-09-22,2017,2010s,Shooter,69.50,73.25,3.75,Within 5 points
52200,Descenders,2019-05-07,2019,2010s,Racing,70.13,76.67,6.53,Critics higher
52207,MagiCat,2017-08-22,2017,2010s,Platform,70.00,74.00,4.00,Within 5 points
52263,All-Star Fruit Racing,2018-07-13,2018,2010s,Racing,60.00,57.67,-2.33,Within 5 points
53092,Bouncy Bob,2017-10-24,2017,2010s,Platform,27.00,78.00,51.00,Critics higher
54217,Persona 3: Dancing in Moonlight,2018-05-24,2018,2010s,Music,74.88,76.00,1.12,Within 5 points
54218,Persona 5: Dancing in Starlight,2018-05-24,2018,2010s,Music,70.81,75.00,4.19,Within 5 points
54220,Persona Q2: New Cinema Labyrinth,2018-11-29,2018,2010s,Role-playing (RPG),96.60,79.25,-17.35,Users higher
54486,We Were Here Too,2018-02-02,2018,2010s,Puzzle,67.41,90.00,22.59,Critics higher
54521,Senran Kagura Peach Ball,2018-12-13,2018,2010s,Pinball,60.00,73.75,13.75,Critics higher
54538,Magic: The Gathering Arena,2019-09-26,2019,2010s,Strategy,73.02,84.50,11.48,Critics higher
54548,Dragon Quest Builders 2,2018-12-20,2018,2010s,Role-playing (RPG),77.19,85.30,8.11,Critics higher
54565,Tempest 4000,2018-07-17,2018,2010s,Shooter,50.00,77.75,27.75,Critics higher
54572,Artifact,2018-11-28,2018,2010s,Strategy,63.20,82.50,19.30,Critics higher
54574,Orwell: Ignorance is Strength,2018-02-22,2018,2010s,Point-and-click,75.82,80.00,4.18,Within 5 points
54580,Megaton Rainfall,2017-10-17,2017,2010s,Shooter,69.83,70.17,0.33,Within 5 points
54613,Shape of the World,2018-06-05,2018,2010s,Music,70.00,80.00,10.00,Critics higher
54630,Aokana: Four Rhythms Across the Blue,2016-02-25,2016,2010s,Adventure,77.29,70.00,-7.29,Users higher
54631,Cat Sorter VR,2017-08-29,2017,2010s,Simulator,70.00,70.00,0.00,Within 5 points
54656,Chicken Wiggle,2017-08-17,2017,2010s,Platform,84.00,70.50,-13.50,Users higher
54662,Football Manager 2018,2017-11-10,2017,2010s,Simulator,88.40,74.50,-13.90,Users higher
54697,Offensive Combat: Redux!,2017-08-18,2017,2010s,Shooter,60.00,23.00,-37.00,Users higher
54699,Black Mirror,2017-11-28,2017,2010s,Point-and-click,52.37,25.00,-27.37,Users higher
54700,Shooty Fruity,2017-12-18,2017,2010s,Shooter,70.00,78.00,8.00,Critics higher
54709,Planet of the Apes: Last Frontier,2017-08-24,2017,2010s,Adventure,69.96,58.33,-11.63,Users higher
54736,Autonauts,2019-10-17,2019,2010s,Simulator,71.50,84.00,12.50,Critics higher
54752,Sinner: Sacrifice for Redemption,2018-10-18,2018,2010s,Fighting,60.00,61.50,1.50,Within 5 points
54774,Astro Bears Party,2017-09-28,2017,2010s,Fighting,57.00,56.67,-0.33,Within 5 points
54775,Shadows: Awakening,2018-08-30,2018,2010s,Role-playing (RPG),69.78,71.25,1.47,Within 5 points
54780,Subsurface Circular,2017-08-17,2017,2010s,Puzzle,71.29,67.00,-4.29,Within 5 points
54789,MudRunner,2017-10-31,2017,2010s,Racing,77.22,70.00,-7.22,Users higher
54799,Super Man or Monster,2017-10-31,2017,2010s,Adventure,70.00,75.00,5.00,Within 5 points
54817,Hyper Universe,2018-01-17,2018,2010s,Real Time Strategy (RTS),50.00,100.00,50.00,Critics higher
54820,Dead In Vinland,2018-04-13,2018,2010s,Role-playing (RPG),70.00,80.00,10.00,Critics higher
54831,1bitHeart,2015-02-06,2015,2010s,Adventure,82.27,75.00,-7.27,Users higher
54842,Biomutant,2021-05-25,2021,2020s,Role-playing (RPG),59.07,73.05,13.98,Critics higher
54844,Ion Fury,2019-08-15,2019,2010s,Shooter,76.54,84.00,7.46,Critics higher
54911,Hardcore Mecha,2019-06-26,2019,2010s,Shooter,80.00,70.00,-10.00,Users higher
54996,Jurassic World Evolution,2018-06-11,2018,2010s,Simulator,68.44,74.15,5.71,Critics higher
55027,Close to the Sun,2019-05-02,2019,2010s,Adventure,65.91,60.60,-5.31,Users higher
55028,Attack on Titan 2,2018-03-15,2018,2010s,Hack and slash/Beat 'em up,83.11,74.62,-8.50,Users higher
55029,Age of Empires IV,2021-10-28,2021,2020s,Real Time Strategy (RTS),72.23,81.57,9.35,Critics higher
55036,Anno 1800,2019-04-16,2019,2010s,Real Time Strategy (RTS),86.75,82.80,-3.95,Within 5 points
55038,Immortal: Unchained,2018-09-07,2018,2010s,Shooter,50.73,45.33,-5.40,Users higher
55039,God's Trigger,2019-04-18,2019,2010s,Shooter,63.38,90.00,26.62,Critics higher
55042,Blazing Chrome,2019-07-11,2019,2010s,Shooter,79.11,77.25,-1.86,Within 5 points
55044,Arena of Valor,2015-11-26,2015,2010s,Strategy,72.23,80.00,7.77,Critics higher
55047,The Dark Pictures Anthology: Man of Medan,2019-08-29,2019,2010s,Adventure,67.31,71.46,4.15,Within 5 points
55048,Another Lost Phone: Laura's Story,2017-09-21,2017,2010s,Puzzle,72.35,75.00,2.65,Within 5 points
55068,Little Orpheus,2020-06-12,2020,2020s,Platform,66.41,65.33,-1.08,Within 5 points
55072,Rush: A Disney Pixar Adventure,2012-03-20,2012,2010s,Adventure,50.27,64.62,14.35,Critics higher
55080,Donut County,2018-08-28,2018,2010s,Puzzle,71.22,80.31,9.09,Critics higher
55106,Reigns: Her Majesty,2017-12-06,2017,2010s,Role-playing (RPG),69.43,83.00,13.57,Critics higher
55112,Fist of the North Star: Lost Paradise,2018-03-08,2018,2010s,Role-playing (RPG),89.59,66.67,-22.92,Users higher
55121,Phantom Doctrine,2018-08-14,2018,2010s,Role-playing (RPG),59.96,75.44,15.48,Critics higher
55123,X4: Foundations,2018-11-30,2018,2010s,Simulator,79.57,75.00,-4.57,Within 5 points
55137,Fate/Extella Link,2018-06-07,2018,2010s,Hack and slash/Beat 'em up,56.67,71.67,15.00,Critics higher
55147,Elex II,2022-03-01,2022,2020s,Role-playing (RPG),69.87,67.50,-2.37,Within 5 points
55163,Resident Evil Village,2021-05-06,2021,2020s,Shooter,83.89,86.93,3.04,Within 5 points
55172,Dreamworks Voltron VR Chronicles,2017-09-26,2017,2010s,Puzzle,60.00,66.00,6.00,Critics higher
55173,Semblance,2018-07-24,2018,2010s,Platform,69.71,80.00,10.29,Critics higher
55174,Super Beat Sports,2017-11-02,2017,2010s,Music,53.00,63.00,10.00,Critics higher
55175,Save me Mr Tako: Tasukete Tako-San,2018-10-30,2018,2010s,Puzzle,70.00,57.50,-12.50,Users higher
55189,Warhammer: Vermintide 2,2018-03-08,2018,2010s,Shooter,76.06,81.11,5.05,Critics higher
55190,Pikuniku,2019-01-24,2019,2010s,Platform,68.63,74.80,6.17,Critics higher
55192,Gear.Club Unlimited,2017-11-21,2017,2010s,Racing,69.76,62.50,-7.26,Users higher
55195,Travis Strikes Again: No More Heroes,2019-01-18,2019,2010s,Hack and slash/Beat 'em up,54.87,74.14,19.28,Critics higher
55196,Floor Kids,2017-12-07,2017,2010s,Music,77.00,73.33,-3.67,Within 5 points
55197,Yono and the Celestial Elephants,2017-10-12,2017,2010s,Puzzle,69.53,69.33,-0.19,Within 5 points
55199,Dragon: Marked for Death,2019-01-31,2019,2010s,Role-playing (RPG),80.00,67.00,-13.00,Users higher
55215,Earth Atlantis,2017-10-05,2017,2010s,Shooter,80.00,75.00,-5.00,Within 5 points
55231,The Little Ball That Could,2017-09-12,2017,2010s,Puzzle,70.00,80.00,10.00,Critics higher
55247,Chessaria: The Tactical Adventure,2018-03-08,2018,2010s,Puzzle,60.00,70.00,10.00,Critics higher
55308,Farm Manager 2018,2018-04-06,2018,2010s,Simulator,60.00,30.00,-30.00,Users higher
55322,Pathologic 2,2019-05-23,2019,2010s,Role-playing (RPG),91.00,63.20,-27.80,Users higher
55382,Guns'n'Stories: Bulletproof VR,2017-08-25,2017,2010s,Shooter,80.00,63.00,-17.00,Users higher
55451,Sinkr,2017-10-12,2017,2010s,Puzzle,80.00,68.33,-11.67,Users higher
55474,Prison Boss VR,2017-08-29,2017,2010s,Simulator,70.00,76.00,6.00,Critics higher
55475,StellarHub,2017-08-16,2017,2010s,Simulator,50.00,70.00,20.00,Critics higher
55486,0°N 0°W,2018-03-02,2018,2010s,Adventure,70.00,50.00,-20.00,Users higher
55628,Bomber Crew,2017-10-19,2017,2010s,Simulator,75.11,85.00,9.89,Critics higher
55632,Indygo,2017-10-10,2017,2010s,Point-and-click,70.00,70.00,0.00,Within 5 points
55678,Door Kickers: Action Squad,2018-09-10,2018,2010s,Shooter,77.33,82.50,5.17,Critics higher
55695,Holy Potatoes! What the Hell?!,2017-10-13,2017,2010s,Simulator,50.00,83.00,33.00,Critics higher
55710,Null Vector,2018-05-03,2018,2010s,Shooter,70.00,87.00,17.00,Critics higher
55771,Fell Seal: Arbiter's Mark,2019-04-30,2019,2010s,Role-playing (RPG),88.57,81.50,-7.07,Users higher
55804,Manifest 99,2017-09-12,2017,2010s,Adventure,70.00,70.00,0.00,Within 5 points
55866,Aura of Worlds,2024-09-19,2024,2020s,Platform,70.00,80.00,10.00,Critics higher
55935,Doki Doki Literature Club!,2017-09-22,2017,2010s,Adventure,82.15,94.50,12.35,Critics higher
55984,Blacksad: Under the Skin,2019-11-05,2019,2010s,Puzzle,76.10,66.25,-9.85,Users higher
56026,Kynseed,2018-11-08,2018,2010s,Role-playing (RPG),69.39,89.50,20.11,Critics higher
56062,Hell is Other Demons,2019-04-18,2019,2010s,Shooter,71.82,65.00,-6.82,Users higher
56344,Pato Box,2018-03-15,2018,2010s,Fighting,70.00,70.00,0.00,Within 5 points
56347,PixArk,2018-03-27,2018,2010s,Shooter,70.02,70.00,-0.02,Within 5 points
56435,Dujanah,2017-09-19,2017,2010s,Role-playing (RPG),70.00,80.00,10.00,Critics higher
56463,Luna: The Shadow Dust,2020-02-13,2020,2020s,Point-and-click,76.84,76.17,-0.67,Within 5 points
56564,Russian Subway Dogs,2018-08-02,2018,2010s,Indie,70.00,81.67,11.67,Critics higher
56581,High Hell,2017-10-23,2017,2010s,Shooter,51.02,80.00,28.98,Critics higher
56589,Mecho Tales,2017-09-19,2017,2010s,Shooter,67.00,60.00,-7.00,Users higher
56613,Mad Age and This Guy,2017-10-24,2017,2010s,Puzzle,70.00,80.00,10.00,Critics higher
56639,Mike Dies,2018-02-23,2018,2010s,Platform,70.00,80.00,10.00,Critics higher
56678,Shift Quantum,2018-05-29,2018,2010s,Platform,70.00,80.00,10.00,Critics higher
56697,Coffee Crisis,2017-02-24,2017,2010s,Fighting,70.00,72.33,2.33,Within 5 points
56859,Project Wingman,2020-12-01,2020,2020s,Simulator,83.39,78.50,-4.89,Within 5 points
56869,Reverie,2017-10-03,2017,2010s,Puzzle,70.00,73.00,3.00,Within 5 points
56870,"Guns, Gore and Cannoli 2",2018-03-02,2018,2010s,Shooter,74.84,78.50,3.66,Within 5 points
56914,Beautiful Desolation,2020-02-26,2020,2020s,Platform,77.84,69.50,-8.34,Users higher
56969,Vaporum,2017-09-28,2017,2010s,Role-playing (RPG),79.42,73.80,-5.62,Users higher
57012,Etrian Odyssey Nexus,2018-08-02,2018,2010s,Role-playing (RPG),80.00,80.71,0.71,Within 5 points
57020,Earth Defense Force 4.1: Wing Diver the Shooter,2017-11-22,2017,2010s,Shooter,70.00,63.00,-7.00,Users higher
57032,Sakura Gamer,2017-10-05,2017,2010s,Simulator,70.00,90.00,20.00,Critics higher
57142,Gal Metal,2018-02-08,2018,2010s,Music,73.00,63.33,-9.67,Users higher
57192,Nairi: Tower of Shirin,2018-11-29,2018,2010s,Point-and-click,83.99,78.33,-5.66,Users higher
57263,Chuchel,2018-03-07,2018,2010s,Point-and-click,73.45,83.33,9.88,Critics higher
57335,Six Ages: Ride like the Wind,2018-06-28,2018,2010s,Role-playing (RPG),80.00,88.00,8.00,Critics higher
57372,SoulWorker,2016-04-06,2016,2010s,Role-playing (RPG),62.50,80.00,17.50,Critics higher
57420,Riverbond,2019-06-09,2019,2010s,Adventure,79.89,70.50,-9.39,Users higher
57834,The Shattering,2020-04-21,2020,2020s,Role-playing (RPG),50.81,75.00,24.19,Critics higher
57841,Urban Trial Freestyle 2,2017-03-30,2017,2010s,Racing,73.00,71.00,-2.00,Within 5 points
58042,Agent A: A Puzzle In Disguise,2015-10-28,2015,2010s,Point-and-click,77.84,75.00,-2.84,Within 5 points
58066,Pure Farming 2018,2018-03-13,2018,2010s,Simulator,50.00,70.00,20.00,Critics higher
58243,Treasure Adventure World,2018-02-07,2018,2010s,Platform,88.04,65.00,-23.04,Users higher
58479,Out of Line,2021-06-23,2021,2020s,Platform,68.88,72.00,3.12,Within 5 points
58533,Damsel,2018-10-19,2018,2010s,Platform,70.00,71.67,1.67,Within 5 points
58630,Animal Crossing: Pocket Camp,2017-10-25,2017,2010s,Simulator,59.97,77.50,17.53,Critics higher
58676,Super Strike Beach Volleyball,2016-04-14,2016,2010s,Sport,83.00,33.00,-50.00,Users higher
58782,My Nintendo Picross: The Legend of Zelda Twilight Princess,2016-03-31,2016,2010s,Puzzle,72.78,60.00,-12.78,Users higher
58873,Star Ghost,2016-03-10,2016,2010s,Shooter,73.00,75.00,2.00,Within 5 points
58892,Lost in Harmony,2016-01-20,2016,2010s,Music,63.00,52.67,-10.33,Users higher
59123,Fairune,2013-03-28,2013,2010s,Puzzle,75.00,60.00,-15.00,Users higher
59227,Jimmy and the Pulsating Mass,2018-08-07,2018,2010s,Role-playing (RPG),70.00,90.00,20.00,Critics higher
59252,Darkestville Castle,2017-09-21,2017,2010s,Puzzle,70.72,75.00,4.28,Within 5 points
59573,Fight'N Rage,2017-09-19,2017,2010s,Fighting,78.83,73.33,-5.50,Users higher
59587,L.A. Noire: The VR Case Files,2017-12-13,2017,2010s,Puzzle,60.00,83.75,23.75,Critics higher
59843,Pikmin 4,2023-07-21,2023,2020s,Real Time Strategy (RTS),85.70,87.50,1.80,Within 5 points
59858,Lethal League Blaze,2018-10-24,2018,2010s,Fighting,90.19,90.00,-0.19,Within 5 points
59898,Dynamite Fishing: World Games,2014-12-12,2014,2010s,Simulator,60.00,71.00,11.00,Critics higher
60230,Joggernauts,2018-10-11,2018,2010s,Platform,70.00,80.00,10.00,Critics higher
60315,Azure Reflections,2012-08-11,2012,2010s,Shooter,83.00,77.50,-5.50,Users higher
60534,Ninjin: Clash of Carrots,2018-09-04,2018,2010s,Shooter,70.00,80.00,10.00,Critics higher
61714,To Leave,2018-04-24,2018,2010s,Music,70.00,74.00,4.00,Within 5 points
61884,Regions of Ruin,2018-02-05,2018,2010s,Fighting,60.50,80.00,19.50,Critics higher
62151,Life is Strange 2,2018-09-26,2018,2010s,Adventure,76.22,81.75,5.53,Critics higher
62700,Treachery in Beatdown City,2020-03-30,2020,2020s,Fighting,70.00,61.33,-8.67,Users higher
63520,The Delusions of Von Sottendorff and His Squared Mind,2015-12-17,2015,2010s,Platform,83.00,57.00,-26.00,Users higher
64204,Atomega,2017-09-19,2017,2010s,Shooter,60.00,65.00,5.00,Within 5 points
64205,Robonauts,2017-09-15,2017,2010s,Shooter,54.99,60.67,5.68,Critics higher
64359,Hero-U: Rogue to Redemption,2018-07-10,2018,2010s,Puzzle,70.00,80.00,10.00,Critics higher
64957,Mutazione,2019-09-19,2019,2010s,Point-and-click,63.82,90.00,26.18,Critics higher
65445,Generation Zero,2019-03-26,2019,2010s,Shooter,65.14,52.75,-12.39,Users higher
65503,Sky: Children of the Light,2019-07-11,2019,2010s,Puzzle,69.69,81.60,11.91,Critics higher
65504,Steins;Gate: Linear Bounded Phenogram,2014-04-25,2014,2010s,Adventure,93.04,80.00,-13.04,Users higher
66788,Kirby Battle Royale,2017-11-03,2017,2010s,Fighting,60.00,58.33,-1.67,Within 5 points
66812,Mario Party: The Top 100,2017-11-09,2017,2010s,Puzzle,64.51,54.60,-9.91,Users higher
67202,Style Savvy: Styling Star,2017-11-02,2017,2010s,Simulator,86.68,85.00,-1.68,Within 5 points
67625,MX vs. ATV: All Out,2018-03-27,2018,2010s,Racing,59.86,60.00,0.14,Within 5 points
67626,Fugl,2017-09-14,2017,2010s,Role-playing (RPG),80.00,63.00,-17.00,Users higher
68169,Mechanism,2018-07-19,2018,2010s,Adventure,60.00,40.00,-20.00,Users higher
68271,Darq,2019-08-15,2019,2010s,Adventure,79.97,70.00,-9.97,Users higher
68272,Sneaky Bears VR,2017-10-17,2017,2010s,Shooter,70.00,80.00,10.00,Critics higher
68279,Gal*Gun 2,2018-03-15,2018,2010s,Shooter,55.51,53.25,-2.26,Within 5 points
68282,Ashes Cricket,2017-11-16,2017,2010s,Sport,60.00,73.00,13.00,Critics higher
68285,Mobile Suit Gundam Battle Operation 2,2019-10-01,2019,2010s,Shooter,84.78,30.00,-54.78,Users higher
68286,Earth Defense Force: Iron Rain,2019-04-11,2019,2010s,Shooter,60.37,72.11,11.74,Critics higher
68334,Picross S,2017-09-28,2017,2010s,Puzzle,81.38,90.00,8.62,Critics higher
68353,Unicorn Overlord,2024-03-08,2024,2020s,Role-playing (RPG),85.18,86.25,1.07,Within 5 points
68364,Mugsters,2018-07-17,2018,2010s,Platform,70.00,70.00,0.00,Within 5 points
68383,Hellmut: The Badass from Hell,2018-02-27,2018,2010s,Fighting,70.00,72.50,2.50,Within 5 points
68390,Astrologaster,2019-05-02,2019,2010s,Strategy,70.19,60.00,-10.19,Users higher
68441,Sword Art Online: Integral Factor,2018-03-27,2018,2010s,Role-playing (RPG),55.23,65.00,9.77,Critics higher
68442,Metropolis: Lux Obscura,2017-10-11,2017,2010s,Fighting,70.00,50.00,-20.00,Users higher
68447,Superliminal,2019-11-12,2019,2010s,Puzzle,81.36,79.50,-1.86,Within 5 points
68468,Campfire Cooking,2017-10-01,2017,2010s,Puzzle,70.00,80.00,10.00,Critics higher
68484,D&D Lords of Waterdeep,2013-11-21,2013,2010s,Strategy,70.18,75.00,4.82,Within 5 points
68569,Espire 1: VR Operative,2019-11-19,2019,2010s,Shooter,50.00,76.33,26.33,Critics higher
68582,Dark Devotion,2019-04-25,2019,2010s,Platform,69.84,72.50,2.66,Within 5 points
68661,Ghostory,2017-10-23,2017,2010s,Platform,70.00,75.00,5.00,Within 5 points
68702,Deru: The Art of Cooperation,2018-11-07,2018,2010s,Puzzle,70.00,80.00,10.00,Critics higher
68843,I Hate Running Backwards,2018-05-22,2018,2010s,Shooter,70.00,60.00,-10.00,Users higher
69014,Castle of Heart,2018-03-23,2018,2010s,Platform,80.00,52.50,-27.50,Users higher
69348,Frantics,2018-03-07,2018,2010s,Fighting,78.87,72.33,-6.54,Users higher
69382,Jettomero: Hero of the Universe,2017-09-15,2017,2010s,Adventure,70.00,55.00,-15.00,Users higher
69422,Franchise Hockey Manager 4,2017-10-06,2017,2010s,Simulator,60.00,60.00,0.00,Within 5 points
69483,Monster Prom,2018-04-27,2018,2010s,Simulator,70.10,59.00,-11.10,Users higher
69987,Zoo Keeper,2004-12-02,2004,2000s,Puzzle,79.04,73.33,-5.71,Users higher
70396,Trüberbrook,2019-03-12,2019,2010s,Point-and-click,69.70,76.67,6.97,Critics higher
70765,Bird & Beans,2008-12-24,2008,2000s,Arcade,75.00,80.00,5.00,Within 5 points
70828,Raji: An Ancient Epic,2020-08-18,2020,2020s,Platform,60.19,77.50,17.31,Critics higher
70833,Knowledge is Power,2017-10-24,2017,2010s,Quiz/Trivia,73.48,67.50,-5.98,Users higher
71595,Flynn: Son of Crimson,2021-09-15,2021,2020s,Platform,82.62,90.00,7.38,Critics higher
71628,The Messenger,2018-08-30,2018,2010s,Platform,79.20,87.00,7.80,Critics higher
72420,The Exorcist: Legion VR,2017-11-22,2017,2010s,Simulator,80.00,81.33,1.33,Within 5 points
72447,Yorkshire Gubbins,2017-10-01,2017,2010s,Point-and-click,80.00,78.00,-2.00,Within 5 points
72491,Supposedly Wonderful Future,2018-03-30,2018,2010s,Adventure,70.00,10.00,-60.00,Users higher
72492,Shikhondo: Soul Eater,2017-10-09,2017,2010s,Shooter,70.00,61.50,-8.50,Users higher
72767,Jagged Alliance 3,2023-07-14,2023,2020s,Role-playing (RPG),79.57,85.60,6.03,Critics higher
72813,Untitled Goose Game,2019-09-20,2019,2010s,Puzzle,79.21,82.22,3.02,Within 5 points
72967,World Soccer: Winning Eleven 9,2005-08-04,2005,2000s,Simulator,79.92,80.00,0.08,Within 5 points
73881,The Warlock of Firetop Mountain,2016-08-31,2016,2010s,Adventure,80.00,67.00,-13.00,Users higher
74112,Nightingale Downs,2017-10-23,2017,2010s,Role-playing (RPG),60.00,45.00,-15.00,Users higher
74161,Never Stop Sneakin',2017-12-14,2017,2010s,Shooter,50.00,60.00,10.00,Critics higher
74162,Rekt!,2017-10-01,2017,2010s,Racing,90.00,70.00,-20.00,Users higher
74197,Deadbeat Heroes,2017-10-10,2017,2010s,Fighting,80.00,65.00,-15.00,Users higher
74250,My Lovely Daughter,2018-03-08,2018,2010s,Puzzle,70.00,65.00,-5.00,Within 5 points
74378,Simulacra,2017-10-26,2017,2010s,Role-playing (RPG),71.48,70.00,-1.48,Within 5 points
74500,Monster Energy Supercross: The Official Videogame,2018-02-08,2018,2010s,Racing,69.88,58.33,-11.54,Users higher
74537,Wunderdoktor,2017-10-11,2017,2010s,Puzzle,70.00,71.00,1.00,Within 5 points
74545,Opus Magnum,2017-12-07,2017,2010s,Puzzle,86.46,92.33,5.87,Critics higher
74561,Black Future '88,2019-11-21,2019,2010s,Shooter,60.00,90.00,30.00,Critics higher
74584,Rumu,2017-12-12,2017,2010s,Adventure,53.69,77.50,23.81,Critics higher
74587,Don't Make Love,2017-10-26,2017,2010s,Simulator,70.00,60.00,-10.00,Users higher
74692,Boyfriend Dungeon,2021-08-11,2021,2020s,Role-playing (RPG),61.87,70.00,8.13,Critics higher
74701,Star Wars Jedi: Fallen Order,2019-11-15,2019,2010s,Adventure,80.69,82.85,2.15,Within 5 points
74734,Sword Legacy: Omen,2018-08-13,2018,2010s,Role-playing (RPG),60.00,80.00,20.00,Critics higher
74787,The Almost Gone,2020-05-05,2020,2020s,Point-and-click,59.10,70.00,10.90,Critics higher
74860,Super Turbo Demon Busters!,2017-11-27,2017,2010s,Adventure,60.00,80.00,20.00,Critics higher
74881,Steel Rats,2018-11-07,2018,2010s,Platform,60.26,55.00,-5.26,Users higher
74904,Amid Evil,2019-06-20,2019,2010s,Shooter,84.83,88.67,3.84,Within 5 points
74907,The Padre,2018-04-18,2018,2010s,Puzzle,70.00,65.00,-5.00,Within 5 points
74959,"Bury me, my Love",2017-10-26,2017,2010s,Simulator,50.00,81.33,31.33,Critics higher
74968,Evasion,2018-12-31,2018,2010s,Shooter,50.00,78.00,28.00,Critics higher
75040,Oppaidius Summer Trouble!,2018-12-31,2018,2010s,Simulator,70.00,80.00,10.00,Critics higher
75062,Bless Online,2018-10-23,2018,2010s,Role-playing (RPG),50.00,55.00,5.00,Within 5 points
75065,The Colonists,2018-10-24,2018,2010s,Simulator,60.00,80.00,20.00,Critics higher
75066,Sigi: A Fart for Melusina,2017-12-22,2017,2010s,Platform,63.84,53.00,-10.84,Users higher
75067,Big Drunk Satanic Massacre,2019-10-10,2019,2010s,Shooter,67.29,60.00,-7.29,Users higher
75096,Slipstream,2018-05-21,2018,2010s,Racing,51.50,85.00,33.50,Critics higher
75100,Heroes of Hammerwatch,2018-03-01,2018,2010s,Role-playing (RPG),70.00,85.00,15.00,Critics higher
75102,Farmer's Dynasty,2019-11-07,2019,2010s,Role-playing (RPG),60.00,20.00,-40.00,Users higher
75182,Silent Descent,2018-02-06,2018,2010s,Adventure,70.00,75.00,5.00,Within 5 points
75227,It's Quiz Time,2017-11-28,2017,2010s,Strategy,70.00,71.00,1.00,Within 5 points
75234,Guacamelee! 2,2018-08-21,2018,2010s,Fighting,80.98,84.00,3.02,Within 5 points
75235,Ghost of Tsushima,2020-07-17,2020,2020s,Role-playing (RPG),89.00,91.92,2.92,Within 5 points
75238,Concrete Genie,2019-09-26,2019,2010s,Platform,71.04,81.86,10.82,Critics higher
75239,Spelunky 2,2020-09-15,2020,2020s,Platform,80.89,87.00,6.11,Critics higher
75240,Erica,2019-08-19,2019,2010s,Point-and-click,61.33,71.75,10.42,Critics higher
75242,Blood & Truth,2019-05-28,2019,2010s,Shooter,79.42,72.22,-7.20,Users higher
75244,Onrush,2018-06-05,2018,2010s,Racing,65.43,78.90,13.47,Critics higher
75245,Avicii Invector,2019-12-10,2019,2010s,Music,82.29,81.00,-1.29,Within 5 points
75247,The Red Strings Club,2018-01-22,2018,2010s,Puzzle,76.46,78.00,1.54,Within 5 points
75256,High Noon VR,2017-11-14,2017,2010s,Simulator,70.00,77.00,7.00,Critics higher
75263,Juicy Realm,2018-05-03,2018,2010s,Shooter,50.00,65.00,15.00,Critics higher
75297,EA Sports UFC 3,2018-02-02,2018,2010s,Fighting,63.85,80.00,16.15,Critics higher
75371,Lost Wing,2017-11-14,2017,2010s,Shooter,70.00,50.00,-20.00,Users higher
75498,Operation Apex,2017-11-28,2017,2010s,Simulator,70.00,76.00,6.00,Critics higher
75546,MLB The Show 18,2018-03-27,2018,2010s,Sport,79.93,80.40,0.47,Within 5 points
75563,Harry Potter: Wizards Unite,2019-06-21,2019,2010s,Role-playing (RPG),62.65,66.67,4.01,Within 5 points
75582,Carcassonne,2017-11-29,2017,2010s,Puzzle,74.57,75.00,0.43,Within 5 points
75694,Session: Skate Sim,2022-09-22,2022,2020s,Simulator,56.80,72.50,15.70,Critics higher
75848,Valkyria Chronicles 4,2018-03-21,2018,2010s,Role-playing (RPG),80.06,84.09,4.03,Within 5 points
75866,Sleep Tight,2018-07-26,2018,2010s,Shooter,60.00,65.00,5.00,Within 5 points
75957,Part Time UFO,2017-11-14,2017,2010s,Puzzle,69.58,76.67,7.09,Critics higher
75994,Potionomics,2022-10-17,2022,2020s,Role-playing (RPG),69.85,87.00,17.15,Critics higher
76037,Hellbound,2020-08-04,2020,2020s,Indie,45.00,70.00,25.00,Critics higher
76039,Infectonator 3: Apocalypse,2018-05-10,2018,2010s,Simulator,68.00,80.00,12.00,Critics higher
76066,Golem Gates,2018-03-28,2018,2010s,Real Time Strategy (RTS),70.00,75.00,5.00,Within 5 points
76211,Du Lac & Fey: Dance of Death,2019-04-05,2019,2010s,Point-and-click,50.00,74.67,24.67,Critics higher
76253,Devil May Cry 5,2019-03-08,2019,2010s,Hack and slash/Beat 'em up,83.00,90.33,7.34,Critics higher
76331,Debris Infinity,2017-12-08,2017,2010s,Shooter,90.00,80.00,-10.00,Users higher
76397,Super Seducer,2018-03-06,2018,2010s,Role-playing (RPG),56.92,30.00,-26.92,Users higher
76410,"Warhammer 40,000: Gladius - Relics of War",2018-07-12,2018,2010s,Strategy,77.36,64.50,-12.86,Users higher
76428,My Hero One's Justice,2018-08-23,2018,2010s,Fighting,69.89,69.17,-0.73,Within 5 points
76566,Antigraviator,2018-06-06,2018,2010s,Racing,60.00,65.00,5.00,Within 5 points
76638,Baba Is You,2019-03-13,2019,2010s,Puzzle,80.72,80.00,-0.72,Within 5 points
76641,Samsara,2018-02-06,2018,2010s,Strategy,90.00,70.00,-20.00,Users higher
76723,Mega Man 11,2018-10-02,2018,2010s,Shooter,77.32,79.83,2.51,Within 5 points
76726,AO Tennis,2018-01-04,2018,2010s,Sport,60.43,45.00,-15.43,Users higher
76742,One Piece: World Seeker,2019-03-14,2019,2010s,Adventure,46.42,66.60,20.18,Critics higher
76747,Atomic Heart,2023-02-21,2023,2020s,Shooter,69.28,71.50,2.22,Within 5 points
76770,Bridge Constructor Portal,2017-12-20,2017,2010s,Puzzle,72.22,78.43,6.21,Critics higher
76813,Cycle 28,2018-03-09,2018,2010s,Shooter,70.00,60.00,-10.00,Users higher
76829,Touhou Hyouibana: Antinomy of Common Flowers,2017-12-29,2017,2010s,Fighting,80.00,72.00,-8.00,Users higher
76840,while True: learn(),2019-01-17,2019,2010s,Puzzle,75.15,70.00,-5.15,Users higher
76878,Vacation Simulator,2019-04-09,2019,2010s,Puzzle,80.00,71.33,-8.67,Users higher
76881,Accounting+,2017-12-19,2017,2010s,Simulator,69.28,80.00,10.72,Critics higher
76882,Sekiro: Shadows Die Twice,2019-03-22,2019,2010s,Adventure,91.26,90.09,-1.17,Within 5 points
76885,SoulCalibur VI,2018-10-18,2018,2010s,Fighting,80.03,83.86,3.83,Within 5 points
76888,Bayonetta 3,2022-10-28,2022,2020s,Shooter,81.91,90.25,8.34,Critics higher
76954,Atomicrops,2020-05-28,2020,2020s,Shooter,72.13,65.00,-7.13,Users higher
76966,Firewall Zero Hour,2018-08-28,2018,2010s,Shooter,61.72,78.75,17.03,Critics higher
77338,Ad Infinitum,2023-09-14,2023,2020s,Puzzle,71.06,76.50,5.44,Critics higher
77473,Sky Force Reloaded,2018-02-01,2018,2010s,Shooter,87.00,69.00,-18.00,Users higher
77488,Zombotron,2019-04-22,2019,2010s,Shooter,88.52,80.00,-8.52,Users higher
77494,Wilmot's Warehouse,2019-08-28,2019,2010s,Puzzle,69.51,85.00,15.49,Critics higher
77529,Etherborn,2019-07-18,2019,2010s,Platform,70.24,60.00,-10.24,Users higher
77730,Smalland: Survive the Wilds,2024-02-15,2024,2020s,Role-playing (RPG),62.34,85.00,22.66,Critics higher
78113,Gungrave G.O.R.E,2022-11-22,2022,2020s,Fighting,59.90,56.33,-3.57,Within 5 points
78115,The Legend of Heroes: Trails of Cold Steel IV,2018-09-27,2018,2010s,Role-playing (RPG),88.76,83.00,-5.76,Users higher
78128,Fallen Legion: Rise to Glory,2018-01-05,2018,2010s,Role-playing (RPG),77.00,73.00,-4.00,Within 5 points
78149,Adventure Time: Pirates of the Enchiridion,2018-07-17,2018,2010s,Fighting,67.78,52.67,-15.11,Users higher
78152,Afterparty,2019-10-29,2019,2010s,Adventure,59.22,74.86,15.64,Critics higher
78160,Mom Hid My Game!,2016-08-25,2016,2010s,Point-and-click,60.19,65.00,4.81,Within 5 points
78173,Rayman Arena,2001-11-30,2001,2000s,Fighting,69.97,56.00,-13.97,Users higher
78511,Forza Motorsport,2023-10-10,2023,2020s,Racing,79.93,87.50,7.57,Critics higher
78536,Beholder 2,2018-10-22,2018,2010s,Simulator,77.34,89.67,12.32,Critics higher
78547,The Council,2018-03-13,2018,2010s,Role-playing (RPG),76.62,69.54,-7.08,Users higher
78550,Bad North,2018-08-20,2018,2010s,Puzzle,74.54,66.50,-8.04,Users higher
78754,Scribblenauts Showdown,2018-03-06,2018,2010s,Music,50.00,76.00,26.00,Critics higher
79156,Tengai,2006-10-03,2006,2000s,Shooter,87.00,68.00,-19.00,Users higher
79158,Knights of Pen and Paper,2012-10-30,2012,2010s,Role-playing (RPG),66.82,80.00,13.18,Critics higher
79802,Kaze and the Wild Masks,2021-03-25,2021,2020s,Platform,74.49,77.80,3.31,Within 5 points
79824,Old School RuneScape,2013-02-22,2013,2010s,Role-playing (RPG),78.94,77.00,-1.94,Within 5 points
79864,The Talos Principle II,2023-11-02,2023,2020s,Puzzle,88.41,90.17,1.76,Within 5 points
79994,Night Call,2019-07-17,2019,2010s,Simulator,67.38,60.00,-7.38,Users higher
79995,Sable,2021-09-23,2021,2020s,Platform,74.76,82.71,7.96,Critics higher
79996,Pocket City,2018-07-30,2018,2010s,Simulator,78.92,70.00,-8.92,Users higher
79999,Lamplight City,2018-09-13,2018,2010s,Point-and-click,80.73,80.00,-0.73,Within 5 points
80006,Felix the Reaper,2019-10-16,2019,2010s,Music,69.29,78.00,8.71,Critics higher
80010,Xeno Crisis,2019-10-27,2019,2010s,Shooter,70.25,69.00,-1.25,Within 5 points
80012,OK K.O.! Let's Play Heroes,2018-01-22,2018,2010s,Fighting,70.00,67.50,-2.50,Within 5 points
80348,MapleStory 2,2015-07-07,2015,2010s,Role-playing (RPG),71.42,100.00,28.58,Critics higher
80408,X-Men,1992-01-31,1992,1990s,Platform,69.98,70.00,0.02,Within 5 points
80878,Photographs,2019-02-28,2019,2010s,Puzzle,50.00,80.00,30.00,Critics higher
80881,Skies of Fury DX,2017-05-01,2017,2010s,Shooter,67.00,76.00,9.00,Critics higher
80916,Omensight,2018-05-15,2018,2010s,Role-playing (RPG),79.63,78.75,-0.88,Within 5 points
80927,Last Encounter,2018-05-08,2018,2010s,Role-playing (RPG),70.00,50.00,-20.00,Users higher
80960,Nantucket,2018-01-18,2018,2010s,Role-playing (RPG),60.00,80.00,20.00,Critics higher
80961,Total War: Three Kingdoms,2019-05-23,2019,2010s,Real Time Strategy (RTS),80.18,82.17,1.99,Within 5 points
81086,Rainswept,2019-02-01,2019,2010s,Point-and-click,53.13,70.00,16.87,Critics higher
81124,Scythe: Digital Edition,2018-09-05,2018,2010s,Strategy,70.00,70.00,0.00,Within 5 points
81131,Super Knockoff! VS,2018-03-23,2018,2010s,Indie,50.00,55.00,5.00,Within 5 points
81141,Squad 44,2018-08-09,2018,2010s,Shooter,84.95,60.00,-24.95,Users higher
81145,Mario Tennis Aces,2018-06-22,2018,2010s,Sport,71.01,78.40,7.39,Critics higher
81146,SNK Heroines: Tag Team Frenzy,2018-09-06,2018,2010s,Fighting,59.91,61.50,1.59,Within 5 points
81207,Outpost Zero,2019-07-25,2019,2010s,Simulator,60.00,50.00,-10.00,Users higher
81220,TT Isle of Man: Ride on the Edge,2018-03-06,2018,2010s,Racing,56.56,50.00,-6.56,Users higher
81275,Unforeseen Incidents,2018-05-24,2018,2010s,Point-and-click,73.00,80.25,7.25,Critics higher
81350,Yume Nikki: Dream Diary,2018-02-22,2018,2010s,Puzzle,60.00,65.00,5.00,Critics higher
81443,Algo Bot,2018-02-14,2018,2010s,Indie,70.00,70.00,0.00,Within 5 points
81634,War Party,2019-03-28,2019,2010s,Real Time Strategy (RTS),70.00,70.00,0.00,Within 5 points
81888,Mortal Manor,2018-01-15,2018,2010s,Adventure,70.00,85.00,15.00,Critics higher
81909,Exo One,2021-11-18,2021,2020s,Simulator,69.65,80.00,10.35,Critics higher
82090,Forza Horizon 4,2018-10-02,2018,2010s,Racing,82.15,90.79,8.64,Critics higher
82117,Two Point Hospital,2018-08-29,2018,2010s,Simulator,78.84,86.90,8.06,Critics higher
82370,The Liar Princess and the Blind Prince,2018-05-31,2018,2010s,Platform,74.23,60.50,-13.73,Users higher
82375,Air Guitar Warrior for Kinect,2017-03-29,2017,2010s,Shooter,90.00,75.00,-15.00,Users higher
82439,Dogurai,2019-05-27,2019,2010s,Platform,70.00,67.50,-2.50,Within 5 points
82537,Kung-Fu for Kinect,2016-06-24,2016,2010s,Fighting,60.00,36.00,-24.00,Users higher
82578,The Adventures of Elena Temple,2018-03-15,2018,2010s,Platform,63.00,65.00,2.00,Within 5 points
82952,Vignettes,2017-04-20,2017,2010s,Puzzle,70.00,75.00,5.00,Within 5 points
83085,Faulty Apprentice,2019-11-12,2019,2010s,Role-playing (RPG),70.00,80.00,10.00,Critics higher
83504,Wildermyth,2021-06-15,2021,2020s,Role-playing (RPG),80.19,89.00,8.81,Critics higher
83509,Fantasia: Music Evolved,2014-10-21,2014,2010s,Music,80.00,81.67,1.67,Within 5 points
83535,Neonwall,2018-03-15,2018,2010s,Shooter,95.00,73.00,-22.00,Users higher
83615,Stay,2018-05-16,2018,2010s,Puzzle,60.00,85.00,25.00,Critics higher
83727,Call of Duty: Black Ops 4,2018-10-12,2018,2010s,Shooter,67.12,83.29,16.18,Critics higher
83728,Battlefield V,2018-11-20,2018,2010s,Shooter,70.80,77.41,6.61,Critics higher
83731,Beat Saber,2018-11-20,2018,2010s,Music,84.97,85.00,0.03,Within 5 points
83757,Boom Ball 3 for Kinect,2017-12-22,2017,2010s,Puzzle,80.00,72.00,-8.00,Users higher
83844,Battlefleet Gothic: Armada 2,2019-01-24,2019,2010s,Real Time Strategy (RTS),69.43,82.00,12.57,Critics higher
83847,7 Billion Humans,2018-08-23,2018,2010s,Puzzle,70.01,75.00,4.99,Within 5 points
83848,Those Who Remain,2020-05-28,2020,2020s,Adventure,51.05,55.00,3.95,Within 5 points
83891,Friday the 13th: Killer Puzzle,2018-01-19,2018,2010s,Puzzle,72.94,80.00,7.06,Critics higher
83893,Out of the Park Baseball 19,2018-03-22,2018,2010s,Simulator,70.00,80.00,10.00,Critics higher
84486,This Is the Police 2,2018-07-31,2018,2010s,Simulator,73.92,63.00,-10.92,Users higher
84731,Aces of the Luftwaffe: Squadron,2017-11-17,2017,2010s,Fighting,80.00,65.00,-15.00,Users higher
84848,Rogue Aces,2018-04-12,2018,2010s,Shooter,69.91,78.50,8.59,Critics higher
84976,Art Style: Rotozoa,2010-05-28,2010,2010s,Arcade,83.00,86.00,3.00,Within 5 points
85050,Conga Master Party!,2017-09-28,2017,2010s,Arcade,73.00,66.00,-7.00,Users higher
85191,Hyper Sentinel,2018-05-11,2018,2010s,Shooter,74.34,70.00,-4.34,Within 5 points
85307,Nintendo Labo: Toy-Con 02 - Robot Kit,2018-04-20,2018,2010s,Simulator,60.00,73.00,13.00,Critics higher
85308,Nintendo Labo: Toy-Con 01 - Variety Kit,2018-04-20,2018,2010s,Simulator,50.49,72.20,21.71,Critics higher
85375,Skypeace,2014-06-26,2014,2010s,Adventure,68.00,64.00,-4.00,Within 5 points
85526,Murderous Pursuits,2018-04-26,2018,2010s,Role-playing (RPG),59.51,49.00,-10.51,Users higher
85637,Fortified Zone,1991-02-26,1991,1990s,Shooter,66.00,70.00,4.00,Within 5 points
85663,Mario Kart Tour,2019-09-25,2019,2010s,Racing,57.52,50.33,-7.19,Users higher
85769,Raging Justice,2018-05-08,2018,2010s,Fighting,73.00,50.00,-23.00,Users higher
86252,Shinobi,2011-11-11,2011,2010s,Hack and slash/Beat 'em up,66.00,75.00,9.00,Critics higher
86255,Creepy Road,2018-05-18,2018,2010s,Shooter,70.00,55.00,-15.00,Users higher
86260,Star Wars Pinball,2013-03-19,2013,2010s,Simulator,77.00,81.50,4.50,Within 5 points
86264,Yoshi,1991-12-14,1991,1990s,Puzzle,51.41,47.00,-4.41,Within 5 points
86269,Space Hulk: Tactics,2018-10-09,2018,2010s,Simulator,50.00,76.75,26.75,Critics higher
86286,Tactical Breach Wizards,2024-08-22,2024,2020s,Strategy,78.62,84.33,5.71,Critics higher
86316,Muse Dash,2018-06-15,2018,2010s,Music,74.03,66.67,-7.36,Users higher
86323,Hexologic,2018-05-28,2018,2010s,Puzzle,69.97,73.00,3.03,Within 5 points
86328,Gleaner Heights,2018-02-21,2018,2010s,Role-playing (RPG),60.00,75.00,15.00,Critics higher
86337,Infernium,2018-04-03,2018,2010s,Shooter,70.00,60.00,-10.00,Users higher
86376,Guilt Battle Arena,2018-02-14,2018,2010s,Fighting,50.00,54.00,4.00,Within 5 points
86395,Synthetik: Legion Rising,2018-03-15,2018,2010s,Shooter,72.71,70.00,-2.71,Within 5 points
86403,Border of her Heart,2018-02-14,2018,2010s,Indie,60.00,60.00,0.00,Within 5 points
86442,Smoke and Sacrifice,2018-05-31,2018,2010s,Role-playing (RPG),59.81,70.17,10.36,Critics higher
86445,Townsmen VR,2018-02-09,2018,2010s,Simulator,70.00,80.00,10.00,Critics higher
86457,The World Next Door,2019-03-28,2019,2010s,Puzzle,60.01,64.20,4.19,Within 5 points
86477,The Surge 2,2019-09-23,2019,2010s,Role-playing (RPG),74.82,74.00,-0.82,Within 5 points
86504,In Other Waters,2020-04-03,2020,2020s,Puzzle,69.47,71.00,1.53,Within 5 points
86514,Assault Spy,2018-10-02,2018,2010s,Hack and slash/Beat 'em up,70.00,80.00,10.00,Critics higher
86581,Terra Feminarum,2018-02-28,2018,2010s,Shooter,70.00,70.00,0.00,Within 5 points
86592,Dissembler,2018-02-22,2018,2010s,Puzzle,70.00,80.00,10.00,Critics higher
86609,WarriOrb,2020-04-28,2020,2020s,Platform,70.00,45.00,-25.00,Users higher
86617,Rage In Peace,2018-11-08,2018,2010s,Platform,70.00,77.50,7.50,Critics higher
86737,Farm Together,2018-10-11,2018,2010s,Simulator,70.37,80.00,9.63,Critics higher
87197,Steredenn: Binary Stars,2018-03-08,2018,2010s,Fighting,90.00,80.00,-10.00,Users higher
87210,Farming Simulator 19,2018-11-19,2018,2010s,Simulator,79.92,68.20,-11.72,Users higher
87499,The Missing: J.J. Macfield and the Island of Memories,2018-10-11,2018,2010s,Platform,79.79,70.00,-9.79,Users higher
87672,Florence,2018-02-13,2018,2010s,Puzzle,75.21,80.00,4.79,Within 5 points
87673,Nippon Marathon,2018-12-17,2018,2010s,Racing,78.46,20.00,-58.46,Users higher
87679,Spinch,2020-09-03,2020,2020s,Platform,70.00,40.00,-30.00,Users higher
87935,Slap City,2020-09-17,2020,2020s,Fighting,70.00,85.00,15.00,Critics higher
87975,Tech Support: Error Unknown,2019-02-27,2019,2010s,Simulator,60.00,66.67,6.67,Critics higher
87983,What the Golf?,2019-09-19,2019,2010s,Puzzle,73.21,87.67,14.46,Critics higher
88130,Nexomon,2017-08-10,2017,2010s,Role-playing (RPG),69.63,80.00,10.37,Critics higher
88250,Undead Horde,2019-05-15,2019,2010s,Real Time Strategy (RTS),60.19,71.00,10.81,Critics higher
88383,Trailblazers,2018-05-08,2018,2010s,Racing,70.00,60.00,-10.00,Users higher
88461,"Warhammer 40,000: Mechanicus",2018-11-15,2018,2010s,Role-playing (RPG),80.01,76.50,-3.51,Within 5 points
88541,Sorcery!,2013-05-02,2013,2010s,Role-playing (RPG),67.48,80.00,12.52,Critics higher
88887,Little Dragons Café,2018-08-24,2018,2010s,Role-playing (RPG),67.00,60.67,-6.33,Users higher
89152,World Conqueror X,2018-03-08,2018,2010s,Simulator,50.00,70.00,20.00,Critics higher
89326,Breathedge,2018-09-18,2018,2010s,Role-playing (RPG),70.43,82.00,11.57,Critics higher
89354,Supraland,2019-04-05,2019,2010s,Platform,86.93,80.00,-6.93,Users higher
89378,Itta,2020-04-22,2020,2020s,Shooter,68.14,90.00,21.86,Critics higher
89444,Assetto Corsa Competizione,2019-05-29,2019,2010s,Racing,74.59,70.00,-4.59,Within 5 points
89479,Youropa,2018-06-27,2018,2010s,Platform,63.98,78.00,14.02,Critics higher
89552,Crisis on the Planet of the Apes VR,2018-04-02,2018,2010s,Shooter,50.00,60.00,10.00,Critics higher
89560,Mutant Year Zero: Road to Eden,2018-12-04,2018,2010s,Role-playing (RPG),80.85,81.25,0.40,Within 5 points
89562,The Blackout Club,2019-07-30,2019,2010s,Role-playing (RPG),60.56,64.33,3.78,Within 5 points
89594,Monster Sanctuary,2020-12-07,2020,2020s,Platform,88.17,85.00,-3.17,Within 5 points
89597,Unbound: Worlds Apart,2021-07-28,2021,2020s,Platform,70.67,81.67,11.00,Critics higher
89749,Octahedron,2018-03-20,2018,2010s,Platform,73.91,83.00,9.09,Critics higher
89773,Mable and the Wood,2019-08-23,2019,2010s,Platform,60.00,60.00,0.00,Within 5 points
90011,One Finger Death Punch 2,2019-04-15,2019,2010s,Fighting,79.90,85.83,5.93,Critics higher
90055,Carrion,2020-07-23,2020,2020s,Platform,75.78,74.56,-1.22,Within 5 points
90099,Tom Clancy's The Division 2,2019-03-15,2019,2010s,Shooter,74.90,85.27,10.36,Critics higher
90101,Super Smash Bros. Ultimate,2018-12-07,2018,2010s,Fighting,86.89,86.60,-0.29,Within 5 points
90107,Layers of Fear 2,2019-05-28,2019,2010s,Adventure,69.01,63.82,-5.19,Users higher
90108,WarioWare Gold,2018-07-27,2018,2010s,Arcade,77.62,76.56,-1.06,Within 5 points
90251,Cosmic Top Secret,2018-11-15,2018,2010s,Puzzle,70.00,70.00,0.00,Within 5 points
90255,SpellKeeper,2018-04-03,2018,2010s,Puzzle,70.00,60.00,-10.00,Users higher
90409,Reveil,2024-03-06,2024,2020s,Puzzle,63.28,70.00,6.72,Critics higher
90558,Satisfactory,2024-09-10,2024,2020s,Simulator,74.67,95.00,20.33,Critics higher
90578,12 Orbits,2016-10-24,2016,2010s,Sport,80.00,68.25,-11.75,Users higher
90635,MXGP3: The Official Motocross Videogame,2017-05-30,2017,2010s,Racing,60.00,80.00,20.00,Critics higher
90687,Dillon's Dead-Heat Breakers,2018-04-26,2018,2010s,Strategy,73.00,75.00,2.00,Within 5 points
90688,V-Rally 4,2018-09-06,2018,2010s,Racing,60.46,40.00,-20.46,Users higher
90714,Martha Is Dead,2022-02-24,2022,2020s,Role-playing (RPG),76.21,73.75,-2.46,Within 5 points
90783,Rival Megagun,2018-11-29,2018,2010s,Fighting,70.00,72.00,2.00,Within 5 points
90821,Headspun,2019-08-28,2019,2010s,Role-playing (RPG),70.00,52.00,-18.00,Users higher
90990,Rush'n Attack,1985-07-01,1985,1980s,Shooter,70.60,60.00,-10.60,Users higher
91128,The Golf Club 2019 featuring PGA Tour,2018-08-28,2018,2010s,Simulator,50.00,69.25,19.25,Critics higher
91477,Before Your Eyes,2021-04-08,2021,2020s,Adventure,84.41,86.33,1.92,Within 5 points
91970,Desert Child,2018-12-11,2018,2010s,Shooter,47.05,51.67,4.62,Within 5 points
93087,Target Earth,1990-03-16,1990,1990s,Shooter,59.77,78.00,18.23,Critics higher
93656,Deluded Mind,2018-06-15,2018,2010s,Adventure,60.00,75.00,15.00,Critics higher
93746,Warriors Orochi 4,2018-09-27,2018,2010s,Role-playing (RPG),70.10,78.00,7.90,Critics higher
94054,Pode,2018-06-21,2018,2010s,Platform,61.21,75.50,14.29,Critics higher
94078,9 Monkeys of Shaolin,2020-10-16,2020,2020s,Fighting,67.70,67.50,-0.20,Within 5 points
94772,Swords & Souls: Neverseen,2019-07-22,2019,2010s,Role-playing (RPG),70.48,75.00,4.52,Within 5 points
94816,Star Renegades,2020-09-08,2020,2020s,Role-playing (RPG),77.70,75.33,-2.36,Within 5 points
94876,LEGO The Incredibles,2018-06-15,2018,2010s,Platform,72.22,72.29,0.06,Within 5 points
95002,LittleBigPlanet PS Vita,2012-09-19,2012,2010s,Platform,84.39,83.33,-1.05,Within 5 points
95027,Garage,2018-05-10,2018,2010s,Shooter,90.00,61.50,-28.50,Users higher
95028,Pool Panic,2018-07-19,2018,2010s,Puzzle,59.98,60.50,0.52,Within 5 points
95032,Crying Suns,2019-09-18,2019,2010s,Role-playing (RPG),59.34,79.50,20.16,Critics higher
95069,428: Shibuya Scramble,2008-12-04,2008,2000s,Adventure,89.47,82.50,-6.97,Users higher
95076,Oddmar,2018-04-04,2018,2010s,Platform,75.56,90.00,14.44,Critics higher
95118,Last Epoch,2024-02-21,2024,2020s,Role-playing (RPG),62.50,76.67,14.17,Critics higher
95167,Kids,2019-05-28,2019,2010s,Point-and-click,66.83,67.00,0.17,Within 5 points
95225,Kine,2019-10-16,2019,2010s,Music,70.00,80.00,10.00,Critics higher
95340,PUBG Mobile,2018-03-19,2018,2010s,Shooter,61.33,87.00,25.67,Critics higher
95386,PixelJunk Monsters 2,2018-05-24,2018,2010s,Real Time Strategy (RTS),66.59,66.00,-0.59,Within 5 points
95550,Vandals,2018-04-12,2018,2010s,Puzzle,60.29,70.00,9.71,Critics higher
95992,Tales of the Neon Sea,2019-04-29,2019,2010s,Point-and-click,67.38,60.00,-7.38,Users higher
96065,The Spectrum Retreat,2018-07-10,2018,2010s,Platform,69.87,65.00,-4.87,Within 5 points
96088,Not Tonight,2018-08-17,2018,2010s,Puzzle,70.81,71.00,0.19,Within 5 points
96116,Neko-Nin ExHeart 2,2018-03-30,2018,2010s,Indie,70.00,80.00,10.00,Critics higher
96135,Double Cross,2019-01-09,2019,2010s,Shooter,70.00,54.50,-15.50,Users higher
96172,Carly and the Reaperman: Escape from the Underworld,2018-06-19,2018,2010s,Puzzle,70.00,80.00,10.00,Critics higher
96200,The Spiral Scouts,2018-07-12,2018,2010s,Puzzle,89.61,75.00,-14.61,Users higher
96209,FIFA 19,2018-09-28,2018,2010s,Sport,73.00,76.33,3.33,Within 5 points
96213,The Jackbox Party Pack 5,2018-10-17,2018,2010s,Puzzle,78.67,78.67,0.00,Within 5 points
96217,Eternity: The Last Unicorn,2019-03-05,2019,2010s,Role-playing (RPG),56.00,54.00,-2.00,Within 5 points
96250,Bus Simulator 18,2018-06-13,2018,2010s,Simulator,50.05,74.00,23.95,Critics higher
96275,The Stillness of the Wind,2019-01-30,2019,2010s,Simulator,63.87,60.00,-3.87,Within 5 points
96278,Inked,2018-04-26,2018,2010s,Point-and-click,70.00,72.50,2.50,Within 5 points
96382,Without Within 3,2018-05-03,2018,2010s,Indie,70.00,100.00,30.00,Critics higher
96386,Gensokyo Defenders,2017-12-29,2017,2010s,Strategy,70.00,78.00,8.00,Critics higher
96392,Sakura Wars,2019-12-12,2019,2010s,Role-playing (RPG),70.12,76.89,6.77,Critics higher
96394,Record of Lodoss War: Deedlit in Wonder Labyrinth,2021-03-27,2021,2020s,Platform,79.84,77.33,-2.50,Within 5 points
96437,Starfield,2023-09-06,2023,2020s,Shooter,76.14,87.43,11.29,Critics higher
96487,NBA 2K Playgrounds 2,2018-10-15,2018,2010s,Sport,72.70,65.86,-6.84,Users higher
96488,Psyvariar Delta,2018-08-30,2018,2010s,Shooter,90.00,85.00,-5.00,Within 5 points
96542,Windlands 2,2018-09-12,2018,2010s,Adventure,70.00,72.00,2.00,Within 5 points
96558,Vox Machinae,2018-09-26,2018,2010s,Shooter,70.00,90.00,20.00,Critics higher
97040,Diner Bros,2018-07-06,2018,2010s,Indie,70.00,70.00,0.00,Within 5 points
97114,Roundguard,2020-03-13,2020,2020s,Puzzle,80.00,75.00,-5.00,Within 5 points
97255,Super Neptunia RPG,2018-12-20,2018,2010s,Platform,70.00,53.67,-16.33,Users higher
97257,Tails Noir,2021-06-08,2021,2020s,Point-and-click,71.96,77.50,5.54,Critics higher
97901,ValeGuard,2018-05-11,2018,2010s,Role-playing (RPG),70.00,58.00,-12.00,Users higher
97950,Sparklite,2019-11-13,2019,2010s,Role-playing (RPG),60.19,75.33,15.15,Critics higher
97964,Ultra Space Battle Brawl,2018-07-05,2018,2010s,Fighting,70.00,70.00,0.00,Within 5 points
98161,RPGolf,2017-11-15,2017,2010s,Role-playing (RPG),60.00,70.00,10.00,Critics higher
98898,The friends of Ringo Ishikawa,2018-05-17,2018,2010s,Fighting,81.01,50.00,-31.01,Users higher
98964,AO International Tennis,2018-05-08,2018,2010s,Sport,60.00,50.00,-10.00,Users higher
99007,Rigid Force Alpha,2018-08-31,2018,2010s,Shooter,70.00,75.00,5.00,Within 5 points
99025,Camp W,2018-07-25,2018,2010s,Adventure,70.00,55.00,-15.00,Users higher
99071,Hypnospace Outlaw,2019-03-12,2019,2010s,Point-and-click,88.36,84.33,-4.03,Within 5 points
99118,Dragalia Lost,2018-09-27,2018,2010s,Role-playing (RPG),83.93,60.00,-23.93,Users higher
99131,Rising Dusk,2018-07-26,2018,2010s,Platform,70.00,80.00,10.00,Critics higher
99302,Rustler,2021-02-18,2021,2020s,Shooter,69.88,61.25,-8.63,Users higher
99306,Don't Die Mr Robot! DX,2018-05-03,2018,2010s,Indie,67.00,74.00,7.00,Critics higher
99425,Märchen Forest: Mylne and the Forest Gift,2018-05-16,2018,2010s,Role-playing (RPG),70.00,60.00,-10.00,Users higher
99656,Demon's Rise - War for the Deep,2018-04-29,2018,2010s,Role-playing (RPG),70.00,65.00,-5.00,Within 5 points
100357,Temtem,2022-09-06,2022,2020s,Role-playing (RPG),70.80,75.00,4.20,Within 5 points
100359,Pro Evolution Soccer 2019,2018-08-28,2018,2010s,Simulator,56.95,73.00,16.05,Critics higher
100367,Gray Dawn,2018-06-07,2018,2010s,Puzzle,54.45,55.00,0.55,Within 5 points
100387,Hyper Scape,2020-08-11,2020,2020s,Shooter,56.56,63.50,6.94,Critics higher
100413,Watch Dogs: Legion,2020-10-29,2020,2020s,Shooter,66.50,81.38,14.89,Critics higher
100439,Black Bird,2018-10-18,2018,2010s,Shooter,70.00,67.50,-2.50,Within 5 points
100524,Wallachia: Reign of Dracula,2020-02-28,2020,2020s,Shooter,79.83,80.00,0.17,Within 5 points
100562,198X,2019-06-20,2019,2010s,Shooter,69.24,70.00,0.76,Within 5 points
101006,Gran Turismo 7,2022-03-04,2022,2020s,Racing,80.91,86.75,5.84,Critics higher
101007,Mundaun,2021-03-16,2021,2020s,Puzzle,79.85,75.67,-4.18,Within 5 points
101065,Iron Danger,2020-03-25,2020,2020s,Role-playing (RPG),80.00,65.00,-15.00,Users higher
101152,Crystal Crisis,2019-05-28,2019,2010s,Fighting,77.00,69.33,-7.67,Users higher
101167,Fracter,2018-07-12,2018,2010s,Puzzle,70.00,80.00,10.00,Critics higher
101176,Bloodstained: Curse of the Moon,2018-05-23,2018,2010s,Platform,78.55,80.00,1.45,Within 5 points
101177,Gunvolt Chronicles: Luminous Avenger iX,2019-09-26,2019,2010s,Shooter,80.00,82.00,2.00,Within 5 points
101183,Mars Horizon,2020-11-16,2020,2020s,Simulator,80.00,80.00,0.00,Within 5 points
101211,Rage 2,2019-05-13,2019,2010s,Shooter,69.83,68.64,-1.19,Within 5 points
101220,Giraffe and Annika,2020-02-18,2020,2020s,Adventure,70.00,67.50,-2.50,Within 5 points
101245,Levelhead,2019-04-18,2019,2010s,Platform,70.00,85.00,15.00,Critics higher
101439,F1 2018,2018-08-24,2018,2010s,Racing,77.48,79.00,1.52,Within 5 points
101440,S.T.A.L.K.E.R. 2: Heart of Chornobyl,2024-11-20,2024,2020s,Shooter,82.19,86.50,4.31,Within 5 points
101448,Carto,2020-10-27,2020,2020s,Puzzle,79.77,82.50,2.73,Within 5 points
101461,Green Hell,2019-09-05,2019,2010s,Simulator,83.83,83.33,-0.49,Within 5 points
101608,Anima: Gate of Memories - The Nameless Chronicles,2018-06-19,2018,2010s,Fighting,60.00,68.50,8.50,Critics higher
101690,Toodee and Topdee,2021-08-04,2021,2020s,Platform,80.29,80.00,-0.29,Within 5 points
101869,Cat Quest II,2019-09-19,2019,2010s,Role-playing (RPG),74.67,78.33,3.66,Within 5 points
102057,Age of Wonders: Planetfall,2019-08-06,2019,2010s,Simulator,67.80,83.75,15.95,Critics higher
102058,Outriders,2021-04-01,2021,2020s,Shooter,73.44,77.75,4.31,Within 5 points
102060,Imperator: Rome,2019-04-25,2019,2010s,Real Time Strategy (RTS),60.99,84.00,23.01,Critics higher
102087,Leisure Suit Larry: Wet Dreams Don't Dry,2018-11-07,2018,2010s,Point-and-click,67.54,65.00,-2.54,Within 5 points
102119,Quarantine Circular,2018-05-22,2018,2010s,Puzzle,79.61,80.00,0.39,Within 5 points
102122,Madden NFL 19,2018-08-10,2018,2010s,Sport,69.78,80.89,11.11,Critics higher
102129,Astro Bot: Rescue Mission,2018-10-02,2018,2010s,Platform,92.32,89.40,-2.92,Within 5 points
102134,Creed: Rise to Glory,2018-09-25,2018,2010s,Fighting,75.06,75.00,-0.06,Within 5 points
102163,Dawn of Man,2019-03-01,2019,2010s,Simulator,71.53,70.00,-1.53,Within 5 points
102208,Meow Motors,2018-06-04,2018,2010s,Racing,70.00,61.00,-9.00,Users higher
102226,Tiny Hands Adventure,2018-08-10,2018,2010s,Platform,70.00,57.50,-12.50,Users higher
102321,LEGO DC Super-Villains,2018-10-16,2018,2010s,Puzzle,76.34,70.11,-6.23,Users higher
102416,The Wilting Amaranth,2018-01-04,2018,2010s,Unknown,70.00,70.00,0.00,Within 5 points
102420,Dicey Dungeons,2019-08-13,2019,2010s,Role-playing (RPG),71.47,90.33,18.86,Critics higher
102584,Dying Light 2: Stay Human,2022-02-03,2022,2020s,Role-playing (RPG),71.95,76.82,4.87,Within 5 points
102805,WWE 2K19,2018-10-09,2018,2010s,Simulator,75.12,71.62,-3.50,Within 5 points
102874,Pokémon Quest,2018-05-29,2018,2010s,Role-playing (RPG),68.09,60.00,-8.09,Users higher
102890,Someday You'll Return,2020-05-05,2020,2020s,Adventure,69.88,55.00,-14.88,Users higher
102917,Suicide Guy: Sleepin' Deeply,2018-06-07,2018,2010s,Platform,70.00,64.00,-6.00,Users higher
102982,Juno: New Origins,2019-09-19,2019,2010s,Simulator,80.00,80.00,0.00,Within 5 points
103018,Team Sonic Racing,2019-05-21,2019,2010s,Racing,70.63,71.33,0.71,Within 5 points
103020,Fallout 76,2018-11-14,2018,2010s,Shooter,60.21,51.36,-8.86,Users higher
103048,Yaga,2019-10-25,2019,2010s,Role-playing (RPG),68.51,50.00,-18.51,Users higher
103054,Assassin's Creed Odyssey,2018-10-05,2018,2010s,Role-playing (RPG),81.26,88.36,7.09,Critics higher
103168,Warhammer: Chaosbane,2019-06-04,2019,2010s,Role-playing (RPG),71.24,65.38,-5.87,Users higher
103210,Hitman 2,2018-11-13,2018,2010s,Shooter,81.23,82.43,1.20,Within 5 points
103218,NBA 2K19,2018-09-10,2018,2010s,Simulator,55.65,82.11,26.46,Critics higher
103219,Strangeland,2021-05-25,2021,2020s,Point-and-click,84.51,76.00,-8.51,Users higher
103221,Tetris Effect,2018-11-09,2018,2010s,Music,86.69,88.00,1.31,Within 5 points
103224,Realm Royale Reforged,2018-06-05,2018,2010s,Shooter,56.79,78.00,21.21,Critics higher
103244,Signalis,2022-10-27,2022,2020s,Adventure,80.90,85.40,4.50,Within 5 points
103249,11-11: Memories Retold,2018-11-08,2018,2010s,Adventure,76.13,74.00,-2.13,Within 5 points
103259,RemiLore: Lost Girl in the Lands of Lore,2019-02-26,2019,2010s,Hack and slash/Beat 'em up,60.00,63.25,3.25,Within 5 points
103261,Just Cause 4,2018-12-04,2018,2010s,Shooter,65.40,69.40,4.00,Within 5 points
103266,Twin Mirror,2020-12-01,2020,2020s,Adventure,70.65,57.00,-13.65,Users higher
103269,Dead or Alive 6,2019-03-01,2019,2010s,Fighting,66.19,73.36,7.17,Critics higher
103272,Ghost Giant,2019-04-16,2019,2010s,Puzzle,73.14,77.00,3.86,Within 5 points
103275,NBA Live 19,2018-09-07,2018,2010s,Sport,69.34,75.00,5.66,Critics higher
103281,Halo Infinite,2021-11-15,2021,2020s,Shooter,80.74,87.89,7.15,Critics higher
103288,Jump Force,2019-02-14,2019,2010s,Fighting,54.86,54.45,-0.40,Within 5 points
103289,Battletoads,2020-08-20,2020,2020s,Fighting,67.24,67.62,0.38,Within 5 points
103291,Gears Tactics,2020-04-28,2020,2020s,Strategy,73.94,83.91,9.97,Critics higher
103292,Gears 5,2019-09-09,2019,2010s,Shooter,80.71,87.83,7.12,Critics higher
103295,Secret Neighbor,2019-10-23,2019,2010s,Adventure,59.67,40.00,-19.67,Users higher
103298,Doom Eternal,2020-03-19,2020,2020s,Shooter,85.05,86.07,1.02,Within 5 points
103301,Wolfenstein: Youngblood,2019-07-25,2019,2010s,Shooter,61.32,71.25,9.93,Critics higher
103302,Wolfenstein: Cyberpilot,2019-07-25,2019,2010s,Shooter,40.00,53.00,13.00,Critics higher
103315,Just Dance 2019,2018-10-23,2018,2010s,Music,67.98,55.00,-12.98,Users higher
103316,Trials Rising,2019-02-26,2019,2010s,Platform,70.56,76.90,6.34,Critics higher
103319,Neo Cab,2019-10-02,2019,2010s,Role-playing (RPG),79.06,72.38,-6.69,Users higher
103320,The Forgotten City,2021-07-28,2021,2020s,Role-playing (RPG),82.99,90.00,7.01,Critics higher
103324,Overwhelm,2018-06-11,2018,2010s,Shooter,60.00,60.00,0.00,Within 5 points
103329,Control,2019-08-27,2019,2010s,Shooter,83.51,83.40,-0.11,Within 5 points
103330,Nioh 2,2020-03-13,2020,2020s,Role-playing (RPG),80.81,84.44,3.64,Within 5 points
103331,Trover Saves the Universe,2019-05-31,2019,2010s,Platform,80.64,75.80,-4.84,Within 5 points
103334,Dragon Star Varnir,2018-10-11,2018,2010s,Role-playing (RPG),50.00,68.33,18.33,Critics higher
103335,Nelke & the Legendary Alchemists: Ateliers of a New World,2019-01-31,2019,2010s,Role-playing (RPG),70.00,76.33,6.33,Critics higher
103338,Daemon X Machina,2019-09-12,2019,2010s,Shooter,78.72,70.80,-7.92,Users higher
103339,Super Mario Party,2018-10-05,2018,2010s,Card & Board Game,68.12,72.91,4.79,Within 5 points
103341,Overcooked! 2,2018-08-07,2018,2010s,Simulator,79.91,80.45,0.54,Within 5 points
103342,Killer Queen Black,2019-10-11,2019,2010s,Platform,70.00,84.00,14.00,Critics higher
103346,Ninjala,2020-06-24,2020,2020s,Fighting,57.20,65.00,7.80,Critics higher
103369,Kill la Kill: If,2019-07-25,2019,2010s,Fighting,69.89,57.00,-12.89,Users higher
103371,Fitness Boxing,2018-12-20,2018,2010s,Music,83.00,65.00,-18.00,Users higher
103373,Beyond Blue,2020-04-17,2020,2020s,Simulator,54.60,69.75,15.15,Critics higher
103402,Knowledge is Power: Decades,2018-11-13,2018,2010s,Quiz/Trivia,79.79,55.50,-24.29,Users higher
103494,Crystar,2018-10-18,2018,2010s,Role-playing (RPG),82.39,65.00,-17.39,Users higher
103497,Ride 3,2018-11-30,2018,2010s,Racing,71.15,70.00,-1.15,Within 5 points
103500,NHL 19,2018-09-14,2018,2010s,Sport,76.04,78.80,2.76,Within 5 points
103517,Aggelos,2018-06-19,2018,2010s,Platform,64.97,80.00,15.03,Critics higher
103780,Hyperspace Delivery Service,2019-06-05,2019,2010s,Simulator,70.00,80.00,10.00,Critics higher
104164,Aground,2017-10-24,2017,2010s,Role-playing (RPG),69.98,60.00,-9.98,Users higher
104231,Danger Zone 2,2018-07-12,2018,2010s,Racing,70.00,70.50,0.50,Within 5 points
104602,Tanglewood,2018-08-14,2018,2010s,Platform,70.00,80.00,10.00,Critics higher
104682,A Fold Apart,2020-04-16,2020,2020s,Platform,70.00,74.00,4.00,Within 5 points
104786,Devotion,2019-02-19,2019,2010s,Puzzle,82.96,89.25,6.29,Critics higher
104803,Booty Calls,2018-09-18,2018,2010s,Role-playing (RPG),54.38,70.00,15.62,Critics higher
104815,The Slater,2018-09-20,2018,2010s,Indie,70.00,55.00,-15.00,Users higher
104865,Seeking Dawn,2018-07-12,2018,2010s,Adventure,50.00,86.00,36.00,Critics higher
104890,Anodyne 2: Return to Dust,2019-08-12,2019,2010s,Platform,69.32,70.00,0.68,Within 5 points
104939,18 Floors,2018-07-03,2018,2010s,Puzzle,50.00,60.00,10.00,Critics higher
104945,Woodpunk,2018-11-22,2018,2010s,Adventure,70.00,70.00,0.00,Within 5 points
104967,Valheim,2022-09-16,2022,2020s,Role-playing (RPG),84.93,90.00,5.07,Critics higher
104971,AI: The Somnium Files,2019-09-17,2019,2010s,Puzzle,83.82,86.00,2.18,Within 5 points
104975,Valthirian Arc: Hero School Story,2018-09-28,2018,2010s,Role-playing (RPG),60.00,50.00,-10.00,Users higher
104983,NASCAR Heat 3,2018-09-07,2018,2010s,Racing,60.00,70.00,10.00,Critics higher
104992,Taiko no Tatsujin: Drum 'n' Fun!,2018-07-19,2018,2010s,Music,79.90,76.67,-3.24,Within 5 points
105029,Darksburg,2020-02-12,2020,2020s,Indie,69.89,55.00,-14.89,Users higher
105049,Remnant: From the Ashes,2019-08-20,2019,2010s,Shooter,76.91,76.36,-0.55,Within 5 points
105058,Dead or School,2019-06-03,2019,2010s,Role-playing (RPG),70.00,65.00,-5.00,Within 5 points
105099,Lucy Got Problems,2018-09-28,2018,2010s,Adventure,70.00,80.00,10.00,Critics higher
105176,Arcane Golf,2018-07-26,2018,2010s,Puzzle,70.00,40.00,-30.00,Users higher
105333,Synth Riders,2018-07-12,2018,2010s,Music,89.19,78.25,-10.94,Users higher
105416,The Walking Dead: Saints & Sinners,2020-01-23,2020,2020s,Role-playing (RPG),70.23,84.25,14.02,Critics higher
105417,Digimon Survive,2022-07-28,2022,2020s,Role-playing (RPG),67.11,70.00,2.89,Within 5 points
105447,Touhou Luna Nights,2019-02-25,2019,2010s,Platform,74.36,88.00,13.64,Critics higher
105551,Everreach: Project Eden,2019-12-04,2019,2010s,Shooter,48.70,53.50,4.80,Within 5 points
105680,Phogs!,2020-12-03,2020,2020s,Platform,69.99,77.50,7.51,Critics higher
105738,Project Warlock,2018-10-18,2018,2010s,Shooter,68.57,80.00,11.43,Critics higher
105952,Attack Helicopter Dating Simulator,2018-09-27,2018,2010s,Simulator,70.00,80.00,10.00,Critics higher
106027,Golf Club Nostalgia,2018-06-20,2018,2010s,Music,58.28,80.00,21.72,Critics higher
106108,Irony Curtain: From Matryoshka with Love,2019-05-16,2019,2010s,Point-and-click,79.00,100.00,21.00,Critics higher
106112,Steel Division 2,2019-06-20,2019,2010s,Real Time Strategy (RTS),76.80,61.00,-15.80,Users higher
106120,The Sojourn,2019-09-20,2019,2010s,Puzzle,56.20,69.29,13.09,Critics higher
106122,Exapunks,2018-10-22,2018,2010s,Puzzle,81.15,79.00,-2.15,Within 5 points
106277,Devil's Hunt,2019-09-17,2019,2010s,Hack and slash/Beat 'em up,69.12,55.00,-14.12,Users higher
106363,Demon's Tilt,2019-12-06,2019,2010s,Shooter,71.23,70.00,-1.23,Within 5 points
106435,Summer Catchers,2019-07-16,2019,2010s,Platform,50.00,70.00,20.00,Critics higher
106534,Gravity Circuit,2023-07-13,2023,2020s,Platform,89.86,90.00,0.14,Within 5 points
106790,Bee Simulator,2019-11-12,2019,2010s,Simulator,50.27,56.67,6.39,Critics higher
106803,Gloomhaven,2019-07-17,2019,2010s,Role-playing (RPG),41.06,73.50,32.44,Critics higher
106805,Call of Duty: Mobile,2019-05-14,2019,2010s,Shooter,64.89,82.50,17.61,Critics higher
106822,Bloodroots,2020-02-27,2020,2020s,Platform,77.03,82.60,5.57,Critics higher
106836,Scarf,2021-12-23,2021,2020s,Platform,69.96,66.40,-3.56,Within 5 points
106847,Coffee Talk,2020-01-29,2020,2020s,Simulator,71.83,70.00,-1.83,Within 5 points
106980,Anno: Mutationem,2022-03-17,2022,2020s,Role-playing (RPG),72.15,85.00,12.85,Critics higher
106986,Arcade Spirits,2019-02-12,2019,2010s,Adventure,70.49,90.00,19.51,Critics higher
106987,Torchlight III,2020-06-13,2020,2020s,Role-playing (RPG),49.67,66.11,16.44,Critics higher
107140,Othercide,2020-07-28,2020,2020s,Role-playing (RPG),69.68,73.40,3.72,Within 5 points
107141,Spirit of the North,2019-11-13,2019,2010s,Puzzle,76.56,70.00,-6.56,Users higher
107155,Sniper Ghost Warrior Contracts,2019-11-22,2019,2010s,Shooter,70.47,66.67,-3.81,Within 5 points
107172,Through the Darkest of Times,2020-01-30,2020,2020s,Role-playing (RPG),67.46,87.00,19.54,Critics higher
107178,The Textorcist: The Story of Ray Bibbia,2019-02-14,2019,2010s,Shooter,66.10,82.50,16.40,Critics higher
107187,Inmost,2019-10-11,2019,2010s,Platform,77.04,80.00,2.96,Within 5 points
107196,Gear.Club Unlimited 2,2018-12-02,2018,2010s,Racing,77.00,60.00,-17.00,Users higher
107203,Windjammers 2,2022-01-20,2022,2020s,Fighting,54.94,77.57,22.63,Critics higher
107215,SnowRunner,2020-04-28,2020,2020s,Racing,74.72,81.00,6.28,Critics higher
107217,Automachef,2019-07-22,2019,2010s,Puzzle,69.61,75.00,5.39,Critics higher
107218,Desperados III,2020-06-16,2020,2020s,Real Time Strategy (RTS),85.75,85.89,0.14,Within 5 points
107219,Hamsterdam,2019-07-31,2019,2010s,Fighting,70.00,60.00,-10.00,Users higher
107237,Reigns: Game of Thrones,2018-10-18,2018,2010s,Role-playing (RPG),61.05,73.75,12.70,Critics higher
107262,Streets of Rage 4,2020-04-30,2020,2020s,Fighting,80.66,82.58,1.92,Within 5 points
107302,Marble It Up! Classic,2018-09-29,2018,2010s,Platform,87.10,62.50,-24.60,Users higher
107314,The Bradwell Conspiracy,2019-10-05,2019,2010s,Puzzle,50.00,55.00,5.00,Within 5 points
107317,Gato Roboto,2019-05-30,2019,2010s,Platform,74.75,75.80,1.05,Within 5 points
107318,Rebel Galaxy Outlaw,2020-09-22,2020,2020s,Shooter,61.67,74.75,13.08,Critics higher
107329,Golf Peaks,2018-11-13,2018,2010s,Puzzle,72.13,80.00,7.87,Critics higher
107596,Headliner: NoviNews,2018-10-23,2018,2010s,Role-playing (RPG),79.16,65.00,-14.16,Users higher
107599,Super Crush KO,2020-01-16,2020,2020s,Fighting,70.00,78.60,8.60,Critics higher
107724,Viviette,2018-10-18,2018,2010s,Puzzle,60.00,60.00,0.00,Within 5 points
107927,The Longing,2020-03-05,2020,2020s,Puzzle,67.15,70.00,2.85,Within 5 points
108048,Midnight Ghost Hunt,2024-03-21,2024,2020s,Indie,63.61,85.00,21.39,Critics higher
108155,Umihara Kawase Fresh!,2019-07-09,2019,2010s,Platform,77.00,80.00,3.00,Within 5 points
108251,Disneyland Adventures,2011-11-15,2011,2010s,Adventure,50.10,68.33,18.23,Critics higher
108254,Gunlord X,2019-05-22,2019,2010s,Shooter,88.00,80.00,-8.00,Users higher
108347,Train Station Renovation,2020-04-30,2020,2020s,Simulator,69.96,80.00,10.04,Critics higher
108656,Shortest Trip to Earth,2018-10-09,2018,2010s,Real Time Strategy (RTS),60.00,69.67,9.67,Critics higher
108759,Carnival Games,2018-11-06,2018,2010s,Arcade,50.00,70.00,20.00,Critics higher
108778,Little Misfortune,2019-09-18,2019,2010s,Point-and-click,73.80,61.00,-12.80,Users higher
108797,Stranger Things 3: The Game,2019-07-04,2019,2010s,Puzzle,67.81,61.25,-6.56,Users higher
109028,Skybolt Zack,2019-11-07,2019,2010s,Platform,70.00,80.00,10.00,Critics higher
109129,Iris.Fall,2018-12-07,2018,2010s,Puzzle,60.45,66.67,6.22,Critics higher
109148,Unheard,2019-03-29,2019,2010s,Point-and-click,70.60,65.00,-5.60,Users higher
109233,Lapis x Labyrinth,2018-11-29,2018,2010s,Platform,87.00,71.67,-15.33,Users higher
109274,Judgment,2018-12-13,2018,2010s,Role-playing (RPG),83.07,82.71,-0.36,Within 5 points
109277,Samurai Shodown,2019-06-25,2019,2010s,Fighting,73.23,81.29,8.06,Critics higher
109284,Omega Labyrinth Life,2019-07-31,2019,2010s,Role-playing (RPG),60.00,50.00,-10.00,Users higher
109455,Luigi's Mansion 3,2019-10-31,2019,2010s,Adventure,83.51,88.79,5.28,Critics higher
109459,Little Town Hero,2019-10-16,2019,2010s,Role-playing (RPG),93.00,55.00,-38.00,Users higher
109462,Animal Crossing: New Horizons,2020-03-19,2020,2020s,Simulator,82.48,90.18,7.70,Critics higher
109475,Azur Lane: Crosswave,2019-08-29,2019,2010s,Shooter,60.00,45.00,-15.00,Users higher
109535,We Were Here Together,2019-10-10,2019,2010s,Puzzle,75.30,70.00,-5.30,Users higher
109550,Silver Chains,2019-08-06,2019,2010s,Adventure,54.59,60.00,5.41,Critics higher
109577,Puyo Puyo Champions,2018-10-25,2018,2010s,Puzzle,43.42,71.67,28.25,Critics higher
109601,Summer in Mara,2020-06-16,2020,2020s,Role-playing (RPG),40.60,62.33,21.74,Critics higher
109609,Million to One Hero,2019-07-23,2019,2010s,Indie,70.00,70.00,0.00,Within 5 points
109615,Twilight Path,2018-10-02,2018,2010s,Adventure,70.00,50.00,-20.00,Users higher
109633,Ministry of Broadcast,2020-01-30,2020,2020s,Platform,70.56,70.00,-0.56,Within 5 points
109742,Relicta,2020-08-03,2020,2020s,Puzzle,60.72,88.00,27.28,Critics higher
109970,Endless Dungeon,2023-10-19,2023,2020s,Role-playing (RPG),61.58,89.00,27.42,Critics higher
110044,Beach Buggy Racing 2,2018-12-19,2018,2010s,Racing,70.00,78.00,8.00,Critics higher
110121,Minoria,2019-08-27,2019,2010s,Platform,70.39,60.00,-10.39,Users higher
110248,Stray,2022-07-19,2022,2020s,Platform,82.02,85.00,2.98,Within 5 points
110324,Blink: Rogues,2018-09-28,2018,2010s,Shooter,70.00,60.00,-10.00,Users higher
110337,Little Friends: Dogs & Cats,2019-05-28,2019,2010s,Simulator,75.00,50.00,-25.00,Users higher
110411,Dirt Rally 2.0,2019-02-25,2019,2010s,Racing,75.03,80.60,5.57,Critics higher
110416,Sumatra: Fate of Yandi,2019-05-14,2019,2010s,Point-and-click,70.00,50.00,-20.00,Users higher
110417,Grimvalor,2018-10-10,2018,2010s,Platform,61.07,72.00,10.93,Critics higher
110461,The Uncertain: Light at the End,2020-10-08,2020,2020s,Puzzle,52.92,45.00,-7.92,Users higher
110474,Minecraft Dungeons,2020-05-26,2020,2020s,Role-playing (RPG),69.03,73.58,4.55,Within 5 points
110486,Weedcraft Inc,2019-04-11,2019,2010s,Simulator,65.71,70.00,4.29,Within 5 points
110503,Degrees of Separation,2019-02-13,2019,2010s,Platform,76.34,70.00,-6.34,Users higher
110581,World's End Club,2020-09-04,2020,2020s,Platform,70.00,64.67,-5.33,Users higher
110585,Xenon Racer,2019-03-26,2019,2010s,Racing,59.97,62.00,2.03,Within 5 points
110586,Lost Words: Beyond the Page,2020-03-27,2020,2020s,Platform,61.11,76.75,15.64,Critics higher
110774,Loca-Love My Cute Roommate,2018-10-26,2018,2010s,Adventure,70.00,30.00,-40.00,Users higher
110807,Observation,2019-05-21,2019,2010s,Puzzle,75.00,82.00,7.00,Critics higher
110834,Creaks,2020-07-10,2020,2020s,Point-and-click,77.68,70.00,-7.68,Users higher
110846,Trine 4: The Nightmare Prince,2019-10-07,2019,2010s,Platform,72.37,78.00,5.63,Critics higher
110975,Down to Hell,2019-04-18,2019,2010s,Fighting,60.00,30.00,-30.00,Users higher
111033,Project Winter,2019-05-23,2019,2010s,Strategy,60.95,70.00,9.05,Critics higher
111041,Monster Energy Supercross: The Official Videogame 2,2019-02-08,2019,2010s,Racing,60.00,67.33,7.33,Critics higher
111054,Super Dragon Ball Heroes: World Mission,2019-04-04,2019,2010s,Puzzle,57.64,65.00,7.36,Critics higher
111090,Tin Hearts,2023-04-20,2023,2020s,Platform,70.00,90.00,20.00,Critics higher
111117,Frog Detective 1: The Haunted Island,2018-11-22,2018,2010s,Adventure,62.51,80.00,17.49,Critics higher
111141,Don't Give Up: A Cynical Tale,2019-09-16,2019,2010s,Role-playing (RPG),70.00,60.00,-10.00,Users higher
111253,Vambrace: Cold Soul,2019-05-28,2019,2010s,Role-playing (RPG),59.73,90.00,30.27,Critics higher
111289,The Death of Erin Myers,2019-04-26,2019,2010s,Point-and-click,70.00,70.00,0.00,Within 5 points
111330,Atelier Lulua: The Scion of Arland,2019-03-20,2019,2010s,Role-playing (RPG),70.00,79.00,9.00,Critics higher
111351,Speaking Simulator,2020-01-29,2020,2020s,Simulator,70.00,70.00,0.00,Within 5 points
111469,Among Us,2018-06-15,2018,2010s,Strategy,71.95,81.75,9.80,Critics higher
111544,Maid of Sker,2020-07-28,2020,2020s,Adventure,75.88,50.00,-25.88,Users higher
111558,Bubsy: Paws on Fire!,2019-05-16,2019,2010s,Platform,70.00,56.40,-13.60,Users higher
111629,DreamWorks Dragons: Dawn of New Riders,2019-02-15,2019,2010s,Role-playing (RPG),50.00,52.50,2.50,Within 5 points
111651,Diablo Immortal,2022-06-02,2022,2020s,Role-playing (RPG),35.95,60.00,24.05,Critics higher
111654,MLB The Show 19,2019-03-26,2019,2010s,Sport,79.73,85.60,5.87,Critics higher
111661,Omno,2021-07-28,2021,2020s,Platform,86.53,82.67,-3.87,Within 5 points
111667,Sinkr 2,2018-11-05,2018,2010s,Puzzle,70.00,73.75,3.75,Within 5 points
111813,Skatebird,2021-09-16,2021,2020s,Racing,62.21,69.60,7.39,Critics higher
111815,Unsighted,2021-09-30,2021,2020s,Shooter,71.50,83.00,11.50,Critics higher
111835,Pagan: Absent Gods,2019-08-27,2019,2010s,Role-playing (RPG),50.00,68.00,18.00,Critics higher
111837,Cloudpunk,2020-04-23,2020,2020s,Role-playing (RPG),72.31,75.71,3.40,Within 5 points
111846,Void Bastards,2019-05-28,2019,2010s,Shooter,74.39,81.38,6.98,Critics higher
111866,Effie,2019-06-04,2019,2010s,Platform,69.73,70.00,0.27,Within 5 points
111937,Precipice,2019-05-01,2019,2010s,Simulator,50.00,53.33,3.33,Within 5 points
111965,Legend of Keepers,2020-03-19,2020,2020s,Fighting,63.06,65.00,1.94,Within 5 points
112074,The Eternal Castle: Remastered,2019-01-05,2019,2010s,Platform,64.00,60.00,-4.00,Within 5 points
112185,Fury Unleashed,2017-02-24,2017,2010s,Shooter,70.00,77.14,7.14,Critics higher
112191,Epic Seven,2018-11-08,2018,2010s,Role-playing (RPG),92.53,79.00,-13.53,Users higher
112378,Nanotale: Typing Chronicles,2019-10-23,2019,2010s,Puzzle,50.00,80.00,30.00,Critics higher
112385,Hotel Sowls,2019-12-31,2019,2010s,Role-playing (RPG),70.00,60.00,-10.00,Users higher
112409,Narcos: Rise of the Cartels,2019-11-19,2019,2010s,Simulator,40.00,56.50,16.50,Critics higher
112518,Warhammer Age of Sigmar: Champions,2018-09-12,2018,2010s,Strategy,80.00,60.00,-20.00,Users higher
112613,Prodeus,2022-09-23,2022,2020s,Shooter,71.31,85.00,13.69,Critics higher
112674,The LEGO Movie 2 Videogame,2019-02-26,2019,2010s,Hack and slash/Beat 'em up,60.00,62.00,2.00,Within 5 points
112851,Lightstep Chronicles,2019-08-01,2019,2010s,Adventure,70.00,65.00,-5.00,Within 5 points
112870,Spellbreak,2020-09-03,2020,2020s,Shooter,68.77,75.67,6.89,Critics higher
112874,Horizon Forbidden West,2022-02-18,2022,2020s,Role-playing (RPG),85.51,91.80,6.29,Critics higher
112875,God of War Ragnarök,2022-11-09,2022,2020s,Role-playing (RPG),91.33,94.62,3.28,Within 5 points
112916,Mortal Kombat 11,2019-04-22,2019,2010s,Fighting,82.60,79.92,-2.69,Within 5 points
112942,Mystic Vale,2019-06-06,2019,2010s,Strategy,70.00,80.00,10.00,Critics higher
113104,The King of Fighters XV,2022-02-16,2022,2020s,Fighting,84.97,81.80,-3.17,Within 5 points
113107,Sayonara Wild Hearts,2019-09-19,2019,2010s,Music,76.87,81.43,4.55,Within 5 points
113108,Journey to the Savage Planet,2020-01-28,2020,2020s,Shooter,73.44,80.36,6.93,Critics higher
113109,Marvel Ultimate Alliance 3: The Black Order,2019-07-19,2019,2010s,Role-playing (RPG),69.88,73.82,3.94,Within 5 points
113111,Far Cry New Dawn,2019-02-15,2019,2010s,Shooter,66.88,72.36,5.48,Critics higher
113112,Hades,2020-09-17,2020,2020s,Role-playing (RPG),90.74,93.53,2.79,Within 5 points
113114,The Outer Worlds,2019-10-25,2019,2010s,Shooter,78.47,85.93,7.47,Critics higher
113115,The Last Campfire,2020-08-04,2020,2020s,Puzzle,78.99,88.00,9.01,Critics higher
113118,The Pathless,2020-11-12,2020,2020s,Role-playing (RPG),81.21,80.67,-0.54,Within 5 points
113161,Spuds Unearthed,2019-01-10,2019,2010s,Shooter,70.00,40.00,-30.00,Users higher
113175,Skater XL,2018-12-19,2018,2010s,Simulator,71.19,72.50,1.31,Within 5 points
113208,Conan Unconquered,2019-05-29,2019,2010s,Real Time Strategy (RTS),50.00,72.75,22.75,Critics higher
113212,Operencia: The Stolen Sun,2019-03-29,2019,2010s,Role-playing (RPG),66.35,77.40,11.05,Critics higher
113378,Granblue Fantasy: Versus,2020-02-06,2020,2020s,Fighting,77.61,78.22,0.61,Within 5 points
113431,Ys IX: Monstrum Nox,2019-09-26,2019,2010s,Role-playing (RPG),82.91,84.00,1.09,Within 5 points
113434,Angry Birds VR: Isle of Pigs,2019-02-07,2019,2010s,Puzzle,70.00,73.33,3.33,Within 5 points
113598,Deathloop,2021-09-14,2021,2020s,Shooter,81.56,89.70,8.14,Critics higher
113689,Crown Trick,2020-10-15,2020,2020s,Role-playing (RPG),74.91,85.00,10.09,Critics higher
113739,Bright Memory: Infinite,2021-11-11,2021,2020s,Shooter,57.71,67.00,9.29,Critics higher
113836,Jet Lancer,2020-05-12,2020,2020s,Shooter,80.00,90.00,10.00,Critics higher
113866,Moving Out,2020-04-27,2020,2020s,Simulator,71.04,74.50,3.46,Within 5 points
113876,Raccoo Venture,2023-12-14,2023,2020s,Platform,70.00,66.00,-4.00,Within 5 points
113998,Dysmantle,2021-11-16,2021,2020s,Puzzle,60.49,83.00,22.51,Critics higher
114006,Dick Wilde 2,2019-02-19,2019,2010s,Shooter,70.00,65.00,-5.00,Within 5 points
114009,Dragon Ball Z: Kakarot,2020-01-17,2020,2020s,Role-playing (RPG),71.68,77.75,6.07,Critics higher
114023,Giga Wrecker Alt.,2019-04-30,2019,2010s,Platform,53.00,79.00,26.00,Critics higher
114032,Power Rangers: Battle for the Grid,2019-03-26,2019,2010s,Fighting,75.70,55.00,-20.70,Users higher
114058,Totally Reliable Delivery Service,2020-04-01,2020,2020s,Racing,53.87,50.00,-3.87,Within 5 points
114074,Colt Canyon,2020-06-16,2020,2020s,Shooter,61.87,80.00,18.13,Critics higher
114094,Kunai,2020-02-06,2020,2020s,Platform,65.24,71.60,6.36,Critics higher
114152,SD Gundam G Generation Cross Rays,2019-11-27,2019,2010s,Real Time Strategy (RTS),45.20,75.00,29.80,Critics higher
114156,Succubus,2021-10-05,2021,2020s,Adventure,60.08,60.00,-0.08,Within 5 points
114285,NBA 2K20,2019-09-05,2019,2010s,Simulator,73.09,77.25,4.16,Within 5 points
114286,Madden NFL 20,2019-08-02,2019,2010s,Sport,68.36,75.43,7.07,Critics higher
114287,FIFA 20,2019-09-27,2019,2010s,Sport,68.32,78.86,10.54,Critics higher
114415,SteamWorld Quest: Hand of Gilgamech,2019-04-25,2019,2010s,Role-playing (RPG),80.68,79.86,-0.83,Within 5 points
114420,When the Darkness comes,2019-01-12,2019,2010s,Adventure,70.20,90.00,19.80,Critics higher
114432,WRC 8,2019-09-15,2019,2010s,Racing,69.42,73.62,4.20,Within 5 points
114484,Dungeon Munchies,2019-06-06,2019,2010s,Shooter,70.00,46.00,-24.00,Users higher
114520,Road to Guangdong,2019-06-06,2019,2010s,Simulator,40.00,60.00,20.00,Critics higher
114684,Splitgate,2019-05-22,2019,2010s,Shooter,71.53,65.00,-6.53,Users higher
114767,Dr. Mario World,2019-07-10,2019,2010s,Puzzle,62.38,78.00,15.62,Critics higher
114782,Groundhog Day: Like Father Like Son,2019-09-17,2019,2010s,Puzzle,60.00,60.00,0.00,Within 5 points
114783,No Straight Roads,2020-08-24,2020,2020s,Music,63.48,74.33,10.86,Critics higher
114795,Apex Legends,2019-02-04,2019,2010s,Shooter,75.51,88.00,12.49,Critics higher
114809,Terror of Hemasaurus,2022-10-17,2022,2020s,Platform,79.09,80.00,0.91,Within 5 points
115054,Chernobylite,2021-07-28,2021,2020s,Shooter,68.60,76.00,7.40,Critics higher
115060,Dragon's Dogma II,2024-03-22,2024,2020s,Role-playing (RPG),76.45,90.83,14.38,Critics higher
115118,Interrogation: You Will Be Deceived,2019-12-05,2019,2010s,Point-and-click,66.40,79.00,12.60,Critics higher
115270,112 Operator,2020-04-23,2020,2020s,Puzzle,72.87,90.00,17.13,Critics higher
115276,Super Mario Maker 2,2019-06-28,2019,2010s,Platform,81.08,87.17,6.09,Critics higher
115279,Rune Factory 5,2021-05-20,2021,2020s,Role-playing (RPG),69.82,81.00,11.18,Critics higher
115280,Oninaki,2019-08-22,2019,2010s,Role-playing (RPG),60.02,67.00,6.98,Critics higher
115281,Box Boy! + Box Girl!,2019-04-26,2019,2010s,Platform,71.76,81.67,9.91,Critics higher
115282,Tetris 99,2019-02-13,2019,2010s,Puzzle,83.12,84.00,0.88,Within 5 points
115283,Astral Chain,2019-08-30,2019,2010s,Hack and slash/Beat 'em up,81.17,89.18,8.01,Critics higher
115286,Doraemon Story of Seasons,2019-06-13,2019,2010s,Role-playing (RPG),80.00,64.00,-16.00,Users higher
115304,Five Nights at Freddy's: Help Wanted,2019-05-28,2019,2010s,Puzzle,79.73,90.00,10.27,Critics higher
115309,Suzerain,2020-12-04,2020,2020s,Role-playing (RPG),80.18,72.00,-8.18,Users higher
115336,7th Sector,2019-03-05,2019,2010s,Shooter,70.00,76.25,6.25,Critics higher
115425,Darkest Dungeon II,2023-05-08,2023,2020s,Role-playing (RPG),87.46,83.20,-4.26,Within 5 points
115427,Haven,2020-12-03,2020,2020s,Role-playing (RPG),70.88,74.50,3.62,Within 5 points
115447,Worse Than Death,2019-10-07,2019,2010s,Puzzle,70.00,85.00,15.00,Critics higher
115459,Mechstermination Force,2019-04-04,2019,2010s,Shooter,78.00,77.50,-0.50,Within 5 points
115473,Airborne Kingdom,2020-12-17,2020,2020s,Role-playing (RPG),69.99,78.20,8.21,Critics higher
115477,Monster Jam Steel Titans,2019-06-25,2019,2010s,Racing,50.00,64.00,14.00,Critics higher
115478,Until You Fall,2020-09-29,2020,2020s,Adventure,70.14,90.00,19.86,Critics higher
115491,Sail Forth,2022-12-21,2022,2020s,Racing,69.93,65.00,-4.93,Within 5 points
115624,Struggling,2020-08-27,2020,2020s,Platform,69.89,80.00,10.11,Critics higher
115653,Pokémon Shield,2019-11-15,2019,2010s,Role-playing (RPG),65.64,67.50,1.86,Within 5 points
115657,Metamorphosis,2020-08-12,2020,2020s,Platform,71.98,83.33,11.35,Critics higher
115659,Warsaw Rising: City of Heroes,2019-10-02,2019,2010s,Role-playing (RPG),50.00,67.50,17.50,Critics higher
115688,Out of the Park Baseball 20,2019-03-22,2019,2010s,Simulator,70.00,80.00,10.00,Critics higher
115711,Curious Expedition 2,2021-01-28,2021,2020s,Role-playing (RPG),69.67,70.00,0.33,Within 5 points
115785,American Fugitive,2019-05-21,2019,2010s,Shooter,67.78,72.50,4.72,Within 5 points
115840,Silence,2016-11-15,2016,2010s,Point-and-click,70.13,75.33,5.20,Critics higher
115843,Unpacking,2021-11-02,2021,2020s,Point-and-click,73.46,92.50,19.04,Critics higher
115851,F.I.S.T.: Forged In Shadow Torch,2021-09-07,2021,2020s,Platform,61.53,86.83,25.30,Critics higher
115869,Cricket 19,2019-05-28,2019,2010s,Simulator,60.26,70.00,9.74,Critics higher
115873,Wrath: Aeon of Ruin,2024-02-27,2024,2020s,Shooter,67.40,60.00,-7.40,Users higher
115875,Nintendo Labo: Toy-Con 04 - VR Kit,2019-04-12,2019,2010s,Shooter,90.00,80.50,-9.50,Users higher
115899,ScourgeBringer,2020-10-20,2020,2020s,Fighting,69.98,72.50,2.52,Within 5 points
115903,Lust from Beyond,2021-03-11,2021,2020s,Puzzle,68.77,68.00,-0.77,Within 5 points
115925,Freedom Finger,2019-09-26,2019,2010s,Shooter,70.00,78.33,8.33,Critics higher
115991,The Riftbreaker,2021-10-14,2021,2020s,Shooter,64.86,82.50,17.64,Critics higher
116002,Siege of Centauri,2019-04-16,2019,2010s,Strategy,60.00,70.00,10.00,Critics higher
116014,Hard West 2,2022-08-04,2022,2020s,Role-playing (RPG),60.45,87.50,27.05,Critics higher
116021,Dungeon Defenders: Awakened,2020-05-28,2020,2020s,Role-playing (RPG),50.00,73.75,23.75,Critics higher
116056,Merchant of the Skies,2019-07-30,2019,2010s,Role-playing (RPG),70.00,70.00,0.00,Within 5 points
116100,Neon Abyss,2020-07-13,2020,2020s,Shooter,71.93,90.00,18.07,Critics higher
116125,Stela,2019-10-11,2019,2010s,Platform,72.58,68.75,-3.83,Within 5 points
116133,Islanders,2019-04-04,2019,2010s,Puzzle,71.40,90.00,18.60,Critics higher
116137,Pirates Outlaws,2019-03-05,2019,2010s,Fighting,74.35,78.00,3.65,Within 5 points
116156,Solar Ash,2021-12-02,2021,2020s,Platform,76.19,81.86,5.67,Critics higher
116166,Dreamscaper,2020-08-13,2020,2020s,Shooter,76.92,88.50,11.58,Critics higher
116200,Back 4 Blood,2021-10-12,2021,2020s,Shooter,66.98,78.80,11.82,Critics higher
116201,Tiny Metal: Full Metal Rumble,2019-07-10,2019,2010s,Simulator,90.00,80.00,-10.00,Users higher
116238,Sniper Elite 5,2022-05-25,2022,2020s,Fighting,70.53,80.57,10.04,Critics higher
116400,Eternal Threads,2022-05-19,2022,2020s,Puzzle,62.95,63.33,0.38,Within 5 points
116403,Eldest Souls,2021-07-28,2021,2020s,Role-playing (RPG),60.41,82.00,21.59,Critics higher
116414,Rad,2019-08-20,2019,2010s,Role-playing (RPG),69.52,73.92,4.39,Within 5 points
116416,Blaster Master Zero II,2019-03-20,2019,2010s,Platform,82.53,85.33,2.80,Within 5 points
116417,Creature in the Well,2019-09-06,2019,2010s,Fighting,82.66,73.75,-8.91,Users higher
116419,Cadence of Hyrule: Crypt of the NecroDancer Featuring the Legend of Zelda,2019-06-13,2019,2010s,Music,74.37,81.86,7.48,Critics higher
116422,Tails of Iron,2021-09-16,2021,2020s,Platform,74.17,90.00,15.83,Critics higher
116522,The Wild at Heart,2021-05-19,2021,2020s,Puzzle,61.45,82.50,21.05,Critics higher
116578,Moncage,2021-11-16,2021,2020s,Puzzle,78.83,75.00,-3.83,Within 5 points
116588,Fantasian,2021-04-02,2021,2020s,Role-playing (RPG),70.66,80.00,9.34,Critics higher
116589,Shantae and the Seven Sirens,2020-03-27,2020,2020s,Platform,76.33,72.40,-3.93,Within 5 points
116634,Beyond a Steel Sky,2020-06-25,2020,2020s,Puzzle,69.06,76.20,7.14,Critics higher
116650,Cyber Shadow,2021-01-26,2021,2020s,Platform,73.26,77.27,4.02,Within 5 points
116667,F1 2019,2019-06-28,2019,2010s,Racing,80.95,85.67,4.72,Within 5 points
116684,Warlander,2020-02-26,2020,2020s,Role-playing (RPG),40.00,70.00,30.00,Critics higher
116685,Heave Ho,2019-08-29,2019,2010s,Platform,79.14,80.00,0.86,Within 5 points
116705,Liberated,2020-06-02,2020,2020s,Platform,69.29,75.00,5.71,Critics higher
116753,A Short Hike,2019-07-30,2019,2010s,Adventure,73.00,77.50,4.50,Within 5 points
116795,Mario & Sonic at the Olympic Games Tokyo 2020,2019-11-01,2019,2010s,Sport,72.02,63.00,-9.02,Users higher
116797,Olympic Games Tokyo 2020: The Official Video Game,2019-07-24,2019,2010s,Sport,69.92,70.75,0.83,Within 5 points
116805,Sword Art Online: Alicization Lycoris,2020-07-09,2020,2020s,Role-playing (RPG),51.66,57.00,5.34,Critics higher
116824,Killer Chambers,2019-04-05,2019,2010s,Platform,70.00,60.00,-10.00,Users higher
116851,Smile For Me,2019-05-31,2019,2010s,Point-and-click,76.38,80.00,3.62,Within 5 points
116899,R-Type Final 2,2021-04-30,2021,2020s,Shooter,77.27,73.75,-3.52,Within 5 points
116992,Trials of Fire,2019-05-03,2019,2010s,Role-playing (RPG),70.00,81.67,11.67,Critics higher
117008,Assemble With Care,2019-09-19,2019,2010s,Puzzle,74.10,75.00,0.90,Within 5 points
117013,Sneaky Sasquatch,2019-09-19,2019,2010s,Arcade,60.22,80.00,19.78,Critics higher
117023,Jump King,2019-05-03,2019,2010s,Platform,77.58,75.00,-2.58,Within 5 points
117052,Spaceland: Sci-Fi Indie Tactics,2019-09-18,2019,2010s,Role-playing (RPG),60.00,90.00,30.00,Critics higher
117058,Lair of the Clockwork God,2020-02-21,2020,2020s,Point-and-click,80.00,83.00,3.00,Within 5 points
117084,Angelo and Deemon: One Hell of a Quest,2019-09-27,2019,2010s,Puzzle,70.00,60.00,-10.00,Users higher
117170,Stellar Blade,2024-04-26,2024,2020s,Role-playing (RPG),81.82,86.38,4.56,Within 5 points
117193,Neptunia Shooter,2019-05-21,2019,2010s,Shooter,60.00,60.00,0.00,Within 5 points
117266,Chicory: A Colorful Tale,2021-06-10,2021,2020s,Puzzle,81.60,92.33,10.74,Critics higher
117271,Chained Echoes,2022-12-08,2022,2020s,Role-playing (RPG),83.07,91.33,8.26,Critics higher
117281,Nightmare Reaper,2022-03-28,2022,2020s,Shooter,65.08,75.00,9.92,Critics higher
117294,Throne and Liberty,2023-12-07,2023,2020s,Role-playing (RPG),75.04,72.50,-2.54,Within 5 points
117309,Remothered: Broken Porcelain,2020-10-12,2020,2020s,Adventure,64.94,40.00,-24.94,Users higher
117310,Encodya,2021-01-26,2021,2020s,Point-and-click,57.57,80.00,22.43,Critics higher
117351,The Long Return,2019-10-02,2019,2010s,Puzzle,70.00,70.00,0.00,Within 5 points
117422,KeyWe,2021-08-30,2021,2020s,Platform,70.04,83.00,12.96,Critics higher
117497,Partisans 1941,2020-10-14,2020,2020s,Strategy,65.87,80.67,14.80,Critics higher
117533,River City Girls,2019-09-04,2019,2010s,Fighting,76.20,77.00,0.80,Within 5 points
117697,Freshly Frosted,2022-06-10,2022,2020s,Puzzle,89.72,78.00,-11.72,Users higher
117717,Planet Zoo,2019-11-05,2019,2010s,Simulator,78.31,77.44,-0.86,Within 5 points
117731,Persona 5 Strikers,2020-02-20,2020,2020s,Role-playing (RPG),79.45,81.23,1.78,Within 5 points
117743,Warhammer Underworlds: Online,2020-01-28,2020,2020s,Strategy,50.00,63.33,13.33,Critics higher
117745,BurgerTime Party!,2019-10-07,2019,2010s,Puzzle,83.00,68.50,-14.50,Users higher
117781,Risk System,2019-05-14,2019,2010s,Shooter,70.00,75.33,5.33,Critics higher
117797,FreeDiver: Triton Down,2019-05-30,2019,2010s,Simulator,70.00,70.00,0.00,Within 5 points
117820,Transport Fever 2,2019-12-11,2019,2010s,Simulator,74.93,72.00,-2.93,Within 5 points
117843,Adore,2023-08-03,2023,2020s,Role-playing (RPG),70.00,45.00,-25.00,Users higher
117988,Gnosia,2019-06-20,2019,2010s,Role-playing (RPG),81.10,80.00,-1.10,Within 5 points
118044,Tohu,2021-01-28,2021,2020s,Point-and-click,59.11,72.25,13.14,Critics higher
118119,Spark the Electric Jester 2,2019-05-16,2019,2010s,Platform,79.28,75.00,-4.28,Within 5 points
118193,Toem,2021-09-17,2021,2020s,Puzzle,85.57,95.00,9.43,Critics higher
118205,Obey Me,2020-04-20,2020,2020s,Adventure,70.00,60.00,-10.00,Users higher
118210,Apex Legends Mobile,2022-05-17,2022,2020s,Shooter,70.01,70.00,-0.01,Within 5 points
118218,Tom Clancy's Ghost Recon: Breakpoint,2019-10-04,2019,2010s,Shooter,64.56,53.38,-11.18,Users higher
118219,John Wick Hex,2019-10-08,2019,2010s,Simulator,59.97,76.08,16.11,Critics higher
118272,Predator: Hunting Grounds,2020-04-24,2020,2020s,Shooter,55.76,66.80,11.04,Critics higher
118313,Hell Pie,2022-07-21,2022,2020s,Platform,74.08,90.00,15.92,Critics higher
118357,Tools Up!,2019-12-02,2019,2010s,Simulator,70.00,69.00,-1.00,Within 5 points
118565,Rocket Arena,2020-07-13,2020,2020s,Shooter,67.64,66.14,-1.50,Within 5 points
118600,Killsquad,2021-10-21,2021,2020s,Role-playing (RPG),70.00,75.00,5.00,Within 5 points
118607,Art of Rally,2020-09-23,2020,2020s,Racing,81.32,83.33,2.01,Within 5 points
118668,Dark Nights with Poe and Munro,2020-05-19,2020,2020s,Simulator,67.71,70.00,2.29,Within 5 points
118755,Traffix,2019-07-08,2019,2010s,Puzzle,70.00,80.00,10.00,Critics higher
118784,Doctor Who: The Edge of Time,2019-11-12,2019,2010s,Puzzle,60.00,64.00,4.00,Within 5 points
118871,Grid,2019-10-10,2019,2010s,Racing,73.48,72.50,-0.98,Within 5 points
118922,Reventure,2019-06-04,2019,2010s,Platform,71.32,70.00,-1.32,Within 5 points
119061,Atelier Ryza: Ever Darkness & the Secret Hideout,2019-09-26,2019,2010s,Role-playing (RPG),79.98,77.29,-2.70,Within 5 points
119108,Pupperazzi,2022-01-20,2022,2020s,Simulator,57.74,67.33,9.60,Critics higher
119133,Elden Ring,2022-02-25,2022,2020s,Role-playing (RPG),94.95,96.90,1.95,Within 5 points
119134,Vicious Circle,2019-08-13,2019,2010s,Shooter,60.00,47.50,-12.50,Users higher
119158,Roller Champions,2022-05-25,2022,2020s,Racing,51.61,65.00,13.39,Critics higher
119159,Fuga: Melodies of Steel,2021-07-28,2021,2020s,Role-playing (RPG),97.69,90.00,-7.69,Users higher
119161,Need for Speed: Heat,2019-11-08,2019,2010s,Racing,69.46,69.80,0.34,Within 5 points
119171,Baldur's Gate 3,2023-08-03,2023,2020s,Role-playing (RPG),95.83,94.50,-1.33,Within 5 points
119177,Call of Duty: Modern Warfare,2019-10-25,2019,2010s,Shooter,79.52,80.09,0.57,Within 5 points
119178,The Complex,2020-03-31,2020,2020s,Adventure,66.93,72.33,5.40,Critics higher
119190,Bug Fables: The Everlasting Sapling,2019-11-21,2019,2010s,Role-playing (RPG),75.71,90.00,14.29,Critics higher
119225,Vampire: The Masquerade - Coteries of New York,2019-12-11,2019,2010s,Role-playing (RPG),68.38,72.00,3.62,Within 5 points
119234,Zombie Army 4: Dead War,2020-02-04,2020,2020s,Shooter,65.29,72.78,7.48,Critics higher
119242,Battle Planet: Judgement Day,2019-10-16,2019,2010s,Shooter,70.00,70.00,0.00,Within 5 points
119244,Darksiders Genesis,2019-12-05,2019,2010s,Role-playing (RPG),70.10,74.64,4.53,Within 5 points
119247,Gylt,2019-11-19,2019,2010s,Puzzle,67.22,74.33,7.11,Critics higher
119249,Roguebook,2021-06-17,2021,2020s,Puzzle,77.81,82.00,4.19,Within 5 points
119251,Citizens of Space,2019-06-18,2019,2010s,Role-playing (RPG),70.00,70.00,0.00,Within 5 points
119259,Yooka-Laylee and the Impossible Lair,2019-10-07,2019,2010s,Platform,70.95,86.11,15.16,Critics higher
119260,Bleeding Edge,2020-03-24,2020,2020s,Fighting,53.61,68.38,14.76,Critics higher
119262,Tom Clancy's Rainbow Six Extraction,2022-01-20,2022,2020s,Shooter,65.16,77.00,11.84,Critics higher
119270,Tales of Arise,2021-09-10,2021,2020s,Role-playing (RPG),82.79,87.33,4.54,Within 5 points
119273,Shadows of Doubt,2024-09-26,2024,2020s,Role-playing (RPG),64.37,81.00,16.63,Critics higher
119277,Genshin Impact,2020-09-28,2020,2020s,Role-playing (RPG),79.10,83.29,4.18,Within 5 points
119285,Lost in Random,2021-09-10,2021,2020s,Role-playing (RPG),70.05,77.43,7.37,Critics higher
119295,Microsoft Flight Simulator,2020-08-17,2020,2020s,Simulator,91.78,85.44,-6.34,Users higher
119298,Blair Witch,2019-08-30,2019,2010s,Adventure,73.07,72.09,-0.98,Within 5 points
119304,Spiritfarer,2020-08-18,2020,2020s,Platform,85.22,87.86,2.64,Within 5 points
119305,LEGO Star Wars: The Skywalker Saga,2022-04-05,2022,2020s,Puzzle,80.64,82.22,1.58,Within 5 points
119308,Ghostwire: Tokyo,2022-03-24,2022,2020s,Adventure,75.96,76.71,0.76,Within 5 points
119313,Fall Guys,2020-08-04,2020,2020s,Platform,73.81,76.60,2.79,Within 5 points
119323,Chicken Police,2020-11-05,2020,2020s,Point-and-click,80.56,81.25,0.69,Within 5 points
119336,Pixel Ripped 1995,2020-04-23,2020,2020s,Adventure,70.00,80.00,10.00,Critics higher
119339,Garden of the Sea VR,2022-01-13,2022,2020s,Simulator,70.00,80.00,10.00,Critics higher
119341,Pistol Whip,2019-11-07,2019,2010s,Shooter,78.05,87.00,8.95,Critics higher
119342,Chivalry 2,2021-06-08,2021,2020s,Fighting,79.85,86.33,6.49,Critics higher
119346,Songs of Conquest,2024-05-20,2024,2020s,Role-playing (RPG),79.48,90.00,10.52,Critics higher
119347,Per Aspera,2020-12-03,2020,2020s,Simulator,77.09,83.33,6.24,Critics higher
119349,Cris Tales,2021-07-19,2021,2020s,Role-playing (RPG),66.98,72.17,5.18,Critics higher
119351,Lovely Planet 2: April Skies,2019-06-18,2019,2010s,Shooter,70.00,85.00,15.00,Critics higher
119357,Immortals Fenyx Rising,2020-12-02,2020,2020s,Puzzle,74.06,73.70,-0.36,Within 5 points
119360,Undying,2023-12-07,2023,2020s,Role-playing (RPG),58.20,66.67,8.47,Critics higher
119368,Stronghold: Warlords,2021-03-09,2021,2020s,Real Time Strategy (RTS),58.88,69.25,10.37,Critics higher
119384,The Dark Crystal: Age of Resistance Tactics,2020-02-03,2020,2020s,Role-playing (RPG),70.00,67.67,-2.33,Within 5 points
119386,Empire of Sin,2020-11-30,2020,2020s,Role-playing (RPG),65.45,58.00,-7.45,Users higher
119387,No More Heroes III,2021-08-27,2021,2020s,Hack and slash/Beat 'em up,74.08,69.40,-4.68,Within 5 points
119388,The Legend of Zelda: Tears of the Kingdom,2023-05-12,2023,2020s,Puzzle,93.72,95.33,1.61,Within 5 points
119422,eFootball PES 2020,2019-09-10,2019,2010s,Simulator,69.42,77.43,8.01,Critics higher
119464,Lemnis Gate,2021-09-28,2021,2020s,Shooter,79.91,84.00,4.09,Within 5 points
119465,Depixtion,2019-06-17,2019,2010s,Puzzle,70.00,70.00,0.00,Within 5 points
119502,This Is the Zodiac Speaking,2020-10-15,2020,2020s,Adventure,40.00,66.00,26.00,Critics higher
119658,Weakless,2019-12-13,2019,2010s,Adventure,50.00,60.00,10.00,Critics higher
119723,Cafe Crush,2019-07-19,2019,2010s,Indie,60.00,80.00,20.00,Critics higher
119801,Figment 2: Creed Valley,2023-03-09,2023,2020s,Music,94.66,90.00,-4.66,Within 5 points
119805,Dry Drowning,2019-08-02,2019,2010s,Puzzle,70.00,60.00,-10.00,Users higher
119825,Jack Move,2022-09-08,2022,2020s,Role-playing (RPG),69.91,95.00,25.09,Critics higher
119856,Garden Story,2021-08-11,2021,2020s,Role-playing (RPG),68.32,80.00,11.68,Critics higher
119886,Still There,2019-11-20,2019,2010s,Point-and-click,79.67,70.00,-9.67,Users higher
119930,Ice Age: Scrat's Nutty Adventure,2019-10-18,2019,2010s,Platform,70.00,59.00,-11.00,Users higher
119947,NHL 20,2019-09-13,2019,2010s,Sport,72.33,79.14,6.81,Critics higher
119994,Waltz of the Wizard,2019-07-10,2019,2010s,Simulator,70.00,72.00,2.00,Within 5 points
120126,MXGP 2019: The Official Motocross Videogame,2019-08-27,2019,2010s,Racing,50.00,60.00,10.00,Critics higher
120170,Solasta: Crown of the Magister,2020-10-20,2020,2020s,Role-playing (RPG),73.20,77.50,4.30,Within 5 points
120175,One Punch Man: A Hero Nobody Knows,2020-02-27,2020,2020s,Fighting,30.13,52.80,22.67,Critics higher
120184,SolSeraph,2019-07-10,2019,2010s,Platform,50.00,53.75,3.75,Within 5 points
120278,Hatsune Miku: Project Diva Mega Mix,2020-02-13,2020,2020s,Music,84.23,78.25,-5.98,Users higher
120323,Horace,2019-07-18,2019,2010s,Platform,76.43,80.00,3.57,Within 5 points
120407,Evan's Remains,2020-06-11,2020,2020s,Platform,68.25,73.17,4.91,Within 5 points
120436,One Piece: Pirate Warriors 4,2020-03-26,2020,2020s,Hack and slash/Beat 'em up,87.22,75.14,-12.08,Users higher
120487,NASCAR Heat 4,2019-09-13,2019,2010s,Racing,60.00,71.00,11.00,Critics higher
120550,Olija,2021-01-28,2021,2020s,Platform,61.81,79.67,17.85,Critics higher
120552,The White Door,2020-01-08,2020,2020s,Puzzle,73.24,77.00,3.76,Within 5 points
120556,Spirit Hunter: NG,2018-09-13,2018,2010s,Adventure,70.25,90.00,19.75,Critics higher
120619,Tribes of Midgard,2021-07-27,2021,2020s,Fighting,60.21,77.50,17.29,Critics higher
120624,Rainbow Billy: The Curse of the Leviathan,2021-05-05,2021,2020s,Platform,85.34,84.00,-1.34,Within 5 points
120625,Disintegration,2020-06-15,2020,2020s,Shooter,66.36,64.25,-2.11,Within 5 points
120646,Kind Words,2019-09-12,2019,2010s,Indie,70.67,90.00,19.33,Critics higher
120654,The Dungeon of Naheulbeuk: The Amulet of Chaos,2020-09-17,2020,2020s,Role-playing (RPG),80.08,92.00,11.92,Critics higher
120745,Electronic Super Joy 2,2019-08-09,2019,2010s,Music,70.00,65.00,-5.00,Within 5 points
120878,Before We Leave,2020-05-08,2020,2020s,Simulator,69.90,83.50,13.60,Critics higher
120899,Picross: Lord of the Nazarick,2019-07-24,2019,2010s,Puzzle,83.00,75.00,-8.00,Users higher
121119,Remote Life,2019-10-04,2019,2010s,Shooter,70.00,74.00,4.00,Within 5 points
121173,Project CARS 3,2020-08-28,2020,2020s,Racing,66.85,74.00,7.15,Critics higher
121200,Fit For A King,2019-09-05,2019,2010s,Role-playing (RPG),70.00,80.00,10.00,Critics higher
121204,Shinsekai: Into the Depths,2019-09-13,2019,2010s,Platform,62.22,80.00,17.78,Critics higher
121231,Romance of the Three Kingdoms XIV,2020-01-16,2020,2020s,Simulator,40.00,59.67,19.67,Critics higher
121235,Eastern Exorcist,2021-07-08,2021,2020s,Platform,72.59,75.00,2.41,Within 5 points
121247,Biped,2020-03-26,2020,2020s,Simulator,71.02,80.75,9.73,Critics higher
121270,Ratropolis,2019-11-01,2019,2010s,Role-playing (RPG),80.00,85.00,5.00,Within 5 points
121295,Grime,2021-08-02,2021,2020s,Platform,76.07,95.00,18.93,Critics higher
121311,Demoniaca: Everlasting Night,2019-09-19,2019,2010s,Fighting,50.00,70.00,20.00,Critics higher
121338,Frog Detective 2: The Case of the Invisible Wizard,2019-12-09,2019,2010s,Adventure,70.60,85.00,14.40,Critics higher
121435,WWE 2K20,2019-10-22,2019,2010s,Simulator,55.35,44.57,-10.78,Users higher
121500,"Cook, Serve, Delicious! 3?!",2020-10-13,2020,2020s,Simulator,64.55,74.00,9.45,Critics higher
121531,Gamedec,2021-09-16,2021,2020s,Point-and-click,78.48,72.00,-6.48,Users higher
121555,Song of Horror,2019-10-31,2019,2010s,Adventure,68.96,70.00,1.04,Within 5 points
121565,Men of War: Assault Squad 2 - Cold War,2019-09-12,2019,2010s,Simulator,20.00,64.00,44.00,Critics higher
121567,Papetura,2021-05-07,2021,2020s,Point-and-click,68.66,70.00,1.34,Within 5 points
121586,Wingspan,2020-09-17,2020,2020s,Strategy,71.43,90.00,18.57,Critics higher
121618,Plants vs. Zombies: Battle for Neighborville,2019-10-18,2019,2010s,Shooter,64.61,70.75,6.14,Critics higher
121709,The Falconeer,2020-11-10,2020,2020s,Shooter,52.15,71.86,19.70,Critics higher
121714,Rock of Ages 3: Make & Break,2020-07-20,2020,2020s,Racing,60.53,74.00,13.47,Critics higher
121715,The Eternal Cylinder,2021-09-30,2021,2020s,Adventure,57.52,73.67,16.15,Critics higher
121731,Humankind,2021-08-17,2021,2020s,Simulator,78.70,79.20,0.50,Within 5 points
121748,The Touryst,2019-11-21,2019,2010s,Platform,68.07,82.75,14.68,Critics higher
121751,Synced,2023-09-08,2023,2020s,Shooter,58.89,80.00,21.11,Critics higher
121752,Ghostrunner,2020-10-27,2020,2020s,Shooter,78.54,82.00,3.46,Within 5 points
121754,Orcs Must Die! 3,2020-07-14,2020,2020s,Shooter,73.41,76.00,2.59,Within 5 points
121760,Little Nightmares II,2021-02-10,2021,2020s,Platform,82.57,82.23,-0.34,Within 5 points
121762,Everspace 2,2023-04-06,2023,2020s,Shooter,63.08,86.60,23.52,Critics higher
121763,Syberia: The World Before,2022-03-18,2022,2020s,Point-and-click,76.67,82.75,6.08,Critics higher
121767,The Big Con,2021-08-31,2021,2020s,Point-and-click,60.02,78.33,18.32,Critics higher
121881,King's Bounty II,2021-08-23,2021,2020s,Role-playing (RPG),68.84,73.00,4.16,Within 5 points
121885,Filament,2020-04-23,2020,2020s,Puzzle,75.06,77.50,2.44,Within 5 points
121919,Knights of Honor II: Sovereign,2022-12-06,2022,2020s,Real Time Strategy (RTS),85.78,76.00,-9.78,Users higher
121947,The Suicide of Rachel Foster,2020-02-19,2020,2020s,Adventure,70.23,64.75,-5.48,Users higher
121998,Medieval Dynasty,2021-09-23,2021,2020s,Role-playing (RPG),64.56,74.00,9.44,Critics higher
122001,Cathedral,2019-10-31,2019,2010s,Platform,70.00,70.00,0.00,Within 5 points
122035,Cyber Hook,2020-09-24,2020,2020s,Shooter,73.14,71.33,-1.81,Within 5 points
122050,A Juggler's Tale,2021-09-28,2021,2020s,Platform,78.77,80.00,1.23,Within 5 points
122064,Necronator: Dead Wrong,2020-02-13,2020,2020s,Real Time Strategy (RTS),70.00,60.00,-10.00,Users higher
122080,Football Manager 2020,2019-11-19,2019,2010s,Simulator,77.24,88.50,11.26,Critics higher
122097,Shovel Knight Dig,2022-09-23,2022,2020s,Platform,78.20,82.75,4.55,Within 5 points
122105,The Legend of Sword and Fairy 7,2021-10-15,2021,2020s,Role-playing (RPG),60.05,61.50,1.45,Within 5 points
122120,The Dark Pictures Anthology: Little Hope,2020-10-30,2020,2020s,Adventure,69.90,76.40,6.50,Critics higher
122126,Greak: Memories of Azur,2021-08-16,2021,2020s,Platform,52.86,75.20,22.34,Critics higher
122132,Black Skylands,2023-08-15,2023,2020s,Shooter,80.02,80.00,-0.02,Within 5 points
122133,Not for Broadcast,2022-01-25,2022,2020s,Point-and-click,81.82,85.00,3.18,Within 5 points
122145,Singled Out,2019-09-04,2019,2010s,Shooter,70.00,70.00,0.00,Within 5 points
122200,Bleak Faith: Forsaken,2023-03-10,2023,2020s,Role-playing (RPG),60.00,68.33,8.33,Critics higher
122232,Deadly Premonition 2: A Blessing in Disguise,2020-07-10,2020,2020s,Adventure,70.57,68.75,-1.82,Within 5 points
122235,Rogue Company,2020-09-30,2020,2020s,Shooter,57.52,85.00,27.48,Critics higher
122311,Exit the Gungeon,2019-09-19,2019,2010s,Shooter,60.00,70.40,10.40,Critics higher
122338,Ring Fit Adventure,2019-10-18,2019,2010s,Role-playing (RPG),81.09,84.40,3.31,Within 5 points
122345,Calico,2020-12-15,2020,2020s,Role-playing (RPG),57.78,43.67,-14.11,Users higher
122386,Infernax,2022-02-14,2022,2020s,Platform,79.72,76.67,-3.05,Within 5 points
122416,Spin Rhythm XD,2023-03-14,2023,2020s,Music,74.35,98.00,23.65,Critics higher
122433,The Fisherman: Fishing Planet,2019-10-15,2019,2010s,Simulator,70.00,90.00,20.00,Critics higher
122559,Mini Motorways,2019-09-19,2019,2010s,Puzzle,82.29,85.75,3.46,Within 5 points
122563,Arise: A Simple Story,2019-12-03,2019,2010s,Platform,81.82,85.67,3.85,Within 5 points
122565,Humanity,2023-05-15,2023,2020s,Platform,78.85,82.50,3.65,Within 5 points
122599,My Hero One's Justice 2,2020-03-12,2020,2020s,Fighting,69.62,66.17,-3.46,Within 5 points
122611,Terminator: Resistance,2019-11-14,2019,2010s,Shooter,70.07,51.25,-18.82,Users higher
122649,A Total War Saga: Troy,2020-08-13,2020,2020s,Real Time Strategy (RTS),72.01,76.25,4.24,Within 5 points
122650,Infini,2020-03-04,2020,2020s,Platform,70.00,75.00,5.00,Within 5 points
122662,Going Under,2020-09-24,2020,2020s,Fighting,79.09,78.50,-0.59,Within 5 points
122666,Teardown,2022-04-21,2022,2020s,Puzzle,79.70,83.33,3.63,Within 5 points
122729,"Yes, Your Grace",2020-03-06,2020,2020s,Role-playing (RPG),72.35,77.20,4.85,Within 5 points
122831,Orbital Bullet,2021-04-22,2021,2020s,Shooter,65.01,75.00,9.99,Critics higher
123269,Coromon,2020-12-21,2020,2020s,Fighting,69.98,82.50,12.52,Critics higher
123333,If Found...,2020-05-19,2020,2020s,Adventure,70.55,85.00,14.45,Critics higher
123738,Sturmwind Ex,2019-09-30,2019,2010s,Shooter,70.00,81.00,11.00,Critics higher
123902,Murder by Numbers,2020-03-05,2020,2020s,Puzzle,68.07,71.00,2.93,Within 5 points
123991,The Room VR: A Dark Matter,2020-03-26,2020,2020s,Puzzle,73.80,83.33,9.53,Critics higher
124031,Grindstone,2019-09-16,2019,2010s,Puzzle,95.44,90.00,-5.44,Users higher
124131,Little Big Workshop,2019-10-17,2019,2010s,Simulator,69.66,74.67,5.00,Critics higher
124215,Circle Empires Rivals,2020-04-15,2020,2020s,Real Time Strategy (RTS),80.00,80.00,0.00,Within 5 points
124257,Killer Frequency,2023-06-01,2023,2020s,Puzzle,72.39,82.00,9.61,Critics higher
124683,Postal 4: No Regerts,2022-04-20,2022,2020s,Shooter,67.75,10.00,-57.75,Users higher
124693,Serf City: Life is Feudal,1993-06-30,1993,1990s,Real Time Strategy (RTS),73.10,10.00,-63.10,Users higher
124701,Legends of Runeterra,2020-04-30,2020,2020s,Strategy,74.61,83.00,8.39,Critics higher
124954,Crusader Kings III,2020-09-01,2020,2020s,Role-playing (RPG),83.22,91.33,8.11,Critics higher
124992,Vampire: The Masquerade - Swansong,2022-05-19,2022,2020s,Role-playing (RPG),51.06,63.12,12.07,Critics higher
125013,MLB The Show 20,2020-03-17,2020,2020s,Sport,79.98,86.60,6.62,Critics higher
125021,The Jackbox Party Pack 6,2019-10-17,2019,2010s,Puzzle,79.98,80.00,0.02,Within 5 points
125048,Gordian Quest,2022-06-23,2022,2020s,Role-playing (RPG),80.00,77.50,-2.50,Within 5 points
125084,Ubermosh: Omega,2019-11-08,2019,2010s,Shooter,70.00,80.00,10.00,Critics higher
125165,Diablo IV,2023-06-06,2023,2020s,Role-playing (RPG),76.99,89.67,12.68,Critics higher
125166,Battlefield 2042,2021-06-01,2021,2020s,Shooter,59.04,69.11,10.07,Critics higher
125174,Overwatch 2,2023-08-10,2023,2020s,Shooter,69.20,83.00,13.80,Critics higher
125277,Alwa's Legacy,2020-06-17,2020,2020s,Platform,79.91,78.00,-1.91,Within 5 points
125286,The Stretchers,2019-11-08,2019,2010s,Puzzle,90.00,72.50,-17.50,Users higher
125296,Katana Kami: A Way of the Samurai Story,2020-02-19,2020,2020s,Role-playing (RPG),80.00,50.00,-30.00,Users higher
125373,Curse of the Dead Gods,2021-02-23,2021,2020s,Racing,69.53,84.25,14.72,Critics higher
125387,Super Mega Space Blaster Special Turbo,2020-01-13,2020,2020s,Shooter,70.00,75.00,5.00,Within 5 points
125479,AO Tennis 2,2020-01-09,2020,2020s,Simulator,61.85,63.33,1.49,Within 5 points
125591,Gensou Skydrift,2015-08-15,2015,2010s,Racing,80.00,80.00,0.00,Within 5 points
125624,Grounded,2022-09-27,2022,2020s,Role-playing (RPG),74.52,78.20,3.68,Within 5 points
125625,West of Dead,2020-06-18,2020,2020s,Shooter,63.46,73.60,10.14,Critics higher
125628,Tell Me Why,2020-08-27,2020,2020s,Adventure,74.43,80.89,6.46,Critics higher
125631,Last Stop,2021-07-22,2021,2020s,Adventure,70.96,72.50,1.54,Within 5 points
125671,Cannibal Cuisine,2020-05-20,2020,2020s,Simulator,70.00,66.00,-4.00,Within 5 points
125692,Shadow Empire,2020-12-03,2020,2020s,Role-playing (RPG),70.00,75.00,5.00,Within 5 points
125764,Guilty Gear: Strive,2021-06-11,2021,2020s,Fighting,80.44,82.71,2.27,Within 5 points
126098,Half-Life: Alyx,2020-03-23,2020,2020s,Shooter,93.10,92.78,-0.32,Within 5 points
126120,Say No! More,2021-04-09,2021,2020s,Simulator,88.36,70.00,-18.36,Users higher
126212,Trepang2,2023-06-21,2023,2020s,Shooter,82.50,83.50,1.00,Within 5 points
126290,Far Cry 6,2021-10-07,2021,2020s,Shooter,70.89,81.82,10.93,Critics higher
126338,Puddle Knights,2020-03-03,2020,2020s,Puzzle,70.00,80.00,10.00,Critics higher
126381,Timberborn,2021-09-15,2021,2020s,Simulator,71.89,86.00,14.11,Critics higher
126459,Valorant,2020-06-02,2020,2020s,Shooter,71.74,78.33,6.59,Critics higher
126551,Radical Relocation,2020-08-31,2020,2020s,Puzzle,60.00,80.00,20.00,Critics higher
126725,Pumpkin Jack,2020-10-23,2020,2020s,Platform,67.59,77.17,9.57,Critics higher
126812,Vaporum: Lockdown,2020-09-15,2020,2020s,Puzzle,80.00,80.00,0.00,Within 5 points
126835,Death and Taxes,2020-02-20,2020,2020s,Point-and-click,77.00,75.00,-2.00,Within 5 points
126851,Boomerang X,2021-07-08,2021,2020s,Shooter,73.37,90.00,16.63,Critics higher
127029,Starship Troopers: Terran Command,2022-06-16,2022,2020s,Real Time Strategy (RTS),64.07,80.00,15.93,Critics higher
127044,Marvel's Spider-Man 2,2023-10-20,2023,2020s,Hack and slash/Beat 'em up,85.61,82.33,-3.28,Within 5 points
127144,Arrog,2020-07-21,2020,2020s,Puzzle,70.00,53.00,-17.00,Users higher
127165,The Outlast Trials,2024-03-05,2024,2020s,Adventure,70.15,78.00,7.85,Critics higher
127193,Hellcard,2024-02-01,2024,2020s,Turn-based strategy (TBS),79.74,75.00,-4.74,Within 5 points
127254,Pathfinder: Wrath of the Righteous,2021-09-02,2021,2020s,Role-playing (RPG),89.64,84.67,-4.97,Within 5 points
127269,Axiom Verge 2,2021-08-11,2021,2020s,Platform,70.02,78.00,7.98,Critics higher
127305,The Survivalists,2020-10-08,2020,2020s,Role-playing (RPG),69.98,60.00,-9.98,Users higher
127342,Senua's Saga: Hellblade II,2024-05-21,2024,2020s,Adventure,77.66,71.00,-6.66,Users higher
127343,Godfall,2020-11-12,2020,2020s,Role-playing (RPG),65.40,68.33,2.93,Within 5 points
127344,Bravely Default II,2021-02-25,2021,2020s,Role-playing (RPG),73.26,79.73,6.47,Critics higher
127348,Dungeons & Dragons: Dark Alliance,2021-06-21,2021,2020s,Role-playing (RPG),49.92,68.14,18.22,Critics higher
127350,Weird West,2022-03-31,2022,2020s,Role-playing (RPG),75.73,67.80,-7.93,Users higher
127352,Naraka: Bladepoint,2021-08-12,2021,2020s,Fighting,62.67,61.00,-1.67,Within 5 points
127354,Convergence: A League of Legends Story,2023-05-23,2023,2020s,Platform,59.99,86.50,26.51,Critics higher
127358,Ruined King: A League of Legends Story,2021-11-16,2021,2020s,Role-playing (RPG),77.49,77.50,0.01,Within 5 points
127493,Death Come True,2020-06-24,2020,2020s,Point-and-click,69.89,70.00,0.11,Within 5 points
127591,Wide Ocean Big Jacket,2020-02-04,2020,2020s,Simulator,70.00,80.00,10.00,Critics higher
127610,Spellsword Cards: DungeonTop,2020-01-16,2020,2020s,Role-playing (RPG),70.00,66.00,-4.00,Within 5 points
127743,Lake,2021-09-01,2021,2020s,Role-playing (RPG),69.30,66.67,-2.63,Within 5 points
127770,Inertial Drift,2020-09-11,2020,2020s,Racing,59.04,82.50,23.46,Critics higher
127816,Paradise Killer,2020-09-04,2020,2020s,Puzzle,87.29,79.11,-8.18,Users higher
127842,Skul: The Hero Slayer,2021-01-20,2021,2020s,Platform,63.96,81.00,17.04,Critics higher
127985,LEGO Builder's Journey,2019-12-20,2019,2010s,Puzzle,77.51,77.20,-0.31,Within 5 points
128025,Risen Kingdom,2020-02-28,2020,2020s,Strategy,80.00,70.00,-10.00,Users higher
128062,Code Shifter,2020-01-29,2020,2020s,Fighting,50.00,56.50,6.50,Critics higher
128097,Turnip Boy Commits Tax Evasion,2021-04-22,2021,2020s,Puzzle,70.47,76.67,6.20,Critics higher
128252,Creepy Tale,2020-02-21,2020,2020s,Platform,64.97,60.00,-4.97,Within 5 points
128465,Monster Energy Supercross: The Official Videogame 3,2020-02-03,2020,2020s,Racing,60.00,58.33,-1.67,Within 5 points
128769,Captain Tsubasa: Rise of New Champions,2020-08-27,2020,2020s,Role-playing (RPG),68.25,77.80,9.55,Critics higher
128799,Taur,2020-02-19,2020,2020s,Strategy,60.00,65.00,5.00,Within 5 points
128909,Hidden Through Time,2020-03-12,2020,2020s,Point-and-click,69.69,80.00,10.31,Critics higher
128948,Industria,2021-09-30,2021,2020s,Shooter,69.25,80.00,10.75,Critics higher
129042,Doomsday Hunters,2023-07-20,2023,2020s,Shooter,80.00,80.00,0.00,Within 5 points
129057,Rain on Your Parade,2021-04-15,2021,2020s,Fighting,78.68,72.50,-6.18,Users higher
129097,Norco,2022-03-24,2022,2020s,Point-and-click,78.31,92.00,13.69,Critics higher
129483,Monster Train,2020-05-21,2020,2020s,Role-playing (RPG),82.36,85.40,3.04,Within 5 points
129667,Mists of Noyah,2020-05-27,2020,2020s,Platform,60.00,52.00,-8.00,Users higher
129705,Hypergalactic Psychic Table Tennis 3000,2020-03-03,2020,2020s,Role-playing (RPG),70.00,70.00,0.00,Within 5 points
129734,Tony Stewart's Sprint Car Racing,2020-02-14,2020,2020s,Racing,70.00,70.00,0.00,Within 5 points
129739,Tinker Racers,2020-03-01,2020,2020s,Racing,70.00,70.00,0.00,Within 5 points
129791,Hokko Life,2022-09-27,2022,2020s,Role-playing (RPG),56.41,43.00,-13.41,Users higher
129800,TT Isle of Man: Ride on the Edge 2,2020-03-19,2020,2020s,Racing,50.00,66.67,16.67,Critics higher
129944,30XX,2023-08-09,2023,2020s,Platform,55.84,83.33,27.49,Critics higher
130182,Floppy Knights,2022-05-24,2022,2020s,Strategy,73.42,95.00,21.58,Critics higher
130216,Hardspace: Shipbreaker,2022-05-24,2022,2020s,Simulator,69.92,87.75,17.83,Critics higher
130508,Kill It With Fire,2020-08-13,2020,2020s,Shooter,61.41,80.00,18.59,Critics higher
130516,Might & Magic: Chess Royale,2020-01-29,2020,2020s,Strategy,60.93,67.00,6.07,Critics higher
131566,Welcome to Elk,2020-09-17,2020,2020s,Point-and-click,72.28,65.00,-7.28,Users higher
131635,MotoGP 20,2020-04-23,2020,2020s,Racing,79.87,80.00,0.13,Within 5 points
131687,Samurai Jack: Battle Through Time,2020-08-21,2020,2020s,Fighting,69.97,67.33,-2.63,Within 5 points
131785,Amnesia: Rebirth,2020-10-20,2020,2020s,Puzzle,74.23,81.78,7.54,Critics higher
131845,A Monster's Expedition,2020-09-10,2020,2020s,Puzzle,80.02,77.50,-2.52,Within 5 points
131868,Blue Fire,2021-02-04,2021,2020s,Platform,67.73,73.62,5.89,Critics higher
131869,I Am Dead,2020-10-08,2020,2020s,Puzzle,79.89,81.25,1.36,Within 5 points
131888,Hotshot Racing,2020-09-10,2020,2020s,Racing,70.50,66.25,-4.25,Within 5 points
131890,Sea of Stars,2023-08-28,2023,2020s,Role-playing (RPG),82.94,89.12,6.18,Critics higher
131946,Super Mega Baseball 3,2020-05-12,2020,2020s,Simulator,64.39,79.57,15.18,Critics higher
131961,Clubhouse Games: 51 Worldwide Classics,2020-06-04,2020,2020s,Arcade,72.59,79.40,6.81,Critics higher
131970,Fuser,2020-11-09,2020,2020s,Music,79.85,78.43,-1.43,Within 5 points
132002,Poly Bridge 2,2020-05-28,2020,2020s,Puzzle,79.35,80.00,0.65,Within 5 points
132038,Maquette,2021-03-02,2021,2020s,Puzzle,70.57,76.43,5.86,Critics higher
132050,Mortal Shell,2020-08-18,2020,2020s,Role-playing (RPG),71.55,75.25,3.70,Within 5 points
132051,Windbound,2020-08-21,2020,2020s,Role-playing (RPG),41.01,57.60,16.59,Critics higher
132058,Rogue Legacy 2,2022-04-28,2022,2020s,Platform,75.20,90.50,15.30,Critics higher
132083,Everhood,2021-03-03,2021,2020s,Music,75.53,76.67,1.14,Within 5 points
132139,XCOM: Chimera Squad,2020-04-24,2020,2020s,Strategy,70.38,78.00,7.62,Critics higher
132205,F1 2020,2020-07-07,2020,2020s,Racing,86.50,89.50,3.00,Within 5 points
132312,UnMetal,2021-04-21,2021,2020s,Platform,85.02,77.00,-8.02,Users higher
132333,Buddy Simulator 1984,2021-02-18,2021,2020s,Role-playing (RPG),70.34,80.00,9.66,Critics higher
132422,Fights in Tight Spaces,2021-12-02,2021,2020s,Fighting,80.24,77.67,-2.57,Within 5 points
132457,Pureya,2021-03-07,2021,2020s,Indie,73.36,65.00,-8.36,Users higher
132631,Sheepo,2020-08-26,2020,2020s,Platform,70.04,80.00,9.96,Critics higher
132675,Xuan-Yuan Sword VII,2020-10-28,2020,2020s,Role-playing (RPG),71.69,65.00,-6.69,Users higher
132707,Madden NFL 21,2020-05-28,2020,2020s,Simulator,70.05,67.22,-2.83,Within 5 points
132907,There Is No Game: Wrong Dimension,2020-08-06,2020,2020s,Point-and-click,83.33,80.00,-3.33,Within 5 points
132928,Dice Legacy,2021-09-08,2021,2020s,Puzzle,70.00,70.00,0.00,Within 5 points
132956,WWE 2K Battlegrounds,2020-09-18,2020,2020s,Fighting,50.12,56.83,6.71,Critics higher
133004,Assassin's Creed Valhalla,2020-11-10,2020,2020s,Role-playing (RPG),75.18,85.08,9.90,Critics higher
133059,Fobia: St. Dinfna Hotel,2022-06-28,2022,2020s,Puzzle,77.55,73.33,-4.22,Within 5 points
133149,Post Void,2020-08-06,2020,2020s,Shooter,84.70,85.00,0.30,Within 5 points
133175,Fatum Betula,2020-06-20,2020,2020s,Puzzle,79.85,80.00,0.15,Within 5 points
133208,Roots of Pacha,2023-04-25,2023,2020s,Role-playing (RPG),67.23,88.00,20.77,Critics higher
133261,Neversong,2019-10-31,2019,2010s,Platform,67.68,78.00,10.32,Critics higher
133301,Dirt 5,2020-11-05,2020,2020s,Racing,73.34,80.83,7.50,Critics higher
133302,Scarlet Nexus,2021-06-24,2021,2020s,Role-playing (RPG),76.59,80.80,4.21,Within 5 points
133305,Chorus,2021-12-03,2021,2020s,Shooter,69.01,74.57,5.56,Critics higher
133306,Call of the Sea,2020-12-08,2020,2020s,Puzzle,71.74,72.50,0.76,Within 5 points
133307,The Ascent,2021-07-29,2021,2020s,Shooter,72.22,71.22,-1.00,Within 5 points
133308,The Medium,2021-01-28,2021,2020s,Adventure,71.43,75.35,3.92,Within 5 points
133309,Second Extinction,2020-10-13,2020,2020s,Shooter,67.73,77.50,9.77,Critics higher
133330,BPM: Bullets Per Minute,2020-09-15,2020,2020s,Shooter,73.89,78.25,4.36,Within 5 points
133446,Bzzzt,2023-11-13,2023,2020s,Platform,80.00,80.00,0.00,Within 5 points
133512,Peglin,2024-08-27,2024,2020s,Puzzle,85.84,70.00,-15.84,Users higher
133674,Old World,2021-07-01,2021,2020s,Simulator,89.69,77.50,-12.19,Users higher
133773,WRC 9,2020-09-03,2020,2020s,Racing,71.21,74.00,2.79,Within 5 points
133846,Insurmountable,2021-04-29,2021,2020s,Simulator,74.07,85.00,10.93,Critics higher
133866,Cassette Beasts,2023-04-26,2023,2020s,Role-playing (RPG),61.03,100.00,38.97,Critics higher
133896,The Last Faith,2023-11-15,2023,2020s,Fighting,74.82,76.25,1.43,Within 5 points
133904,Cygni: All Guns Blazing,2024-08-06,2024,2020s,Shooter,65.88,78.80,12.92,Critics higher
133905,Nexomon: Extinction,2020-08-27,2020,2020s,Role-playing (RPG),71.75,80.00,8.25,Critics higher
133922,Ride 4,2020-10-08,2020,2020s,Racing,55.72,75.33,19.61,Critics higher
133923,Paper Mario: The Origami King,2020-07-17,2020,2020s,Puzzle,75.90,81.09,5.20,Critics higher
133939,PGA Tour 2K21,2020-08-20,2020,2020s,Simulator,70.00,75.00,5.00,Within 5 points
134072,Bright Memory,2020-03-25,2020,2020s,Shooter,68.89,52.50,-16.39,Users higher
134101,FIFA 21,2020-10-09,2020,2020s,Simulator,68.60,72.38,3.78,Within 5 points
134161,Sherlock Holmes: Chapter One,2021-11-16,2021,2020s,Adventure,76.13,76.89,0.76,Within 5 points
134324,Tchia,2023-03-21,2023,2020s,Adventure,64.05,86.00,21.95,Critics higher
134370,NASCAR Heat 5,2020-07-10,2020,2020s,Racing,68.63,65.00,-3.63,Within 5 points
134474,The Spirit and the Mouse,2022-09-26,2022,2020s,Platform,89.86,79.00,-10.86,Users higher
134528,Kao the Kangaroo,2022-05-27,2022,2020s,Platform,77.75,70.67,-7.09,Users higher
134560,Metal: Hellsinger,2022-09-15,2022,2020s,Shooter,78.46,86.17,7.71,Critics higher
134564,Demon Turf,2021-11-04,2021,2020s,Platform,79.93,80.75,0.82,Within 5 points
134574,Paradise Lost,2021-03-24,2021,2020s,Adventure,66.93,61.67,-5.26,Users higher
134582,Ratchet & Clank: Rift Apart,2021-06-11,2021,2020s,Shooter,86.72,90.67,3.94,Within 5 points
134583,Forspoken,2023-01-24,2023,2020s,Role-playing (RPG),58.63,67.33,8.70,Critics higher
134584,Returnal,2021-04-30,2021,2020s,Shooter,83.02,89.89,6.88,Critics higher
134585,Sackboy: A Big Adventure,2020-11-12,2020,2020s,Platform,77.73,85.30,7.57,Critics higher
134587,Destruction AllStars,2021-02-02,2021,2020s,Racing,54.93,67.29,12.35,Critics higher
134588,Kena: Bridge of Spirits,2021-09-21,2021,2020s,Role-playing (RPG),79.41,82.89,3.48,Within 5 points
134589,Goodbye Volcano High,2023-08-29,2023,2020s,Music,67.14,90.00,22.86,Critics higher
134595,Hitman 3,2021-01-20,2021,2020s,Shooter,86.00,85.25,-0.75,Within 5 points
134597,Astro's Playroom,2020-11-12,2020,2020s,Platform,84.27,80.83,-3.43,Within 5 points
134599,NBA 2K21,2020-09-03,2020,2020s,Simulator,70.19,77.36,7.18,Critics higher
134602,Bugsnax,2020-11-12,2020,2020s,Puzzle,76.13,76.29,0.15,Within 5 points
134680,Nickelodeon Kart Racers 2: Grand Prix,2020-10-06,2020,2020s,Racing,74.72,77.00,2.28,Within 5 points
134706,Star Wars: Squadrons,2020-10-01,2020,2020s,Shooter,70.19,80.75,10.56,Critics higher
134784,Just Die Already,2021-05-20,2021,2020s,Platform,47.99,60.00,12.01,Critics higher
134816,Dustborn,2024-08-20,2024,2020s,Adventure,41.98,62.67,20.69,Critics higher
134817,Morbid: The Seven Acolytes,2020-12-03,2020,2020s,Role-playing (RPG),55.88,66.00,10.12,Critics higher
134822,Operation: Tango,2021-06-01,2021,2020s,Puzzle,79.56,90.00,10.44,Critics higher
135108,Kingdom Hearts: Melody of Memory,2020-11-12,2020,2020s,Music,80.24,77.00,-3.24,Within 5 points
135142,New Pokémon Snap,2021-04-29,2021,2020s,Simulator,73.49,81.25,7.76,Critics higher
135243,It Takes Two,2021-03-25,2021,2020s,Platform,88.98,90.27,1.29,Within 5 points
135254,Crash Bandicoot 4: It's About Time,2020-10-02,2020,2020s,Platform,81.90,85.88,3.97,Within 5 points
135337,Bloodstained: Curse of the Moon 2,2020-07-10,2020,2020s,Platform,86.24,79.17,-7.07,Users higher
135381,Pokémon Unite,2021-07-20,2021,2020s,Strategy,67.33,75.00,7.67,Critics higher
135478,Hrot,2023-05-16,2023,2020s,Shooter,99.15,87.00,-12.15,Users higher
135554,Worms Rumble,2020-12-01,2020,2020s,Shooter,57.06,63.75,6.69,Critics higher
135576,Tennis World Tour 2,2020-09-22,2020,2020s,Simulator,67.28,59.33,-7.95,Users higher
135655,Shadow Warrior 3,2022-03-01,2022,2020s,Shooter,63.83,55.83,-8.00,Users higher
135670,Steelrising,2022-09-08,2022,2020s,Role-playing (RPG),68.30,76.75,8.45,Critics higher
135671,Test Drive Unlimited Solar Crown,2024-09-12,2024,2020s,Racing,49.01,75.00,25.99,Critics higher
135789,Townscaper,2020-06-30,2020,2020s,Simulator,63.36,80.00,16.64,Critics higher
135818,Pizza Tower,2023-01-26,2023,2020s,Platform,84.58,90.00,5.42,Critics higher
135826,Super Bomberman R Online,2020-09-01,2020,2020s,Arcade,70.07,77.00,6.93,Critics higher
135919,Alba: A Wildlife Adventure,2020-12-11,2020,2020s,Adventure,79.94,81.67,1.72,Within 5 points
135940,Bomb Rush Cyberfunk,2023-08-18,2023,2020s,Platform,81.09,83.00,1.91,Within 5 points
135992,Balan Wonderworld,2021-03-25,2021,2020s,Platform,27.14,57.00,29.86,Critics higher
135995,As Dusk Falls,2022-07-19,2022,2020s,Point-and-click,78.83,87.83,9.00,Critics higher
135998,"Warhammer 40,000: Darktide",2022-11-30,2022,2020s,Shooter,70.36,78.00,7.64,Critics higher
136000,The Gunk,2021-12-16,2021,2020s,Adventure,63.07,66.25,3.18,Within 5 points
136084,Shredders,2022-03-16,2022,2020s,Simulator,65.97,73.33,7.36,Critics higher
136414,Atelier Ryza 2: Lost Legends & the Secret Fairy,2021-01-25,2021,2020s,Role-playing (RPG),69.99,82.33,12.35,Critics higher
136512,Hood: Outlaws & Legends,2021-05-07,2021,2020s,Shooter,55.73,68.67,12.94,Critics higher
136560,EA Sports UFC 4,2020-08-14,2020,2020s,Fighting,69.18,79.14,9.96,Critics higher
136625,Hogwarts Legacy,2023-02-10,2023,2020s,Role-playing (RPG),80.18,84.88,4.69,Within 5 points
136627,Suicide Squad: Kill the Justice League,2024-02-02,2024,2020s,Shooter,53.02,63.17,10.15,Critics higher
136659,Ben 10: Power Trip,2020-09-08,2020,2020s,Platform,46.35,72.00,25.65,Critics higher
136772,Bear & Breakfast,2022-07-28,2022,2020s,Role-playing (RPG),69.73,75.00,5.27,Critics higher
136773,Card Shark,2022-06-02,2022,2020s,Simulator,63.52,88.00,24.48,Critics higher
136868,Train Sim World 2,2020-08-20,2020,2020s,Racing,83.83,90.00,6.17,Critics higher
136879,Black Myth: Wukong,2024-08-20,2024,2020s,Role-playing (RPG),90.61,88.00,-2.61,Within 5 points
136977,GigaBash,2022-08-04,2022,2020s,Fighting,69.31,70.00,0.69,Within 5 points
136993,Gotham Knights,2022-10-21,2022,2020s,Role-playing (RPG),63.94,68.17,4.23,Within 5 points
137001,Call of Duty: Black Ops Cold War,2020-11-13,2020,2020s,Shooter,73.04,76.89,3.84,Within 5 points
137131,Just Dance 2021,2020-11-12,2020,2020s,Music,70.05,70.00,-0.05,Within 5 points
137132,Puyo Puyo Tetris 2,2020-12-07,2020,2020s,Puzzle,79.62,77.33,-2.29,Within 5 points
137243,Little Goody Two Shoes,2023-10-31,2023,2020s,Role-playing (RPG),90.00,85.00,-5.00,Within 5 points
137290,Unknown 9: Awakening,2024-10-18,2024,2020s,Adventure,23.33,64.00,40.67,Critics higher
137291,Bridge Constructor: The Walking Dead,2020-11-19,2020,2020s,Puzzle,56.94,83.50,26.56,Critics higher
137451,Eiyuden Chronicle: Hundred Heroes,2024-04-23,2024,2020s,Role-playing (RPG),71.68,88.20,16.52,Critics higher
137619,Conscript,2024-07-23,2024,2020s,Puzzle,77.17,81.50,4.33,Within 5 points
137894,Roboquest,2023-11-07,2023,2020s,Shooter,80.07,83.33,3.27,Within 5 points
137985,Rogue Heroes: Ruins of Tasos,2021-02-23,2021,2020s,Role-playing (RPG),70.82,76.00,5.18,Critics higher
137989,Party Animals,2023-09-20,2023,2020s,Fighting,85.36,50.00,-35.36,Users higher
138031,Aragami 2,2021-09-17,2021,2020s,Adventure,60.12,74.00,13.88,Critics higher
138137,Blood Bowl III,2023-02-23,2023,2020s,Role-playing (RPG),51.36,65.00,13.64,Critics higher
138206,Aerial_Knight's Never Yield,2021-05-19,2021,2020s,Music,42.93,75.00,32.07,Critics higher
138208,White Shadows,2021-12-07,2021,2020s,Platform,68.20,50.00,-18.20,Users higher
138235,Super Mario Bros. 35,2020-10-01,2020,2020s,Platform,61.95,70.00,8.05,Critics higher
138244,Midnight Fight Express,2022-08-23,2022,2020s,Fighting,70.09,79.00,8.91,Critics higher
138343,Hyrule Warriors: Age of Calamity,2020-11-19,2020,2020s,Strategy,80.20,80.44,0.24,Within 5 points
138375,The Jackbox Party Pack 7,2020-10-15,2020,2020s,Puzzle,78.76,77.80,-0.96,Within 5 points
138538,NHL 21,2020-10-16,2020,2020s,Simulator,77.50,74.12,-3.38,Within 5 points
138569,Tormented Souls,2021-08-27,2021,2020s,Shooter,82.57,82.00,-0.57,Within 5 points
138590,PowerWash Simulator,2022-07-14,2022,2020s,Simulator,77.17,76.50,-0.67,Within 5 points
138707,3 out of 10: Season One,2020-09-03,2020,2020s,Fighting,76.90,80.00,3.10,Within 5 points
138733,Lacuna,2021-05-20,2021,2020s,Puzzle,73.39,75.00,1.61,Within 5 points
138756,Leisure Suit Larry: Wet Dreams Dry Twice,2020-10-23,2020,2020s,Point-and-click,96.30,84.00,-12.30,Users higher
138766,Riders Republic,2021-10-28,2021,2020s,Racing,55.98,77.17,21.19,Critics higher
138858,Ender Lilies: Quietus of the Knights,2021-06-21,2021,2020s,Platform,85.77,79.00,-6.77,Users higher
138871,The Life and Suffering of Sir Brante,2021-03-04,2021,2020s,Role-playing (RPG),79.60,85.00,5.40,Critics higher
138884,You Suck at Parking,2022-09-14,2022,2020s,Puzzle,68.80,80.00,11.20,Critics higher
138906,The Invincible,2023-11-06,2023,2020s,Adventure,68.34,79.00,10.66,Critics higher
138950,Monster Hunter Rise,2021-03-26,2021,2020s,Role-playing (RPG),82.82,88.12,5.30,Critics higher
138951,Monster Hunter Stories 2: Wings of Ruin,2021-07-08,2021,2020s,Role-playing (RPG),79.40,86.27,6.88,Critics higher
138980,Sniper Ghost Warrior Contracts 2,2021-06-04,2021,2020s,Shooter,70.44,82.40,11.96,Critics higher
139032,The Solitaire Conspiracy,2020-10-06,2020,2020s,Puzzle,68.13,80.00,11.87,Critics higher
139077,Football Manager 2021,2020-11-23,2020,2020s,Simulator,79.52,88.33,8.81,Critics higher
139090,Inscryption,2021-10-19,2021,2020s,Puzzle,86.64,82.25,-4.39,Within 5 points
139135,Mighty Goose,2021-06-05,2021,2020s,Shooter,70.06,70.00,-0.06,Within 5 points
139177,Batbarian: Testament of the Primordials,2020-10-15,2020,2020s,Platform,58.33,78.75,20.42,Critics higher
139376,A Game of Thrones: The Board Game - Digital Edition,2020-10-06,2020,2020s,Strategy,58.17,72.00,13.83,Critics higher
139399,Ragnarock,2021-07-15,2021,2020s,Music,71.03,80.00,8.97,Critics higher
139566,Mind Scanners,2021-05-20,2021,2020s,Point-and-click,63.73,70.00,6.27,Critics higher
139684,Rubber Bandits,2021-12-02,2021,2020s,Fighting,58.78,84.00,25.22,Critics higher
139883,King Arthur: Knight's Tale,2022-04-26,2022,2020s,Role-playing (RPG),79.95,87.50,7.55,Critics higher
139936,Who Wants to Be a Millionaire,2020-10-29,2020,2020s,Quiz/Trivia,57.85,58.00,0.15,Within 5 points
140427,My Time at Sandrock,2023-11-02,2023,2020s,Role-playing (RPG),89.72,84.00,-5.72,Users higher
140500,Story of Seasons: Pioneers of Olive Town,2021-02-25,2021,2020s,Role-playing (RPG),57.41,69.75,12.34,Critics higher
140556,South of the Circle,2020-10-30,2020,2020s,Point-and-click,83.57,90.00,6.43,Critics higher
140617,The Dark Pictures Anthology: House of Ashes,2021-10-22,2021,2020s,Adventure,73.39,76.11,2.72,Within 5 points
140799,SCHiM,2024-07-18,2024,2020s,Platform,42.81,68.80,25.99,Critics higher
140801,Fashion Police Squad,2022-08-15,2022,2020s,Shooter,77.10,84.33,7.24,Critics higher
140827,Cat Cafe Manager,2022-04-14,2022,2020s,Music,79.15,55.00,-24.15,Users higher
141192,NEO: The World Ends with You,2021-07-26,2021,2020s,Role-playing (RPG),79.68,84.17,4.49,Within 5 points
141271,Road Rash,1994-07-01,1994,1990s,Racing,77.50,50.00,-27.50,Users higher
141373,Submerged: Hidden Depths,2020-12-03,2020,2020s,Adventure,62.61,74.00,11.39,Critics higher
141490,Drova: Forsaken Kin,2024-10-15,2024,2020s,Role-playing (RPG),89.64,76.00,-13.64,Users higher
141503,Forza Horizon 5,2021-11-09,2021,2020s,Racing,84.60,94.09,9.49,Critics higher
141523,The Game of Life 2,2020-07-15,2020,2020s,Simulator,53.87,50.50,-3.37,Within 5 points
141533,Loop Hero,2021-03-04,2021,2020s,Role-playing (RPG),75.61,84.86,9.25,Critics higher
141536,Century: Age of Ashes,2021-12-02,2021,2020s,Adventure,65.36,75.33,9.97,Critics higher
141538,The Callisto Protocol,2022-12-02,2022,2020s,Shooter,70.35,64.71,-5.63,Users higher
141539,Open Roads,2024-03-28,2024,2020s,Adventure,68.72,70.25,1.53,Within 5 points
141541,Season: A Letter to the Future,2023-01-31,2023,2020s,Role-playing (RPG),78.01,79.75,1.74,Within 5 points
141543,Road 96,2021-08-16,2021,2020s,Puzzle,74.08,83.00,8.92,Critics higher
141544,Evil Dead: The Game,2022-05-13,2022,2020s,Shooter,57.61,63.50,5.89,Critics higher
141545,Ghosts 'n Goblins Resurrection,2021-02-24,2021,2020s,Platform,79.95,69.20,-10.75,Users higher
141546,Capcom Arcade Stadium,2021-02-17,2021,2020s,Fighting,76.01,79.00,2.99,Within 5 points
141547,Evil West,2022-11-22,2022,2020s,Shooter,65.37,72.00,6.63,Critics higher
141704,Venba,2023-07-31,2023,2020s,Puzzle,73.53,86.67,13.14,Critics higher
142063,DNF Duel,2022-06-28,2022,2020s,Fighting,70.07,85.00,14.93,Critics higher
142076,Cruelty Squad,2021-06-15,2021,2020s,Shooter,82.85,93.00,10.15,Critics higher
142101,Saturnalia,2022-10-27,2022,2020s,Adventure,70.80,80.00,9.20,Critics higher
142217,Sunlight,2021-01-14,2021,2020s,Adventure,10.79,80.00,69.21,Critics higher
142251,No Place Like Home,2022-03-17,2022,2020s,Role-playing (RPG),58.60,75.00,16.40,Critics higher
142358,Cursed to Golf,2022-08-18,2022,2020s,Puzzle,61.42,78.67,17.25,Critics higher
142415,Indiana Jones and the Great Circle,2024-12-09,2024,2020s,Puzzle,86.90,90.11,3.22,Within 5 points
142549,Viewfinder,2023-07-18,2023,2020s,Platform,78.44,89.00,10.56,Critics higher
142561,Paper Trail,2024-02-14,2024,2020s,Puzzle,70.04,85.00,14.96,Critics higher
142596,Lost Ruins,2021-05-13,2021,2020s,Platform,69.88,76.00,6.12,Critics higher
142773,Hell is Others,2022-10-20,2022,2020s,Shooter,79.79,70.00,-9.79,Users higher
142900,Batora: Lost Haven,2022-10-20,2022,2020s,Shooter,54.11,75.00,20.89,Critics higher
142941,Potion Craft,2022-12-13,2022,2020s,Point-and-click,71.38,70.00,-1.38,Within 5 points
143061,Coral Island,2023-11-14,2023,2020s,Role-playing (RPG),70.27,81.00,10.73,Critics higher
143113,Beacon Pines,2022-09-22,2022,2020s,Adventure,79.58,85.00,5.42,Critics higher
143114,Total War: Warhammer III,2022-02-17,2022,2020s,Real Time Strategy (RTS),82.57,78.33,-4.24,Within 5 points
143260,MLB The Show 21,2021-04-20,2021,2020s,Sport,80.04,81.62,1.59,Within 5 points
143424,"Warhammer 40,000: Battlesector",2021-07-22,2021,2020s,Strategy,59.83,80.00,20.17,Critics higher
143609,Mario Golf: Super Rush,2021-06-24,2021,2020s,Role-playing (RPG),69.97,74.14,4.17,Within 5 points
143610,Triangle Strategy,2022-03-04,2022,2020s,Role-playing (RPG),87.77,84.11,-3.66,Within 5 points
143612,Neon White,2022-06-16,2022,2020s,Shooter,83.93,88.83,4.91,Within 5 points
143613,Splatoon 3,2022-09-09,2022,2020s,Shooter,82.08,82.00,-0.08,Within 5 points
143615,Knockout City,2021-05-21,2021,2020s,Fighting,76.35,86.00,9.65,Critics higher
143627,Sprawl,2023-08-23,2023,2020s,Shooter,58.82,77.33,18.51,Critics higher
143772,MotoGP 21,2021-04-21,2021,2020s,Racing,79.97,75.25,-4.72,Within 5 points
143858,Mayhem Brawler,2021-08-18,2021,2020s,Fighting,70.11,70.00,-0.11,Within 5 points
144022,Sifu,2022-02-08,2022,2020s,Hack and slash/Beat 'em up,83.05,78.86,-4.19,Within 5 points
144028,Grapple Dog,2022-02-10,2022,2020s,Platform,74.27,78.00,3.73,Within 5 points
144038,Final Fantasy VII: The First Soldier,2021-11-17,2021,2020s,Shooter,59.94,70.00,10.06,Critics higher
144054,Pokémon Legends: Arceus,2022-01-28,2022,2020s,Role-playing (RPG),76.92,85.33,8.41,Critics higher
144072,Hot Wheels Unleashed,2021-09-30,2021,2020s,Racing,71.54,68.38,-3.17,Within 5 points
144153,Aliens: Fireteam Elite,2021-08-23,2021,2020s,Shooter,64.63,73.80,9.17,Critics higher
144455,We Were Here Forever,2022-05-10,2022,2020s,Puzzle,82.25,73.00,-9.25,Users higher
144465,Teenage Mutant Ninja Turtles: Shredder's Revenge,2022-06-16,2022,2020s,Hack and slash/Beat 'em up,78.39,85.38,6.99,Critics higher
144569,Sanabi,2023-11-09,2023,2020s,Platform,80.00,95.00,15.00,Critics higher
144585,Dread Templar,2023-01-26,2023,2020s,Shooter,70.79,80.00,9.21,Critics higher
144725,Necromunda: Hired Gun,2021-06-01,2021,2020s,Shooter,66.90,61.75,-5.15,Users higher
144763,Demeo,2021-05-06,2021,2020s,Role-playing (RPG),62.75,72.00,9.25,Critics higher
144765,Life is Strange: True Colors,2021-09-10,2021,2020s,Adventure,78.74,84.27,5.53,Critics higher
144783,The Jackbox Party Pack 8,2021-10-14,2021,2020s,Indie,77.59,62.00,-15.59,Users higher
144800,Cozy Grove,2021-03-19,2021,2020s,Puzzle,78.96,72.50,-6.46,Users higher
144808,What the Dub?!,2021-04-07,2021,2020s,Quiz/Trivia,80.07,80.00,-0.07,Within 5 points
144983,Rocket League Sideswipe,2021-11-15,2021,2020s,Sport,62.34,90.00,27.66,Critics higher
145028,Thymesia,2022-08-18,2022,2020s,Role-playing (RPG),66.36,72.00,5.64,Critics higher
145029,Caravan SandWitch,2024-09-12,2024,2020s,Platform,71.45,80.00,8.55,Critics higher
145073,Moonglow Bay,2021-10-26,2021,2020s,Role-playing (RPG),78.33,68.33,-9.99,Users higher
145089,Nobody Saves the World,2022-01-18,2022,2020s,Role-playing (RPG),79.69,85.86,6.17,Critics higher
145092,Loot River,2022-05-03,2022,2020s,Role-playing (RPG),74.76,75.00,0.24,Within 5 points
145099,Death's Door,2021-07-20,2021,2020s,Role-playing (RPG),81.81,87.00,5.19,Critics higher
145134,Lawn Mowing Simulator,2021-08-10,2021,2020s,Simulator,69.29,62.00,-7.29,Users higher
145216,All Elite Wrestling: Fight Forever,2023-06-29,2023,2020s,Fighting,78.65,68.75,-9.90,Users higher
145319,Arcade Paradise,2022-08-11,2022,2020s,Puzzle,69.75,90.00,20.25,Critics higher
145439,Escape Simulator,2021-10-19,2021,2020s,Point-and-click,86.88,100.00,13.12,Critics higher
145515,Pac-Man 99,2021-04-07,2021,2020s,Arcade,78.62,77.67,-0.95,Within 5 points
145735,WRC 10,2021-09-02,2021,2020s,Racing,79.92,78.50,-1.42,Within 5 points
145780,WWE 2K22,2022-03-11,2022,2020s,Fighting,77.70,77.33,-0.36,Within 5 points
145782,OlliOlli World,2022-02-08,2022,2020s,Platform,76.76,86.70,9.94,Critics higher
145784,Oxenfree II: Lost Signals,2023-07-12,2023,2020s,Adventure,68.79,83.00,14.21,Critics higher
145796,Lil Gator Game,2022-12-14,2022,2020s,Platform,84.95,70.00,-14.95,Users higher
145838,F1 2021,2021-07-16,2021,2020s,Racing,77.85,91.67,13.82,Critics higher
145937,"Little Kitty, Big City",2024-05-09,2024,2020s,Simulator,69.74,89.00,19.26,Critics higher
146088,Laika: Aged Through Blood,2023-10-19,2023,2020s,Platform,78.20,85.00,6.80,Critics higher
146112,Farming Simulator 22,2021-11-22,2021,2020s,Simulator,69.94,75.00,5.06,Critics higher
146395,Let's Build a Zoo,2021-11-05,2021,2020s,Role-playing (RPG),60.18,80.00,19.82,Critics higher
146404,Scene Investigators,2023-10-24,2023,2020s,Puzzle,63.20,50.00,-13.20,Users higher
146609,Ember Knights,2023-07-18,2023,2020s,Role-playing (RPG),79.08,85.00,5.92,Critics higher
146631,Haven Park,2021-08-04,2021,2020s,Platform,68.48,80.00,11.52,Critics higher
146650,Expeditions: Rome,2022-01-20,2022,2020s,Role-playing (RPG),72.13,81.50,9.37,Critics higher
146711,Made in Abyss: Binary Star Falling into Darkness,2022-09-02,2022,2020s,Role-playing (RPG),58.51,52.00,-6.51,Users higher
146851,Lost Judgment,2021-09-24,2021,2020s,Role-playing (RPG),87.92,81.00,-6.92,Users higher
146917,Dungeons of Hinterberg,2024-07-18,2024,2020s,Role-playing (RPG),70.06,82.67,12.61,Critics higher
147184,Anger Foot,2024-07-11,2024,2020s,Shooter,69.97,87.00,17.03,Critics higher
147190,They Always Run,2021-10-20,2021,2020s,Fighting,69.91,86.00,16.09,Critics higher
147519,Against the Storm,2023-12-08,2023,2020s,Real Time Strategy (RTS),84.82,90.50,5.68,Critics higher
148228,V Rising,2024-05-08,2024,2020s,Role-playing (RPG),73.81,88.60,14.79,Critics higher
148241,Lies of P,2023-09-18,2023,2020s,Role-playing (RPG),85.11,85.50,0.39,Within 5 points
148372,Victoria 3,2022-10-25,2022,2020s,Simulator,64.70,87.00,22.30,Critics higher
150008,Marsupilami: Hoobadventure,2021-10-06,2021,2020s,Platform,81.85,84.00,2.15,Within 5 points
150010,Sonic Frontiers,2022-11-07,2022,2020s,Platform,71.03,71.75,0.72,Within 5 points
150022,Dragon Quest Treasures,2022-12-09,2022,2020s,Role-playing (RPG),69.90,76.67,6.77,Critics higher
150462,Lost in Play,2022-08-10,2022,2020s,Point-and-click,73.98,90.00,16.02,Critics higher
150512,Two Point Campus,2022-08-09,2022,2020s,Simulator,69.40,78.20,8.80,Critics higher
151067,Overboard!,2021-06-02,2021,2020s,Point-and-click,67.70,80.00,12.30,Critics higher
151467,Palia,2023-12-14,2023,2020s,Role-playing (RPG),60.92,87.00,26.08,Critics higher
151673,Grow: Song of the Evertree,2021-11-16,2021,2020s,Puzzle,79.58,81.00,1.42,Within 5 points
151693,The Legend of Tianding,2021-11-01,2021,2020s,Fighting,77.90,84.00,6.10,Critics higher
151844,Alfred Hitchcock: Vertigo,2021-12-16,2021,2020s,Puzzle,67.49,70.67,3.18,Within 5 points
152061,Tiny Tina's Wonderlands,2022-03-25,2022,2020s,Shooter,74.45,75.71,1.26,Within 5 points
152064,Jurassic World Evolution 2,2021-11-09,2021,2020s,Simulator,70.73,72.40,1.67,Within 5 points
152065,Salt and Sacrifice,2022-05-10,2022,2020s,Platform,56.62,77.40,20.78,Critics higher
152071,Planet of Lana,2023-05-23,2023,2020s,Platform,77.48,93.33,15.85,Critics higher
152074,Scars Above,2023-02-28,2023,2020s,Shooter,58.77,80.00,21.23,Critics higher
152076,The Chant,2022-11-03,2022,2020s,Adventure,59.30,72.00,12.70,Critics higher
152124,Bramble: The Mountain King,2023-04-27,2023,2020s,Platform,75.86,68.00,-7.86,Users higher
152127,Core Keeper,2024-08-27,2024,2020s,Role-playing (RPG),65.95,86.00,20.05,Critics higher
152129,Blacktail,2022-12-15,2022,2020s,Role-playing (RPG),81.28,80.00,-1.28,Within 5 points
152168,Archvale,2021-12-02,2021,2020s,Shooter,82.13,85.00,2.87,Within 5 points
152172,Severed Steel,2021-09-17,2021,2020s,Shooter,69.97,85.00,15.03,Critics higher
152180,A Little to the Left,2022-11-08,2022,2020s,Puzzle,70.07,90.00,19.93,Critics higher
152196,Loddlenaut,2023-11-16,2023,2020s,Adventure,80.78,80.00,-0.78,Within 5 points
152199,Just Dance 2022,2021-11-03,2021,2020s,Music,60.92,81.50,20.58,Critics higher
152201,Mario + Rabbids Sparks of Hope,2022-10-20,2022,2020s,Strategy,80.67,88.50,7.83,Critics higher
152202,Avatar: Frontiers of Pandora,2023-12-07,2023,2020s,Adventure,72.68,73.33,0.65,Within 5 points
152203,Trek to Yomi,2022-05-05,2022,2020s,Hack and slash/Beat 'em up,71.35,68.29,-3.06,Within 5 points
152204,Wizard With a Gun,2023-10-17,2023,2020s,Shooter,70.25,78.75,8.50,Critics higher
152242,A Plague Tale: Requiem,2022-10-18,2022,2020s,Role-playing (RPG),84.20,85.50,1.30,Within 5 points
152245,Eiyuden Chronicle: Rising,2022-05-10,2022,2020s,Role-playing (RPG),70.82,73.75,2.93,Within 5 points
152247,Redfall,2023-05-02,2023,2020s,Shooter,43.98,56.50,12.52,Critics higher
152249,Marvel's Guardians of the Galaxy,2021-10-26,2021,2020s,Shooter,81.28,81.10,-0.18,Within 5 points
152250,Stranger of Paradise: Final Fantasy Origin,2022-03-18,2022,2020s,Role-playing (RPG),74.84,72.25,-2.59,Within 5 points
152255,Dodgeball Academia,2021-08-05,2021,2020s,Role-playing (RPG),73.27,85.33,12.06,Critics higher
152257,Wartales,2023-04-12,2023,2020s,Role-playing (RPG),79.23,86.50,7.27,Critics higher
152258,Ixion,2022-12-07,2022,2020s,Simulator,79.79,68.00,-11.79,Users higher
152259,Far: Changing Tides,2022-03-01,2022,2020s,Platform,72.98,88.00,15.02,Critics higher
152261,Silt,2022-06-01,2022,2020s,Platform,69.30,55.00,-14.30,Users higher
152262,Soulstice,2022-09-20,2022,2020s,Role-playing (RPG),64.70,66.00,1.30,Within 5 points
152267,Tinykin,2022-08-30,2022,2020s,Platform,79.78,82.67,2.89,Within 5 points
152271,Citizen Sleeper,2022-05-05,2022,2020s,Role-playing (RPG),80.98,80.00,-0.98,Within 5 points
152288,Immortality,2022-08-30,2022,2020s,Point-and-click,82.27,91.67,9.39,Critics higher
152297,Police Simulator: Patrol Officers,2022-11-10,2022,2020s,Simulator,67.60,90.00,22.40,Critics higher
152354,Mario Party Superstars,2021-10-28,2021,2020s,Card & Board Game,81.67,79.33,-2.34,Within 5 points
152355,Super Monkey Ball: Banana Mania,2021-10-05,2021,2020s,Platform,62.51,78.80,16.29,Critics higher
152358,WarioWare: Get It Together!,2021-09-09,2021,2020s,Arcade,77.53,80.83,3.30,Within 5 points
152366,Danganronpa S: Ultimate Summer Camp,2021-12-03,2021,2020s,Role-playing (RPG),43.44,59.00,15.56,Critics higher
152424,Terra Nil,2023-03-28,2023,2020s,Puzzle,73.32,80.00,6.68,Critics higher
152480,Madden NFL 22,2021-08-20,2021,2020s,Simulator,70.02,67.88,-2.14,Within 5 points
153054,Demon Slayer: Kimetsu no Yaiba - The Hinokami Chronicles,2021-10-14,2021,2020s,Fighting,67.22,73.33,6.12,Critics higher
153808,AI: The Somnium Files - Nirvana Initiative,2022-06-23,2022,2020s,Puzzle,86.20,87.00,0.80,Within 5 points
154161,Bō: Path of the Teal Lotus,2024-07-17,2024,2020s,Platform,79.00,71.67,-7.34,Users higher
154769,Clash: Artifacts of Chaos,2023-03-09,2023,2020s,Fighting,60.22,64.00,3.78,Within 5 points
154775,RoboCop: Rogue City,2023-11-02,2023,2020s,Shooter,73.65,73.67,0.02,Within 5 points
154839,Moss: Book II,2022-03-31,2022,2020s,Platform,85.02,84.75,-0.27,Within 5 points
154986,FIFA 22,2021-10-01,2021,2020s,Simulator,73.43,79.29,5.85,Critics higher
155498,Souldiers,2022-06-02,2022,2020s,Platform,89.36,78.00,-11.36,Users higher
155706,Potion Permit,2022-09-22,2022,2020s,Puzzle,37.77,70.33,32.56,Critics higher
155796,Growing Up,2021-10-14,2021,2020s,Simulator,80.74,78.00,-2.74,Within 5 points
156150,Company of Heroes 3,2023-02-23,2023,2020s,Real Time Strategy (RTS),60.19,76.67,16.48,Critics higher
156151,Nickelodeon All-Star Brawl,2021-10-05,2021,2020s,Fighting,69.67,66.80,-2.87,Within 5 points
157439,HighFleet,2021-07-27,2021,2020s,Strategy,77.93,69.50,-8.43,Users higher
157446,NBA 2K22,2021-09-09,2021,2020s,Simulator,60.96,73.29,12.33,Critics higher
157756,Melatonin,2022-12-15,2022,2020s,Music,89.18,80.00,-9.18,Users higher
158603,Isonzo,2022-09-13,2022,2020s,Shooter,69.92,72.00,2.08,Within 5 points
159029,XDefiant,2024-05-21,2024,2020s,Shooter,67.11,60.00,-7.11,Users higher
159096,eFootball,2021-09-30,2021,2020s,Simulator,68.77,30.00,-38.77,Users higher
159116,Grid Legends,2022-02-24,2022,2020s,Racing,67.49,88.33,20.84,Critics higher
159298,Yu-Gi-Oh! Master Duel,2022-01-18,2022,2020s,Simulator,76.01,80.00,3.99,Within 5 points
159299,Storyteller,2023-03-23,2023,2020s,Point-and-click,74.57,81.50,6.93,Critics higher
159703,"Warhammer 40,000: Shootas, Blood & Teef",2022-10-20,2022,2020s,Shooter,70.08,82.00,11.92,Critics higher
159735,Dread Delusion,2024-05-14,2024,2020s,Role-playing (RPG),70.07,61.50,-8.57,Users higher
160293,Achilles: Legends Untold,2023-11-02,2023,2020s,Role-playing (RPG),64.97,55.00,-9.97,Users higher
161552,Frog Detective 3: Corruption at Cowboy County,2022-10-27,2022,2020s,Adventure,79.61,83.00,3.39,Within 5 points
163629,LumbearJack,2022-06-11,2022,2020s,Puzzle,65.62,70.00,4.38,Within 5 points
164243,Madison,2022-07-08,2022,2020s,Puzzle,68.01,80.00,11.99,Critics higher
164290,Frostpunk 2,2024-09-20,2024,2020s,Simulator,79.71,86.25,6.54,Critics higher
164867,Dredge,2023-03-30,2023,2020s,Role-playing (RPG),81.35,85.60,4.25,Within 5 points
165067,Call of Duty: Vanguard,2021-11-05,2021,2020s,Shooter,63.10,74.75,11.65,Critics higher
165197,NHL 22,2021-10-11,2021,2020s,Sport,73.55,74.67,1.12,Within 5 points
165271,Fall of Porcupine,2023-06-15,2023,2020s,Platform,64.00,40.00,-24.00,Users higher
165287,Lunistice,2022-11-10,2022,2020s,Platform,73.95,70.00,-3.95,Within 5 points
165309,Wavetale,2021-11-10,2021,2020s,Platform,70.56,78.00,7.44,Critics higher
165346,Saints Row,2022-08-23,2022,2020s,Shooter,55.09,61.25,6.16,Critics higher
165347,Marvel's Midnight Suns,2022-12-02,2022,2020s,Role-playing (RPG),75.85,85.50,9.65,Critics higher
165351,Cult of the Lamb,2022-08-11,2022,2020s,Role-playing (RPG),79.77,88.83,9.06,Critics higher
165390,Blasphemous II,2023-08-24,2023,2020s,Platform,84.76,88.75,3.99,Within 5 points
165479,Forgive Me Father,2021-10-26,2021,2020s,Shooter,69.67,70.00,0.33,Within 5 points
166722,The Case of the Golden Idol,2022-10-13,2022,2020s,Point-and-click,88.74,89.00,0.26,Within 5 points
166824,Indika,2024-05-02,2024,2020s,Puzzle,76.66,84.75,8.09,Critics higher
168537,Football Manager 2022,2021-11-09,2021,2020s,Simulator,83.45,90.00,6.55,Critics higher
169994,Asterigos: Curse of the Stars,2022-10-11,2022,2020s,Role-playing (RPG),66.41,79.00,12.59,Critics higher
170888,Decarnation,2023-05-31,2023,2020s,Puzzle,70.04,70.00,-0.04,Within 5 points
171215,Outcast: A New Beginning,2024-03-15,2024,2020s,Shooter,69.57,71.00,1.43,Within 5 points
171216,MX vs. ATV: Legends,2022-06-28,2022,2020s,Racing,62.74,55.33,-7.41,Users higher
171219,SpongeBob SquarePants: The Cosmic Shake,2023-01-31,2023,2020s,Platform,75.45,73.00,-2.45,Within 5 points
171650,Copycat,2024-09-19,2024,2020s,Simulator,68.94,92.00,23.06,Critics higher
171768,Voice of Cards: The Isle Dragon Roars,2021-10-27,2021,2020s,Role-playing (RPG),81.66,77.00,-4.66,Within 5 points
171963,Soda Crisis,2022-05-24,2022,2020s,Shooter,80.97,75.00,-5.97,Users higher
172021,EA Sports College Football 25,2024-07-19,2024,2020s,Simulator,87.62,86.00,-1.62,Within 5 points
172024,Turbo Overkill,2023-08-11,2023,2020s,Shooter,70.56,100.00,29.44,Critics higher
172426,Chocobo GP,2021-12-12,2021,2020s,Racing,69.20,67.00,-2.20,Within 5 points
172427,Kirby and the Forgotten Land,2022-03-25,2022,2020s,Platform,81.96,87.88,5.91,Critics higher
172454,The Bookwalker: Thief of Tales,2023-06-22,2023,2020s,Puzzle,74.18,80.00,5.82,Critics higher
172771,eFootball 2022,2021-09-30,2021,2020s,Simulator,65.13,30.00,-35.13,Users higher
173033,Ravenous Devils,2022-04-29,2022,2020s,Simulator,69.82,50.00,-19.82,Users higher
173091,Wanted: Dead,2023-02-14,2023,2020s,Shooter,50.09,63.60,13.51,Critics higher
173432,Choo-Choo Charles,2022-12-09,2022,2020s,Shooter,69.60,70.00,0.40,Within 5 points
174521,The Cycle: Frontier,2022-06-08,2022,2020s,Shooter,53.45,55.00,1.55,Within 5 points
177056,Bloodshore,2021-11-03,2021,2020s,Adventure,64.66,68.33,3.67,Within 5 points
178282,Honkai: Star Rail,2023-04-26,2023,2020s,Role-playing (RPG),75.72,90.00,14.28,Critics higher
178290,Pikmin Bloom,2021-10-27,2021,2020s,Simulator,69.92,66.00,-3.92,Within 5 points
178298,Star Ocean: The Divine Force,2022-10-27,2022,2020s,Role-playing (RPG),79.56,66.33,-13.22,Users higher
178361,The Dark Pictures Anthology: The Devil in Me,2022-11-18,2022,2020s,Adventure,69.06,74.40,5.34,Critics higher
180149,Snufkin: Melody of Moominvalley,2024-03-07,2024,2020s,Music,81.70,84.00,2.30,Within 5 points
180154,Islets,2022-08-24,2022,2020s,Platform,80.89,81.00,0.11,Within 5 points
180876,Astral Ascent,2023-11-14,2023,2020s,Platform,89.81,92.00,2.19,Within 5 points
182179,Dragon Ball: The Breakers,2022-10-14,2022,2020s,Fighting,69.99,59.00,-10.99,Users higher
182190,Song of Nunu: A League of Legends Story,2023-11-01,2023,2020s,Puzzle,78.50,78.33,-0.16,Within 5 points
182278,MultiVersus,2024-05-28,2024,2020s,Fighting,69.92,75.00,5.08,Critics higher
182335,Zero Sievert,2024-10-23,2024,2020s,Role-playing (RPG),69.41,85.00,15.59,Critics higher
183617,Master Detective Archives: Rain Code,2023-06-30,2023,2020s,Adventure,83.84,68.50,-15.34,Users higher
185238,The Texas Chain Saw Massacre,2023-08-18,2023,2020s,Indie,75.55,80.00,4.45,Within 5 points
185239,The Expanse: A Telltale Series,2023-07-27,2023,2020s,Role-playing (RPG),74.13,85.00,10.87,Critics higher
185240,Thirsty Suitors,2023-11-02,2023,2020s,Platform,69.65,81.33,11.69,Critics higher
185241,Have a Nice Death,2023-03-22,2023,2020s,Platform,71.29,78.33,7.04,Critics higher
185246,Alan Wake II,2023-10-27,2023,2020s,Shooter,86.92,92.60,5.68,Critics higher
185252,"Warhammer 40,000: Space Marine II",2024-09-09,2024,2020s,Shooter,80.65,78.83,-1.82,Within 5 points
185253,Dune: Spice Wars,2023-09-14,2023,2020s,Real Time Strategy (RTS),69.95,77.00,7.05,Critics higher
185642,Afterimage,2023-04-25,2023,2020s,Platform,89.26,60.00,-29.26,Users higher
185795,Pinball FX,2022-03-31,2022,2020s,Simulator,74.02,60.00,-14.02,Users higher
186309,Horizon Call of the Mountain,2023-02-22,2023,2020s,Adventure,73.64,76.67,3.03,Within 5 points
186528,Coffee Talk: Episode 2 - Hibiscus & Butterfly,2023-04-20,2023,2020s,Simulator,80.36,75.00,-5.36,Users higher
186597,Strange Horticulture,2022-01-21,2022,2020s,Puzzle,86.78,90.00,3.22,Within 5 points
186725,Vampire Survivors,2022-02-01,2022,2020s,Role-playing (RPG),81.01,91.40,10.39,Critics higher
186818,Sucker for Love: First Date,2022-01-20,2022,2020s,Point-and-click,70.10,75.00,4.90,Within 5 points
188088,Momodora: Moonlit Farewell,2024-01-11,2024,2020s,Platform,78.71,83.00,4.29,Within 5 points
188540,Matchpoint: Tennis Championships,2022-07-07,2022,2020s,Simulator,64.32,58.00,-6.32,Users higher
188555,Blood West,2023-12-05,2023,2020s,Shooter,74.94,90.00,15.06,Critics higher
188574,Solo Leveling: Arise,2024-05-07,2024,2020s,Role-playing (RPG),76.66,70.00,-6.66,Users higher
188661,MLB The Show 22,2022-04-05,2022,2020s,Simulator,75.47,79.00,3.53,Within 5 points
189965,Blockbuster Inc.,2024-06-06,2024,2020s,Simulator,62.00,85.00,23.00,Critics higher
191396,Fire Emblem Warriors: Three Hopes,2022-06-24,2022,2020s,Role-playing (RPG),79.54,80.00,0.46,Within 5 points
191398,Mario Strikers: Battle League,2022-06-10,2022,2020s,Sport,68.86,69.29,0.42,Within 5 points
191402,Disney Speedstorm,2023-07-31,2023,2020s,Racing,57.22,69.67,12.44,Critics higher
191408,Nintendo Switch Sports,2022-04-29,2022,2020s,Simulator,72.16,72.43,0.27,Within 5 points
191411,Xenoblade Chronicles 3,2022-07-29,2022,2020s,Role-playing (RPG),83.25,90.33,7.08,Critics higher
191435,Animal Well,2024-05-09,2024,2020s,Platform,79.14,89.00,9.86,Critics higher
191692,Street Fighter 6,2023-06-02,2023,2020s,Fighting,82.11,92.75,10.64,Critics higher
191738,Soul Hackers 2,2022-08-25,2022,2020s,Role-playing (RPG),78.41,72.00,-6.41,Users higher
191761,Minishoot' Adventures,2024-04-02,2024,2020s,Shooter,90.02,95.00,4.98,Within 5 points
191797,House Flipper 2,2023-12-14,2023,2020s,Simulator,74.94,84.20,9.26,Critics higher
191930,Pokémon Violet,2022-11-18,2022,2020s,Role-playing (RPG),70.43,80.00,9.57,Critics higher
191931,Pokémon Scarlet,2022-11-18,2022,2020s,Role-playing (RPG),72.11,74.00,1.89,Within 5 points
192731,Burnhouse Lane,2022-12-02,2022,2020s,Point-and-click,95.66,70.00,-25.66,Users higher
192840,Symphony of War: The Nephilim Saga,2022-06-10,2022,2020s,Role-playing (RPG),67.66,81.00,13.34,Critics higher
193538,F1 Manager 2022,2022-08-30,2022,2020s,Racing,70.27,83.00,12.73,Critics higher
194203,Exoprimal,2023-07-14,2023,2020s,Shooter,60.27,74.00,13.73,Critics higher
194247,PC Building Simulator 2,2022-10-12,2022,2020s,Simulator,68.55,70.00,1.45,Within 5 points
194404,The Quarry,2022-06-10,2022,2020s,Adventure,74.36,83.25,8.89,Critics higher
194436,Flintlock: The Siege of Dawn,2024-07-18,2024,2020s,Role-playing (RPG),63.55,57.67,-5.89,Users higher
194464,Escape Academy,2022-07-13,2022,2020s,Puzzle,74.55,75.00,0.45,Within 5 points
194504,Backpack Hero,2023-11-14,2023,2020s,Fighting,70.16,85.00,14.84,Critics higher
194506,Stray Gods: The Roleplaying Musical,2023-08-10,2023,2020s,Music,80.06,84.67,4.61,Within 5 points
194507,Moonscars,2022-09-27,2022,2020s,Platform,69.68,65.67,-4.01,Within 5 points
194682,Ghostbusters: Spirits Unleashed,2022-10-18,2022,2020s,Shooter,80.59,61.25,-19.34,Users higher
194696,In Stars and Time,2023-11-20,2023,2020s,Role-playing (RPG),82.93,90.00,7.07,Critics higher
194740,Deliver Us Mars,2023-02-02,2023,2020s,Platform,74.88,70.75,-4.13,Within 5 points
194741,Ship of Fools,2022-11-22,2022,2020s,Strategy,74.31,78.67,4.36,Within 5 points
194745,LEGO Bricktales,2022-10-12,2022,2020s,Puzzle,59.97,77.20,17.23,Critics higher
194821,Nine Sols,2024-05-29,2024,2020s,Platform,86.27,89.00,2.73,Within 5 points
194837,One Piece Odyssey,2023-01-12,2023,2020s,Role-playing (RPG),83.69,71.29,-12.41,Users higher
195517,Return to Monkey Island,2022-09-19,2022,2020s,Point-and-click,82.37,91.75,9.38,Critics higher
195883,Bokura,2023-08-10,2023,2020s,Platform,80.01,90.00,9.99,Critics higher
196769,Moonstone Island,2023-09-20,2023,2020s,Role-playing (RPG),77.67,90.00,12.33,Critics higher
198200,F1 22,2022-07-01,2022,2020s,Racing,71.23,83.40,12.17,Critics higher
198230,Bonelab,2022-09-29,2022,2020s,Shooter,79.28,81.00,1.72,Within 5 points
198388,Way of the Hunter,2022-08-16,2022,2020s,Shooter,61.76,45.00,-16.76,Users higher
198439,American Arcadia,2023-11-15,2023,2020s,Platform,79.73,80.67,0.93,Within 5 points
198499,Chants of Sennaar,2023-09-05,2023,2020s,Puzzle,88.05,80.00,-8.05,Users higher
198506,Disney Dreamlight Valley,2023-12-05,2023,2020s,Role-playing (RPG),79.73,71.00,-8.73,Users higher
198560,The Jackbox Party Pack 9,2022-10-19,2022,2020s,Puzzle,78.06,72.33,-5.73,Users higher
199736,OTXO,2023-04-20,2023,2020s,Fighting,92.23,84.00,-8.23,Users higher
200165,Call of Duty: Modern Warfare II,2022-10-28,2022,2020s,Shooter,71.42,79.50,8.08,Critics higher
200551,Zenless Zone Zero,2024-06-20,2024,2020s,Role-playing (RPG),66.96,72.50,5.54,Critics higher
200611,Dome Keeper,2022-09-27,2022,2020s,Tactical,78.44,80.00,1.56,Within 5 points
200899,Wildfrost,2023-04-12,2023,2020s,Strategy,83.11,83.00,-0.11,Within 5 points
200903,Another Crab's Treasure,2024-04-25,2024,2020s,Platform,80.98,76.67,-4.32,Within 5 points
201156,Star Wars Jedi: Survivor,2023-04-28,2023,2020s,Adventure,82.37,85.14,2.77,Within 5 points
201752,Antonblast,2024-12-03,2024,2020s,Platform,60.53,95.00,34.47,Critics higher
201963,WRC Generations,2022-11-03,2022,2020s,Racing,74.90,80.00,5.10,Critics higher
202279,Marvel Snap,2022-10-18,2022,2020s,Strategy,76.35,85.00,8.65,Critics higher
202389,Drainus,2022-05-22,2022,2020s,Shooter,79.96,81.00,1.04,Within 5 points
202590,Dakar Desert Rally,2022-10-04,2022,2020s,Racing,69.25,47.00,-22.25,Users higher
203258,"Warhammer 40,000: Boltgun",2023-05-23,2023,2020s,Shooter,76.67,83.00,6.33,Critics higher
203259,"Warhammer 40,000: Rogue Trader",2023-12-07,2023,2020s,Role-playing (RPG),89.45,72.25,-17.20,Users higher
203366,Rollerdrome,2022-08-16,2022,2020s,Shooter,81.61,85.67,4.06,Within 5 points
203367,Eternights,2023-09-12,2023,2020s,Role-playing (RPG),70.05,65.00,-5.05,Users higher
203376,Madden NFL 23,2022-08-19,2022,2020s,Simulator,68.99,75.67,6.68,Critics higher
203609,Aces & Adventures,2023-02-23,2023,2020s,Role-playing (RPG),81.85,90.00,8.15,Critics higher
203642,Loretta,2023-02-16,2023,2020s,Point-and-click,79.71,73.00,-6.71,Users higher
203722,Dave the Diver,2023-06-28,2023,2020s,Role-playing (RPG),82.74,92.75,10.01,Critics higher
204239,Deadlink,2023-07-27,2023,2020s,Shooter,79.86,87.50,7.64,Critics higher
204354,Aliens: Dark Descent,2023-06-20,2023,2020s,Strategy,76.52,84.00,7.48,Critics higher
204356,Fort Solis,2023-08-22,2023,2020s,Simulator,69.36,64.00,-5.36,Users higher
204360,Goat Simulator 3,2022-11-16,2022,2020s,Simulator,69.81,70.00,0.19,Within 5 points
204381,The Plucky Squire,2024-09-17,2024,2020s,Platform,73.30,87.50,14.20,Critics higher
204408,DKO: Divine Knockout,2022-12-06,2022,2020s,Fighting,69.17,77.50,8.33,Critics higher
204418,Spirittea,2023-11-13,2023,2020s,Puzzle,42.36,70.00,27.64,Critics higher
204460,The Lord of the Rings: Return to Moria,2023-10-24,2023,2020s,Role-playing (RPG),75.63,66.00,-9.63,Users higher
204538,Once Human,2024-07-09,2024,2020s,Shooter,65.36,84.50,19.14,Critics higher
204543,The Entropy Centre,2022-11-03,2022,2020s,Puzzle,79.69,84.00,4.31,Within 5 points
204618,High on Life,2022-12-13,2022,2020s,Shooter,70.85,69.00,-1.85,Within 5 points
204621,Minecraft: Legends,2023-04-18,2023,2020s,Strategy,59.98,71.00,11.02,Critics higher
204622,The Last Case of Benedict Fox,2023-04-27,2023,2020s,Platform,65.60,65.00,-0.60,Within 5 points
204623,Pentiment,2022-11-15,2022,2020s,Puzzle,88.51,84.83,-3.68,Within 5 points
204624,Ereban: Shadow Legacy,2024-04-10,2024,2020s,Platform,43.81,71.75,27.94,Critics higher
204626,Ravenlok,2023-05-04,2023,2020s,Role-playing (RPG),65.54,57.00,-8.54,Users higher
204627,Cocoon,2023-09-29,2023,2020s,Puzzle,83.39,89.00,5.61,Critics higher
204628,Wo Long: Fallen Dynasty,2023-03-03,2023,2020s,Role-playing (RPG),71.36,83.83,12.47,Critics higher
204631,Spellforce: Conquest of EO,2023-02-03,2023,2020s,Role-playing (RPG),45.71,70.00,24.29,Critics higher
205780,FIFA 23,2022-09-30,2022,2020s,Simulator,66.58,80.67,14.08,Critics higher
206188,Construction Simulator,2022-09-20,2022,2020s,Simulator,70.25,70.00,-0.25,Within 5 points
206806,Lorelei and the Laser Eyes,2024-05-16,2024,2020s,Puzzle,89.08,88.50,-0.58,Within 5 points
206812,Blanc,2023-02-14,2023,2020s,Adventure,74.93,65.50,-9.43,Users higher
206818,Harvestella,2022-11-04,2022,2020s,Role-playing (RPG),80.10,75.25,-4.85,Within 5 points
207393,NBA 2K23,2022-09-08,2022,2020s,Simulator,65.93,79.75,13.82,Critics higher
208417,Ravenswatch,2024-09-26,2024,2020s,Role-playing (RPG),89.16,90.00,0.84,Within 5 points
208476,The First Descendant,2024-07-02,2024,2020s,Shooter,59.25,30.00,-29.25,Users higher
208533,Shogun Showdown,2024-09-05,2024,2020s,Role-playing (RPG),79.84,90.00,10.16,Critics higher
208929,Jetpack Joyride 2,2021-02-26,2021,2020s,Shooter,55.34,70.00,14.66,Critics higher
209094,Kirby's Dream Buffet,2022-08-17,2022,2020s,Platform,78.66,66.67,-11.99,Users higher
209620,Kingdom Eighties,2023-06-26,2023,2020s,Role-playing (RPG),68.37,85.00,16.63,Critics higher
210625,Flock,2024-07-16,2024,2020s,Adventure,61.18,81.25,20.07,Critics higher
210665,The Excavation of Hob's Barrow,2022-09-28,2022,2020s,Point-and-click,78.43,74.00,-4.43,Within 5 points
211267,Sovereign Syndicate,2024-01-15,2024,2020s,Point-and-click,74.91,80.00,5.09,Critics higher
212264,Fuga: Melodies of Steel 2,2023-05-11,2023,2020s,Role-playing (RPG),99.25,85.00,-14.25,Users higher
212571,Gal Guardians: Demon Purge,2023-02-23,2023,2020s,Platform,78.45,79.50,1.05,Within 5 points
212878,Omega Strikers,2022-09-16,2022,2020s,Strategy,69.78,90.00,20.22,Critics higher
213029,Cryptmaster,2024-05-09,2024,2020s,Puzzle,75.76,88.00,12.24,Critics higher
213264,Soccer Story,2022-11-29,2022,2020s,Puzzle,66.89,80.00,13.11,Critics higher
213473,Squirrel with a Gun,2024-08-29,2024,2020s,Shooter,73.26,59.33,-13.93,Users higher
214139,New Tales from the Borderlands,2022-10-20,2022,2020s,Adventure,63.10,68.75,5.65,Critics higher
214397,Moving Out 2,2023-08-15,2023,2020s,Simulator,79.95,80.00,0.05,Within 5 points
214402,Under the Waves,2023-08-29,2023,2020s,Adventure,72.20,70.00,-2.20,Within 5 points
214408,Stranded: Alien Dawn,2023-04-25,2023,2020s,Simulator,80.07,83.67,3.60,Within 5 points
214409,Atlas Fallen,2023-08-10,2023,2020s,Role-playing (RPG),70.27,71.75,1.48,Within 5 points
214411,Killer Klowns from Outer Space: The Game,2024-06-04,2024,2020s,Unknown,63.00,70.00,7.00,Critics higher
214417,The Finals,2023-12-07,2023,2020s,Shooter,76.50,80.00,3.50,Within 5 points
214506,Teslagrad 2,2023-04-19,2023,2020s,Platform,79.35,77.50,-1.85,Within 5 points
214675,NHL 23,2022-10-14,2022,2020s,Sport,63.20,76.75,13.55,Critics higher
215060,Assassin's Creed Mirage,2023-10-05,2023,2020s,Adventure,74.69,75.44,0.75,Within 5 points
215062,Horizon Chase 2,2022-09-09,2022,2020s,Racing,69.96,80.00,10.04,Critics higher
215682,Hollowbody,2024-09-12,2024,2020s,Shooter,60.20,75.33,15.13,Critics higher
216178,Football Manager 2023,2022-11-08,2022,2020s,Simulator,63.36,82.50,19.14,Critics higher
216318,Just Dance 2023 Edition,2022-11-22,2022,2020s,Music,70.15,78.75,8.60,Critics higher
216958,The Operator,2024-07-22,2024,2020s,Point-and-click,76.91,80.00,3.09,Within 5 points
217311,For the King II,2023-11-02,2023,2020s,Role-playing (RPG),56.48,75.00,18.52,Critics higher
217550,Fire Emblem Engage,2023-01-20,2023,2020s,Role-playing (RPG),74.82,86.00,11.18,Critics higher
217554,Octopath Traveler II,2023-02-24,2023,2020s,Role-playing (RPG),82.17,89.33,7.17,Critics higher
217555,Fae Farm,2023-09-08,2023,2020s,Role-playing (RPG),75.80,83.25,7.45,Critics higher
217556,Theatrhythm Final Bar Line,2023-02-16,2023,2020s,Music,80.06,88.75,8.69,Critics higher
217590,Tekken 8,2024-01-26,2024,2020s,Fighting,77.31,88.17,10.86,Critics higher
217592,Pacific Drive,2024-02-22,2024,2020s,Simulator,75.09,84.00,8.91,Critics higher
217594,Rise of the Ronin,2024-03-22,2024,2020s,Role-playing (RPG),74.86,75.14,0.28,Within 5 points
217623,Like a Dragon: Infinite Wealth,2024-01-26,2024,2020s,Role-playing (RPG),83.43,87.40,3.97,Within 5 points
217624,Like a Dragon Gaiden: The Man Who Erased His Name,2023-11-09,2023,2020s,Role-playing (RPG),78.57,80.20,1.63,Within 5 points
217645,Turnip Boy Robs a Bank,2024-01-18,2024,2020s,Shooter,73.47,78.67,5.20,Critics higher
217815,Call of Duty: Warzone 2.0,2022-11-16,2022,2020s,Shooter,63.52,80.00,16.48,Critics higher
218183,Hyper Demon,2022-09-19,2022,2020s,Shooter,86.33,83.67,-2.66,Within 5 points
218521,Enotria: The Last Song,2024-09-19,2024,2020s,Fighting,73.66,71.50,-2.16,Within 5 points
218674,This Bed We Made,2023-11-01,2023,2020s,Adventure,65.28,82.00,16.72,Critics higher
218744,Silent Hill: The Short Message,2024-01-31,2024,2020s,Adventure,63.57,30.00,-33.57,Users higher
218793,Wild Hearts,2023-02-16,2023,2020s,Adventure,68.15,81.50,13.35,Critics higher
219442,Need for Speed: Unbound,2022-11-29,2022,2020s,Racing,74.20,77.17,2.97,Within 5 points
224705,Wall World,2023-04-05,2023,2020s,Fighting,61.03,65.00,3.97,Within 5 points
225426,Botany Manor,2024-04-09,2024,2020s,Puzzle,75.51,80.00,4.49,Within 5 points
225512,Shapez 2,2024-08-15,2024,2020s,Puzzle,91.86,90.00,-1.86,Within 5 points
228175,Starship Troopers: Extermination,2024-10-11,2024,2020s,Shooter,59.95,70.67,10.72,Critics higher
228258,Amnesia: The Bunker,2023-06-06,2023,2020s,Shooter,74.78,84.50,9.72,Critics higher
228349,Infinity Nikki,2024-12-05,2024,2020s,Platform,70.92,74.00,3.08,Within 5 points
228516,Tiny Glade,2024-09-23,2024,2020s,Simulator,66.02,60.00,-6.02,Users higher
228521,Valiant Hearts: Coming Home,2023-01-31,2023,2020s,Platform,78.10,70.00,-8.10,Users higher
228522,Hellboy: Web of Wyrd,2023-10-18,2023,2020s,Fighting,59.53,69.00,9.47,Critics higher
228525,Hades II,2024-05-06,2024,2020s,Role-playing (RPG),79.49,90.00,10.51,Critics higher
228528,Bayonetta Origins: Cereza and the Lost Demon,2023-03-17,2023,2020s,Puzzle,75.06,87.00,11.94,Critics higher
228531,Immortals of Aveum,2023-08-22,2023,2020s,Shooter,72.61,71.33,-1.28,Within 5 points
228532,Wayfinder,2024-10-21,2024,2020s,Role-playing (RPG),69.89,80.00,10.11,Critics higher
228535,Remnant II,2023-07-25,2023,2020s,Shooter,79.49,83.50,4.01,Within 5 points
228539,Banishers: Ghosts of New Eden,2024-02-13,2024,2020s,Role-playing (RPG),79.09,78.33,-0.75,Within 5 points
228541,Crime Boss: Rockay City,2023-03-28,2023,2020s,Shooter,65.79,68.40,2.61,Within 5 points
228542,Armored Core VI: Fires of Rubicon,2023-08-24,2023,2020s,Shooter,80.24,86.57,6.33,Critics higher
229176,Ys X: Nordics,2023-09-28,2023,2020s,Role-playing (RPG),80.01,77.50,-2.51,Within 5 points
229919,Fate/Samurai Remnant,2023-09-29,2023,2020s,Role-playing (RPG),80.03,80.00,-0.03,Within 5 points
230593,MLB The Show 23,2023-03-28,2023,2020s,Simulator,81.69,83.33,1.64,Within 5 points
231098,Fabledom,2024-05-13,2024,2020s,Simulator,69.82,83.00,13.18,Critics higher
232416,Cobalt Core,2023-11-08,2023,2020s,Puzzle,80.20,87.00,6.80,Critics higher
232571,Age of Wonders 4,2023-05-02,2023,2020s,Strategy,74.93,86.00,11.07,Critics higher
232908,SteamWorld Build,2023-12-01,2023,2020s,Simulator,70.31,76.67,6.36,Critics higher
233028,WWE 2K23,2023-03-17,2023,2020s,Fighting,71.08,83.50,12.42,Critics higher
233307,Shadow Gambit: The Cursed Crew,2023-08-17,2023,2020s,Role-playing (RPG),78.84,92.83,14.00,Critics higher
233585,Hi-Fi Rush,2023-01-25,2023,2020s,Music,86.06,86.17,0.11,Within 5 points
233676,Road 96: Mile 0,2023-04-04,2023,2020s,Music,71.04,71.75,0.71,Within 5 points
234256,The Crew: Motorfest,2023-09-14,2023,2020s,Racing,70.15,78.00,7.85,Critics higher
234740,Nocturnal,2023-06-07,2023,2020s,Platform,71.02,85.00,13.98,Critics higher
235846,Halls of Torment,2024-08-26,2024,2020s,Role-playing (RPG),89.34,90.00,0.66,Within 5 points
236662,Harmony: The Fall of Reverie,2023-06-08,2023,2020s,Strategy,69.52,85.00,15.48,Critics higher
236694,Paranormasight: The Seven Mysteries of Honjo,2023-03-08,2023,2020s,Point-and-click,84.73,85.00,0.27,Within 5 points
237349,Tevi,2023-11-29,2023,2020s,Shooter,84.29,80.00,-4.29,Within 5 points
239302,The Mageseeker: A League of Legends Story,2023-04-18,2023,2020s,Role-playing (RPG),63.39,84.67,21.28,Critics higher
239385,Naruto x Boruto: Ultimate Ninja Storm Connections,2023-11-16,2023,2020s,Fighting,67.65,79.00,11.35,Critics higher
239392,Mortal Kombat 1,2023-09-19,2023,2020s,Fighting,77.41,83.83,6.43,Critics higher
239942,The Thaumaturge,2024-03-04,2024,2020s,Role-playing (RPG),69.99,84.40,14.41,Critics higher
240558,F1 23,2023-06-16,2023,2020s,Racing,70.06,87.80,17.74,Critics higher
240893,The Lamplighters League,2023-10-03,2023,2020s,Role-playing (RPG),73.19,68.50,-4.69,Within 5 points
240902,Cities: Skylines II,2023-10-24,2023,2020s,Simulator,62.47,81.00,18.53,Critics higher
242493,LEGO 2K Drive,2023-05-19,2023,2020s,Racing,70.03,75.86,5.83,Critics higher
243343,Galacticare,2024-05-23,2024,2020s,Simulator,71.51,83.00,11.49,Critics higher
243869,The Jackbox Party Pack 10,2023-10-18,2023,2020s,Puzzle,69.91,67.50,-2.41,Within 5 points
243914,Lil' Guardsman,2024-01-23,2024,2020s,Point-and-click,60.53,79.00,18.47,Critics higher
245390,Trine 5: A Clockwork Conspiracy,2023-08-31,2023,2020s,Platform,74.46,83.50,9.04,Critics higher
246166,Harry Potter: Quidditch Champions,2024-09-03,2024,2020s,Sport,69.89,71.67,1.78,Within 5 points
247578,The Cosmic Wheel Sisterhood,2023-08-16,2023,2020s,Adventure,85.70,90.00,4.30,Within 5 points
248580,What the Car?,2023-05-04,2023,2020s,Platform,69.66,90.00,20.34,Critics higher
248673,Dungeons & Degenerate Gamblers,2024-08-08,2024,2020s,Role-playing (RPG),65.73,76.00,10.27,Critics higher
249084,Anomaly Agent,2024-01-24,2024,2020s,Fighting,75.60,80.00,4.40,Within 5 points
249477,Return to Grace,2023-03-30,2023,2020s,Adventure,79.55,70.00,-9.55,Users higher
250616,Helldivers 2,2024-02-08,2024,2020s,Shooter,82.26,86.80,4.54,Within 5 points
250617,Ghostrunner II,2023-10-26,2023,2020s,Platform,78.49,76.20,-2.29,Within 5 points
250621,Neva,2024-10-15,2024,2020s,Platform,85.31,92.50,7.19,Critics higher
250622,Cat Quest III,2024-08-08,2024,2020s,Role-playing (RPG),76.25,95.00,18.75,Critics higher
250623,Foamstars,2024-02-06,2024,2020s,Shooter,40.33,60.00,19.67,Critics higher
250632,Concord,2024-08-23,2024,2020s,Shooter,39.89,65.25,25.36,Critics higher
250890,Agatha Christie: Murder on the Orient Express,2023-10-19,2023,2020s,Puzzle,69.99,79.00,9.01,Critics higher
251471,Hot Wheels Unleashed 2: Turbocharged,2023-10-15,2023,2020s,Racing,65.21,73.50,8.29,Critics higher
251568,Assassin's Creed Nexus VR,2023-11-16,2023,2020s,Adventure,70.09,85.00,14.91,Critics higher
251833,Balatro,2024-02-20,2024,2020s,Strategy,85.83,91.20,5.37,Critics higher
252167,Madden NFL 24,2023-08-18,2023,2020s,Simulator,49.92,62.60,12.68,Critics higher
252362,Crypt Custodian,2024-08-27,2024,2020s,Platform,79.91,80.00,0.09,Within 5 points
252445,Mullet Madjack,2024-05-15,2024,2020s,Shooter,76.44,88.60,12.16,Critics higher
252476,Prince of Persia: The Lost Crown,2024-01-18,2024,2020s,Platform,82.83,87.43,4.60,Within 5 points
252478,Sonic Superstars,2023-10-17,2023,2020s,Platform,70.07,77.29,7.21,Critics higher
252480,Sand Land,2024-04-26,2024,2020s,Role-playing (RPG),76.75,75.67,-1.08,Within 5 points
252729,Persona 5 Tactica,2023-11-17,2023,2020s,Role-playing (RPG),79.16,83.00,3.84,Within 5 points
252787,Star Trucker,2024-09-03,2024,2020s,Racing,87.83,74.00,-13.83,Users higher
252788,HeadBangers: Rhythm Royale,2023-10-31,2023,2020s,Music,45.77,75.00,29.23,Critics higher
252827,Star Wars Outlaws,2024-08-30,2024,2020s,Shooter,72.15,80.38,8.23,Critics higher
252830,Microsoft Flight Simulator 2024,2024-11-19,2024,2020s,Simulator,70.80,79.33,8.53,Critics higher
252835,Kunitsu-Gami: Path of the Goddess,2024-07-19,2024,2020s,Strategy,78.88,85.44,6.56,Critics higher
252836,Jusant,2023-10-31,2023,2020s,Platform,76.34,86.33,9.99,Critics higher
252837,Still Wakes the Deep,2024-06-18,2024,2020s,Adventure,71.63,82.00,10.37,Critics higher
252869,Last Train Home,2023-11-28,2023,2020s,Real Time Strategy (RTS),78.96,79.00,0.04,Within 5 points
254339,Super Mario Bros. Wonder,2023-10-20,2023,2020s,Platform,89.33,95.00,5.67,Critics higher
254340,Princess Peach: Showtime!,2024-03-22,2024,2020s,Hack and slash/Beat 'em up,65.21,75.50,10.29,Critics higher
254341,WarioWare: Move It!,2023-11-03,2023,2020s,Arcade,72.95,75.60,2.65,Within 5 points
254871,Hello Kitty Island Adventure,2023-07-28,2023,2020s,Role-playing (RPG),83.74,80.60,-3.14,Within 5 points
255396,Jujutsu Kaisen: Cursed Clash,2024-02-02,2024,2020s,Fighting,56.91,48.00,-8.91,Users higher
255788,NBA 2K24,2023-09-08,2023,2020s,Simulator,47.11,73.33,26.22,Critics higher
255901,EA Sports UFC 5,2023-10-26,2023,2020s,Fighting,75.10,70.00,-5.10,Users higher
256092,EA Sports FC 24,2023-09-29,2023,2020s,Simulator,60.28,65.86,5.58,Critics higher
256304,The Chaos Engine,1993-12-31,1993,1990s,Shooter,59.91,60.00,0.09,Within 5 points
257332,Bluey: The Videogame,2023-11-17,2023,2020s,Adventure,60.00,60.00,0.00,Within 5 points
259206,Nickelodeon All-Star Brawl 2,2023-11-07,2023,2020s,Fighting,79.71,71.67,-8.05,Users higher
260366,Invincible Presents: Atom Eve,2023-11-14,2023,2020s,Role-playing (RPG),68.50,80.00,11.50,Critics higher
260780,Call of Duty: Modern Warfare III,2023-11-10,2023,2020s,Shooter,58.95,62.43,3.48,Within 5 points
261145,South Park: Snow Day!,2024-03-26,2024,2020s,Adventure,60.58,66.25,5.67,Critics higher
261413,NHL 24,2023-10-06,2023,2020s,Sport,62.98,80.33,17.35,Critics higher
262186,Delta Force,2024-12-05,2024,2020s,Shooter,73.32,80.00,6.68,Critics higher
262534,Expeditions: A MudRunner Game,2024-03-05,2024,2020s,Racing,65.83,77.50,11.67,Critics higher
262538,Thank Goodness You're Here!,2024-08-01,2024,2020s,Platform,79.46,90.00,10.54,Critics higher
264410,Mouthwashing,2024-09-26,2024,2020s,Adventure,82.14,87.00,4.86,Within 5 points
264412,EA Sports WRC,2023-10-31,2023,2020s,Racing,69.99,69.50,-0.49,Within 5 points
266382,Football Manager 2024,2023-11-06,2023,2020s,Simulator,79.86,84.00,4.14,Within 5 points
267011,MechWarrior 5: Clans,2024-10-17,2024,2020s,Shooter,84.96,74.00,-10.96,Users higher
268295,Dystopika,2024-06-21,2024,2020s,Simulator,80.89,81.50,0.61,Within 5 points
273522,Crow Country,2024-05-09,2024,2020s,Shooter,80.12,79.25,-0.87,Within 5 points
275072,"Please, Touch The Artwork 2",2024-02-19,2024,2020s,Point-and-click,61.39,78.00,16.61,Critics higher
275404,The Exit 8,2023-11-29,2023,2020s,Puzzle,70.18,92.50,22.32,Critics higher
279374,Duck Detective: The Secret Salami,2024-05-23,2024,2020s,Point-and-click,79.82,70.00,-9.82,Users higher
279614,The Rise of the Golden Idol,2024-11-12,2024,2020s,Point-and-click,83.70,89.25,5.55,Critics higher
279620,World of Goo 2,2024-08-02,2024,2020s,Puzzle,76.64,84.67,8.03,Critics higher
279634,Dragon Ball: Sparking! Zero,2024-10-11,2024,2020s,Fighting,96.30,83.14,-13.15,Users higher
279635,The Casting of Frank Stone,2024-09-03,2024,2020s,Adventure,54.64,75.33,20.70,Critics higher
279641,Tales of Kenzera: Zau,2024-04-23,2024,2020s,Platform,68.14,74.20,6.06,Critics higher
281275,Buckshot Roulette,2023-12-28,2023,2020s,Simulator,79.70,80.00,0.30,Within 5 points
282900,MLB The Show 24,2024-03-19,2024,2020s,Simulator,78.36,80.00,1.64,Within 5 points
283600,WWE 2K24,2024-03-08,2024,2020s,Fighting,76.79,79.00,2.21,Within 5 points
283679,Five Nights at Freddy's: Into the Pit,2024-08-07,2024,2020s,Puzzle,68.12,95.00,26.88,Critics higher
284925,Children of the Sun,2024-04-09,2024,2020s,Shooter,74.45,79.60,5.15,Critics higher
287578,F1 24,2024-05-31,2024,2020s,Racing,60.54,76.67,16.13,Critics higher
290911,Nobody Wants to Die,2024-07-17,2024,2020s,Role-playing (RPG),73.44,78.00,4.56,Within 5 points
294041,Marvel Rivals,2024-12-06,2024,2020s,Shooter,75.90,78.50,2.60,Within 5 points
294453,A Quiet Place: The Road Ahead,2024-10-17,2024,2020s,Adventure,69.83,70.00,0.17,Within 5 points
295570,Platform 8,2024-05-31,2024,2020s,Platform,79.83,75.00,-4.83,Within 5 points
296832,Kill Knight,2024-10-02,2024,2020s,Shooter,58.94,82.00,23.06,Critics higher
296924,Kingdom Rush 5: Alliance,2024-07-25,2024,2020s,Strategy,70.29,98.00,27.71,Critics higher
301506,Madden NFL 25,2024-08-16,2024,2020s,Simulator,77.28,74.33,-2.95,Within 5 points
302156,Call of Duty: Black Ops 6,2024-10-25,2024,2020s,Shooter,76.22,82.62,6.41,Critics higher
303811,Astro Bot,2024-09-06,2024,2020s,Platform,91.55,94.14,2.59,Within 5 points
305003,LEGO Horizon Adventures,2024-11-14,2024,2020s,Puzzle,69.95,74.00,4.05,Within 5 points
305158,Life is Strange: Double Exposure,2024-10-29,2024,2020s,Adventure,79.16,81.71,2.55,Within 5 points
306137,Mario & Luigi: Brothership,2024-11-07,2024,2020s,Platform,74.17,75.14,0.97,Within 5 points
306148,Super Mario Party Jamboree,2024-10-17,2024,2020s,Card & Board Game,79.89,78.75,-1.14,Within 5 points
306149,The Legend of Zelda: Echoes of Wisdom,2024-09-26,2024,2020s,Puzzle,84.32,85.43,1.10,Within 5 points
308034,NBA 2K25,2024-09-06,2024,2020s,Simulator,71.44,78.60,7.16,Critics higher
308099,Planet Coaster 2,2024-11-06,2024,2020s,Simulator,78.10,80.00,1.90,Within 5 points
308698,EA Sports FC 25,2024-09-27,2024,2020s,Simulator,82.25,75.33,-6.92,Users higher
318207,The Jackbox Survey Scramble,2024-10-24,2024,2020s,Puzzle,70.76,85.00,14.24,Critics higher
